appointment_id,referral_id,practitioner_id,organization_id,location_id,scheduled_at,appointment_start_at,appointment_status,outcome_recorded_at,scheduling_source,telehealth_flag,outcome_reason,superseded_by_appointment_id,created_at,updated_at
APT000001,REF000002,PRC0051,ORG022,LOC022,2026-03-29 00:11:14,2026-04-20 00:11:14,Completed,2026-04-20 01:11:14,NorthStar Staff,0,,,2026-03-29 00:11:14,2026-04-20 01:11:14
APT000002,REF000003,PRC0052,ORG023,LOC023,2026-03-13 01:44:30,2026-03-16 01:44:30,Completed,2026-03-16 02:44:30,NorthStar Staff,0,,,2026-03-13 01:44:30,2026-03-16 02:44:30
APT000003,REF000005,PRC0055,ORG026,LOC026,2026-05-26 14:59:08,2026-06-22 14:59:08,Completed,2026-06-22 15:59:08,NorthStar Staff,1,,,2026-05-26 14:59:08,2026-06-22 15:59:08
APT000004,REF000005,PRC0055,ORG026,LOC026,2026-05-21 14:59:08,2026-06-15 14:59:08,Rescheduled,2026-05-26 14:59:08,Specialist Office,0,Specialist schedule changed,APT000003,2026-05-21 14:59:08,2026-05-26 14:59:08
APT000005,REF000006,PRC0080,ORG026,LOC026,2026-03-18 09:13:43,2026-03-23 09:13:43,Completed,2026-03-23 10:13:43,NorthStar Staff,0,,,2026-03-18 09:13:43,2026-03-23 10:13:43
APT000006,REF000008,PRC0047,ORG018,LOC018,2025-10-15 20:58:58,2025-10-31 20:58:58,Completed,2025-10-31 21:58:58,NorthStar Staff,0,,,2025-10-15 20:58:58,2025-10-31 21:58:58
APT000007,REF000009,PRC0084,ORG030,LOC030,2025-10-11 10:53:40,2025-10-21 10:53:40,Completed,2025-10-21 11:53:40,NorthStar Staff,0,,,2025-10-11 10:53:40,2025-10-21 11:53:40
APT000008,REF000010,PRC0080,ORG026,LOC026,2025-10-02 21:33:31,2025-10-14 21:33:31,Completed,2025-10-14 22:33:31,NorthStar Staff,0,,,2025-10-02 21:33:31,2025-10-14 22:33:31
APT000009,REF000011,PRC0105,ORG026,LOC026,2025-08-23 08:51:06,2025-09-02 08:51:06,Completed,2025-09-02 09:51:06,NorthStar Staff,0,,,2025-08-23 08:51:06,2025-09-02 09:51:06
APT000010,REF000011,PRC0105,ORG026,LOC026,2025-08-18 08:51:06,2025-08-26 08:51:06,Rescheduled,2025-08-23 08:51:06,Specialist Office,0,Specialist schedule changed,APT000009,2025-08-18 08:51:06,2025-08-23 08:51:06
APT000011,REF000014,PRC0055,ORG026,LOC026,2025-11-17 12:50:37,2025-11-22 12:50:37,Completed,2025-11-22 13:50:37,NorthStar Staff,0,,,2025-11-17 12:50:37,2025-11-22 13:50:37
APT000012,REF000015,PRC0064,ORG010,LOC010,2026-04-15 04:40:34,2026-05-05 04:40:34,Completed,2026-05-05 05:40:34,NorthStar Staff,0,,,2026-04-15 04:40:34,2026-05-05 05:40:34
APT000013,REF000016,PRC0103,ORG024,LOC024,2025-11-20 11:04:10,2025-12-13 11:04:10,Completed,2025-12-13 12:04:10,NorthStar Staff,0,,,2025-11-20 11:04:10,2025-12-13 12:04:10
APT000014,REF000019,PRC0082,ORG028,LOC028,2026-01-07 20:15:28,2026-02-03 20:15:28,Completed,2026-02-03 21:15:28,NorthStar Staff,0,,,2026-01-07 20:15:28,2026-02-03 21:15:28
APT000015,REF000020,PRC0053,ORG024,LOC024,2026-05-16 04:42:42,2026-06-14 04:42:42,Completed,2026-06-14 05:42:42,NorthStar Staff,1,,,2026-05-16 04:42:42,2026-06-14 05:42:42
APT000016,REF000021,PRC0051,ORG022,LOC022,2025-10-27 14:21:49,2025-11-17 14:21:49,Completed,2025-11-17 15:21:49,NorthStar Staff,1,,,2025-10-27 14:21:49,2025-11-17 15:21:49
APT000017,REF000022,PRC0089,ORG010,LOC010,2026-07-10 11:48:02,2026-08-08 11:48:02,Completed,2026-08-08 12:48:02,NorthStar Staff,0,,,2026-07-10 11:48:02,2026-08-08 12:48:02
APT000018,REF000024,PRC0079,ORG025,LOC025,2025-10-14 21:28:44,2025-11-05 21:28:44,Completed,2025-11-05 22:28:44,NorthStar Staff,0,,,2025-10-14 21:28:44,2025-11-05 22:28:44
APT000019,REF000025,PRC0036,ORG007,LOC007,2025-11-01 21:52:47,2025-11-24 21:52:47,Completed,2025-11-24 22:52:47,NorthStar Staff,0,,,2025-11-01 21:52:47,2025-11-24 22:52:47
APT000020,REF000026,PRC0044,ORG015,LOC015,2026-03-25 22:11:43,2026-04-05 22:11:43,Scheduled,,NorthStar Staff,0,,,2026-03-25 22:11:43,2026-03-25 22:11:43
APT000021,REF000027,PRC0049,ORG020,LOC020,2026-03-02 08:46:35,2026-03-16 08:46:35,Completed,2026-03-16 09:46:35,NorthStar Staff,0,,,2026-03-02 08:46:35,2026-03-16 09:46:35
APT000022,REF000028,PRC0088,ORG009,LOC009,2025-09-21 01:02:04,2025-10-08 01:02:04,Completed,2025-10-08 02:02:04,NorthStar Staff,0,,,2025-09-21 01:02:04,2025-10-08 02:02:04
APT000023,REF000029,PRC0091,ORG012,LOC012,2026-01-14 12:51:35,2026-02-08 12:51:35,Completed,2026-02-08 13:51:35,NorthStar Staff,0,,,2026-01-14 12:51:35,2026-02-08 13:51:35
APT000024,REF000032,PRC0077,ORG023,LOC023,2026-05-30 05:50:42,2026-06-15 05:50:42,Completed,2026-06-15 06:50:42,NorthStar Staff,0,,,2026-05-30 05:50:42,2026-06-15 06:50:42
APT000025,REF000035,PRC0055,ORG026,LOC026,2026-03-29 06:02:32,2026-04-20 06:02:32,Completed,2026-04-20 07:02:32,NorthStar Staff,0,,,2026-03-29 06:02:32,2026-04-20 07:02:32
APT000026,REF000041,PRC0053,ORG024,LOC024,2025-12-24 20:31:36,2026-01-17 20:31:36,Completed,2026-01-17 21:31:36,NorthStar Staff,1,,,2025-12-24 20:31:36,2026-01-17 21:31:36
APT000027,REF000042,PRC0038,ORG009,LOC009,2025-10-01 15:47:09,2025-10-15 15:47:09,Scheduled,,NorthStar Staff,0,,,2025-10-01 15:47:09,2025-10-01 15:47:09
APT000028,REF000043,PRC0110,ORG031,LOC031,2026-06-15 07:06:45,2026-07-07 07:06:45,Completed,2026-07-07 08:06:45,NorthStar Staff,1,,,2026-06-15 07:06:45,2026-07-07 08:06:45
APT000029,REF000044,PRC0107,ORG028,LOC028,2025-08-28 11:40:59,2025-10-01 11:40:59,Completed,2025-10-01 12:40:59,NorthStar Staff,0,,,2025-08-28 11:40:59,2025-10-01 12:40:59
APT000030,REF000046,PRC0053,ORG024,LOC024,2026-04-01 13:33:03,2026-04-12 13:33:03,Completed,2026-04-12 14:33:03,NorthStar Staff,0,,,2026-04-01 13:33:03,2026-04-12 14:33:03
APT000031,REF000047,PRC0043,ORG014,LOC014,2026-02-26 06:04:15,2026-04-02 06:04:15,Scheduled,,NorthStar Staff,0,,,2026-02-26 06:04:15,2026-02-26 06:04:15
APT000032,REF000052,PRC0093,ORG014,LOC014,2026-03-06 09:48:49,2026-03-29 09:48:49,Completed,2026-03-29 10:48:49,NorthStar Staff,0,,,2026-03-06 09:48:49,2026-03-29 10:48:49
APT000033,REF000053,PRC0104,ORG025,LOC025,2026-04-24 12:50:37,2026-05-20 12:50:37,Completed,2026-05-20 13:50:37,NorthStar Staff,0,,,2026-04-24 12:50:37,2026-05-20 13:50:37
APT000034,REF000054,PRC0103,ORG024,LOC024,2025-11-29 08:50:33,2025-12-14 08:50:33,Completed,2025-12-14 09:50:33,NorthStar Staff,0,,,2025-11-29 08:50:33,2025-12-14 09:50:33
APT000035,REF000055,PRC0105,ORG026,LOC026,2026-05-12 13:37:03,2026-06-13 13:37:03,Completed,2026-06-13 14:37:03,NorthStar Staff,0,,,2026-05-12 13:37:03,2026-06-13 14:37:03
APT000036,REF000056,PRC0072,ORG018,LOC018,2025-10-17 06:02:06,2025-11-21 06:02:06,Completed,2025-11-21 07:02:06,NorthStar Staff,0,,,2025-10-17 06:02:06,2025-11-21 07:02:06
APT000037,REF000057,PRC0043,ORG014,LOC014,2026-07-14 07:45:46,2026-08-10 07:45:46,Completed,2026-08-10 08:45:46,NorthStar Staff,0,,,2026-07-14 07:45:46,2026-08-10 08:45:46
APT000038,REF000059,PRC0038,ORG009,LOC009,2025-10-30 15:18:13,2025-11-25 15:18:13,Completed,2025-11-25 16:18:13,NorthStar Staff,0,,,2025-10-30 15:18:13,2025-11-25 16:18:13
APT000039,REF000060,PRC0085,ORG031,LOC031,2026-03-19 19:58:43,2026-04-06 19:58:43,Scheduled,,NorthStar Staff,0,,,2026-03-19 19:58:43,2026-03-19 19:58:43
APT000040,REF000063,PRC0038,ORG009,LOC009,2026-03-11 17:29:38,2026-04-15 17:29:38,Completed,2026-04-15 18:29:38,NorthStar Staff,0,,,2026-03-11 17:29:38,2026-04-15 18:29:38
APT000041,REF000064,PRC0043,ORG014,LOC014,2025-12-08 06:57:05,2025-12-23 06:57:05,Completed,2025-12-23 07:57:05,NorthStar Staff,1,,,2025-12-08 06:57:05,2025-12-23 07:57:05
APT000042,REF000065,PRC0102,ORG023,LOC023,2026-02-07 12:23:53,2026-03-14 12:23:53,Completed,2026-03-14 13:23:53,NorthStar Staff,1,,,2026-02-07 12:23:53,2026-03-14 13:23:53
APT000043,REF000066,PRC0053,ORG024,LOC024,2026-03-31 14:26:22,2026-04-21 14:26:22,Scheduled,,NorthStar Staff,0,,,2026-03-31 14:26:22,2026-03-31 14:26:22
APT000044,REF000068,PRC0097,ORG018,LOC018,2026-03-19 00:53:38,2026-04-13 00:53:38,Completed,2026-04-13 01:53:38,NorthStar Staff,0,,,2026-03-19 00:53:38,2026-04-13 01:53:38
APT000045,REF000069,PRC0067,ORG013,LOC013,2026-02-09 03:23:43,2026-02-22 03:23:43,Completed,2026-02-22 04:23:43,NorthStar Staff,1,,,2026-02-09 03:23:43,2026-02-22 04:23:43
APT000046,REF000073,PRC0081,ORG027,LOC027,2025-08-28 02:38:16,2025-09-18 02:38:16,Completed,2025-09-18 03:38:16,NorthStar Staff,0,,,2025-08-28 02:38:16,2025-09-18 03:38:16
APT000047,REF000075,PRC0055,ORG026,LOC026,2026-03-05 04:35:30,2026-03-21 04:35:30,Completed,2026-03-21 05:35:30,NorthStar Staff,0,,,2026-03-05 04:35:30,2026-03-21 05:35:30
APT000048,REF000078,PRC0095,ORG016,LOC016,2026-04-13 02:57:02,2026-04-18 02:57:02,Completed,2026-04-18 03:57:02,NorthStar Staff,0,,,2026-04-13 02:57:02,2026-04-18 03:57:02
APT000049,REF000079,PRC0095,ORG016,LOC016,2026-07-07 08:11:48,2026-07-11 08:11:48,Completed,2026-07-11 09:11:48,NorthStar Staff,1,,,2026-07-07 08:11:48,2026-07-11 09:11:48
APT000050,REF000084,PRC0071,ORG017,LOC017,2026-02-01 09:57:01,2026-03-08 09:57:01,Completed,2026-03-08 10:57:01,NorthStar Staff,0,,,2026-02-01 09:57:01,2026-03-08 10:57:01
APT000051,REF000085,PRC0095,ORG016,LOC016,2026-02-27 09:57:44,2026-03-20 09:57:44,Completed,2026-03-20 10:57:44,NorthStar Staff,0,,,2026-02-27 09:57:44,2026-03-20 10:57:44
APT000052,REF000086,PRC0072,ORG018,LOC018,2026-01-12 08:26:29,2026-01-19 08:26:29,Completed,2026-01-19 09:26:29,NorthStar Staff,1,,,2026-01-12 08:26:29,2026-01-19 09:26:29
APT000053,REF000089,PRC0080,ORG026,LOC026,2026-02-07 09:13:40,2026-03-07 09:13:40,Scheduled,,NorthStar Staff,0,,,2026-02-07 09:13:40,2026-02-07 09:13:40
APT000054,REF000091,PRC0054,ORG025,LOC025,2026-05-18 08:00:44,2026-06-22 08:00:44,Completed,2026-06-22 09:00:44,NorthStar Staff,0,,,2026-05-18 08:00:44,2026-06-22 09:00:44
APT000055,REF000092,PRC0098,ORG019,LOC019,2026-03-01 09:59:13,2026-03-29 09:59:13,Scheduled,,NorthStar Staff,0,,,2026-03-01 09:59:13,2026-03-01 09:59:13
APT000056,REF000093,PRC0051,ORG022,LOC022,2026-06-04 03:06:16,2026-07-04 03:06:16,Scheduled,,NorthStar Staff,0,,,2026-06-04 03:06:16,2026-06-04 03:06:16
APT000057,REF000094,PRC0095,ORG016,LOC016,2025-09-11 10:50:17,2025-09-29 10:50:17,Completed,2025-09-29 11:50:17,NorthStar Staff,0,,,2025-09-11 10:50:17,2025-09-29 11:50:17
APT000058,REF000095,PRC0037,ORG008,LOC008,2025-11-15 10:41:35,2025-11-28 10:41:35,Scheduled,,NorthStar Staff,0,,,2025-11-15 10:41:35,2025-11-15 10:41:35
APT000059,REF000100,PRC0060,ORG031,LOC031,2025-11-27 15:01:30,2025-12-13 15:01:30,Scheduled,,NorthStar Staff,0,,,2025-11-27 15:01:30,2025-11-27 15:01:30
APT000060,REF000100,PRC0060,ORG031,LOC031,2025-11-22 15:01:30,2025-12-06 15:01:30,Rescheduled,2025-11-27 15:01:30,Specialist Office,0,Specialist schedule changed,APT000059,2025-11-22 15:01:30,2025-11-27 15:01:30
APT000061,REF000101,PRC0084,ORG030,LOC030,2026-02-22 03:20:56,2026-03-11 03:20:56,Completed,2026-03-11 04:20:56,NorthStar Staff,0,,,2026-02-22 03:20:56,2026-03-11 04:20:56
APT000062,REF000104,PRC0051,ORG022,LOC022,2025-12-23 02:31:40,2025-12-27 02:31:40,Scheduled,,NorthStar Staff,0,,,2025-12-23 02:31:40,2025-12-23 02:31:40
APT000063,REF000105,PRC0080,ORG026,LOC026,2026-06-05 12:32:40,2026-06-25 12:32:40,Scheduled,,NorthStar Staff,0,,,2026-06-05 12:32:40,2026-06-05 12:32:40
APT000064,REF000106,PRC0090,ORG011,LOC011,2026-03-14 15:06:51,2026-03-22 15:06:51,Completed,2026-03-22 16:06:51,NorthStar Staff,0,,,2026-03-14 15:06:51,2026-03-22 16:06:51
APT000065,REF000107,PRC0102,ORG023,LOC023,2025-09-09 16:43:19,2025-10-14 16:43:19,Completed,2025-10-14 17:43:19,NorthStar Staff,0,,,2025-09-09 16:43:19,2025-10-14 17:43:19
APT000066,REF000108,PRC0078,ORG024,LOC024,2026-04-11 10:07:18,2026-04-19 10:07:18,Completed,2026-04-19 11:07:18,NorthStar Staff,0,,,2026-04-11 10:07:18,2026-04-19 11:07:18
APT000067,REF000109,PRC0055,ORG026,LOC026,2026-05-12 07:46:27,2026-05-16 07:46:27,Completed,2026-05-16 08:46:27,NorthStar Staff,1,,,2026-05-12 07:46:27,2026-05-16 08:46:27
APT000068,REF000112,PRC0090,ORG011,LOC011,2026-02-12 03:25:35,2026-03-19 03:25:35,Completed,2026-03-19 04:25:35,NorthStar Staff,1,,,2026-02-12 03:25:35,2026-03-19 04:25:35
APT000069,REF000113,PRC0095,ORG016,LOC016,2026-02-20 08:25:06,2026-03-17 08:25:06,Completed,2026-03-17 09:25:06,NorthStar Staff,0,,,2026-02-20 08:25:06,2026-03-17 09:25:06
APT000070,REF000115,PRC0108,ORG029,LOC029,2026-03-14 19:07:51,2026-04-11 19:07:51,Scheduled,,NorthStar Staff,0,,,2026-03-14 19:07:51,2026-03-14 19:07:51
APT000071,REF000117,PRC0072,ORG018,LOC018,2026-02-21 04:39:08,2026-02-27 04:39:08,Completed,2026-02-27 05:39:08,NorthStar Staff,1,,,2026-02-21 04:39:08,2026-02-27 05:39:08
APT000072,REF000118,PRC0109,ORG030,LOC030,2025-12-19 20:53:05,2026-01-12 20:53:05,Completed,2026-01-12 21:53:05,NorthStar Staff,0,,,2025-12-19 20:53:05,2026-01-12 21:53:05
APT000073,REF000119,PRC0071,ORG017,LOC017,2025-10-12 00:48:35,2025-11-03 00:48:35,Completed,2025-11-03 01:48:35,NorthStar Staff,0,,,2025-10-12 00:48:35,2025-11-03 01:48:35
APT000074,REF000121,PRC0100,ORG021,LOC021,2026-07-20 11:45:00,2026-08-20 11:45:00,Completed,2026-08-20 12:45:00,NorthStar Staff,0,,,2026-07-20 11:45:00,2026-08-20 12:45:00
APT000075,REF000122,PRC0098,ORG019,LOC019,2026-03-29 12:14:08,2026-04-14 12:14:08,Scheduled,,NorthStar Staff,0,,,2026-03-29 12:14:08,2026-03-29 12:14:08
APT000076,REF000124,PRC0062,ORG008,LOC008,2026-05-29 01:17:58,2026-06-27 01:17:58,Completed,2026-06-27 02:17:58,NorthStar Staff,0,,,2026-05-29 01:17:58,2026-06-27 02:17:58
APT000077,REF000125,PRC0069,ORG015,LOC015,2026-07-04 22:44:39,2026-07-19 22:44:39,Completed,2026-07-19 23:44:39,NorthStar Staff,1,,,2026-07-04 22:44:39,2026-07-19 23:44:39
APT000078,REF000125,PRC0069,ORG015,LOC015,2026-06-29 22:44:39,2026-07-12 22:44:39,Rescheduled,2026-07-04 22:44:39,Specialist Office,0,Specialist schedule changed,APT000077,2026-06-29 22:44:39,2026-07-04 22:44:39
APT000079,REF000127,PRC0048,ORG019,LOC019,2026-05-16 10:43:42,2026-06-05 10:43:42,Completed,2026-06-05 11:43:42,NorthStar Staff,0,,,2026-05-16 10:43:42,2026-06-05 11:43:42
APT000080,REF000128,PRC0091,ORG012,LOC012,2026-07-17 00:15:06,2026-07-25 00:15:06,Completed,2026-07-25 01:15:06,NorthStar Staff,0,,,2026-07-17 00:15:06,2026-07-25 01:15:06
APT000081,REF000130,PRC0051,ORG022,LOC022,2026-07-11 10:50:27,2026-07-27 10:50:27,Completed,2026-07-27 11:50:27,NorthStar Staff,0,,,2026-07-11 10:50:27,2026-07-27 11:50:27
APT000082,REF000133,PRC0050,ORG021,LOC021,2025-08-17 09:00:24,2025-09-13 09:00:24,Completed,2025-09-13 10:00:24,NorthStar Staff,0,,,2025-08-17 09:00:24,2025-09-13 10:00:24
APT000083,REF000134,PRC0109,ORG030,LOC030,2025-12-01 05:58:57,2025-12-19 05:58:57,Completed,2025-12-19 06:58:57,NorthStar Staff,0,,,2025-12-01 05:58:57,2025-12-19 06:58:57
APT000084,REF000135,PRC0076,ORG022,LOC022,2025-12-09 06:58:21,2025-12-29 06:58:21,Completed,2025-12-29 07:58:21,NorthStar Staff,0,,,2025-12-09 06:58:21,2025-12-29 07:58:21
APT000085,REF000136,PRC0081,ORG027,LOC027,2025-11-20 15:09:40,2025-12-04 15:09:40,Scheduled,,NorthStar Staff,0,,,2025-11-20 15:09:40,2025-11-20 15:09:40
APT000086,REF000138,PRC0107,ORG028,LOC028,2025-11-06 07:27:11,2025-11-21 07:27:11,Completed,2025-11-21 08:27:11,NorthStar Staff,0,,,2025-11-06 07:27:11,2025-11-21 08:27:11
APT000087,REF000141,PRC0073,ORG019,LOC019,2026-01-28 21:34:42,2026-02-02 21:34:42,Scheduled,,NorthStar Staff,0,,,2026-01-28 21:34:42,2026-01-28 21:34:42
APT000088,REF000142,PRC0102,ORG023,LOC023,2025-10-06 04:24:47,2025-10-14 04:24:47,Completed,2025-10-14 05:24:47,NorthStar Staff,0,,,2025-10-06 04:24:47,2025-10-14 05:24:47
APT000089,REF000143,PRC0069,ORG015,LOC015,2025-11-10 04:25:18,2025-11-15 04:25:18,Completed,2025-11-15 05:25:18,NorthStar Staff,0,,,2025-11-10 04:25:18,2025-11-15 05:25:18
APT000090,REF000143,PRC0069,ORG015,LOC015,2025-11-05 04:25:18,2025-11-08 04:25:18,Rescheduled,2025-11-10 04:25:18,Specialist Office,0,Specialist schedule changed,APT000089,2025-11-05 04:25:18,2025-11-10 04:25:18
APT000091,REF000146,PRC0085,ORG031,LOC031,2026-04-08 15:59:17,2026-05-03 15:59:17,Completed,2026-05-03 16:59:17,NorthStar Staff,0,,,2026-04-08 15:59:17,2026-05-03 16:59:17
APT000092,REF000147,PRC0096,ORG017,LOC017,2026-02-01 20:09:44,2026-03-07 20:09:44,Completed,2026-03-07 21:09:44,NorthStar Staff,0,,,2026-02-01 20:09:44,2026-03-07 21:09:44
APT000093,REF000148,PRC0094,ORG015,LOC015,2026-05-19 20:06:33,2026-06-17 20:06:33,Completed,2026-06-17 21:06:33,NorthStar Staff,0,,,2026-05-19 20:06:33,2026-06-17 21:06:33
APT000094,REF000150,PRC0076,ORG022,LOC022,2025-11-08 03:52:04,2025-11-23 03:52:04,Completed,2025-11-23 04:52:04,NorthStar Staff,0,,,2025-11-08 03:52:04,2025-11-23 04:52:04
APT000095,REF000151,PRC0104,ORG025,LOC025,2026-05-02 10:45:28,2026-05-15 10:45:28,Scheduled,,NorthStar Staff,1,,,2026-05-02 10:45:28,2026-05-02 10:45:28
APT000096,REF000152,PRC0102,ORG023,LOC023,2026-03-27 02:26:47,2026-04-29 02:26:47,Completed,2026-04-29 03:26:47,NorthStar Staff,0,,,2026-03-27 02:26:47,2026-04-29 03:26:47
APT000097,REF000153,PRC0041,ORG012,LOC012,2026-07-01 22:56:43,2026-07-07 22:56:43,Scheduled,,NorthStar Staff,1,,,2026-07-01 22:56:43,2026-07-01 22:56:43
APT000098,REF000154,PRC0054,ORG025,LOC025,2025-08-19 23:58:31,2025-09-08 23:58:31,Scheduled,,NorthStar Staff,0,,,2025-08-19 23:58:31,2025-08-19 23:58:31
APT000099,REF000155,PRC0051,ORG022,LOC022,2026-05-04 18:00:19,2026-05-12 18:00:19,Scheduled,,NorthStar Staff,0,,,2026-05-04 18:00:19,2026-05-04 18:00:19
APT000100,REF000156,PRC0101,ORG022,LOC022,2026-04-14 14:43:01,2026-05-18 14:43:01,Completed,2026-05-18 15:43:01,NorthStar Staff,0,,,2026-04-14 14:43:01,2026-05-18 15:43:01
APT000101,REF000157,PRC0095,ORG016,LOC016,2026-01-21 18:22:37,2026-02-06 18:22:37,Completed,2026-02-06 19:22:37,NorthStar Staff,0,,,2026-01-21 18:22:37,2026-02-06 19:22:37
APT000102,REF000158,PRC0059,ORG030,LOC030,2026-03-17 04:21:55,2026-03-27 04:21:55,Completed,2026-03-27 05:21:55,NorthStar Staff,0,,,2026-03-17 04:21:55,2026-03-27 05:21:55
APT000103,REF000159,PRC0072,ORG018,LOC018,2026-06-12 18:00:34,2026-07-06 18:00:34,Scheduled,,NorthStar Staff,0,,,2026-06-12 18:00:34,2026-06-12 18:00:34
APT000104,REF000160,PRC0093,ORG014,LOC014,2025-12-16 22:53:26,2026-01-13 22:53:26,Scheduled,,NorthStar Staff,0,,,2025-12-16 22:53:26,2025-12-16 22:53:26
APT000105,REF000161,PRC0059,ORG030,LOC030,2026-02-21 01:22:20,2026-03-11 01:22:20,Scheduled,,NorthStar Staff,1,,,2026-02-21 01:22:20,2026-02-21 01:22:20
APT000106,REF000162,PRC0064,ORG010,LOC010,2025-09-17 01:40:44,2025-09-28 01:40:44,Scheduled,,NorthStar Staff,1,,,2025-09-17 01:40:44,2025-09-17 01:40:44
APT000107,REF000163,PRC0076,ORG022,LOC022,2026-03-04 00:00:54,2026-03-13 00:00:54,Completed,2026-03-13 01:00:54,NorthStar Staff,0,,,2026-03-04 00:00:54,2026-03-13 01:00:54
APT000108,REF000164,PRC0061,ORG007,LOC007,2025-12-31 19:07:05,2026-01-13 19:07:05,Completed,2026-01-13 20:07:05,NorthStar Staff,1,,,2025-12-31 19:07:05,2026-01-13 20:07:05
APT000109,REF000166,PRC0090,ORG011,LOC011,2026-02-03 14:39:09,2026-02-12 14:39:09,Scheduled,,NorthStar Staff,0,,,2026-02-03 14:39:09,2026-02-03 14:39:09
APT000110,REF000169,PRC0084,ORG030,LOC030,2025-11-08 21:53:25,2025-11-26 21:53:25,Completed,2025-11-26 22:53:25,NorthStar Staff,1,,,2025-11-08 21:53:25,2025-11-26 22:53:25
APT000111,REF000169,PRC0084,ORG030,LOC030,2025-11-03 21:53:25,2025-11-19 21:53:25,Rescheduled,2025-11-08 21:53:25,Specialist Office,0,Specialist schedule changed,APT000110,2025-11-03 21:53:25,2025-11-08 21:53:25
APT000112,REF000170,PRC0047,ORG018,LOC018,2025-11-08 02:48:38,2025-11-17 02:48:38,Completed,2025-11-17 03:48:38,NorthStar Staff,0,,,2025-11-08 02:48:38,2025-11-17 03:48:38
APT000113,REF000171,PRC0095,ORG016,LOC016,2025-10-24 00:06:43,2025-11-26 00:06:43,Completed,2025-11-26 01:06:43,NorthStar Staff,1,,,2025-10-24 00:06:43,2025-11-26 01:06:43
APT000114,REF000174,PRC0067,ORG013,LOC013,2026-04-20 06:55:35,2026-05-24 06:55:35,Scheduled,,NorthStar Staff,0,,,2026-04-20 06:55:35,2026-04-20 06:55:35
APT000115,REF000175,PRC0077,ORG023,LOC023,2025-10-05 12:22:34,2025-10-11 12:22:34,Completed,2025-10-11 13:22:34,NorthStar Staff,0,,,2025-10-05 12:22:34,2025-10-11 13:22:34
APT000116,REF000177,PRC0099,ORG020,LOC020,2026-06-09 10:15:56,2026-07-09 10:15:56,Completed,2026-07-09 11:15:56,NorthStar Staff,0,,,2026-06-09 10:15:56,2026-07-09 11:15:56
APT000117,REF000178,PRC0071,ORG017,LOC017,2026-02-06 19:48:39,2026-03-06 19:48:39,Completed,2026-03-06 20:48:39,NorthStar Staff,0,,,2026-02-06 19:48:39,2026-03-06 20:48:39
APT000118,REF000179,PRC0069,ORG015,LOC015,2026-05-11 12:13:37,2026-05-21 12:13:37,Completed,2026-05-21 13:13:37,NorthStar Staff,0,,,2026-05-11 12:13:37,2026-05-21 13:13:37
APT000119,REF000180,PRC0103,ORG024,LOC024,2025-08-30 16:15:29,2025-09-10 16:15:29,Completed,2025-09-10 17:15:29,NorthStar Staff,0,,,2025-08-30 16:15:29,2025-09-10 17:15:29
APT000120,REF000181,PRC0100,ORG021,LOC021,2026-01-08 17:05:01,2026-02-11 17:05:01,Completed,2026-02-11 18:05:01,NorthStar Staff,0,,,2026-01-08 17:05:01,2026-02-11 18:05:01
APT000121,REF000182,PRC0044,ORG015,LOC015,2026-07-03 22:28:50,2026-07-21 22:28:50,Completed,2026-07-21 23:28:50,NorthStar Staff,1,,,2026-07-03 22:28:50,2026-07-21 23:28:50
APT000122,REF000183,PRC0100,ORG021,LOC021,2026-03-14 18:05:23,2026-04-14 18:05:23,Completed,2026-04-14 19:05:23,NorthStar Staff,0,,,2026-03-14 18:05:23,2026-04-14 19:05:23
APT000123,REF000184,PRC0094,ORG015,LOC015,2026-04-07 02:37:07,2026-04-19 02:37:07,Completed,2026-04-19 03:37:07,NorthStar Staff,0,,,2026-04-07 02:37:07,2026-04-19 03:37:07
APT000124,REF000186,PRC0091,ORG012,LOC012,2026-06-19 08:46:37,2026-06-28 08:46:37,Completed,2026-06-28 09:46:37,NorthStar Staff,0,,,2026-06-19 08:46:37,2026-06-28 09:46:37
APT000125,REF000188,PRC0096,ORG017,LOC017,2025-11-12 09:05:13,2025-12-06 09:05:13,Completed,2025-12-06 10:05:13,NorthStar Staff,0,,,2025-11-12 09:05:13,2025-12-06 10:05:13
APT000126,REF000189,PRC0036,ORG007,LOC007,2026-04-15 16:48:08,2026-04-30 16:48:08,Completed,2026-04-30 17:48:08,NorthStar Staff,0,,,2026-04-15 16:48:08,2026-04-30 17:48:08
APT000127,REF000191,PRC0057,ORG028,LOC028,2025-11-24 05:46:33,2025-12-23 05:46:33,Scheduled,,NorthStar Staff,0,,,2025-11-24 05:46:33,2025-11-24 05:46:33
APT000128,REF000192,PRC0095,ORG016,LOC016,2025-11-28 11:14:12,2025-12-02 11:14:12,Scheduled,,NorthStar Staff,0,,,2025-11-28 11:14:12,2025-11-28 11:14:12
APT000129,REF000194,PRC0058,ORG029,LOC029,2026-05-12 20:08:17,2026-05-30 20:08:17,Completed,2026-05-30 21:08:17,NorthStar Staff,0,,,2026-05-12 20:08:17,2026-05-30 21:08:17
APT000130,REF000196,PRC0052,ORG023,LOC023,2026-03-31 13:41:14,2026-04-20 13:41:14,Completed,2026-04-20 14:41:14,NorthStar Staff,0,,,2026-03-31 13:41:14,2026-04-20 14:41:14
APT000131,REF000198,PRC0053,ORG024,LOC024,2025-08-14 14:33:53,2025-09-17 14:33:53,Completed,2025-09-17 15:33:53,NorthStar Staff,0,,,2025-08-14 14:33:53,2025-09-17 15:33:53
APT000132,REF000199,PRC0082,ORG028,LOC028,2026-06-16 11:10:40,2026-07-06 11:10:40,Completed,2026-07-06 12:10:40,NorthStar Staff,0,,,2026-06-16 11:10:40,2026-07-06 12:10:40
APT000133,REF000199,PRC0082,ORG028,LOC028,2026-06-11 11:10:40,2026-06-29 11:10:40,Rescheduled,2026-06-16 11:10:40,Specialist Office,0,Specialist schedule changed,APT000132,2026-06-11 11:10:40,2026-06-16 11:10:40
APT000134,REF000202,PRC0065,ORG011,LOC011,2026-03-23 04:36:53,2026-04-21 04:36:53,Completed,2026-04-21 05:36:53,NorthStar Staff,0,,,2026-03-23 04:36:53,2026-04-21 05:36:53
APT000135,REF000203,PRC0109,ORG030,LOC030,2025-12-26 00:52:56,2026-01-07 00:52:56,Completed,2026-01-07 01:52:56,NorthStar Staff,0,,,2025-12-26 00:52:56,2026-01-07 01:52:56
APT000136,REF000204,PRC0092,ORG013,LOC013,2026-04-23 19:33:48,2026-05-13 19:33:48,Completed,2026-05-13 20:33:48,NorthStar Staff,0,,,2026-04-23 19:33:48,2026-05-13 20:33:48
APT000137,REF000205,PRC0056,ORG027,LOC027,2025-11-29 10:17:08,2025-12-24 10:17:08,Completed,2025-12-24 11:17:08,NorthStar Staff,0,,,2025-11-29 10:17:08,2025-12-24 11:17:08
APT000138,REF000206,PRC0106,ORG027,LOC027,2025-11-15 06:03:52,2025-12-13 06:03:52,Completed,2025-12-13 07:03:52,NorthStar Staff,0,,,2025-11-15 06:03:52,2025-12-13 07:03:52
APT000139,REF000208,PRC0100,ORG021,LOC021,2026-04-09 20:43:51,2026-04-13 20:43:51,Completed,2026-04-13 21:43:51,NorthStar Staff,1,,,2026-04-09 20:43:51,2026-04-13 21:43:51
APT000140,REF000209,PRC0067,ORG013,LOC013,2025-11-10 15:04:19,2025-11-17 15:04:19,Completed,2025-11-17 16:04:19,NorthStar Staff,0,,,2025-11-10 15:04:19,2025-11-17 16:04:19
APT000141,REF000210,PRC0076,ORG022,LOC022,2025-08-08 22:41:32,2025-08-21 22:41:32,Completed,2025-08-21 23:41:32,NorthStar Staff,0,,,2025-08-08 22:41:32,2025-08-21 23:41:32
APT000142,REF000211,PRC0079,ORG025,LOC025,2026-03-08 15:38:47,2026-03-28 15:38:47,Completed,2026-03-28 16:38:47,NorthStar Staff,0,,,2026-03-08 15:38:47,2026-03-28 16:38:47
APT000143,REF000213,PRC0075,ORG021,LOC021,2026-05-07 11:00:12,2026-05-23 11:00:12,Completed,2026-05-23 12:00:12,NorthStar Staff,0,,,2026-05-07 11:00:12,2026-05-23 12:00:12
APT000144,REF000214,PRC0076,ORG022,LOC022,2026-02-05 09:00:40,2026-02-14 09:00:40,Completed,2026-02-14 10:00:40,NorthStar Staff,0,,,2026-02-05 09:00:40,2026-02-14 10:00:40
APT000145,REF000216,PRC0080,ORG026,LOC026,2026-04-26 03:21:36,2026-05-04 03:21:36,Completed,2026-05-04 04:21:36,NorthStar Staff,0,,,2026-04-26 03:21:36,2026-05-04 04:21:36
APT000146,REF000217,PRC0106,ORG027,LOC027,2025-11-09 18:34:50,2025-11-28 18:34:50,Completed,2025-11-28 19:34:50,NorthStar Staff,1,,,2025-11-09 18:34:50,2025-11-28 19:34:50
APT000147,REF000218,PRC0067,ORG013,LOC013,2025-10-06 22:40:33,2025-10-24 22:40:33,Completed,2025-10-24 23:40:33,NorthStar Staff,0,,,2025-10-06 22:40:33,2025-10-24 23:40:33
APT000148,REF000218,PRC0067,ORG013,LOC013,2025-10-01 22:40:33,2025-10-17 22:40:33,Rescheduled,2025-10-06 22:40:33,Specialist Office,0,Specialist schedule changed,APT000147,2025-10-01 22:40:33,2025-10-06 22:40:33
APT000149,REF000219,PRC0043,ORG014,LOC014,2026-06-30 20:18:06,2026-07-28 20:18:06,Completed,2026-07-28 21:18:06,NorthStar Staff,0,,,2026-06-30 20:18:06,2026-07-28 21:18:06
APT000150,REF000221,PRC0067,ORG013,LOC013,2026-04-22 20:44:55,2026-05-24 20:44:55,Completed,2026-05-24 21:44:55,NorthStar Staff,1,,,2026-04-22 20:44:55,2026-05-24 21:44:55
APT000151,REF000222,PRC0051,ORG022,LOC022,2025-09-27 14:26:03,2025-10-17 14:26:03,Scheduled,,NorthStar Staff,1,,,2025-09-27 14:26:03,2025-09-27 14:26:03
APT000152,REF000223,PRC0078,ORG024,LOC024,2026-06-02 03:45:24,2026-06-28 03:45:24,Completed,2026-06-28 04:45:24,NorthStar Staff,1,,,2026-06-02 03:45:24,2026-06-28 04:45:24
APT000153,REF000226,PRC0049,ORG020,LOC020,2026-01-24 21:02:14,2026-01-29 21:02:14,Completed,2026-01-29 22:02:14,NorthStar Staff,0,,,2026-01-24 21:02:14,2026-01-29 22:02:14
APT000154,REF000227,PRC0081,ORG027,LOC027,2026-07-17 08:38:57,2026-07-26 08:38:57,Completed,2026-07-26 09:38:57,NorthStar Staff,0,,,2026-07-17 08:38:57,2026-07-26 09:38:57
APT000155,REF000228,PRC0106,ORG027,LOC027,2026-07-09 17:39:13,2026-07-31 17:39:13,Completed,2026-07-31 18:39:13,NorthStar Staff,1,,,2026-07-09 17:39:13,2026-07-31 18:39:13
APT000156,REF000229,PRC0053,ORG024,LOC024,2025-08-29 15:22:41,2025-09-22 15:22:41,Scheduled,,NorthStar Staff,0,,,2025-08-29 15:22:41,2025-08-29 15:22:41
APT000157,REF000231,PRC0059,ORG030,LOC030,2025-09-15 19:55:14,2025-10-07 19:55:14,Completed,2025-10-07 20:55:14,NorthStar Staff,0,,,2025-09-15 19:55:14,2025-10-07 20:55:14
APT000158,REF000234,PRC0041,ORG012,LOC012,2026-04-25 19:15:44,2026-05-20 19:15:44,Scheduled,,NorthStar Staff,1,,,2026-04-25 19:15:44,2026-04-25 19:15:44
APT000159,REF000235,PRC0093,ORG014,LOC014,2026-06-25 02:16:00,2026-07-30 02:16:00,Completed,2026-07-30 03:16:00,NorthStar Staff,0,,,2026-06-25 02:16:00,2026-07-30 03:16:00
APT000160,REF000236,PRC0082,ORG028,LOC028,2025-11-11 14:30:06,2025-12-07 14:30:06,Completed,2025-12-07 15:30:06,NorthStar Staff,1,,,2025-11-11 14:30:06,2025-12-07 15:30:06
APT000161,REF000237,PRC0086,ORG007,LOC007,2025-12-22 18:43:40,2026-01-02 18:43:40,Completed,2026-01-02 19:43:40,NorthStar Staff,0,,,2025-12-22 18:43:40,2026-01-02 19:43:40
APT000162,REF000239,PRC0044,ORG015,LOC015,2026-01-13 14:11:00,2026-01-28 14:11:00,Scheduled,,NorthStar Staff,0,,,2026-01-13 14:11:00,2026-01-13 14:11:00
APT000163,REF000240,PRC0042,ORG013,LOC013,2026-07-11 14:06:21,2026-07-21 14:06:21,Completed,2026-07-21 15:06:21,NorthStar Staff,0,,,2026-07-11 14:06:21,2026-07-21 15:06:21
APT000164,REF000242,PRC0058,ORG029,LOC029,2025-10-06 09:43:31,2025-11-01 09:43:31,Scheduled,,NorthStar Staff,0,,,2025-10-06 09:43:31,2025-10-06 09:43:31
APT000165,REF000243,PRC0039,ORG010,LOC010,2026-02-19 19:21:37,2026-03-09 19:21:37,Scheduled,,NorthStar Staff,0,,,2026-02-19 19:21:37,2026-02-19 19:21:37
APT000166,REF000244,PRC0044,ORG015,LOC015,2026-04-14 22:49:13,2026-05-17 22:49:13,Completed,2026-05-17 23:49:13,NorthStar Staff,0,,,2026-04-14 22:49:13,2026-05-17 23:49:13
APT000167,REF000245,PRC0084,ORG030,LOC030,2026-06-25 06:05:09,2026-07-02 06:05:09,Completed,2026-07-02 07:05:09,NorthStar Staff,0,,,2026-06-25 06:05:09,2026-07-02 07:05:09
APT000168,REF000246,PRC0068,ORG014,LOC014,2025-08-18 12:41:33,2025-09-14 12:41:33,Scheduled,,NorthStar Staff,0,,,2025-08-18 12:41:33,2025-08-18 12:41:33
APT000169,REF000247,PRC0090,ORG011,LOC011,2025-12-05 20:35:21,2025-12-29 20:35:21,Completed,2025-12-29 21:35:21,NorthStar Staff,0,,,2025-12-05 20:35:21,2025-12-29 21:35:21
APT000170,REF000248,PRC0094,ORG015,LOC015,2026-06-16 13:19:33,2026-07-11 13:19:33,Scheduled,,NorthStar Staff,0,,,2026-06-16 13:19:33,2026-06-16 13:19:33
APT000171,REF000251,PRC0072,ORG018,LOC018,2025-11-20 12:58:27,2025-12-16 12:58:27,Completed,2025-12-16 13:58:27,NorthStar Staff,0,,,2025-11-20 12:58:27,2025-12-16 13:58:27
APT000172,REF000252,PRC0052,ORG023,LOC023,2026-06-08 00:53:36,2026-07-02 00:53:36,Completed,2026-07-02 01:53:36,NorthStar Staff,0,,,2026-06-08 00:53:36,2026-07-02 01:53:36
APT000173,REF000254,PRC0065,ORG011,LOC011,2026-05-09 13:36:30,2026-05-25 13:36:30,Scheduled,,NorthStar Staff,0,,,2026-05-09 13:36:30,2026-05-09 13:36:30
APT000174,REF000256,PRC0045,ORG016,LOC016,2026-06-21 15:49:57,2026-07-09 15:49:57,Scheduled,,NorthStar Staff,0,,,2026-06-21 15:49:57,2026-06-21 15:49:57
APT000175,REF000258,PRC0080,ORG026,LOC026,2025-09-01 18:54:04,2025-09-08 18:54:04,Completed,2025-09-08 19:54:04,NorthStar Staff,0,,,2025-09-01 18:54:04,2025-09-08 19:54:04
APT000176,REF000259,PRC0104,ORG025,LOC025,2025-12-15 23:33:22,2025-12-27 23:33:22,Completed,2025-12-28 00:33:22,NorthStar Staff,0,,,2025-12-15 23:33:22,2025-12-28 00:33:22
APT000177,REF000259,PRC0104,ORG025,LOC025,2025-12-10 23:33:22,2025-12-20 23:33:22,Rescheduled,2025-12-15 23:33:22,Specialist Office,0,Specialist schedule changed,APT000176,2025-12-10 23:33:22,2025-12-15 23:33:22
APT000178,REF000260,PRC0099,ORG020,LOC020,2026-04-27 23:23:39,2026-05-31 23:23:39,Completed,2026-06-01 00:23:39,NorthStar Staff,1,,,2026-04-27 23:23:39,2026-06-01 00:23:39
APT000179,REF000261,PRC0094,ORG015,LOC015,2025-10-23 11:02:09,2025-11-13 11:02:09,Completed,2025-11-13 12:02:09,NorthStar Staff,0,,,2025-10-23 11:02:09,2025-11-13 12:02:09
APT000180,REF000262,PRC0066,ORG012,LOC012,2026-02-15 21:19:10,2026-03-06 21:19:10,Scheduled,,NorthStar Staff,0,,,2026-02-15 21:19:10,2026-02-15 21:19:10
APT000181,REF000263,PRC0044,ORG015,LOC015,2026-07-13 18:30:18,2026-08-14 18:30:18,Completed,2026-08-14 19:30:18,NorthStar Staff,0,,,2026-07-13 18:30:18,2026-08-14 19:30:18
APT000182,REF000264,PRC0070,ORG016,LOC016,2026-06-05 14:11:32,2026-07-05 14:11:32,Scheduled,,NorthStar Staff,1,,,2026-06-05 14:11:32,2026-06-05 14:11:32
APT000183,REF000266,PRC0104,ORG025,LOC025,2025-12-15 05:41:02,2025-12-26 05:41:02,Completed,2025-12-26 06:41:02,NorthStar Staff,0,,,2025-12-15 05:41:02,2025-12-26 06:41:02
APT000184,REF000267,PRC0054,ORG025,LOC025,2025-08-13 00:43:36,2025-09-10 00:43:36,Completed,2025-09-10 01:43:36,NorthStar Staff,0,,,2025-08-13 00:43:36,2025-09-10 01:43:36
APT000185,REF000268,PRC0099,ORG020,LOC020,2026-06-16 00:32:44,2026-07-02 00:32:44,Completed,2026-07-02 01:32:44,NorthStar Staff,0,,,2026-06-16 00:32:44,2026-07-02 01:32:44
APT000186,REF000269,PRC0091,ORG012,LOC012,2025-12-04 04:58:32,2025-12-20 04:58:32,Completed,2025-12-20 05:58:32,NorthStar Staff,0,,,2025-12-04 04:58:32,2025-12-20 05:58:32
APT000187,REF000270,PRC0050,ORG021,LOC021,2026-06-16 07:17:08,2026-06-25 07:17:08,Completed,2026-06-25 08:17:08,NorthStar Staff,0,,,2026-06-16 07:17:08,2026-06-25 08:17:08
APT000188,REF000271,PRC0055,ORG026,LOC026,2026-05-20 21:46:30,2026-06-23 21:46:30,Completed,2026-06-23 22:46:30,NorthStar Staff,0,,,2026-05-20 21:46:30,2026-06-23 22:46:30
APT000189,REF000274,PRC0067,ORG013,LOC013,2026-04-28 23:41:28,2026-05-03 23:41:28,Completed,2026-05-04 00:41:28,NorthStar Staff,0,,,2026-04-28 23:41:28,2026-05-04 00:41:28
APT000190,REF000275,PRC0102,ORG023,LOC023,2025-09-19 13:52:42,2025-10-16 13:52:42,Completed,2025-10-16 14:52:42,NorthStar Staff,1,,,2025-09-19 13:52:42,2025-10-16 14:52:42
APT000191,REF000276,PRC0079,ORG025,LOC025,2026-03-26 19:10:49,2026-04-08 19:10:49,Completed,2026-04-08 20:10:49,NorthStar Staff,0,,,2026-03-26 19:10:49,2026-04-08 20:10:49
APT000192,REF000277,PRC0071,ORG017,LOC017,2026-06-19 15:41:43,2026-07-23 15:41:43,Scheduled,,NorthStar Staff,0,,,2026-06-19 15:41:43,2026-06-19 15:41:43
APT000193,REF000279,PRC0043,ORG014,LOC014,2026-02-11 18:21:36,2026-02-15 18:21:36,Completed,2026-02-15 19:21:36,NorthStar Staff,0,,,2026-02-11 18:21:36,2026-02-15 19:21:36
APT000194,REF000280,PRC0087,ORG008,LOC008,2026-02-20 10:24:10,2026-03-10 10:24:10,Scheduled,,NorthStar Staff,0,,,2026-02-20 10:24:10,2026-02-20 10:24:10
APT000195,REF000281,PRC0043,ORG014,LOC014,2026-03-18 02:50:52,2026-04-15 02:50:52,Completed,2026-04-15 03:50:52,NorthStar Staff,0,,,2026-03-18 02:50:52,2026-04-15 03:50:52
APT000196,REF000282,PRC0068,ORG014,LOC014,2026-02-01 20:47:28,2026-02-09 20:47:28,Completed,2026-02-09 21:47:28,NorthStar Staff,1,,,2026-02-01 20:47:28,2026-02-09 21:47:28
APT000197,REF000285,PRC0066,ORG012,LOC012,2025-08-12 08:39:55,2025-09-15 08:39:55,Scheduled,,NorthStar Staff,0,,,2025-08-12 08:39:55,2025-08-12 08:39:55
APT000198,REF000286,PRC0107,ORG028,LOC028,2025-08-23 18:34:38,2025-09-03 18:34:38,Completed,2025-09-03 19:34:38,NorthStar Staff,0,,,2025-08-23 18:34:38,2025-09-03 19:34:38
APT000199,REF000287,PRC0077,ORG023,LOC023,2026-02-11 09:03:32,2026-02-14 09:03:32,Completed,2026-02-14 10:03:32,NorthStar Staff,0,,,2026-02-11 09:03:32,2026-02-14 10:03:32
APT000200,REF000288,PRC0106,ORG027,LOC027,2026-05-18 04:02:27,2026-05-27 04:02:27,Scheduled,,NorthStar Staff,0,,,2026-05-18 04:02:27,2026-05-18 04:02:27
APT000201,REF000289,PRC0064,ORG010,LOC010,2026-06-30 14:01:56,2026-07-03 14:01:56,Completed,2026-07-03 15:01:56,NorthStar Staff,0,,,2026-06-30 14:01:56,2026-07-03 15:01:56
APT000202,REF000291,PRC0079,ORG025,LOC025,2025-08-20 09:46:36,2025-09-07 09:46:36,Completed,2025-09-07 10:46:36,NorthStar Staff,1,,,2025-08-20 09:46:36,2025-09-07 10:46:36
APT000203,REF000293,PRC0043,ORG014,LOC014,2026-01-23 17:16:06,2026-02-16 17:16:06,Scheduled,,NorthStar Staff,0,,,2026-01-23 17:16:06,2026-01-23 17:16:06
APT000204,REF000294,PRC0049,ORG020,LOC020,2026-03-02 08:27:31,2026-03-23 08:27:31,Completed,2026-03-23 09:27:31,NorthStar Staff,0,,,2026-03-02 08:27:31,2026-03-23 09:27:31
APT000205,REF000296,PRC0057,ORG028,LOC028,2026-03-09 10:05:23,2026-03-29 10:05:23,Completed,2026-03-29 11:05:23,NorthStar Staff,1,,,2026-03-09 10:05:23,2026-03-29 11:05:23
APT000206,REF000297,PRC0101,ORG022,LOC022,2025-09-07 17:25:15,2025-09-30 17:25:15,Completed,2025-09-30 18:25:15,NorthStar Staff,0,,,2025-09-07 17:25:15,2025-09-30 18:25:15
APT000207,REF000297,PRC0101,ORG022,LOC022,2025-09-02 17:25:15,2025-09-23 17:25:15,Rescheduled,2025-09-07 17:25:15,Specialist Office,0,Specialist schedule changed,APT000206,2025-09-02 17:25:15,2025-09-07 17:25:15
APT000208,REF000299,PRC0091,ORG012,LOC012,2025-08-24 22:08:42,2025-09-24 22:08:42,Completed,2025-09-24 23:08:42,NorthStar Staff,0,,,2025-08-24 22:08:42,2025-09-24 23:08:42
APT000209,REF000301,PRC0050,ORG021,LOC021,2026-02-06 09:04:58,2026-02-25 09:04:58,Completed,2026-02-25 10:04:58,NorthStar Staff,0,,,2026-02-06 09:04:58,2026-02-25 10:04:58
APT000210,REF000302,PRC0038,ORG009,LOC009,2025-09-21 19:47:52,2025-10-13 19:47:52,Completed,2025-10-13 20:47:52,NorthStar Staff,0,,,2025-09-21 19:47:52,2025-10-13 20:47:52
APT000211,REF000303,PRC0044,ORG015,LOC015,2025-09-11 05:14:27,2025-09-16 05:14:27,Completed,2025-09-16 06:14:27,NorthStar Staff,0,,,2025-09-11 05:14:27,2025-09-16 06:14:27
APT000212,REF000304,PRC0097,ORG018,LOC018,2026-07-14 10:05:27,2026-08-01 10:05:27,Scheduled,,NorthStar Staff,0,,,2026-07-14 10:05:27,2026-07-14 10:05:27
APT000213,REF000305,PRC0037,ORG008,LOC008,2025-09-24 22:29:26,2025-10-27 22:29:26,Completed,2025-10-27 23:29:26,NorthStar Staff,0,,,2025-09-24 22:29:26,2025-10-27 23:29:26
APT000214,REF000306,PRC0105,ORG026,LOC026,2025-10-05 11:30:54,2025-11-09 11:30:54,Completed,2025-11-09 12:30:54,NorthStar Staff,0,,,2025-10-05 11:30:54,2025-11-09 12:30:54
APT000215,REF000307,PRC0055,ORG026,LOC026,2025-12-08 13:58:43,2025-12-17 13:58:43,Completed,2025-12-17 14:58:43,NorthStar Staff,0,,,2025-12-08 13:58:43,2025-12-17 14:58:43
APT000216,REF000308,PRC0071,ORG017,LOC017,2026-01-07 19:52:34,2026-02-07 19:52:34,Scheduled,,NorthStar Staff,1,,,2026-01-07 19:52:34,2026-01-07 19:52:34
APT000217,REF000309,PRC0068,ORG014,LOC014,2026-03-26 00:21:59,2026-04-06 00:21:59,Completed,2026-04-06 01:21:59,NorthStar Staff,0,,,2026-03-26 00:21:59,2026-04-06 01:21:59
APT000218,REF000310,PRC0094,ORG015,LOC015,2026-01-08 23:40:30,2026-02-05 23:40:30,Completed,2026-02-06 00:40:30,NorthStar Staff,0,,,2026-01-08 23:40:30,2026-02-06 00:40:30
APT000219,REF000311,PRC0083,ORG029,LOC029,2025-09-16 04:53:38,2025-10-16 04:53:38,Completed,2025-10-16 05:53:38,NorthStar Staff,1,,,2025-09-16 04:53:38,2025-10-16 05:53:38
APT000220,REF000312,PRC0091,ORG012,LOC012,2026-03-08 02:06:58,2026-04-02 02:06:58,Completed,2026-04-02 03:06:58,NorthStar Staff,1,,,2026-03-08 02:06:58,2026-04-02 03:06:58
APT000221,REF000313,PRC0095,ORG016,LOC016,2025-12-07 13:24:16,2025-12-25 13:24:16,Scheduled,,NorthStar Staff,0,,,2025-12-07 13:24:16,2025-12-07 13:24:16
APT000222,REF000314,PRC0053,ORG024,LOC024,2026-03-15 13:19:55,2026-04-15 13:19:55,Completed,2026-04-15 14:19:55,NorthStar Staff,1,,,2026-03-15 13:19:55,2026-04-15 14:19:55
APT000223,REF000315,PRC0051,ORG022,LOC022,2026-04-10 10:12:48,2026-05-08 10:12:48,Scheduled,,NorthStar Staff,0,,,2026-04-10 10:12:48,2026-04-10 10:12:48
APT000224,REF000316,PRC0096,ORG017,LOC017,2026-06-28 14:41:19,2026-07-31 14:41:19,Completed,2026-07-31 15:41:19,NorthStar Staff,0,,,2026-06-28 14:41:19,2026-07-31 15:41:19
APT000225,REF000317,PRC0048,ORG019,LOC019,2026-06-29 08:47:28,2026-07-29 08:47:28,Completed,2026-07-29 09:47:28,NorthStar Staff,0,,,2026-06-29 08:47:28,2026-07-29 09:47:28
APT000226,REF000319,PRC0094,ORG015,LOC015,2025-10-30 08:06:03,2025-11-26 08:06:03,Completed,2025-11-26 09:06:03,NorthStar Staff,0,,,2025-10-30 08:06:03,2025-11-26 09:06:03
APT000227,REF000321,PRC0074,ORG020,LOC020,2026-05-29 07:42:29,2026-06-19 07:42:29,Completed,2026-06-19 08:42:29,NorthStar Staff,0,,,2026-05-29 07:42:29,2026-06-19 08:42:29
APT000228,REF000321,PRC0074,ORG020,LOC020,2026-05-24 07:42:29,2026-06-12 07:42:29,Rescheduled,2026-05-29 07:42:29,Specialist Office,0,Specialist schedule changed,APT000227,2026-05-24 07:42:29,2026-05-29 07:42:29
APT000229,REF000322,PRC0066,ORG012,LOC012,2026-06-16 08:54:24,2026-06-23 08:54:24,Completed,2026-06-23 09:54:24,NorthStar Staff,0,,,2026-06-16 08:54:24,2026-06-23 09:54:24
APT000230,REF000325,PRC0077,ORG023,LOC023,2025-10-21 04:06:20,2025-10-29 04:06:20,Completed,2025-10-29 05:06:20,NorthStar Staff,1,,,2025-10-21 04:06:20,2025-10-29 05:06:20
APT000231,REF000326,PRC0093,ORG014,LOC014,2025-11-21 17:00:41,2025-12-07 17:00:41,Scheduled,,NorthStar Staff,0,,,2025-11-21 17:00:41,2025-11-21 17:00:41
APT000232,REF000330,PRC0051,ORG022,LOC022,2025-08-22 10:40:14,2025-09-12 10:40:14,Completed,2025-09-12 11:40:14,NorthStar Staff,0,,,2025-08-22 10:40:14,2025-09-12 11:40:14
APT000233,REF000330,PRC0051,ORG022,LOC022,2025-08-17 10:40:14,2025-09-05 10:40:14,Rescheduled,2025-08-22 10:40:14,Specialist Office,0,Specialist schedule changed,APT000232,2025-08-17 10:40:14,2025-08-22 10:40:14
APT000234,REF000332,PRC0069,ORG015,LOC015,2025-08-07 09:55:51,2025-08-28 09:55:51,Completed,2025-08-28 10:55:51,NorthStar Staff,0,,,2025-08-07 09:55:51,2025-08-28 10:55:51
APT000235,REF000332,PRC0069,ORG015,LOC015,2025-08-02 09:55:51,2025-08-21 09:55:51,Rescheduled,2025-08-07 09:55:51,Specialist Office,0,Specialist schedule changed,APT000234,2025-08-02 09:55:51,2025-08-07 09:55:51
APT000236,REF000333,PRC0075,ORG021,LOC021,2026-02-13 18:02:01,2026-03-10 18:02:01,Scheduled,,NorthStar Staff,0,,,2026-02-13 18:02:01,2026-02-13 18:02:01
APT000237,REF000335,PRC0089,ORG010,LOC010,2025-09-17 00:35:01,2025-10-18 00:35:01,Completed,2025-10-18 01:35:01,NorthStar Staff,0,,,2025-09-17 00:35:01,2025-10-18 01:35:01
APT000238,REF000337,PRC0050,ORG021,LOC021,2026-04-25 07:25:06,2026-04-28 07:25:06,Completed,2026-04-28 08:25:06,NorthStar Staff,0,,,2026-04-25 07:25:06,2026-04-28 08:25:06
APT000239,REF000338,PRC0098,ORG019,LOC019,2026-06-02 22:28:15,2026-06-13 22:28:15,Completed,2026-06-13 23:28:15,NorthStar Staff,1,,,2026-06-02 22:28:15,2026-06-13 23:28:15
APT000240,REF000341,PRC0074,ORG020,LOC020,2025-09-06 17:49:45,2025-09-16 17:49:45,Scheduled,,NorthStar Staff,0,,,2025-09-06 17:49:45,2025-09-06 17:49:45
APT000241,REF000342,PRC0076,ORG022,LOC022,2025-10-11 10:04:08,2025-11-09 10:04:08,Completed,2025-11-09 11:04:08,NorthStar Staff,0,,,2025-10-11 10:04:08,2025-11-09 11:04:08
APT000242,REF000344,PRC0103,ORG024,LOC024,2025-12-18 12:07:24,2026-01-02 12:07:24,Scheduled,,NorthStar Staff,0,,,2025-12-18 12:07:24,2025-12-18 12:07:24
APT000243,REF000345,PRC0046,ORG017,LOC017,2026-03-11 11:22:08,2026-04-04 11:22:08,Scheduled,,NorthStar Staff,0,,,2026-03-11 11:22:08,2026-03-11 11:22:08
APT000244,REF000346,PRC0070,ORG016,LOC016,2026-07-06 02:11:10,2026-08-01 02:11:10,Completed,2026-08-01 03:11:10,NorthStar Staff,0,,,2026-07-06 02:11:10,2026-08-01 03:11:10
APT000245,REF000350,PRC0058,ORG029,LOC029,2026-02-19 04:31:27,2026-03-15 04:31:27,Completed,2026-03-15 05:31:27,NorthStar Staff,0,,,2026-02-19 04:31:27,2026-03-15 05:31:27
APT000246,REF000351,PRC0048,ORG019,LOC019,2026-04-26 14:42:58,2026-05-06 14:42:58,Completed,2026-05-06 15:42:58,NorthStar Staff,0,,,2026-04-26 14:42:58,2026-05-06 15:42:58
APT000247,REF000354,PRC0064,ORG010,LOC010,2026-01-02 00:41:01,2026-01-28 00:41:01,Completed,2026-01-28 01:41:01,NorthStar Staff,1,,,2026-01-02 00:41:01,2026-01-28 01:41:01
APT000248,REF000356,PRC0110,ORG031,LOC031,2026-05-05 01:13:40,2026-06-03 01:13:40,Scheduled,,NorthStar Staff,0,,,2026-05-05 01:13:40,2026-05-05 01:13:40
APT000249,REF000357,PRC0106,ORG027,LOC027,2026-05-28 13:41:24,2026-06-08 13:41:24,Completed,2026-06-08 14:41:24,NorthStar Staff,0,,,2026-05-28 13:41:24,2026-06-08 14:41:24
APT000250,REF000359,PRC0082,ORG028,LOC028,2026-03-05 07:07:02,2026-03-10 07:07:02,Scheduled,,NorthStar Staff,1,,,2026-03-05 07:07:02,2026-03-05 07:07:02
APT000251,REF000360,PRC0085,ORG031,LOC031,2026-07-08 21:30:38,2026-08-09 21:30:38,Scheduled,,NorthStar Staff,0,,,2026-07-08 21:30:38,2026-07-08 21:30:38
APT000252,REF000361,PRC0090,ORG011,LOC011,2026-06-17 23:24:39,2026-06-29 23:24:39,Completed,2026-06-30 00:24:39,NorthStar Staff,0,,,2026-06-17 23:24:39,2026-06-30 00:24:39
APT000253,REF000365,PRC0095,ORG016,LOC016,2026-03-11 04:33:40,2026-03-29 04:33:40,Scheduled,,NorthStar Staff,0,,,2026-03-11 04:33:40,2026-03-11 04:33:40
APT000254,REF000368,PRC0061,ORG007,LOC007,2026-03-29 20:42:23,2026-04-26 20:42:23,Completed,2026-04-26 21:42:23,NorthStar Staff,1,,,2026-03-29 20:42:23,2026-04-26 21:42:23
APT000255,REF000370,PRC0059,ORG030,LOC030,2026-02-23 13:44:13,2026-02-27 13:44:13,Completed,2026-02-27 14:44:13,NorthStar Staff,1,,,2026-02-23 13:44:13,2026-02-27 14:44:13
APT000256,REF000371,PRC0105,ORG026,LOC026,2026-05-17 04:04:09,2026-06-20 04:04:09,Completed,2026-06-20 05:04:09,NorthStar Staff,0,,,2026-05-17 04:04:09,2026-06-20 05:04:09
APT000257,REF000372,PRC0103,ORG024,LOC024,2025-12-02 10:05:30,2026-01-02 10:05:30,Scheduled,,NorthStar Staff,0,,,2025-12-02 10:05:30,2025-12-02 10:05:30
APT000258,REF000374,PRC0075,ORG021,LOC021,2026-03-15 17:48:31,2026-04-03 17:48:31,Completed,2026-04-03 18:48:31,NorthStar Staff,0,,,2026-03-15 17:48:31,2026-04-03 18:48:31
APT000259,REF000376,PRC0060,ORG031,LOC031,2026-06-25 14:07:26,2026-07-29 14:07:26,Completed,2026-07-29 15:07:26,NorthStar Staff,0,,,2026-06-25 14:07:26,2026-07-29 15:07:26
APT000260,REF000377,PRC0080,ORG026,LOC026,2025-12-31 16:21:42,2026-02-04 16:21:42,Scheduled,,NorthStar Staff,0,,,2025-12-31 16:21:42,2025-12-31 16:21:42
APT000261,REF000380,PRC0056,ORG027,LOC027,2025-09-05 10:18:52,2025-09-17 10:18:52,Completed,2025-09-17 11:18:52,NorthStar Staff,0,,,2025-09-05 10:18:52,2025-09-17 11:18:52
APT000262,REF000380,PRC0056,ORG027,LOC027,2025-08-31 10:18:52,2025-09-10 10:18:52,Rescheduled,2025-09-05 10:18:52,Specialist Office,0,Specialist schedule changed,APT000261,2025-08-31 10:18:52,2025-09-05 10:18:52
APT000263,REF000382,PRC0094,ORG015,LOC015,2025-10-13 07:31:22,2025-11-01 07:31:22,Completed,2025-11-01 08:31:22,NorthStar Staff,0,,,2025-10-13 07:31:22,2025-11-01 08:31:22
APT000264,REF000385,PRC0041,ORG012,LOC012,2025-08-08 22:50:31,2025-08-16 22:50:31,Scheduled,,NorthStar Staff,1,,,2025-08-08 22:50:31,2025-08-08 22:50:31
APT000265,REF000386,PRC0057,ORG028,LOC028,2025-12-17 13:21:07,2025-12-27 13:21:07,Completed,2025-12-27 14:21:07,NorthStar Staff,1,,,2025-12-17 13:21:07,2025-12-27 14:21:07
APT000266,REF000387,PRC0042,ORG013,LOC013,2026-01-23 07:11:30,2026-02-12 07:11:30,Completed,2026-02-12 08:11:30,NorthStar Staff,0,,,2026-01-23 07:11:30,2026-02-12 08:11:30
APT000267,REF000388,PRC0058,ORG029,LOC029,2025-12-18 07:41:24,2025-12-31 07:41:24,Scheduled,,NorthStar Staff,0,,,2025-12-18 07:41:24,2025-12-18 07:41:24
APT000268,REF000390,PRC0092,ORG013,LOC013,2025-10-30 16:16:10,2025-11-13 16:16:10,Completed,2025-11-13 17:16:10,NorthStar Staff,0,,,2025-10-30 16:16:10,2025-11-13 17:16:10
APT000269,REF000391,PRC0066,ORG012,LOC012,2025-10-23 22:16:30,2025-11-17 22:16:30,Scheduled,,NorthStar Staff,0,,,2025-10-23 22:16:30,2025-10-23 22:16:30
APT000270,REF000393,PRC0070,ORG016,LOC016,2025-08-07 23:52:30,2025-08-30 23:52:30,Completed,2025-08-31 00:52:30,NorthStar Staff,0,,,2025-08-07 23:52:30,2025-08-31 00:52:30
APT000271,REF000395,PRC0063,ORG009,LOC009,2025-10-03 08:56:32,2025-11-02 08:56:32,Scheduled,,NorthStar Staff,0,,,2025-10-03 08:56:32,2025-10-03 08:56:32
APT000272,REF000396,PRC0106,ORG027,LOC027,2025-08-07 05:47:11,2025-09-10 05:47:11,Completed,2025-09-10 06:47:11,NorthStar Staff,0,,,2025-08-07 05:47:11,2025-09-10 06:47:11
APT000273,REF000398,PRC0100,ORG021,LOC021,2026-03-09 01:49:46,2026-04-06 01:49:46,Completed,2026-04-06 02:49:46,NorthStar Staff,0,,,2026-03-09 01:49:46,2026-04-06 02:49:46
APT000274,REF000400,PRC0064,ORG010,LOC010,2025-10-03 03:20:42,2025-10-24 03:20:42,Completed,2025-10-24 04:20:42,NorthStar Staff,0,,,2025-10-03 03:20:42,2025-10-24 04:20:42
APT000275,REF000401,PRC0052,ORG023,LOC023,2026-05-23 20:43:09,2026-06-24 20:43:09,Completed,2026-06-24 21:43:09,NorthStar Staff,0,,,2026-05-23 20:43:09,2026-06-24 21:43:09
APT000276,REF000402,PRC0093,ORG014,LOC014,2026-02-19 03:35:42,2026-03-12 03:35:42,Completed,2026-03-12 04:35:42,NorthStar Staff,1,,,2026-02-19 03:35:42,2026-03-12 04:35:42
APT000277,REF000407,PRC0050,ORG021,LOC021,2026-01-31 01:35:56,2026-03-03 01:35:56,Scheduled,,NorthStar Staff,1,,,2026-01-31 01:35:56,2026-01-31 01:35:56
APT000278,REF000408,PRC0088,ORG009,LOC009,2026-07-07 21:20:29,2026-07-22 21:20:29,Scheduled,,NorthStar Staff,0,,,2026-07-07 21:20:29,2026-07-07 21:20:29
APT000279,REF000409,PRC0093,ORG014,LOC014,2026-03-19 10:33:00,2026-04-07 10:33:00,Completed,2026-04-07 11:33:00,NorthStar Staff,0,,,2026-03-19 10:33:00,2026-04-07 11:33:00
APT000280,REF000409,PRC0093,ORG014,LOC014,2026-03-14 10:33:00,2026-03-31 10:33:00,Rescheduled,2026-03-19 10:33:00,Specialist Office,0,Specialist schedule changed,APT000279,2026-03-14 10:33:00,2026-03-19 10:33:00
APT000281,REF000411,PRC0051,ORG022,LOC022,2025-12-09 17:10:10,2025-12-14 17:10:10,Completed,2025-12-14 18:10:10,NorthStar Staff,1,,,2025-12-09 17:10:10,2025-12-14 18:10:10
APT000282,REF000412,PRC0052,ORG023,LOC023,2025-11-19 21:46:50,2025-12-01 21:46:50,Completed,2025-12-01 22:46:50,NorthStar Staff,0,,,2025-11-19 21:46:50,2025-12-01 22:46:50
APT000283,REF000413,PRC0054,ORG025,LOC025,2025-08-14 22:39:32,2025-08-18 22:39:32,Completed,2025-08-18 23:39:32,NorthStar Staff,1,,,2025-08-14 22:39:32,2025-08-18 23:39:32
APT000284,REF000414,PRC0098,ORG019,LOC019,2026-06-18 00:13:15,2026-07-07 00:13:15,Completed,2026-07-07 01:13:15,NorthStar Staff,1,,,2026-06-18 00:13:15,2026-07-07 01:13:15
APT000285,REF000415,PRC0098,ORG019,LOC019,2026-06-12 09:48:21,2026-07-17 09:48:21,Completed,2026-07-17 10:48:21,NorthStar Staff,0,,,2026-06-12 09:48:21,2026-07-17 10:48:21
APT000286,REF000416,PRC0040,ORG011,LOC011,2025-08-31 02:14:08,2025-09-15 02:14:08,Completed,2025-09-15 03:14:08,NorthStar Staff,0,,,2025-08-31 02:14:08,2025-09-15 03:14:08
APT000287,REF000417,PRC0082,ORG028,LOC028,2026-02-02 11:09:53,2026-02-13 11:09:53,Completed,2026-02-13 12:09:53,NorthStar Staff,0,,,2026-02-02 11:09:53,2026-02-13 12:09:53
APT000288,REF000419,PRC0110,ORG031,LOC031,2026-03-29 06:51:08,2026-04-01 06:51:08,Completed,2026-04-01 07:51:08,NorthStar Staff,1,,,2026-03-29 06:51:08,2026-04-01 07:51:08
APT000289,REF000420,PRC0099,ORG020,LOC020,2026-04-02 02:28:08,2026-04-24 02:28:08,Scheduled,,NorthStar Staff,0,,,2026-04-02 02:28:08,2026-04-02 02:28:08
APT000290,REF000421,PRC0062,ORG008,LOC008,2025-12-26 19:58:18,2026-01-04 19:58:18,Completed,2026-01-04 20:58:18,NorthStar Staff,0,,,2025-12-26 19:58:18,2026-01-04 20:58:18
APT000291,REF000422,PRC0091,ORG012,LOC012,2026-07-07 17:17:27,2026-07-18 17:17:27,Completed,2026-07-18 18:17:27,NorthStar Staff,0,,,2026-07-07 17:17:27,2026-07-18 18:17:27
APT000292,REF000425,PRC0079,ORG025,LOC025,2026-01-18 15:06:14,2026-02-11 15:06:14,Completed,2026-02-11 16:06:14,NorthStar Staff,0,,,2026-01-18 15:06:14,2026-02-11 16:06:14
APT000293,REF000426,PRC0063,ORG009,LOC009,2025-10-04 11:40:14,2025-10-30 11:40:14,Scheduled,,NorthStar Staff,1,,,2025-10-04 11:40:14,2025-10-04 11:40:14
APT000294,REF000427,PRC0092,ORG013,LOC013,2026-01-04 04:16:26,2026-01-17 04:16:26,Completed,2026-01-17 05:16:26,NorthStar Staff,0,,,2026-01-04 04:16:26,2026-01-17 05:16:26
APT000295,REF000429,PRC0077,ORG023,LOC023,2026-05-28 00:56:01,2026-07-01 00:56:01,Completed,2026-07-01 01:56:01,NorthStar Staff,0,,,2026-05-28 00:56:01,2026-07-01 01:56:01
APT000296,REF000431,PRC0092,ORG013,LOC013,2026-05-02 04:02:48,2026-05-07 04:02:48,Completed,2026-05-07 05:02:48,NorthStar Staff,0,,,2026-05-02 04:02:48,2026-05-07 05:02:48
APT000297,REF000432,PRC0090,ORG011,LOC011,2025-12-31 01:48:59,2026-01-17 01:48:59,Completed,2026-01-17 02:48:59,NorthStar Staff,0,,,2025-12-31 01:48:59,2026-01-17 02:48:59
APT000298,REF000434,PRC0058,ORG029,LOC029,2026-05-29 23:39:10,2026-06-08 23:39:10,Completed,2026-06-09 00:39:10,NorthStar Staff,0,,,2026-05-29 23:39:10,2026-06-09 00:39:10
APT000299,REF000435,PRC0041,ORG012,LOC012,2026-02-10 00:06:43,2026-02-16 00:06:43,Scheduled,,NorthStar Staff,0,,,2026-02-10 00:06:43,2026-02-10 00:06:43
APT000300,REF000436,PRC0075,ORG021,LOC021,2026-03-28 20:31:53,2026-04-20 20:31:53,Completed,2026-04-20 21:31:53,NorthStar Staff,0,,,2026-03-28 20:31:53,2026-04-20 21:31:53
APT000301,REF000437,PRC0106,ORG027,LOC027,2025-09-07 23:14:41,2025-10-12 23:14:41,Completed,2025-10-13 00:14:41,NorthStar Staff,0,,,2025-09-07 23:14:41,2025-10-13 00:14:41
APT000302,REF000438,PRC0061,ORG007,LOC007,2025-11-09 00:22:25,2025-12-09 00:22:25,Completed,2025-12-09 01:22:25,NorthStar Staff,0,,,2025-11-09 00:22:25,2025-12-09 01:22:25
APT000303,REF000439,PRC0105,ORG026,LOC026,2025-12-16 14:37:21,2026-01-16 14:37:21,Completed,2026-01-16 15:37:21,NorthStar Staff,0,,,2025-12-16 14:37:21,2026-01-16 15:37:21
APT000304,REF000440,PRC0089,ORG010,LOC010,2025-09-21 19:12:49,2025-10-07 19:12:49,Completed,2025-10-07 20:12:49,NorthStar Staff,1,,,2025-09-21 19:12:49,2025-10-07 20:12:49
APT000305,REF000442,PRC0055,ORG026,LOC026,2025-12-16 17:24:03,2025-12-25 17:24:03,Completed,2025-12-25 18:24:03,NorthStar Staff,0,,,2025-12-16 17:24:03,2025-12-25 18:24:03
APT000306,REF000444,PRC0037,ORG008,LOC008,2026-05-31 10:40:14,2026-06-11 10:40:14,Completed,2026-06-11 11:40:14,NorthStar Staff,0,,,2026-05-31 10:40:14,2026-06-11 11:40:14
APT000307,REF000447,PRC0066,ORG012,LOC012,2026-05-17 07:42:16,2026-06-13 07:42:16,Scheduled,,NorthStar Staff,1,,,2026-05-17 07:42:16,2026-05-17 07:42:16
APT000308,REF000448,PRC0092,ORG013,LOC013,2025-12-28 22:30:26,2026-01-21 22:30:26,Completed,2026-01-21 23:30:26,NorthStar Staff,1,,,2025-12-28 22:30:26,2026-01-21 23:30:26
APT000309,REF000449,PRC0098,ORG019,LOC019,2025-09-19 00:18:50,2025-10-19 00:18:50,Completed,2025-10-19 01:18:50,NorthStar Staff,0,,,2025-09-19 00:18:50,2025-10-19 01:18:50
APT000310,REF000452,PRC0037,ORG008,LOC008,2026-06-24 10:46:02,2026-07-11 10:46:02,Scheduled,,NorthStar Staff,0,,,2026-06-24 10:46:02,2026-06-24 10:46:02
APT000311,REF000454,PRC0072,ORG018,LOC018,2026-02-12 08:17:59,2026-03-14 08:17:59,Completed,2026-03-14 09:17:59,NorthStar Staff,1,,,2026-02-12 08:17:59,2026-03-14 09:17:59
APT000312,REF000455,PRC0057,ORG028,LOC028,2026-06-18 13:18:48,2026-07-15 13:18:48,Completed,2026-07-15 14:18:48,NorthStar Staff,0,,,2026-06-18 13:18:48,2026-07-15 14:18:48
APT000313,REF000457,PRC0068,ORG014,LOC014,2026-01-27 16:39:48,2026-01-31 16:39:48,Completed,2026-01-31 17:39:48,NorthStar Staff,0,,,2026-01-27 16:39:48,2026-01-31 17:39:48
APT000314,REF000458,PRC0079,ORG025,LOC025,2025-10-10 01:40:25,2025-10-21 01:40:25,Completed,2025-10-21 02:40:25,NorthStar Staff,0,,,2025-10-10 01:40:25,2025-10-21 02:40:25
APT000315,REF000459,PRC0073,ORG019,LOC019,2026-06-12 07:00:49,2026-06-18 07:00:49,Scheduled,,NorthStar Staff,0,,,2026-06-12 07:00:49,2026-06-12 07:00:49
APT000316,REF000460,PRC0089,ORG010,LOC010,2026-01-07 22:15:51,2026-01-12 22:15:51,Scheduled,,NorthStar Staff,0,,,2026-01-07 22:15:51,2026-01-07 22:15:51
APT000317,REF000462,PRC0064,ORG010,LOC010,2025-10-04 07:21:25,2025-10-27 07:21:25,Completed,2025-10-27 08:21:25,NorthStar Staff,0,,,2025-10-04 07:21:25,2025-10-27 08:21:25
APT000318,REF000463,PRC0060,ORG031,LOC031,2026-05-17 22:23:25,2026-05-24 22:23:25,Scheduled,,NorthStar Staff,0,,,2026-05-17 22:23:25,2026-05-17 22:23:25
APT000319,REF000464,PRC0041,ORG012,LOC012,2026-06-28 08:55:14,2026-08-02 08:55:14,Scheduled,,NorthStar Staff,0,,,2026-06-28 08:55:14,2026-06-28 08:55:14
APT000320,REF000466,PRC0104,ORG025,LOC025,2026-03-07 11:50:55,2026-03-29 11:50:55,Completed,2026-03-29 12:50:55,NorthStar Staff,1,,,2026-03-07 11:50:55,2026-03-29 12:50:55
APT000321,REF000469,PRC0073,ORG019,LOC019,2026-01-22 02:44:04,2026-02-17 02:44:04,Completed,2026-02-17 03:44:04,NorthStar Staff,0,,,2026-01-22 02:44:04,2026-02-17 03:44:04
APT000322,REF000470,PRC0065,ORG011,LOC011,2025-11-12 06:25:28,2025-12-11 06:25:28,Completed,2025-12-11 07:25:28,NorthStar Staff,0,,,2025-11-12 06:25:28,2025-12-11 07:25:28
APT000323,REF000472,PRC0067,ORG013,LOC013,2026-06-27 19:13:03,2026-07-18 19:13:03,Completed,2026-07-18 20:13:03,NorthStar Staff,0,,,2026-06-27 19:13:03,2026-07-18 20:13:03
APT000324,REF000474,PRC0047,ORG018,LOC018,2026-04-03 16:10:08,2026-04-11 16:10:08,Completed,2026-04-11 17:10:08,NorthStar Staff,0,,,2026-04-03 16:10:08,2026-04-11 17:10:08
APT000325,REF000475,PRC0084,ORG030,LOC030,2025-12-01 05:43:24,2025-12-18 05:43:24,Completed,2025-12-18 06:43:24,NorthStar Staff,1,,,2025-12-01 05:43:24,2025-12-18 06:43:24
APT000326,REF000476,PRC0051,ORG022,LOC022,2026-04-29 00:06:42,2026-05-23 00:06:42,Completed,2026-05-23 01:06:42,NorthStar Staff,1,,,2026-04-29 00:06:42,2026-05-23 01:06:42
APT000327,REF000477,PRC0062,ORG008,LOC008,2026-06-14 22:27:50,2026-06-20 22:27:50,Completed,2026-06-20 23:27:50,NorthStar Staff,0,,,2026-06-14 22:27:50,2026-06-20 23:27:50
APT000328,REF000478,PRC0093,ORG014,LOC014,2025-11-19 08:42:25,2025-12-13 08:42:25,Completed,2025-12-13 09:42:25,NorthStar Staff,0,,,2025-11-19 08:42:25,2025-12-13 09:42:25
APT000329,REF000480,PRC0093,ORG014,LOC014,2026-05-28 15:49:41,2026-06-16 15:49:41,Scheduled,,NorthStar Staff,0,,,2026-05-28 15:49:41,2026-05-28 15:49:41
APT000330,REF000481,PRC0088,ORG009,LOC009,2026-04-03 04:22:23,2026-04-26 04:22:23,Completed,2026-04-26 05:22:23,NorthStar Staff,0,,,2026-04-03 04:22:23,2026-04-26 05:22:23
APT000331,REF000483,PRC0050,ORG021,LOC021,2026-03-29 07:17:37,2026-04-18 07:17:37,Completed,2026-04-18 08:17:37,NorthStar Staff,0,,,2026-03-29 07:17:37,2026-04-18 08:17:37
APT000332,REF000484,PRC0055,ORG026,LOC026,2025-12-26 22:54:27,2025-12-29 22:54:27,Completed,2025-12-29 23:54:27,NorthStar Staff,0,,,2025-12-26 22:54:27,2025-12-29 23:54:27
APT000333,REF000485,PRC0069,ORG015,LOC015,2025-11-07 15:31:27,2025-12-01 15:31:27,Completed,2025-12-01 16:31:27,NorthStar Staff,0,,,2025-11-07 15:31:27,2025-12-01 16:31:27
APT000334,REF000486,PRC0092,ORG013,LOC013,2025-08-10 23:24:24,2025-09-13 23:24:24,Completed,2025-09-14 00:24:24,NorthStar Staff,0,,,2025-08-10 23:24:24,2025-09-14 00:24:24
APT000335,REF000488,PRC0095,ORG016,LOC016,2025-09-21 17:18:18,2025-09-29 17:18:18,Completed,2025-09-29 18:18:18,NorthStar Staff,0,,,2025-09-21 17:18:18,2025-09-29 18:18:18
APT000336,REF000489,PRC0079,ORG025,LOC025,2026-06-13 09:07:53,2026-07-09 09:07:53,Completed,2026-07-09 10:07:53,NorthStar Staff,0,,,2026-06-13 09:07:53,2026-07-09 10:07:53
APT000337,REF000490,PRC0084,ORG030,LOC030,2025-11-02 13:58:15,2025-12-05 13:58:15,Completed,2025-12-05 14:58:15,NorthStar Staff,0,,,2025-11-02 13:58:15,2025-12-05 14:58:15
APT000338,REF000492,PRC0068,ORG014,LOC014,2025-09-13 18:56:25,2025-09-21 18:56:25,Completed,2025-09-21 19:56:25,NorthStar Staff,0,,,2025-09-13 18:56:25,2025-09-21 19:56:25
APT000339,REF000494,PRC0105,ORG026,LOC026,2025-08-22 13:05:18,2025-09-07 13:05:18,Completed,2025-09-07 14:05:18,NorthStar Staff,0,,,2025-08-22 13:05:18,2025-09-07 14:05:18
APT000340,REF000495,PRC0074,ORG020,LOC020,2025-10-06 06:18:02,2025-11-08 06:18:02,Completed,2025-11-08 07:18:02,NorthStar Staff,1,,,2025-10-06 06:18:02,2025-11-08 07:18:02
APT000341,REF000497,PRC0089,ORG010,LOC010,2026-05-29 04:14:36,2026-06-04 04:14:36,Completed,2026-06-04 05:14:36,NorthStar Staff,0,,,2026-05-29 04:14:36,2026-06-04 05:14:36
APT000342,REF000498,PRC0088,ORG009,LOC009,2025-09-27 04:30:15,2025-10-31 04:30:15,Scheduled,,NorthStar Staff,0,,,2025-09-27 04:30:15,2025-09-27 04:30:15
APT000343,REF000499,PRC0093,ORG014,LOC014,2025-12-29 05:30:15,2026-01-16 05:30:15,Scheduled,,NorthStar Staff,1,,,2025-12-29 05:30:15,2025-12-29 05:30:15
APT000344,REF000500,PRC0089,ORG010,LOC010,2025-10-24 10:34:01,2025-11-19 10:34:01,Completed,2025-11-19 11:34:01,NorthStar Staff,0,,,2025-10-24 10:34:01,2025-11-19 11:34:01
APT000345,REF000501,PRC0068,ORG014,LOC014,2026-01-08 06:09:59,2026-01-22 06:09:59,Scheduled,,NorthStar Staff,0,,,2026-01-08 06:09:59,2026-01-08 06:09:59
APT000346,REF000502,PRC0045,ORG016,LOC016,2025-11-18 11:31:05,2025-11-21 11:31:05,Completed,2025-11-21 12:31:05,NorthStar Staff,0,,,2025-11-18 11:31:05,2025-11-21 12:31:05
APT000347,REF000504,PRC0050,ORG021,LOC021,2026-04-21 02:24:51,2026-04-27 02:24:51,Completed,2026-04-27 03:24:51,NorthStar Staff,0,,,2026-04-21 02:24:51,2026-04-27 03:24:51
APT000348,REF000506,PRC0047,ORG018,LOC018,2026-06-09 16:36:47,2026-06-23 16:36:47,Completed,2026-06-23 17:36:47,NorthStar Staff,0,,,2026-06-09 16:36:47,2026-06-23 17:36:47
APT000349,REF000507,PRC0101,ORG022,LOC022,2026-05-05 18:10:35,2026-06-05 18:10:35,Completed,2026-06-05 19:10:35,NorthStar Staff,0,,,2026-05-05 18:10:35,2026-06-05 19:10:35
APT000350,REF000509,PRC0059,ORG030,LOC030,2025-10-18 13:55:38,2025-11-03 13:55:38,Completed,2025-11-03 14:55:38,NorthStar Staff,0,,,2025-10-18 13:55:38,2025-11-03 14:55:38
APT000351,REF000510,PRC0078,ORG024,LOC024,2025-09-27 09:12:46,2025-10-06 09:12:46,Completed,2025-10-06 10:12:46,NorthStar Staff,0,,,2025-09-27 09:12:46,2025-10-06 10:12:46
APT000352,REF000511,PRC0055,ORG026,LOC026,2026-06-06 17:55:22,2026-06-15 17:55:22,Completed,2026-06-15 18:55:22,NorthStar Staff,0,,,2026-06-06 17:55:22,2026-06-15 18:55:22
APT000353,REF000513,PRC0075,ORG021,LOC021,2026-03-27 12:53:18,2026-04-25 12:53:18,Scheduled,,NorthStar Staff,0,,,2026-03-27 12:53:18,2026-03-27 12:53:18
APT000354,REF000514,PRC0068,ORG014,LOC014,2025-11-19 16:55:03,2025-12-12 16:55:03,Completed,2025-12-12 17:55:03,NorthStar Staff,0,,,2025-11-19 16:55:03,2025-12-12 17:55:03
APT000355,REF000515,PRC0069,ORG015,LOC015,2026-06-27 02:41:41,2026-07-10 02:41:41,Scheduled,,NorthStar Staff,0,,,2026-06-27 02:41:41,2026-06-27 02:41:41
APT000356,REF000516,PRC0096,ORG017,LOC017,2026-07-08 09:16:58,2026-07-23 09:16:58,Completed,2026-07-23 10:16:58,NorthStar Staff,0,,,2026-07-08 09:16:58,2026-07-23 10:16:58
APT000357,REF000518,PRC0110,ORG031,LOC031,2025-11-23 03:33:19,2025-12-27 03:33:19,Completed,2025-12-27 04:33:19,NorthStar Staff,1,,,2025-11-23 03:33:19,2025-12-27 04:33:19
APT000358,REF000519,PRC0090,ORG011,LOC011,2025-11-07 05:23:02,2025-11-13 05:23:02,Completed,2025-11-13 06:23:02,NorthStar Staff,0,,,2025-11-07 05:23:02,2025-11-13 06:23:02
APT000359,REF000521,PRC0053,ORG024,LOC024,2025-12-26 05:04:26,2026-01-19 05:04:26,Completed,2026-01-19 06:04:26,NorthStar Staff,0,,,2025-12-26 05:04:26,2026-01-19 06:04:26
APT000360,REF000522,PRC0058,ORG029,LOC029,2026-02-11 15:02:10,2026-02-23 15:02:10,Completed,2026-02-23 16:02:10,NorthStar Staff,0,,,2026-02-11 15:02:10,2026-02-23 16:02:10
APT000361,REF000523,PRC0052,ORG023,LOC023,2025-12-30 07:43:02,2026-01-11 07:43:02,Scheduled,,NorthStar Staff,0,,,2025-12-30 07:43:02,2025-12-30 07:43:02
APT000362,REF000524,PRC0061,ORG007,LOC007,2026-04-19 10:47:26,2026-05-02 10:47:26,Scheduled,,NorthStar Staff,0,,,2026-04-19 10:47:26,2026-04-19 10:47:26
APT000363,REF000525,PRC0097,ORG018,LOC018,2026-02-02 23:46:14,2026-02-24 23:46:14,Scheduled,,NorthStar Staff,0,,,2026-02-02 23:46:14,2026-02-02 23:46:14
APT000364,REF000526,PRC0086,ORG007,LOC007,2026-05-22 11:59:44,2026-06-15 11:59:44,Completed,2026-06-15 12:59:44,NorthStar Staff,1,,,2026-05-22 11:59:44,2026-06-15 12:59:44
APT000365,REF000527,PRC0061,ORG007,LOC007,2026-01-17 21:50:41,2026-02-12 21:50:41,Completed,2026-02-12 22:50:41,NorthStar Staff,0,,,2026-01-17 21:50:41,2026-02-12 22:50:41
APT000366,REF000528,PRC0090,ORG011,LOC011,2026-06-01 01:53:18,2026-06-21 01:53:18,Scheduled,,NorthStar Staff,0,,,2026-06-01 01:53:18,2026-06-01 01:53:18
APT000367,REF000529,PRC0107,ORG028,LOC028,2026-05-07 17:03:53,2026-05-29 17:03:53,Completed,2026-05-29 18:03:53,NorthStar Staff,0,,,2026-05-07 17:03:53,2026-05-29 18:03:53
APT000368,REF000530,PRC0105,ORG026,LOC026,2026-06-11 15:27:46,2026-07-10 15:27:46,Completed,2026-07-10 16:27:46,NorthStar Staff,1,,,2026-06-11 15:27:46,2026-07-10 16:27:46
APT000369,REF000531,PRC0078,ORG024,LOC024,2025-10-18 12:30:40,2025-10-27 12:30:40,Scheduled,,NorthStar Staff,0,,,2025-10-18 12:30:40,2025-10-18 12:30:40
APT000370,REF000533,PRC0089,ORG010,LOC010,2025-11-08 14:24:12,2025-11-27 14:24:12,Completed,2025-11-27 15:24:12,NorthStar Staff,0,,,2025-11-08 14:24:12,2025-11-27 15:24:12
APT000371,REF000534,PRC0040,ORG011,LOC011,2026-01-24 05:12:47,2026-01-30 05:12:47,Scheduled,,NorthStar Staff,1,,,2026-01-24 05:12:47,2026-01-24 05:12:47
APT000372,REF000537,PRC0055,ORG026,LOC026,2026-01-31 14:56:10,2026-03-07 14:56:10,Completed,2026-03-07 15:56:10,NorthStar Staff,0,,,2026-01-31 14:56:10,2026-03-07 15:56:10
APT000373,REF000538,PRC0084,ORG030,LOC030,2026-06-20 11:57:40,2026-07-09 11:57:40,Completed,2026-07-09 12:57:40,NorthStar Staff,0,,,2026-06-20 11:57:40,2026-07-09 12:57:40
APT000374,REF000539,PRC0052,ORG023,LOC023,2026-03-10 13:25:29,2026-04-12 13:25:29,Completed,2026-04-12 14:25:29,NorthStar Staff,0,,,2026-03-10 13:25:29,2026-04-12 14:25:29
APT000375,REF000540,PRC0099,ORG020,LOC020,2026-07-15 13:01:04,2026-08-05 13:01:04,Completed,2026-08-05 14:01:04,NorthStar Staff,0,,,2026-07-15 13:01:04,2026-08-05 14:01:04
APT000376,REF000541,PRC0080,ORG026,LOC026,2025-12-02 04:50:25,2025-12-10 04:50:25,Completed,2025-12-10 05:50:25,NorthStar Staff,0,,,2025-12-02 04:50:25,2025-12-10 05:50:25
APT000377,REF000542,PRC0091,ORG012,LOC012,2026-01-30 13:51:43,2026-02-08 13:51:43,Completed,2026-02-08 14:51:43,NorthStar Staff,0,,,2026-01-30 13:51:43,2026-02-08 14:51:43
APT000378,REF000544,PRC0102,ORG023,LOC023,2026-02-08 10:06:36,2026-02-24 10:06:36,Completed,2026-02-24 11:06:36,NorthStar Staff,0,,,2026-02-08 10:06:36,2026-02-24 11:06:36
APT000379,REF000545,PRC0066,ORG012,LOC012,2026-03-16 03:59:44,2026-03-30 03:59:44,Completed,2026-03-30 04:59:44,NorthStar Staff,0,,,2026-03-16 03:59:44,2026-03-30 04:59:44
APT000380,REF000547,PRC0069,ORG015,LOC015,2026-06-27 18:57:36,2026-07-07 18:57:36,Scheduled,,NorthStar Staff,0,,,2026-06-27 18:57:36,2026-06-27 18:57:36
APT000381,REF000551,PRC0051,ORG022,LOC022,2026-04-09 02:49:09,2026-05-09 02:49:09,Scheduled,,NorthStar Staff,1,,,2026-04-09 02:49:09,2026-04-09 02:49:09
APT000382,REF000552,PRC0051,ORG022,LOC022,2025-10-09 02:39:54,2025-10-20 02:39:54,Completed,2025-10-20 03:39:54,NorthStar Staff,1,,,2025-10-09 02:39:54,2025-10-20 03:39:54
APT000383,REF000553,PRC0060,ORG031,LOC031,2026-02-13 23:40:42,2026-02-22 23:40:42,Completed,2026-02-23 00:40:42,NorthStar Staff,1,,,2026-02-13 23:40:42,2026-02-23 00:40:42
APT000384,REF000554,PRC0091,ORG012,LOC012,2025-08-19 04:21:33,2025-08-26 04:21:33,Completed,2025-08-26 05:21:33,NorthStar Staff,1,,,2025-08-19 04:21:33,2025-08-26 05:21:33
APT000385,REF000558,PRC0047,ORG018,LOC018,2025-09-14 13:40:13,2025-10-04 13:40:13,Completed,2025-10-04 14:40:13,NorthStar Staff,0,,,2025-09-14 13:40:13,2025-10-04 14:40:13
APT000386,REF000559,PRC0071,ORG017,LOC017,2026-05-15 05:23:38,2026-06-04 05:23:38,Completed,2026-06-04 06:23:38,NorthStar Staff,0,,,2026-05-15 05:23:38,2026-06-04 06:23:38
APT000387,REF000560,PRC0068,ORG014,LOC014,2026-04-09 18:40:06,2026-05-13 18:40:06,Completed,2026-05-13 19:40:06,NorthStar Staff,0,,,2026-04-09 18:40:06,2026-05-13 19:40:06
APT000388,REF000561,PRC0037,ORG008,LOC008,2025-12-20 16:40:09,2026-01-12 16:40:09,Completed,2026-01-12 17:40:09,NorthStar Staff,1,,,2025-12-20 16:40:09,2026-01-12 17:40:09
APT000389,REF000563,PRC0071,ORG017,LOC017,2026-06-05 22:18:57,2026-06-10 22:18:57,Completed,2026-06-10 23:18:57,NorthStar Staff,1,,,2026-06-05 22:18:57,2026-06-10 23:18:57
APT000390,REF000564,PRC0080,ORG026,LOC026,2026-02-01 17:22:48,2026-02-11 17:22:48,Completed,2026-02-11 18:22:48,NorthStar Staff,0,,,2026-02-01 17:22:48,2026-02-11 18:22:48
APT000391,REF000565,PRC0055,ORG026,LOC026,2025-12-15 08:12:43,2026-01-06 08:12:43,Completed,2026-01-06 09:12:43,NorthStar Staff,0,,,2025-12-15 08:12:43,2026-01-06 09:12:43
APT000392,REF000568,PRC0098,ORG019,LOC019,2025-08-14 10:59:50,2025-08-21 10:59:50,Completed,2025-08-21 11:59:50,NorthStar Staff,1,,,2025-08-14 10:59:50,2025-08-21 11:59:50
APT000393,REF000569,PRC0072,ORG018,LOC018,2026-03-18 09:43:26,2026-03-24 09:43:26,Completed,2026-03-24 10:43:26,NorthStar Staff,1,,,2026-03-18 09:43:26,2026-03-24 10:43:26
APT000394,REF000570,PRC0105,ORG026,LOC026,2025-08-09 13:37:58,2025-08-15 13:37:58,Completed,2025-08-15 14:37:58,NorthStar Staff,0,,,2025-08-09 13:37:58,2025-08-15 14:37:58
APT000395,REF000571,PRC0075,ORG021,LOC021,2025-12-17 13:46:47,2026-01-14 13:46:47,Completed,2026-01-14 14:46:47,NorthStar Staff,0,,,2025-12-17 13:46:47,2026-01-14 14:46:47
APT000396,REF000573,PRC0097,ORG018,LOC018,2025-11-26 05:00:19,2025-12-13 05:00:19,Completed,2025-12-13 06:00:19,NorthStar Staff,0,,,2025-11-26 05:00:19,2025-12-13 06:00:19
APT000397,REF000574,PRC0109,ORG030,LOC030,2026-05-30 00:38:32,2026-06-04 00:38:32,Completed,2026-06-04 01:38:32,NorthStar Staff,0,,,2026-05-30 00:38:32,2026-06-04 01:38:32
APT000398,REF000576,PRC0045,ORG016,LOC016,2026-05-21 17:06:28,2026-06-14 17:06:28,Completed,2026-06-14 18:06:28,NorthStar Staff,0,,,2026-05-21 17:06:28,2026-06-14 18:06:28
APT000399,REF000578,PRC0061,ORG007,LOC007,2026-01-08 23:32:45,2026-01-20 23:32:45,Scheduled,,NorthStar Staff,0,,,2026-01-08 23:32:45,2026-01-08 23:32:45
APT000400,REF000579,PRC0042,ORG013,LOC013,2026-02-23 14:26:26,2026-03-27 14:26:26,Completed,2026-03-27 15:26:26,NorthStar Staff,0,,,2026-02-23 14:26:26,2026-03-27 15:26:26
APT000401,REF000580,PRC0110,ORG031,LOC031,2026-03-21 12:56:18,2026-04-14 12:56:18,Completed,2026-04-14 13:56:18,NorthStar Staff,0,,,2026-03-21 12:56:18,2026-04-14 13:56:18
APT000402,REF000581,PRC0046,ORG017,LOC017,2026-03-08 23:42:05,2026-04-08 23:42:05,Completed,2026-04-09 00:42:05,NorthStar Staff,0,,,2026-03-08 23:42:05,2026-04-09 00:42:05
APT000403,REF000581,PRC0046,ORG017,LOC017,2026-03-03 23:42:05,2026-04-01 23:42:05,Rescheduled,2026-03-08 23:42:05,Specialist Office,0,Specialist schedule changed,APT000402,2026-03-03 23:42:05,2026-03-08 23:42:05
APT000404,REF000583,PRC0043,ORG014,LOC014,2026-01-03 21:52:42,2026-01-20 21:52:42,Completed,2026-01-20 22:52:42,NorthStar Staff,1,,,2026-01-03 21:52:42,2026-01-20 22:52:42
APT000405,REF000584,PRC0044,ORG015,LOC015,2026-04-05 19:15:31,2026-04-12 19:15:31,Completed,2026-04-12 20:15:31,NorthStar Staff,0,,,2026-04-05 19:15:31,2026-04-12 20:15:31
APT000406,REF000587,PRC0051,ORG022,LOC022,2025-09-19 05:57:33,2025-10-18 05:57:33,Completed,2025-10-18 06:57:33,NorthStar Staff,1,,,2025-09-19 05:57:33,2025-10-18 06:57:33
APT000407,REF000589,PRC0075,ORG021,LOC021,2026-01-22 19:41:55,2026-02-05 19:41:55,Completed,2026-02-05 20:41:55,NorthStar Staff,0,,,2026-01-22 19:41:55,2026-02-05 20:41:55
APT000408,REF000591,PRC0036,ORG007,LOC007,2026-07-02 10:11:33,2026-07-12 10:11:33,Completed,2026-07-12 11:11:33,NorthStar Staff,0,,,2026-07-02 10:11:33,2026-07-12 11:11:33
APT000409,REF000592,PRC0051,ORG022,LOC022,2026-01-18 08:14:25,2026-02-09 08:14:25,Completed,2026-02-09 09:14:25,NorthStar Staff,0,,,2026-01-18 08:14:25,2026-02-09 09:14:25
APT000410,REF000593,PRC0061,ORG007,LOC007,2025-09-10 02:50:05,2025-09-14 02:50:05,Completed,2025-09-14 03:50:05,NorthStar Staff,0,,,2025-09-10 02:50:05,2025-09-14 03:50:05
APT000411,REF000595,PRC0057,ORG028,LOC028,2026-03-29 13:47:58,2026-05-01 13:47:58,Completed,2026-05-01 14:47:58,NorthStar Staff,1,,,2026-03-29 13:47:58,2026-05-01 14:47:58
APT000412,REF000596,PRC0092,ORG013,LOC013,2026-03-05 10:00:53,2026-03-30 10:00:53,Completed,2026-03-30 11:00:53,NorthStar Staff,0,,,2026-03-05 10:00:53,2026-03-30 11:00:53
APT000413,REF000597,PRC0042,ORG013,LOC013,2026-05-12 19:27:56,2026-06-03 19:27:56,Completed,2026-06-03 20:27:56,NorthStar Staff,0,,,2026-05-12 19:27:56,2026-06-03 20:27:56
APT000414,REF000598,PRC0053,ORG024,LOC024,2025-12-04 10:35:59,2025-12-12 10:35:59,Completed,2025-12-12 11:35:59,NorthStar Staff,0,,,2025-12-04 10:35:59,2025-12-12 11:35:59
APT000415,REF000599,PRC0054,ORG025,LOC025,2025-09-12 16:53:22,2025-09-17 16:53:22,Completed,2025-09-17 17:53:22,NorthStar Staff,0,,,2025-09-12 16:53:22,2025-09-17 17:53:22
APT000416,REF000600,PRC0095,ORG016,LOC016,2026-06-02 16:47:11,2026-06-30 16:47:11,Completed,2026-06-30 17:47:11,NorthStar Staff,0,,,2026-06-02 16:47:11,2026-06-30 17:47:11
APT000417,REF000601,PRC0040,ORG011,LOC011,2025-12-09 22:45:58,2025-12-21 22:45:58,Completed,2025-12-21 23:45:58,NorthStar Staff,0,,,2025-12-09 22:45:58,2025-12-21 23:45:58
APT000418,REF000602,PRC0090,ORG011,LOC011,2025-11-11 01:27:34,2025-12-11 01:27:34,Completed,2025-12-11 02:27:34,NorthStar Staff,0,,,2025-11-11 01:27:34,2025-12-11 02:27:34
APT000419,REF000604,PRC0086,ORG007,LOC007,2025-12-23 10:25:53,2026-01-15 10:25:53,Completed,2026-01-15 11:25:53,NorthStar Staff,0,,,2025-12-23 10:25:53,2026-01-15 11:25:53
APT000420,REF000605,PRC0039,ORG010,LOC010,2026-06-13 12:35:46,2026-07-15 12:35:46,Completed,2026-07-15 13:35:46,NorthStar Staff,0,,,2026-06-13 12:35:46,2026-07-15 13:35:46
APT000421,REF000608,PRC0108,ORG029,LOC029,2026-01-17 00:40:31,2026-02-21 00:40:31,Completed,2026-02-21 01:40:31,NorthStar Staff,0,,,2026-01-17 00:40:31,2026-02-21 01:40:31
APT000422,REF000610,PRC0071,ORG017,LOC017,2026-06-22 21:34:47,2026-07-09 21:34:47,Completed,2026-07-09 22:34:47,NorthStar Staff,0,,,2026-06-22 21:34:47,2026-07-09 22:34:47
APT000423,REF000614,PRC0061,ORG007,LOC007,2026-05-07 23:31:36,2026-06-04 23:31:36,Completed,2026-06-05 00:31:36,NorthStar Staff,0,,,2026-05-07 23:31:36,2026-06-05 00:31:36
APT000424,REF000616,PRC0065,ORG011,LOC011,2026-04-04 01:54:29,2026-04-07 01:54:29,Completed,2026-04-07 02:54:29,NorthStar Staff,0,,,2026-04-04 01:54:29,2026-04-07 02:54:29
APT000425,REF000617,PRC0076,ORG022,LOC022,2025-12-10 09:01:59,2026-01-11 09:01:59,Completed,2026-01-11 10:01:59,NorthStar Staff,0,,,2025-12-10 09:01:59,2026-01-11 10:01:59
APT000426,REF000618,PRC0085,ORG031,LOC031,2026-05-29 10:37:28,2026-06-06 10:37:28,Completed,2026-06-06 11:37:28,NorthStar Staff,1,,,2026-05-29 10:37:28,2026-06-06 11:37:28
APT000427,REF000620,PRC0084,ORG030,LOC030,2025-12-08 16:40:00,2026-01-04 16:40:00,Completed,2026-01-04 17:40:00,NorthStar Staff,0,,,2025-12-08 16:40:00,2026-01-04 17:40:00
APT000428,REF000621,PRC0050,ORG021,LOC021,2026-05-03 22:26:33,2026-05-11 22:26:33,Scheduled,,NorthStar Staff,0,,,2026-05-03 22:26:33,2026-05-03 22:26:33
APT000429,REF000622,PRC0046,ORG017,LOC017,2025-11-27 16:43:38,2025-12-26 16:43:38,Completed,2025-12-26 17:43:38,NorthStar Staff,0,,,2025-11-27 16:43:38,2025-12-26 17:43:38
APT000430,REF000623,PRC0067,ORG013,LOC013,2025-10-14 22:16:53,2025-10-28 22:16:53,Scheduled,,NorthStar Staff,0,,,2025-10-14 22:16:53,2025-10-14 22:16:53
APT000431,REF000624,PRC0038,ORG009,LOC009,2026-05-07 19:12:11,2026-05-15 19:12:11,Completed,2026-05-15 20:12:11,NorthStar Staff,0,,,2026-05-07 19:12:11,2026-05-15 20:12:11
APT000432,REF000627,PRC0096,ORG017,LOC017,2026-01-20 02:50:55,2026-02-10 02:50:55,Completed,2026-02-10 03:50:55,NorthStar Staff,0,,,2026-01-20 02:50:55,2026-02-10 03:50:55
APT000433,REF000629,PRC0075,ORG021,LOC021,2026-04-22 18:36:52,2026-05-03 18:36:52,Completed,2026-05-03 19:36:52,NorthStar Staff,0,,,2026-04-22 18:36:52,2026-05-03 19:36:52
APT000434,REF000630,PRC0037,ORG008,LOC008,2025-12-20 16:18:18,2026-01-06 16:18:18,Completed,2026-01-06 17:18:18,NorthStar Staff,1,,,2025-12-20 16:18:18,2026-01-06 17:18:18
APT000435,REF000630,PRC0037,ORG008,LOC008,2025-12-15 16:18:18,2025-12-30 16:18:18,Rescheduled,2025-12-20 16:18:18,Specialist Office,0,Specialist schedule changed,APT000434,2025-12-15 16:18:18,2025-12-20 16:18:18
APT000436,REF000632,PRC0060,ORG031,LOC031,2025-11-20 14:10:18,2025-11-28 14:10:18,Completed,2025-11-28 15:10:18,NorthStar Staff,0,,,2025-11-20 14:10:18,2025-11-28 15:10:18
APT000437,REF000633,PRC0063,ORG009,LOC009,2026-05-16 01:56:29,2026-05-30 01:56:29,Completed,2026-05-30 02:56:29,NorthStar Staff,1,,,2026-05-16 01:56:29,2026-05-30 02:56:29
APT000438,REF000635,PRC0096,ORG017,LOC017,2026-04-13 04:57:40,2026-05-09 04:57:40,Completed,2026-05-09 05:57:40,NorthStar Staff,0,,,2026-04-13 04:57:40,2026-05-09 05:57:40
APT000439,REF000636,PRC0085,ORG031,LOC031,2025-11-13 10:13:13,2025-12-16 10:13:13,Scheduled,,NorthStar Staff,0,,,2025-11-13 10:13:13,2025-11-13 10:13:13
APT000440,REF000639,PRC0044,ORG015,LOC015,2025-08-10 13:12:54,2025-09-08 13:12:54,Completed,2025-09-08 14:12:54,NorthStar Staff,0,,,2025-08-10 13:12:54,2025-09-08 14:12:54
APT000441,REF000642,PRC0037,ORG008,LOC008,2025-10-07 06:23:17,2025-10-24 06:23:17,Completed,2025-10-24 07:23:17,NorthStar Staff,0,,,2025-10-07 06:23:17,2025-10-24 07:23:17
APT000442,REF000644,PRC0051,ORG022,LOC022,2026-04-19 07:34:37,2026-05-21 07:34:37,Completed,2026-05-21 08:34:37,NorthStar Staff,0,,,2026-04-19 07:34:37,2026-05-21 08:34:37
APT000443,REF000645,PRC0070,ORG016,LOC016,2026-06-14 01:06:43,2026-06-21 01:06:43,Completed,2026-06-21 02:06:43,NorthStar Staff,1,,,2026-06-14 01:06:43,2026-06-21 02:06:43
APT000444,REF000648,PRC0038,ORG009,LOC009,2025-12-02 18:07:03,2025-12-17 18:07:03,Completed,2025-12-17 19:07:03,NorthStar Staff,0,,,2025-12-02 18:07:03,2025-12-17 19:07:03
APT000445,REF000649,PRC0057,ORG028,LOC028,2025-09-03 09:17:22,2025-09-29 09:17:22,Completed,2025-09-29 10:17:22,NorthStar Staff,1,,,2025-09-03 09:17:22,2025-09-29 10:17:22
APT000446,REF000649,PRC0057,ORG028,LOC028,2025-08-29 09:17:22,2025-09-22 09:17:22,Rescheduled,2025-09-03 09:17:22,Specialist Office,0,Specialist schedule changed,APT000445,2025-08-29 09:17:22,2025-09-03 09:17:22
APT000447,REF000650,PRC0046,ORG017,LOC017,2026-03-09 18:09:43,2026-03-17 18:09:43,Completed,2026-03-17 19:09:43,NorthStar Staff,0,,,2026-03-09 18:09:43,2026-03-17 19:09:43
APT000448,REF000651,PRC0105,ORG026,LOC026,2025-12-31 15:52:44,2026-01-04 15:52:44,Scheduled,,NorthStar Staff,0,,,2025-12-31 15:52:44,2025-12-31 15:52:44
APT000449,REF000653,PRC0053,ORG024,LOC024,2026-06-10 01:56:24,2026-06-18 01:56:24,Completed,2026-06-18 02:56:24,NorthStar Staff,0,,,2026-06-10 01:56:24,2026-06-18 02:56:24
APT000450,REF000656,PRC0049,ORG020,LOC020,2025-08-13 04:02:32,2025-08-25 04:02:32,Completed,2025-08-25 05:02:32,NorthStar Staff,0,,,2025-08-13 04:02:32,2025-08-25 05:02:32
APT000451,REF000657,PRC0050,ORG021,LOC021,2026-07-12 06:17:16,2026-08-03 06:17:16,Completed,2026-08-03 07:17:16,NorthStar Staff,0,,,2026-07-12 06:17:16,2026-08-03 07:17:16
APT000452,REF000658,PRC0038,ORG009,LOC009,2025-11-14 17:40:46,2025-12-01 17:40:46,Scheduled,,NorthStar Staff,0,,,2025-11-14 17:40:46,2025-11-14 17:40:46
APT000453,REF000659,PRC0050,ORG021,LOC021,2026-02-27 13:23:17,2026-03-22 13:23:17,Scheduled,,NorthStar Staff,0,,,2026-02-27 13:23:17,2026-02-27 13:23:17
APT000454,REF000660,PRC0048,ORG019,LOC019,2026-06-07 18:19:39,2026-06-16 18:19:39,Completed,2026-06-16 19:19:39,NorthStar Staff,0,,,2026-06-07 18:19:39,2026-06-16 19:19:39
APT000455,REF000661,PRC0104,ORG025,LOC025,2026-01-17 22:47:39,2026-01-27 22:47:39,Scheduled,,NorthStar Staff,0,,,2026-01-17 22:47:39,2026-01-17 22:47:39
APT000456,REF000663,PRC0053,ORG024,LOC024,2026-04-05 06:33:52,2026-05-04 06:33:52,Completed,2026-05-04 07:33:52,NorthStar Staff,0,,,2026-04-05 06:33:52,2026-05-04 07:33:52
APT000457,REF000664,PRC0068,ORG014,LOC014,2025-11-27 19:29:19,2025-12-13 19:29:19,Completed,2025-12-13 20:29:19,NorthStar Staff,1,,,2025-11-27 19:29:19,2025-12-13 20:29:19
APT000458,REF000665,PRC0093,ORG014,LOC014,2026-05-27 03:59:48,2026-06-18 03:59:48,Scheduled,,NorthStar Staff,0,,,2026-05-27 03:59:48,2026-05-27 03:59:48
APT000459,REF000666,PRC0056,ORG027,LOC027,2026-02-12 12:29:05,2026-03-06 12:29:05,Completed,2026-03-06 13:29:05,NorthStar Staff,0,,,2026-02-12 12:29:05,2026-03-06 13:29:05
APT000460,REF000667,PRC0091,ORG012,LOC012,2025-10-23 17:06:08,2025-11-12 17:06:08,Completed,2025-11-12 18:06:08,NorthStar Staff,0,,,2025-10-23 17:06:08,2025-11-12 18:06:08
APT000461,REF000668,PRC0042,ORG013,LOC013,2025-08-16 02:23:48,2025-09-10 02:23:48,Completed,2025-09-10 03:23:48,NorthStar Staff,0,,,2025-08-16 02:23:48,2025-09-10 03:23:48
APT000462,REF000670,PRC0044,ORG015,LOC015,2026-02-10 02:33:55,2026-03-15 02:33:55,Scheduled,,NorthStar Staff,1,,,2026-02-10 02:33:55,2026-02-10 02:33:55
APT000463,REF000671,PRC0051,ORG022,LOC022,2026-06-17 07:56:44,2026-06-30 07:56:44,Scheduled,,NorthStar Staff,1,,,2026-06-17 07:56:44,2026-06-17 07:56:44
APT000464,REF000675,PRC0079,ORG025,LOC025,2026-04-24 08:00:39,2026-05-11 08:00:39,Completed,2026-05-11 09:00:39,NorthStar Staff,0,,,2026-04-24 08:00:39,2026-05-11 09:00:39
APT000465,REF000676,PRC0103,ORG024,LOC024,2025-09-13 13:51:11,2025-10-18 13:51:11,Completed,2025-10-18 14:51:11,NorthStar Staff,0,,,2025-09-13 13:51:11,2025-10-18 14:51:11
APT000466,REF000677,PRC0093,ORG014,LOC014,2026-07-08 15:06:02,2026-08-01 15:06:02,Completed,2026-08-01 16:06:02,NorthStar Staff,0,,,2026-07-08 15:06:02,2026-08-01 16:06:02
APT000467,REF000677,PRC0093,ORG014,LOC014,2026-07-03 15:06:02,2026-07-25 15:06:02,Rescheduled,2026-07-08 15:06:02,Specialist Office,0,Specialist schedule changed,APT000466,2026-07-03 15:06:02,2026-07-08 15:06:02
APT000468,REF000681,PRC0038,ORG009,LOC009,2026-04-06 05:52:40,2026-04-26 05:52:40,Completed,2026-04-26 06:52:40,NorthStar Staff,0,,,2026-04-06 05:52:40,2026-04-26 06:52:40
APT000469,REF000682,PRC0047,ORG018,LOC018,2026-01-03 00:54:48,2026-01-16 00:54:48,Completed,2026-01-16 01:54:48,NorthStar Staff,0,,,2026-01-03 00:54:48,2026-01-16 01:54:48
APT000470,REF000684,PRC0085,ORG031,LOC031,2025-11-18 22:32:03,2025-12-21 22:32:03,Completed,2025-12-21 23:32:03,NorthStar Staff,0,,,2025-11-18 22:32:03,2025-12-21 23:32:03
APT000471,REF000685,PRC0107,ORG028,LOC028,2025-11-21 11:06:33,2025-11-24 11:06:33,Scheduled,,NorthStar Staff,0,,,2025-11-21 11:06:33,2025-11-21 11:06:33
APT000472,REF000687,PRC0088,ORG009,LOC009,2026-03-21 02:01:52,2026-04-19 02:01:52,Completed,2026-04-19 03:01:52,NorthStar Staff,1,,,2026-03-21 02:01:52,2026-04-19 03:01:52
APT000473,REF000688,PRC0055,ORG026,LOC026,2026-04-11 04:36:59,2026-05-13 04:36:59,Completed,2026-05-13 05:36:59,NorthStar Staff,0,,,2026-04-11 04:36:59,2026-05-13 05:36:59
APT000474,REF000689,PRC0054,ORG025,LOC025,2026-06-06 22:41:17,2026-06-21 22:41:17,Scheduled,,NorthStar Staff,1,,,2026-06-06 22:41:17,2026-06-06 22:41:17
APT000475,REF000690,PRC0096,ORG017,LOC017,2025-08-06 10:28:02,2025-08-27 10:28:02,Completed,2025-08-27 11:28:02,NorthStar Staff,0,,,2025-08-06 10:28:02,2025-08-27 11:28:02
APT000476,REF000692,PRC0070,ORG016,LOC016,2025-12-13 22:18:43,2025-12-17 22:18:43,Completed,2025-12-17 23:18:43,NorthStar Staff,0,,,2025-12-13 22:18:43,2025-12-17 23:18:43
APT000477,REF000693,PRC0077,ORG023,LOC023,2025-08-22 16:54:43,2025-08-31 16:54:43,Completed,2025-08-31 17:54:43,NorthStar Staff,0,,,2025-08-22 16:54:43,2025-08-31 17:54:43
APT000478,REF000694,PRC0051,ORG022,LOC022,2025-12-21 04:37:29,2026-01-16 04:37:29,Completed,2026-01-16 05:37:29,NorthStar Staff,1,,,2025-12-21 04:37:29,2026-01-16 05:37:29
APT000479,REF000695,PRC0081,ORG027,LOC027,2025-08-30 01:57:33,2025-10-02 01:57:33,Scheduled,,NorthStar Staff,0,,,2025-08-30 01:57:33,2025-08-30 01:57:33
APT000480,REF000697,PRC0095,ORG016,LOC016,2026-02-04 09:30:49,2026-03-08 09:30:49,Completed,2026-03-08 10:30:49,NorthStar Staff,0,,,2026-02-04 09:30:49,2026-03-08 10:30:49
APT000481,REF000698,PRC0042,ORG013,LOC013,2026-06-20 01:49:55,2026-07-10 01:49:55,Completed,2026-07-10 02:49:55,NorthStar Staff,0,,,2026-06-20 01:49:55,2026-07-10 02:49:55
APT000482,REF000699,PRC0074,ORG020,LOC020,2025-09-19 04:08:38,2025-10-23 04:08:38,Completed,2025-10-23 05:08:38,NorthStar Staff,0,,,2025-09-19 04:08:38,2025-10-23 05:08:38
APT000483,REF000701,PRC0047,ORG018,LOC018,2025-12-06 03:14:58,2025-12-24 03:14:58,Completed,2025-12-24 04:14:58,NorthStar Staff,0,,,2025-12-06 03:14:58,2025-12-24 04:14:58
APT000484,REF000702,PRC0093,ORG014,LOC014,2026-03-01 16:50:02,2026-03-18 16:50:02,Completed,2026-03-18 17:50:02,NorthStar Staff,0,,,2026-03-01 16:50:02,2026-03-18 17:50:02
APT000485,REF000704,PRC0073,ORG019,LOC019,2026-02-19 22:34:27,2026-03-24 22:34:27,Completed,2026-03-24 23:34:27,NorthStar Staff,1,,,2026-02-19 22:34:27,2026-03-24 23:34:27
APT000486,REF000705,PRC0088,ORG009,LOC009,2026-01-31 22:11:02,2026-03-04 22:11:02,Completed,2026-03-04 23:11:02,NorthStar Staff,1,,,2026-01-31 22:11:02,2026-03-04 23:11:02
APT000487,REF000706,PRC0044,ORG015,LOC015,2025-08-23 05:34:50,2025-08-27 05:34:50,Completed,2025-08-27 06:34:50,NorthStar Staff,1,,,2025-08-23 05:34:50,2025-08-27 06:34:50
APT000488,REF000708,PRC0056,ORG027,LOC027,2025-10-20 03:38:19,2025-11-08 03:38:19,Completed,2025-11-08 04:38:19,NorthStar Staff,0,,,2025-10-20 03:38:19,2025-11-08 04:38:19
APT000489,REF000709,PRC0048,ORG019,LOC019,2025-08-21 00:23:16,2025-09-09 00:23:16,Scheduled,,NorthStar Staff,0,,,2025-08-21 00:23:16,2025-08-21 00:23:16
APT000490,REF000713,PRC0072,ORG018,LOC018,2025-11-20 20:17:13,2025-12-18 20:17:13,Scheduled,,NorthStar Staff,1,,,2025-11-20 20:17:13,2025-11-20 20:17:13
APT000491,REF000714,PRC0095,ORG016,LOC016,2025-08-18 12:35:30,2025-09-07 12:35:30,Completed,2025-09-07 13:35:30,NorthStar Staff,0,,,2025-08-18 12:35:30,2025-09-07 13:35:30
APT000492,REF000716,PRC0093,ORG014,LOC014,2026-04-03 08:46:39,2026-05-06 08:46:39,Completed,2026-05-06 09:46:39,NorthStar Staff,0,,,2026-04-03 08:46:39,2026-05-06 09:46:39
APT000493,REF000722,PRC0097,ORG018,LOC018,2025-09-17 00:54:01,2025-09-25 00:54:01,Completed,2025-09-25 01:54:01,NorthStar Staff,0,,,2025-09-17 00:54:01,2025-09-25 01:54:01
APT000494,REF000724,PRC0078,ORG024,LOC024,2025-12-07 22:40:28,2026-01-04 22:40:28,Scheduled,,NorthStar Staff,0,,,2025-12-07 22:40:28,2025-12-07 22:40:28
APT000495,REF000725,PRC0037,ORG008,LOC008,2026-03-18 08:33:20,2026-04-06 08:33:20,Completed,2026-04-06 09:33:20,NorthStar Staff,0,,,2026-03-18 08:33:20,2026-04-06 09:33:20
APT000496,REF000726,PRC0078,ORG024,LOC024,2026-02-14 15:13:53,2026-02-20 15:13:53,Completed,2026-02-20 16:13:53,NorthStar Staff,0,,,2026-02-14 15:13:53,2026-02-20 16:13:53
APT000497,REF000726,PRC0078,ORG024,LOC024,2026-02-09 15:13:53,2026-02-13 15:13:53,Rescheduled,2026-02-14 15:13:53,Specialist Office,0,Specialist schedule changed,APT000496,2026-02-09 15:13:53,2026-02-14 15:13:53
APT000498,REF000727,PRC0088,ORG009,LOC009,2026-02-02 04:25:12,2026-02-23 04:25:12,Completed,2026-02-23 05:25:12,NorthStar Staff,0,,,2026-02-02 04:25:12,2026-02-23 05:25:12
APT000499,REF000728,PRC0042,ORG013,LOC013,2026-02-03 19:39:10,2026-03-06 19:39:10,Scheduled,,NorthStar Staff,0,,,2026-02-03 19:39:10,2026-02-03 19:39:10
APT000500,REF000730,PRC0084,ORG030,LOC030,2026-02-08 17:54:27,2026-03-10 17:54:27,Scheduled,,NorthStar Staff,0,,,2026-02-08 17:54:27,2026-02-08 17:54:27
APT000501,REF000732,PRC0044,ORG015,LOC015,2026-04-20 05:37:12,2026-05-19 05:37:12,Scheduled,,NorthStar Staff,0,,,2026-04-20 05:37:12,2026-04-20 05:37:12
APT000502,REF000733,PRC0037,ORG008,LOC008,2026-05-11 06:35:49,2026-06-08 06:35:49,Completed,2026-06-08 07:35:49,NorthStar Staff,1,,,2026-05-11 06:35:49,2026-06-08 07:35:49
APT000503,REF000734,PRC0067,ORG013,LOC013,2026-07-01 18:42:57,2026-07-25 18:42:57,Completed,2026-07-25 19:42:57,NorthStar Staff,0,,,2026-07-01 18:42:57,2026-07-25 19:42:57
APT000504,REF000736,PRC0104,ORG025,LOC025,2025-11-01 18:07:13,2025-11-13 18:07:13,Scheduled,,NorthStar Staff,0,,,2025-11-01 18:07:13,2025-11-01 18:07:13
APT000505,REF000736,PRC0104,ORG025,LOC025,2025-10-27 18:07:13,2025-11-06 18:07:13,Rescheduled,2025-11-01 18:07:13,Specialist Office,0,Specialist schedule changed,APT000504,2025-10-27 18:07:13,2025-11-01 18:07:13
APT000506,REF000739,PRC0041,ORG012,LOC012,2025-10-04 03:17:05,2025-10-26 03:17:05,Scheduled,,NorthStar Staff,0,,,2025-10-04 03:17:05,2025-10-04 03:17:05
APT000507,REF000741,PRC0066,ORG012,LOC012,2025-10-28 06:25:02,2025-11-13 06:25:02,Completed,2025-11-13 07:25:02,NorthStar Staff,0,,,2025-10-28 06:25:02,2025-11-13 07:25:02
APT000508,REF000743,PRC0041,ORG012,LOC012,2026-07-07 09:49:56,2026-07-15 09:49:56,Completed,2026-07-15 10:49:56,NorthStar Staff,0,,,2026-07-07 09:49:56,2026-07-15 10:49:56
APT000509,REF000744,PRC0075,ORG021,LOC021,2025-11-01 12:38:03,2025-12-04 12:38:03,Completed,2025-12-04 13:38:03,NorthStar Staff,0,,,2025-11-01 12:38:03,2025-12-04 13:38:03
APT000510,REF000745,PRC0045,ORG016,LOC016,2025-10-15 04:31:32,2025-10-31 04:31:32,Completed,2025-10-31 05:31:32,NorthStar Staff,0,,,2025-10-15 04:31:32,2025-10-31 05:31:32
APT000511,REF000746,PRC0051,ORG022,LOC022,2026-04-04 00:18:04,2026-04-09 00:18:04,Completed,2026-04-09 01:18:04,NorthStar Staff,1,,,2026-04-04 00:18:04,2026-04-09 01:18:04
APT000512,REF000747,PRC0054,ORG025,LOC025,2026-04-08 23:41:18,2026-04-29 23:41:18,Completed,2026-04-30 00:41:18,NorthStar Staff,0,,,2026-04-08 23:41:18,2026-04-30 00:41:18
APT000513,REF000748,PRC0069,ORG015,LOC015,2026-06-08 09:57:31,2026-07-08 09:57:31,Completed,2026-07-08 10:57:31,NorthStar Staff,0,,,2026-06-08 09:57:31,2026-07-08 10:57:31
APT000514,REF000749,PRC0082,ORG028,LOC028,2026-06-23 15:30:59,2026-06-27 15:30:59,Scheduled,,NorthStar Staff,1,,,2026-06-23 15:30:59,2026-06-23 15:30:59
APT000515,REF000751,PRC0091,ORG012,LOC012,2025-12-29 18:36:49,2026-01-08 18:36:49,Completed,2026-01-08 19:36:49,NorthStar Staff,0,,,2025-12-29 18:36:49,2026-01-08 19:36:49
APT000516,REF000752,PRC0052,ORG023,LOC023,2025-11-03 15:14:53,2025-11-25 15:14:53,Completed,2025-11-25 16:14:53,NorthStar Staff,0,,,2025-11-03 15:14:53,2025-11-25 16:14:53
APT000517,REF000755,PRC0086,ORG007,LOC007,2025-12-05 08:00:08,2025-12-18 08:00:08,Completed,2025-12-18 09:00:08,NorthStar Staff,0,,,2025-12-05 08:00:08,2025-12-18 09:00:08
APT000518,REF000756,PRC0053,ORG024,LOC024,2025-12-25 19:58:40,2026-01-27 19:58:40,Completed,2026-01-27 20:58:40,NorthStar Staff,0,,,2025-12-25 19:58:40,2026-01-27 20:58:40
APT000519,REF000756,PRC0053,ORG024,LOC024,2025-12-20 19:58:40,2026-01-20 19:58:40,Rescheduled,2025-12-25 19:58:40,Specialist Office,0,Specialist schedule changed,APT000518,2025-12-20 19:58:40,2025-12-25 19:58:40
APT000520,REF000757,PRC0105,ORG026,LOC026,2026-01-17 06:02:16,2026-01-20 06:02:16,Completed,2026-01-20 07:02:16,NorthStar Staff,1,,,2026-01-17 06:02:16,2026-01-20 07:02:16
APT000521,REF000758,PRC0097,ORG018,LOC018,2026-06-05 18:53:39,2026-07-02 18:53:39,Scheduled,,NorthStar Staff,0,,,2026-06-05 18:53:39,2026-06-05 18:53:39
APT000522,REF000759,PRC0066,ORG012,LOC012,2026-07-08 08:02:09,2026-07-15 08:02:09,Completed,2026-07-15 09:02:09,NorthStar Staff,0,,,2026-07-08 08:02:09,2026-07-15 09:02:09
APT000523,REF000760,PRC0077,ORG023,LOC023,2026-05-20 08:29:40,2026-06-20 08:29:40,Completed,2026-06-20 09:29:40,NorthStar Staff,0,,,2026-05-20 08:29:40,2026-06-20 09:29:40
APT000524,REF000761,PRC0060,ORG031,LOC031,2025-11-14 12:19:57,2025-12-07 12:19:57,Completed,2025-12-07 13:19:57,NorthStar Staff,0,,,2025-11-14 12:19:57,2025-12-07 13:19:57
APT000525,REF000762,PRC0075,ORG021,LOC021,2026-03-23 08:33:22,2026-04-03 08:33:22,Completed,2026-04-03 09:33:22,NorthStar Staff,0,,,2026-03-23 08:33:22,2026-04-03 09:33:22
APT000526,REF000763,PRC0109,ORG030,LOC030,2026-07-16 01:37:39,2026-08-07 01:37:39,Scheduled,,NorthStar Staff,1,,,2026-07-16 01:37:39,2026-07-16 01:37:39
APT000527,REF000765,PRC0102,ORG023,LOC023,2026-04-28 07:53:32,2026-05-02 07:53:32,Completed,2026-05-02 08:53:32,NorthStar Staff,0,,,2026-04-28 07:53:32,2026-05-02 08:53:32
APT000528,REF000766,PRC0110,ORG031,LOC031,2026-07-20 15:30:07,2026-08-12 15:30:07,Completed,2026-08-12 16:30:07,NorthStar Staff,0,,,2026-07-20 15:30:07,2026-08-12 16:30:07
APT000529,REF000767,PRC0051,ORG022,LOC022,2025-12-02 04:46:42,2025-12-21 04:46:42,Completed,2025-12-21 05:46:42,NorthStar Staff,0,,,2025-12-02 04:46:42,2025-12-21 05:46:42
APT000530,REF000772,PRC0048,ORG019,LOC019,2026-02-20 01:01:44,2026-03-26 01:01:44,Scheduled,,NorthStar Staff,0,,,2026-02-20 01:01:44,2026-02-20 01:01:44
APT000531,REF000773,PRC0061,ORG007,LOC007,2025-08-13 10:27:59,2025-08-31 10:27:59,Completed,2025-08-31 11:27:59,NorthStar Staff,1,,,2025-08-13 10:27:59,2025-08-31 11:27:59
APT000532,REF000774,PRC0089,ORG010,LOC010,2025-11-26 19:24:43,2025-12-19 19:24:43,Completed,2025-12-19 20:24:43,NorthStar Staff,0,,,2025-11-26 19:24:43,2025-12-19 20:24:43
APT000533,REF000775,PRC0079,ORG025,LOC025,2026-05-08 21:47:14,2026-05-24 21:47:14,Completed,2026-05-24 22:47:14,NorthStar Staff,0,,,2026-05-08 21:47:14,2026-05-24 22:47:14
APT000534,REF000777,PRC0103,ORG024,LOC024,2026-05-17 12:16:04,2026-06-05 12:16:04,Completed,2026-06-05 13:16:04,NorthStar Staff,0,,,2026-05-17 12:16:04,2026-06-05 13:16:04
APT000535,REF000781,PRC0105,ORG026,LOC026,2025-09-23 22:03:44,2025-09-28 22:03:44,Completed,2025-09-28 23:03:44,NorthStar Staff,0,,,2025-09-23 22:03:44,2025-09-28 23:03:44
APT000536,REF000782,PRC0036,ORG007,LOC007,2025-09-30 00:16:27,2025-10-22 00:16:27,Completed,2025-10-22 01:16:27,NorthStar Staff,0,,,2025-09-30 00:16:27,2025-10-22 01:16:27
APT000537,REF000783,PRC0103,ORG024,LOC024,2026-05-05 11:28:26,2026-05-22 11:28:26,Scheduled,,NorthStar Staff,0,,,2026-05-05 11:28:26,2026-05-05 11:28:26
APT000538,REF000784,PRC0071,ORG017,LOC017,2026-05-21 07:37:48,2026-06-24 07:37:48,Completed,2026-06-24 08:37:48,NorthStar Staff,0,,,2026-05-21 07:37:48,2026-06-24 08:37:48
APT000539,REF000785,PRC0054,ORG025,LOC025,2025-08-11 08:26:06,2025-08-23 08:26:06,Completed,2025-08-23 09:26:06,NorthStar Staff,0,,,2025-08-11 08:26:06,2025-08-23 09:26:06
APT000540,REF000786,PRC0110,ORG031,LOC031,2025-12-22 10:07:29,2025-12-25 10:07:29,Completed,2025-12-25 11:07:29,NorthStar Staff,0,,,2025-12-22 10:07:29,2025-12-25 11:07:29
APT000541,REF000788,PRC0076,ORG022,LOC022,2025-11-28 08:03:03,2025-12-28 08:03:03,Completed,2025-12-28 09:03:03,NorthStar Staff,0,,,2025-11-28 08:03:03,2025-12-28 09:03:03
APT000542,REF000789,PRC0104,ORG025,LOC025,2025-09-15 21:24:31,2025-10-08 21:24:31,Completed,2025-10-08 22:24:31,NorthStar Staff,0,,,2025-09-15 21:24:31,2025-10-08 22:24:31
APT000543,REF000790,PRC0069,ORG015,LOC015,2025-12-17 11:13:42,2026-01-16 11:13:42,Completed,2026-01-16 12:13:42,NorthStar Staff,1,,,2025-12-17 11:13:42,2026-01-16 12:13:42
APT000544,REF000791,PRC0083,ORG029,LOC029,2026-04-17 14:46:51,2026-05-13 14:46:51,Completed,2026-05-13 15:46:51,NorthStar Staff,0,,,2026-04-17 14:46:51,2026-05-13 15:46:51
APT000545,REF000792,PRC0108,ORG029,LOC029,2025-11-08 23:09:52,2025-11-19 23:09:52,Completed,2025-11-20 00:09:52,NorthStar Staff,0,,,2025-11-08 23:09:52,2025-11-20 00:09:52
APT000546,REF000793,PRC0087,ORG008,LOC008,2026-02-10 22:36:23,2026-03-03 22:36:23,Completed,2026-03-03 23:36:23,NorthStar Staff,0,,,2026-02-10 22:36:23,2026-03-03 23:36:23
APT000547,REF000794,PRC0055,ORG026,LOC026,2025-11-30 03:59:13,2025-12-21 03:59:13,Completed,2025-12-21 04:59:13,NorthStar Staff,0,,,2025-11-30 03:59:13,2025-12-21 04:59:13
APT000548,REF000795,PRC0062,ORG008,LOC008,2025-10-03 22:05:20,2025-10-28 22:05:20,Completed,2025-10-28 23:05:20,NorthStar Staff,1,,,2025-10-03 22:05:20,2025-10-28 23:05:20
APT000549,REF000800,PRC0079,ORG025,LOC025,2025-10-31 00:57:58,2025-11-06 00:57:58,Completed,2025-11-06 01:57:58,NorthStar Staff,0,,,2025-10-31 00:57:58,2025-11-06 01:57:58
APT000550,REF000801,PRC0050,ORG021,LOC021,2025-10-31 23:00:27,2025-11-04 23:00:27,Scheduled,,NorthStar Staff,0,,,2025-10-31 23:00:27,2025-10-31 23:00:27
APT000551,REF000802,PRC0039,ORG010,LOC010,2025-10-29 21:28:18,2025-12-03 21:28:18,Completed,2025-12-03 22:28:18,NorthStar Staff,0,,,2025-10-29 21:28:18,2025-12-03 22:28:18
APT000552,REF000803,PRC0082,ORG028,LOC028,2025-09-17 17:16:21,2025-10-07 17:16:21,Completed,2025-10-07 18:16:21,NorthStar Staff,0,,,2025-09-17 17:16:21,2025-10-07 18:16:21
APT000553,REF000804,PRC0097,ORG018,LOC018,2026-02-25 17:10:59,2026-03-18 17:10:59,Completed,2026-03-18 18:10:59,NorthStar Staff,1,,,2026-02-25 17:10:59,2026-03-18 18:10:59
APT000554,REF000805,PRC0077,ORG023,LOC023,2026-02-26 09:34:48,2026-03-28 09:34:48,Scheduled,,NorthStar Staff,0,,,2026-02-26 09:34:48,2026-02-26 09:34:48
APT000555,REF000806,PRC0073,ORG019,LOC019,2026-06-04 17:02:10,2026-06-18 17:02:10,Scheduled,,NorthStar Staff,0,,,2026-06-04 17:02:10,2026-06-04 17:02:10
APT000556,REF000807,PRC0091,ORG012,LOC012,2025-08-27 21:23:33,2025-09-17 21:23:33,Completed,2025-09-17 22:23:33,NorthStar Staff,0,,,2025-08-27 21:23:33,2025-09-17 22:23:33
APT000557,REF000808,PRC0075,ORG021,LOC021,2026-01-05 23:06:56,2026-01-10 23:06:56,Completed,2026-01-11 00:06:56,NorthStar Staff,0,,,2026-01-05 23:06:56,2026-01-11 00:06:56
APT000558,REF000809,PRC0067,ORG013,LOC013,2025-09-06 18:42:44,2025-10-10 18:42:44,Completed,2025-10-10 19:42:44,NorthStar Staff,0,,,2025-09-06 18:42:44,2025-10-10 19:42:44
APT000559,REF000810,PRC0092,ORG013,LOC013,2025-12-30 09:53:23,2026-01-20 09:53:23,Scheduled,,NorthStar Staff,0,,,2025-12-30 09:53:23,2025-12-30 09:53:23
APT000560,REF000811,PRC0097,ORG018,LOC018,2025-10-05 23:18:41,2025-10-31 23:18:41,Completed,2025-11-01 00:18:41,NorthStar Staff,1,,,2025-10-05 23:18:41,2025-11-01 00:18:41
APT000561,REF000813,PRC0074,ORG020,LOC020,2026-07-11 18:21:14,2026-08-07 18:21:14,Completed,2026-08-07 19:21:14,NorthStar Staff,0,,,2026-07-11 18:21:14,2026-08-07 19:21:14
APT000562,REF000815,PRC0100,ORG021,LOC021,2025-09-27 07:16:45,2025-10-06 07:16:45,Completed,2025-10-06 08:16:45,NorthStar Staff,0,,,2025-09-27 07:16:45,2025-10-06 08:16:45
APT000563,REF000817,PRC0103,ORG024,LOC024,2025-12-19 00:45:20,2026-01-23 00:45:20,Scheduled,,NorthStar Staff,0,,,2025-12-19 00:45:20,2025-12-19 00:45:20
APT000564,REF000818,PRC0108,ORG029,LOC029,2025-09-02 12:49:54,2025-10-01 12:49:54,Completed,2025-10-01 13:49:54,NorthStar Staff,0,,,2025-09-02 12:49:54,2025-10-01 13:49:54
APT000565,REF000819,PRC0077,ORG023,LOC023,2025-08-15 21:31:01,2025-09-08 21:31:01,Completed,2025-09-08 22:31:01,NorthStar Staff,1,,,2025-08-15 21:31:01,2025-09-08 22:31:01
APT000566,REF000820,PRC0050,ORG021,LOC021,2026-01-15 19:13:31,2026-02-04 19:13:31,Completed,2026-02-04 20:13:31,NorthStar Staff,0,,,2026-01-15 19:13:31,2026-02-04 20:13:31
APT000567,REF000823,PRC0070,ORG016,LOC016,2025-08-15 11:51:19,2025-09-07 11:51:19,Completed,2025-09-07 12:51:19,NorthStar Staff,0,,,2025-08-15 11:51:19,2025-09-07 12:51:19
APT000568,REF000826,PRC0057,ORG028,LOC028,2025-08-17 17:33:49,2025-09-01 17:33:49,Completed,2025-09-01 18:33:49,NorthStar Staff,0,,,2025-08-17 17:33:49,2025-09-01 18:33:49
APT000569,REF000829,PRC0066,ORG012,LOC012,2025-12-09 11:26:41,2026-01-03 11:26:41,Completed,2026-01-03 12:26:41,NorthStar Staff,0,,,2025-12-09 11:26:41,2026-01-03 12:26:41
APT000570,REF000831,PRC0042,ORG013,LOC013,2026-07-02 20:16:47,2026-07-09 20:16:47,Completed,2026-07-09 21:16:47,NorthStar Staff,0,,,2026-07-02 20:16:47,2026-07-09 21:16:47
APT000571,REF000831,PRC0042,ORG013,LOC013,2026-06-27 20:16:47,2026-07-02 20:16:47,Rescheduled,2026-07-02 20:16:47,Specialist Office,0,Specialist schedule changed,APT000570,2026-06-27 20:16:47,2026-07-02 20:16:47
APT000572,REF000832,PRC0038,ORG009,LOC009,2025-09-21 13:51:10,2025-10-03 13:51:10,Completed,2025-10-03 14:51:10,NorthStar Staff,0,,,2025-09-21 13:51:10,2025-10-03 14:51:10
APT000573,REF000833,PRC0092,ORG013,LOC013,2026-01-09 02:13:34,2026-01-18 02:13:34,Completed,2026-01-18 03:13:34,NorthStar Staff,0,,,2026-01-09 02:13:34,2026-01-18 03:13:34
APT000574,REF000834,PRC0109,ORG030,LOC030,2025-08-18 19:57:09,2025-08-26 19:57:09,Scheduled,,NorthStar Staff,1,,,2025-08-18 19:57:09,2025-08-18 19:57:09
APT000575,REF000835,PRC0103,ORG024,LOC024,2026-04-08 01:02:51,2026-04-17 01:02:51,Completed,2026-04-17 02:02:51,NorthStar Staff,0,,,2026-04-08 01:02:51,2026-04-17 02:02:51
APT000576,REF000837,PRC0097,ORG018,LOC018,2025-12-12 19:11:27,2025-12-15 19:11:27,Completed,2025-12-15 20:11:27,NorthStar Staff,0,,,2025-12-12 19:11:27,2025-12-15 20:11:27
APT000577,REF000839,PRC0045,ORG016,LOC016,2025-08-27 15:39:22,2025-09-17 15:39:22,Completed,2025-09-17 16:39:22,NorthStar Staff,1,,,2025-08-27 15:39:22,2025-09-17 16:39:22
APT000578,REF000841,PRC0094,ORG015,LOC015,2026-01-15 02:46:08,2026-02-12 02:46:08,Scheduled,,NorthStar Staff,0,,,2026-01-15 02:46:08,2026-01-15 02:46:08
APT000579,REF000841,PRC0094,ORG015,LOC015,2026-01-10 02:46:08,2026-02-05 02:46:08,Rescheduled,2026-01-15 02:46:08,Specialist Office,0,Specialist schedule changed,APT000578,2026-01-10 02:46:08,2026-01-15 02:46:08
APT000580,REF000844,PRC0088,ORG009,LOC009,2026-01-08 05:01:31,2026-01-22 05:01:31,Scheduled,,NorthStar Staff,1,,,2026-01-08 05:01:31,2026-01-08 05:01:31
APT000581,REF000845,PRC0036,ORG007,LOC007,2026-05-03 19:52:06,2026-05-09 19:52:06,Scheduled,,NorthStar Staff,0,,,2026-05-03 19:52:06,2026-05-03 19:52:06
APT000582,REF000846,PRC0093,ORG014,LOC014,2026-06-20 15:05:18,2026-07-14 15:05:18,Scheduled,,NorthStar Staff,1,,,2026-06-20 15:05:18,2026-06-20 15:05:18
APT000583,REF000847,PRC0045,ORG016,LOC016,2026-02-11 04:27:01,2026-02-24 04:27:01,Completed,2026-02-24 05:27:01,NorthStar Staff,0,,,2026-02-11 04:27:01,2026-02-24 05:27:01
APT000584,REF000849,PRC0103,ORG024,LOC024,2026-05-02 02:55:40,2026-06-01 02:55:40,Completed,2026-06-01 03:55:40,NorthStar Staff,0,,,2026-05-02 02:55:40,2026-06-01 03:55:40
APT000585,REF000852,PRC0055,ORG026,LOC026,2026-07-02 04:47:00,2026-07-30 04:47:00,Completed,2026-07-30 05:47:00,NorthStar Staff,0,,,2026-07-02 04:47:00,2026-07-30 05:47:00
APT000586,REF000854,PRC0058,ORG029,LOC029,2025-12-30 16:49:56,2026-01-30 16:49:56,Completed,2026-01-30 17:49:56,NorthStar Staff,0,,,2025-12-30 16:49:56,2026-01-30 17:49:56
APT000587,REF000857,PRC0049,ORG020,LOC020,2025-08-29 04:52:22,2025-09-13 04:52:22,Completed,2025-09-13 05:52:22,NorthStar Staff,0,,,2025-08-29 04:52:22,2025-09-13 05:52:22
APT000588,REF000860,PRC0110,ORG031,LOC031,2025-11-22 12:29:42,2025-11-26 12:29:42,Completed,2025-11-26 13:29:42,NorthStar Staff,0,,,2025-11-22 12:29:42,2025-11-26 13:29:42
APT000589,REF000861,PRC0057,ORG028,LOC028,2026-05-11 15:58:18,2026-05-30 15:58:18,Scheduled,,NorthStar Staff,1,,,2026-05-11 15:58:18,2026-05-11 15:58:18
APT000590,REF000862,PRC0075,ORG021,LOC021,2026-02-15 00:29:01,2026-03-01 00:29:01,Completed,2026-03-01 01:29:01,NorthStar Staff,0,,,2026-02-15 00:29:01,2026-03-01 01:29:01
APT000591,REF000864,PRC0094,ORG015,LOC015,2026-06-29 16:10:51,2026-07-17 16:10:51,Completed,2026-07-17 17:10:51,NorthStar Staff,0,,,2026-06-29 16:10:51,2026-07-17 17:10:51
APT000592,REF000865,PRC0103,ORG024,LOC024,2025-11-20 20:05:44,2025-11-25 20:05:44,Completed,2025-11-25 21:05:44,NorthStar Staff,0,,,2025-11-20 20:05:44,2025-11-25 21:05:44
APT000593,REF000866,PRC0045,ORG016,LOC016,2026-06-17 06:45:09,2026-07-06 06:45:09,Scheduled,,NorthStar Staff,1,,,2026-06-17 06:45:09,2026-06-17 06:45:09
APT000594,REF000866,PRC0045,ORG016,LOC016,2026-06-12 06:45:09,2026-06-29 06:45:09,Rescheduled,2026-06-17 06:45:09,Specialist Office,0,Specialist schedule changed,APT000593,2026-06-12 06:45:09,2026-06-17 06:45:09
APT000595,REF000868,PRC0071,ORG017,LOC017,2025-12-10 06:08:44,2025-12-30 06:08:44,Completed,2025-12-30 07:08:44,NorthStar Staff,0,,,2025-12-10 06:08:44,2025-12-30 07:08:44
APT000596,REF000870,PRC0104,ORG025,LOC025,2026-03-29 13:26:03,2026-04-07 13:26:03,Completed,2026-04-07 14:26:03,NorthStar Staff,0,,,2026-03-29 13:26:03,2026-04-07 14:26:03
APT000597,REF000871,PRC0092,ORG013,LOC013,2026-06-12 19:09:03,2026-07-04 19:09:03,Completed,2026-07-04 20:09:03,NorthStar Staff,0,,,2026-06-12 19:09:03,2026-07-04 20:09:03
APT000598,REF000872,PRC0065,ORG011,LOC011,2026-05-24 22:52:39,2026-06-26 22:52:39,Completed,2026-06-26 23:52:39,NorthStar Staff,0,,,2026-05-24 22:52:39,2026-06-26 23:52:39
APT000599,REF000873,PRC0041,ORG012,LOC012,2026-01-23 20:19:12,2026-01-28 20:19:12,Scheduled,,NorthStar Staff,0,,,2026-01-23 20:19:12,2026-01-23 20:19:12
APT000600,REF000875,PRC0100,ORG021,LOC021,2026-03-11 06:43:06,2026-04-14 06:43:06,Completed,2026-04-14 07:43:06,NorthStar Staff,0,,,2026-03-11 06:43:06,2026-04-14 07:43:06
APT000601,REF000876,PRC0044,ORG015,LOC015,2025-11-12 03:18:14,2025-12-08 03:18:14,Completed,2025-12-08 04:18:14,NorthStar Staff,0,,,2025-11-12 03:18:14,2025-12-08 04:18:14
APT000602,REF000877,PRC0066,ORG012,LOC012,2025-12-13 23:14:03,2026-01-10 23:14:03,Scheduled,,NorthStar Staff,0,,,2025-12-13 23:14:03,2025-12-13 23:14:03
APT000603,REF000884,PRC0073,ORG019,LOC019,2025-10-27 23:46:29,2025-11-14 23:46:29,Scheduled,,NorthStar Staff,1,,,2025-10-27 23:46:29,2025-10-27 23:46:29
APT000604,REF000887,PRC0084,ORG030,LOC030,2025-11-09 22:26:06,2025-11-16 22:26:06,Completed,2025-11-16 23:26:06,NorthStar Staff,0,,,2025-11-09 22:26:06,2025-11-16 23:26:06
APT000605,REF000888,PRC0058,ORG029,LOC029,2025-12-04 02:03:12,2025-12-19 02:03:12,Scheduled,,NorthStar Staff,0,,,2025-12-04 02:03:12,2025-12-04 02:03:12
APT000606,REF000889,PRC0104,ORG025,LOC025,2025-11-17 19:12:50,2025-12-06 19:12:50,Completed,2025-12-06 20:12:50,NorthStar Staff,0,,,2025-11-17 19:12:50,2025-12-06 20:12:50
APT000607,REF000892,PRC0064,ORG010,LOC010,2026-03-18 17:20:03,2026-04-12 17:20:03,Completed,2026-04-12 18:20:03,NorthStar Staff,0,,,2026-03-18 17:20:03,2026-04-12 18:20:03
APT000608,REF000893,PRC0066,ORG012,LOC012,2025-11-16 11:45:20,2025-12-18 11:45:20,Completed,2025-12-18 12:45:20,NorthStar Staff,0,,,2025-11-16 11:45:20,2025-12-18 12:45:20
APT000609,REF000894,PRC0064,ORG010,LOC010,2026-05-15 05:50:43,2026-06-08 05:50:43,Completed,2026-06-08 06:50:43,NorthStar Staff,0,,,2026-05-15 05:50:43,2026-06-08 06:50:43
APT000610,REF000895,PRC0040,ORG011,LOC011,2025-08-19 18:28:51,2025-09-21 18:28:51,Scheduled,,NorthStar Staff,1,,,2025-08-19 18:28:51,2025-08-19 18:28:51
APT000611,REF000896,PRC0107,ORG028,LOC028,2026-01-27 18:24:42,2026-02-05 18:24:42,Scheduled,,NorthStar Staff,1,,,2026-01-27 18:24:42,2026-01-27 18:24:42
APT000612,REF000897,PRC0072,ORG018,LOC018,2025-10-06 01:08:07,2025-10-26 01:08:07,Completed,2025-10-26 02:08:07,NorthStar Staff,0,,,2025-10-06 01:08:07,2025-10-26 02:08:07
APT000613,REF000898,PRC0051,ORG022,LOC022,2026-03-08 01:02:08,2026-04-11 01:02:08,Completed,2026-04-11 02:02:08,NorthStar Staff,0,,,2026-03-08 01:02:08,2026-04-11 02:02:08
APT000614,REF000899,PRC0077,ORG023,LOC023,2025-12-25 23:56:56,2026-01-22 23:56:56,Completed,2026-01-23 00:56:56,NorthStar Staff,1,,,2025-12-25 23:56:56,2026-01-23 00:56:56
APT000615,REF000901,PRC0039,ORG010,LOC010,2025-09-16 05:51:29,2025-10-14 05:51:29,Scheduled,,NorthStar Staff,0,,,2025-09-16 05:51:29,2025-09-16 05:51:29
APT000616,REF000902,PRC0089,ORG010,LOC010,2025-12-12 05:39:29,2026-01-16 05:39:29,Completed,2026-01-16 06:39:29,NorthStar Staff,0,,,2025-12-12 05:39:29,2026-01-16 06:39:29
APT000617,REF000903,PRC0055,ORG026,LOC026,2025-11-04 12:45:41,2025-11-14 12:45:41,Completed,2025-11-14 13:45:41,NorthStar Staff,0,,,2025-11-04 12:45:41,2025-11-14 13:45:41
APT000618,REF000904,PRC0040,ORG011,LOC011,2026-04-26 03:59:35,2026-05-29 03:59:35,Scheduled,,NorthStar Staff,0,,,2026-04-26 03:59:35,2026-04-26 03:59:35
APT000619,REF000905,PRC0055,ORG026,LOC026,2025-10-17 13:23:15,2025-11-04 13:23:15,Completed,2025-11-04 14:23:15,NorthStar Staff,0,,,2025-10-17 13:23:15,2025-11-04 14:23:15
APT000620,REF000906,PRC0096,ORG017,LOC017,2025-08-23 12:15:58,2025-09-26 12:15:58,Completed,2025-09-26 13:15:58,NorthStar Staff,0,,,2025-08-23 12:15:58,2025-09-26 13:15:58
APT000621,REF000908,PRC0102,ORG023,LOC023,2026-02-03 09:42:46,2026-02-06 09:42:46,Completed,2026-02-06 10:42:46,NorthStar Staff,1,,,2026-02-03 09:42:46,2026-02-06 10:42:46
APT000622,REF000910,PRC0042,ORG013,LOC013,2026-04-15 00:12:50,2026-05-08 00:12:50,Completed,2026-05-08 01:12:50,NorthStar Staff,0,,,2026-04-15 00:12:50,2026-05-08 01:12:50
APT000623,REF000911,PRC0045,ORG016,LOC016,2026-02-01 09:40:18,2026-02-24 09:40:18,Completed,2026-02-24 10:40:18,NorthStar Staff,0,,,2026-02-01 09:40:18,2026-02-24 10:40:18
APT000624,REF000913,PRC0052,ORG023,LOC023,2026-06-30 06:35:18,2026-07-30 06:35:18,Completed,2026-07-30 07:35:18,NorthStar Staff,1,,,2026-06-30 06:35:18,2026-07-30 07:35:18
APT000625,REF000914,PRC0087,ORG008,LOC008,2026-04-29 08:59:39,2026-05-03 08:59:39,Completed,2026-05-03 09:59:39,NorthStar Staff,1,,,2026-04-29 08:59:39,2026-05-03 09:59:39
APT000626,REF000915,PRC0072,ORG018,LOC018,2025-10-18 18:42:32,2025-10-30 18:42:32,Completed,2025-10-30 19:42:32,NorthStar Staff,1,,,2025-10-18 18:42:32,2025-10-30 19:42:32
APT000627,REF000916,PRC0053,ORG024,LOC024,2026-04-03 12:47:12,2026-04-09 12:47:12,Completed,2026-04-09 13:47:12,NorthStar Staff,1,,,2026-04-03 12:47:12,2026-04-09 13:47:12
APT000628,REF000917,PRC0077,ORG023,LOC023,2025-10-26 15:02:22,2025-11-20 15:02:22,Completed,2025-11-20 16:02:22,NorthStar Staff,0,,,2025-10-26 15:02:22,2025-11-20 16:02:22
APT000629,REF000919,PRC0106,ORG027,LOC027,2026-06-02 07:29:59,2026-06-09 07:29:59,Completed,2026-06-09 08:29:59,NorthStar Staff,0,,,2026-06-02 07:29:59,2026-06-09 08:29:59
APT000630,REF000921,PRC0094,ORG015,LOC015,2025-09-09 02:44:04,2025-09-24 02:44:04,Completed,2025-09-24 03:44:04,NorthStar Staff,0,,,2025-09-09 02:44:04,2025-09-24 03:44:04
APT000631,REF000927,PRC0039,ORG010,LOC010,2025-10-01 10:30:51,2025-10-11 10:30:51,Completed,2025-10-11 11:30:51,NorthStar Staff,0,,,2025-10-01 10:30:51,2025-10-11 11:30:51
APT000632,REF000928,PRC0074,ORG020,LOC020,2025-12-30 12:40:21,2026-01-22 12:40:21,Completed,2026-01-22 13:40:21,NorthStar Staff,0,,,2025-12-30 12:40:21,2026-01-22 13:40:21
APT000633,REF000930,PRC0040,ORG011,LOC011,2025-10-03 02:47:05,2025-10-20 02:47:05,Completed,2025-10-20 03:47:05,NorthStar Staff,0,,,2025-10-03 02:47:05,2025-10-20 03:47:05
APT000634,REF000931,PRC0039,ORG010,LOC010,2026-07-08 00:40:21,2026-07-31 00:40:21,Completed,2026-07-31 01:40:21,NorthStar Staff,1,,,2026-07-08 00:40:21,2026-07-31 01:40:21
APT000635,REF000932,PRC0061,ORG007,LOC007,2026-01-07 10:01:24,2026-02-07 10:01:24,Completed,2026-02-07 11:01:24,NorthStar Staff,0,,,2026-01-07 10:01:24,2026-02-07 11:01:24
APT000636,REF000933,PRC0068,ORG014,LOC014,2025-12-05 02:39:13,2026-01-06 02:39:13,Completed,2026-01-06 03:39:13,NorthStar Staff,0,,,2025-12-05 02:39:13,2026-01-06 03:39:13
APT000637,REF000934,PRC0050,ORG021,LOC021,2026-04-13 12:41:33,2026-04-30 12:41:33,Scheduled,,NorthStar Staff,0,,,2026-04-13 12:41:33,2026-04-13 12:41:33
APT000638,REF000935,PRC0072,ORG018,LOC018,2026-04-07 05:07:14,2026-05-07 05:07:14,Completed,2026-05-07 06:07:14,NorthStar Staff,0,,,2026-04-07 05:07:14,2026-05-07 06:07:14
APT000639,REF000936,PRC0073,ORG019,LOC019,2026-01-03 17:39:23,2026-01-20 17:39:23,Completed,2026-01-20 18:39:23,NorthStar Staff,0,,,2026-01-03 17:39:23,2026-01-20 18:39:23
APT000640,REF000938,PRC0077,ORG023,LOC023,2026-05-04 12:03:03,2026-05-13 12:03:03,Completed,2026-05-13 13:03:03,NorthStar Staff,0,,,2026-05-04 12:03:03,2026-05-13 13:03:03
APT000641,REF000939,PRC0110,ORG031,LOC031,2025-12-01 06:33:59,2025-12-15 06:33:59,Completed,2025-12-15 07:33:59,NorthStar Staff,0,,,2025-12-01 06:33:59,2025-12-15 07:33:59
APT000642,REF000941,PRC0071,ORG017,LOC017,2026-03-01 19:38:16,2026-03-31 19:38:16,Scheduled,,NorthStar Staff,0,,,2026-03-01 19:38:16,2026-03-01 19:38:16
APT000643,REF000942,PRC0040,ORG011,LOC011,2025-12-07 21:32:39,2026-01-09 21:32:39,Completed,2026-01-09 22:32:39,NorthStar Staff,1,,,2025-12-07 21:32:39,2026-01-09 22:32:39
APT000644,REF000944,PRC0045,ORG016,LOC016,2026-06-20 20:42:03,2026-07-20 20:42:03,Completed,2026-07-20 21:42:03,NorthStar Staff,0,,,2026-06-20 20:42:03,2026-07-20 21:42:03
APT000645,REF000945,PRC0052,ORG023,LOC023,2025-11-29 22:37:39,2025-12-16 22:37:39,Completed,2025-12-16 23:37:39,NorthStar Staff,0,,,2025-11-29 22:37:39,2025-12-16 23:37:39
APT000646,REF000946,PRC0103,ORG024,LOC024,2026-04-14 05:19:46,2026-05-13 05:19:46,Completed,2026-05-13 06:19:46,NorthStar Staff,1,,,2026-04-14 05:19:46,2026-05-13 06:19:46
APT000647,REF000949,PRC0102,ORG023,LOC023,2025-09-12 04:42:43,2025-10-13 04:42:43,Completed,2025-10-13 05:42:43,NorthStar Staff,0,,,2025-09-12 04:42:43,2025-10-13 05:42:43
APT000648,REF000950,PRC0098,ORG019,LOC019,2026-06-25 13:20:46,2026-07-12 13:20:46,Scheduled,,NorthStar Staff,0,,,2026-06-25 13:20:46,2026-06-25 13:20:46
APT000649,REF000952,PRC0094,ORG015,LOC015,2026-06-25 11:43:02,2026-07-30 11:43:02,Completed,2026-07-30 12:43:02,NorthStar Staff,0,,,2026-06-25 11:43:02,2026-07-30 12:43:02
APT000650,REF000952,PRC0094,ORG015,LOC015,2026-06-20 11:43:02,2026-07-23 11:43:02,Rescheduled,2026-06-25 11:43:02,Specialist Office,0,Specialist schedule changed,APT000649,2026-06-20 11:43:02,2026-06-25 11:43:02
APT000651,REF000953,PRC0057,ORG028,LOC028,2026-06-14 01:27:29,2026-06-25 01:27:29,Completed,2026-06-25 02:27:29,NorthStar Staff,1,,,2026-06-14 01:27:29,2026-06-25 02:27:29
APT000652,REF000954,PRC0058,ORG029,LOC029,2026-03-11 07:35:47,2026-04-08 07:35:47,Completed,2026-04-08 08:35:47,NorthStar Staff,0,,,2026-03-11 07:35:47,2026-04-08 08:35:47
APT000653,REF000955,PRC0054,ORG025,LOC025,2025-09-12 21:47:33,2025-09-19 21:47:33,Completed,2025-09-19 22:47:33,NorthStar Staff,1,,,2025-09-12 21:47:33,2025-09-19 22:47:33
APT000654,REF000956,PRC0053,ORG024,LOC024,2026-02-02 20:52:13,2026-02-21 20:52:13,Completed,2026-02-21 21:52:13,NorthStar Staff,0,,,2026-02-02 20:52:13,2026-02-21 21:52:13
APT000655,REF000959,PRC0051,ORG022,LOC022,2026-01-08 04:00:28,2026-01-13 04:00:28,Completed,2026-01-13 05:00:28,NorthStar Staff,0,,,2026-01-08 04:00:28,2026-01-13 05:00:28
APT000656,REF000960,PRC0047,ORG018,LOC018,2025-10-27 12:27:37,2025-11-23 12:27:37,Completed,2025-11-23 13:27:37,NorthStar Staff,0,,,2025-10-27 12:27:37,2025-11-23 13:27:37
APT000657,REF000961,PRC0067,ORG013,LOC013,2025-11-08 23:28:58,2025-11-12 23:28:58,Completed,2025-11-13 00:28:58,NorthStar Staff,0,,,2025-11-08 23:28:58,2025-11-13 00:28:58
APT000658,REF000962,PRC0096,ORG017,LOC017,2025-12-05 08:44:53,2025-12-16 08:44:53,Scheduled,,NorthStar Staff,0,,,2025-12-05 08:44:53,2025-12-05 08:44:53
APT000659,REF000963,PRC0041,ORG012,LOC012,2026-07-06 02:46:47,2026-07-11 02:46:47,Completed,2026-07-11 03:46:47,NorthStar Staff,0,,,2026-07-06 02:46:47,2026-07-11 03:46:47
APT000660,REF000964,PRC0102,ORG023,LOC023,2026-04-16 18:57:10,2026-04-22 18:57:10,Completed,2026-04-22 19:57:10,NorthStar Staff,0,,,2026-04-16 18:57:10,2026-04-22 19:57:10
APT000661,REF000966,PRC0056,ORG027,LOC027,2026-01-03 06:37:43,2026-01-28 06:37:43,Completed,2026-01-28 07:37:43,NorthStar Staff,0,,,2026-01-03 06:37:43,2026-01-28 07:37:43
APT000662,REF000968,PRC0049,ORG020,LOC020,2026-07-11 13:57:21,2026-07-26 13:57:21,Completed,2026-07-26 14:57:21,NorthStar Staff,0,,,2026-07-11 13:57:21,2026-07-26 14:57:21
APT000663,REF000969,PRC0057,ORG028,LOC028,2026-03-30 15:44:48,2026-04-20 15:44:48,Scheduled,,NorthStar Staff,1,,,2026-03-30 15:44:48,2026-03-30 15:44:48
APT000664,REF000970,PRC0049,ORG020,LOC020,2026-05-15 11:36:24,2026-06-10 11:36:24,Completed,2026-06-10 12:36:24,NorthStar Staff,0,,,2026-05-15 11:36:24,2026-06-10 12:36:24
APT000665,REF000972,PRC0050,ORG021,LOC021,2025-09-03 18:35:59,2025-09-30 18:35:59,Completed,2025-09-30 19:35:59,NorthStar Staff,1,,,2025-09-03 18:35:59,2025-09-30 19:35:59
APT000666,REF000973,PRC0078,ORG024,LOC024,2025-11-16 06:33:47,2025-11-30 06:33:47,Completed,2025-11-30 07:33:47,NorthStar Staff,0,,,2025-11-16 06:33:47,2025-11-30 07:33:47
APT000667,REF000974,PRC0078,ORG024,LOC024,2026-06-18 20:55:22,2026-07-18 20:55:22,Completed,2026-07-18 21:55:22,NorthStar Staff,0,,,2026-06-18 20:55:22,2026-07-18 21:55:22
APT000668,REF000978,PRC0047,ORG018,LOC018,2025-11-10 11:01:47,2025-11-19 11:01:47,Completed,2025-11-19 12:01:47,NorthStar Staff,0,,,2025-11-10 11:01:47,2025-11-19 12:01:47
APT000669,REF000980,PRC0070,ORG016,LOC016,2025-09-07 00:19:15,2025-09-26 00:19:15,Completed,2025-09-26 01:19:15,NorthStar Staff,1,,,2025-09-07 00:19:15,2025-09-26 01:19:15
APT000670,REF000981,PRC0086,ORG007,LOC007,2026-06-01 19:27:47,2026-06-27 19:27:47,Completed,2026-06-27 20:27:47,NorthStar Staff,0,,,2026-06-01 19:27:47,2026-06-27 20:27:47
APT000671,REF000983,PRC0098,ORG019,LOC019,2026-05-26 05:09:24,2026-06-19 05:09:24,Scheduled,,NorthStar Staff,0,,,2026-05-26 05:09:24,2026-05-26 05:09:24
APT000672,REF000985,PRC0050,ORG021,LOC021,2026-04-02 03:38:27,2026-04-25 03:38:27,Completed,2026-04-25 04:38:27,NorthStar Staff,0,,,2026-04-02 03:38:27,2026-04-25 04:38:27
APT000673,REF000986,PRC0041,ORG012,LOC012,2025-10-18 23:20:09,2025-10-28 23:20:09,Completed,2025-10-29 00:20:09,NorthStar Staff,0,,,2025-10-18 23:20:09,2025-10-29 00:20:09
APT000674,REF000987,PRC0108,ORG029,LOC029,2025-11-15 10:07:22,2025-11-30 10:07:22,Scheduled,,NorthStar Staff,0,,,2025-11-15 10:07:22,2025-11-15 10:07:22
APT000675,REF000988,PRC0067,ORG013,LOC013,2025-12-01 07:04:27,2025-12-11 07:04:27,Completed,2025-12-11 08:04:27,NorthStar Staff,1,,,2025-12-01 07:04:27,2025-12-11 08:04:27
APT000676,REF000990,PRC0099,ORG020,LOC020,2026-04-16 19:57:01,2026-04-27 19:57:01,Completed,2026-04-27 20:57:01,NorthStar Staff,1,,,2026-04-16 19:57:01,2026-04-27 20:57:01
APT000677,REF000992,PRC0110,ORG031,LOC031,2026-03-19 07:50:57,2026-04-17 07:50:57,Completed,2026-04-17 08:50:57,NorthStar Staff,1,,,2026-03-19 07:50:57,2026-04-17 08:50:57
APT000678,REF000993,PRC0044,ORG015,LOC015,2025-08-19 07:01:15,2025-08-28 07:01:15,Scheduled,,NorthStar Staff,0,,,2025-08-19 07:01:15,2025-08-19 07:01:15
APT000679,REF000995,PRC0070,ORG016,LOC016,2026-06-19 03:45:09,2026-06-22 03:45:09,Completed,2026-06-22 04:45:09,NorthStar Staff,1,,,2026-06-19 03:45:09,2026-06-22 04:45:09
APT000680,REF000997,PRC0037,ORG008,LOC008,2025-11-04 09:41:54,2025-11-12 09:41:54,Completed,2025-11-12 10:41:54,NorthStar Staff,1,,,2025-11-04 09:41:54,2025-11-12 10:41:54
APT000681,REF000999,PRC0067,ORG013,LOC013,2025-10-03 12:48:24,2025-10-15 12:48:24,Completed,2025-10-15 13:48:24,NorthStar Staff,0,,,2025-10-03 12:48:24,2025-10-15 13:48:24
APT000682,REF001001,PRC0066,ORG012,LOC012,2025-11-05 18:06:51,2025-12-08 18:06:51,Completed,2025-12-08 19:06:51,NorthStar Staff,0,,,2025-11-05 18:06:51,2025-12-08 19:06:51
APT000683,REF001002,PRC0068,ORG014,LOC014,2025-10-19 18:00:43,2025-10-30 18:00:43,Completed,2025-10-30 19:00:43,NorthStar Staff,1,,,2025-10-19 18:00:43,2025-10-30 19:00:43
APT000684,REF001003,PRC0038,ORG009,LOC009,2025-11-18 07:30:39,2025-12-04 07:30:39,Scheduled,,NorthStar Staff,0,,,2025-11-18 07:30:39,2025-11-18 07:30:39
APT000685,REF001004,PRC0094,ORG015,LOC015,2026-05-10 14:33:42,2026-05-29 14:33:42,Completed,2026-05-29 15:33:42,NorthStar Staff,0,,,2026-05-10 14:33:42,2026-05-29 15:33:42
APT000686,REF001005,PRC0110,ORG031,LOC031,2026-05-14 10:15:05,2026-05-20 10:15:05,Completed,2026-05-20 11:15:05,NorthStar Staff,0,,,2026-05-14 10:15:05,2026-05-20 11:15:05
APT000687,REF001007,PRC0036,ORG007,LOC007,2025-10-10 10:55:40,2025-10-14 10:55:40,Completed,2025-10-14 11:55:40,NorthStar Staff,0,,,2025-10-10 10:55:40,2025-10-14 11:55:40
APT000688,REF001008,PRC0046,ORG017,LOC017,2026-06-20 17:05:03,2026-07-25 17:05:03,Completed,2026-07-25 18:05:03,NorthStar Staff,1,,,2026-06-20 17:05:03,2026-07-25 18:05:03
APT000689,REF001009,PRC0089,ORG010,LOC010,2026-07-07 03:28:10,2026-07-24 03:28:10,Completed,2026-07-24 04:28:10,NorthStar Staff,0,,,2026-07-07 03:28:10,2026-07-24 04:28:10
APT000690,REF001010,PRC0104,ORG025,LOC025,2025-10-13 07:19:42,2025-11-10 07:19:42,Completed,2025-11-10 08:19:42,NorthStar Staff,0,,,2025-10-13 07:19:42,2025-11-10 08:19:42
APT000691,REF001011,PRC0061,ORG007,LOC007,2025-08-06 00:52:05,2025-08-10 00:52:05,Completed,2025-08-10 01:52:05,NorthStar Staff,1,,,2025-08-06 00:52:05,2025-08-10 01:52:05
APT000692,REF001013,PRC0038,ORG009,LOC009,2026-05-07 08:26:27,2026-06-01 08:26:27,Completed,2026-06-01 09:26:27,NorthStar Staff,0,,,2026-05-07 08:26:27,2026-06-01 09:26:27
APT000693,REF001014,PRC0079,ORG025,LOC025,2025-10-30 19:18:20,2025-11-27 19:18:20,Completed,2025-11-27 20:18:20,NorthStar Staff,0,,,2025-10-30 19:18:20,2025-11-27 20:18:20
APT000694,REF001016,PRC0069,ORG015,LOC015,2025-12-22 22:19:40,2026-01-05 22:19:40,Completed,2026-01-05 23:19:40,NorthStar Staff,0,,,2025-12-22 22:19:40,2026-01-05 23:19:40
APT000695,REF001018,PRC0080,ORG026,LOC026,2026-06-26 04:55:24,2026-07-14 04:55:24,Completed,2026-07-14 05:55:24,NorthStar Staff,0,,,2026-06-26 04:55:24,2026-07-14 05:55:24
APT000696,REF001019,PRC0095,ORG016,LOC016,2026-06-13 04:42:08,2026-07-18 04:42:08,Completed,2026-07-18 05:42:08,NorthStar Staff,0,,,2026-06-13 04:42:08,2026-07-18 05:42:08
APT000697,REF001020,PRC0038,ORG009,LOC009,2025-08-21 13:07:10,2025-09-06 13:07:10,Completed,2025-09-06 14:07:10,NorthStar Staff,0,,,2025-08-21 13:07:10,2025-09-06 14:07:10
APT000698,REF001021,PRC0059,ORG030,LOC030,2026-01-13 04:55:30,2026-01-27 04:55:30,Scheduled,,NorthStar Staff,0,,,2026-01-13 04:55:30,2026-01-13 04:55:30
APT000699,REF001023,PRC0047,ORG018,LOC018,2026-05-24 12:19:53,2026-06-09 12:19:53,Completed,2026-06-09 13:19:53,NorthStar Staff,0,,,2026-05-24 12:19:53,2026-06-09 13:19:53
APT000700,REF001026,PRC0102,ORG023,LOC023,2026-06-05 03:10:48,2026-06-15 03:10:48,Completed,2026-06-15 04:10:48,NorthStar Staff,0,,,2026-06-05 03:10:48,2026-06-15 04:10:48
APT000701,REF001027,PRC0107,ORG028,LOC028,2025-12-30 20:31:27,2026-01-27 20:31:27,Scheduled,,NorthStar Staff,0,,,2025-12-30 20:31:27,2025-12-30 20:31:27
APT000702,REF001029,PRC0088,ORG009,LOC009,2026-02-21 01:34:31,2026-03-12 01:34:31,Completed,2026-03-12 02:34:31,NorthStar Staff,0,,,2026-02-21 01:34:31,2026-03-12 02:34:31
APT000703,REF001030,PRC0058,ORG029,LOC029,2026-05-04 12:02:12,2026-05-08 12:02:12,Scheduled,,NorthStar Staff,1,,,2026-05-04 12:02:12,2026-05-04 12:02:12
APT000704,REF001031,PRC0105,ORG026,LOC026,2026-01-03 18:20:54,2026-01-20 18:20:54,Completed,2026-01-20 19:20:54,NorthStar Staff,0,,,2026-01-03 18:20:54,2026-01-20 19:20:54
APT000705,REF001032,PRC0052,ORG023,LOC023,2025-12-08 16:22:01,2025-12-25 16:22:01,Scheduled,,NorthStar Staff,0,,,2025-12-08 16:22:01,2025-12-08 16:22:01
APT000706,REF001033,PRC0089,ORG010,LOC010,2025-10-17 23:28:43,2025-10-23 23:28:43,Completed,2025-10-24 00:28:43,NorthStar Staff,0,,,2025-10-17 23:28:43,2025-10-24 00:28:43
APT000707,REF001034,PRC0042,ORG013,LOC013,2026-01-02 09:13:11,2026-01-07 09:13:11,Completed,2026-01-07 10:13:11,NorthStar Staff,0,,,2026-01-02 09:13:11,2026-01-07 10:13:11
APT000708,REF001035,PRC0074,ORG020,LOC020,2025-11-11 06:39:22,2025-12-07 06:39:22,Scheduled,,NorthStar Staff,0,,,2025-11-11 06:39:22,2025-11-11 06:39:22
APT000709,REF001036,PRC0084,ORG030,LOC030,2025-11-12 13:42:29,2025-11-22 13:42:29,Scheduled,,NorthStar Staff,1,,,2025-11-12 13:42:29,2025-11-12 13:42:29
APT000710,REF001037,PRC0092,ORG013,LOC013,2026-06-18 02:51:19,2026-07-22 02:51:19,Completed,2026-07-22 03:51:19,NorthStar Staff,0,,,2026-06-18 02:51:19,2026-07-22 03:51:19
APT000711,REF001038,PRC0081,ORG027,LOC027,2026-05-14 07:04:37,2026-06-17 07:04:37,Completed,2026-06-17 08:04:37,NorthStar Staff,1,,,2026-05-14 07:04:37,2026-06-17 08:04:37
APT000712,REF001039,PRC0090,ORG011,LOC011,2026-07-01 23:40:11,2026-08-02 23:40:11,Scheduled,,NorthStar Staff,1,,,2026-07-01 23:40:11,2026-07-01 23:40:11
APT000713,REF001040,PRC0061,ORG007,LOC007,2026-04-14 09:12:29,2026-05-13 09:12:29,Completed,2026-05-13 10:12:29,NorthStar Staff,0,,,2026-04-14 09:12:29,2026-05-13 10:12:29
APT000714,REF001041,PRC0050,ORG021,LOC021,2026-02-15 19:48:14,2026-03-02 19:48:14,Completed,2026-03-02 20:48:14,NorthStar Staff,0,,,2026-02-15 19:48:14,2026-03-02 20:48:14
APT000715,REF001042,PRC0091,ORG012,LOC012,2026-07-15 00:02:11,2026-07-28 00:02:11,Scheduled,,NorthStar Staff,1,,,2026-07-15 00:02:11,2026-07-15 00:02:11
APT000716,REF001043,PRC0042,ORG013,LOC013,2026-03-28 00:28:07,2026-04-03 00:28:07,Completed,2026-04-03 01:28:07,NorthStar Staff,1,,,2026-03-28 00:28:07,2026-04-03 01:28:07
APT000717,REF001043,PRC0042,ORG013,LOC013,2026-03-23 00:28:07,2026-03-27 00:28:07,Rescheduled,2026-03-28 00:28:07,Specialist Office,0,Specialist schedule changed,APT000716,2026-03-23 00:28:07,2026-03-28 00:28:07
APT000718,REF001044,PRC0045,ORG016,LOC016,2025-12-21 23:17:15,2025-12-24 23:17:15,Completed,2025-12-25 00:17:15,NorthStar Staff,0,,,2025-12-21 23:17:15,2025-12-25 00:17:15
APT000719,REF001047,PRC0056,ORG027,LOC027,2025-09-19 12:41:15,2025-09-29 12:41:15,Completed,2025-09-29 13:41:15,NorthStar Staff,0,,,2025-09-19 12:41:15,2025-09-29 13:41:15
APT000720,REF001048,PRC0085,ORG031,LOC031,2026-01-23 11:02:38,2026-01-31 11:02:38,Completed,2026-01-31 12:02:38,NorthStar Staff,0,,,2026-01-23 11:02:38,2026-01-31 12:02:38
APT000721,REF001049,PRC0086,ORG007,LOC007,2026-07-03 06:05:41,2026-07-12 06:05:41,Scheduled,,NorthStar Staff,0,,,2026-07-03 06:05:41,2026-07-03 06:05:41
APT000722,REF001050,PRC0101,ORG022,LOC022,2026-06-22 11:35:45,2026-07-21 11:35:45,Scheduled,,NorthStar Staff,1,,,2026-06-22 11:35:45,2026-06-22 11:35:45
APT000723,REF001051,PRC0101,ORG022,LOC022,2025-12-30 19:17:26,2026-01-31 19:17:26,Completed,2026-01-31 20:17:26,NorthStar Staff,0,,,2025-12-30 19:17:26,2026-01-31 20:17:26
APT000724,REF001052,PRC0050,ORG021,LOC021,2025-10-31 15:54:44,2025-11-15 15:54:44,Completed,2025-11-15 16:54:44,NorthStar Staff,0,,,2025-10-31 15:54:44,2025-11-15 16:54:44
APT000725,REF001053,PRC0092,ORG013,LOC013,2026-03-17 17:08:48,2026-04-06 17:08:48,Completed,2026-04-06 18:08:48,NorthStar Staff,0,,,2026-03-17 17:08:48,2026-04-06 18:08:48
APT000726,REF001053,PRC0092,ORG013,LOC013,2026-03-12 17:08:48,2026-03-30 17:08:48,Rescheduled,2026-03-17 17:08:48,Specialist Office,0,Specialist schedule changed,APT000725,2026-03-12 17:08:48,2026-03-17 17:08:48
APT000727,REF001054,PRC0042,ORG013,LOC013,2025-08-23 14:58:50,2025-09-20 14:58:50,Completed,2025-09-20 15:58:50,NorthStar Staff,0,,,2025-08-23 14:58:50,2025-09-20 15:58:50
APT000728,REF001056,PRC0062,ORG008,LOC008,2025-08-31 03:09:01,2025-09-07 03:09:01,Completed,2025-09-07 04:09:01,NorthStar Staff,0,,,2025-08-31 03:09:01,2025-09-07 04:09:01
APT000729,REF001058,PRC0105,ORG026,LOC026,2025-11-26 18:23:18,2025-12-06 18:23:18,Completed,2025-12-06 19:23:18,NorthStar Staff,0,,,2025-11-26 18:23:18,2025-12-06 19:23:18
APT000730,REF001060,PRC0070,ORG016,LOC016,2025-11-22 07:50:23,2025-12-14 07:50:23,Completed,2025-12-14 08:50:23,NorthStar Staff,1,,,2025-11-22 07:50:23,2025-12-14 08:50:23
APT000731,REF001061,PRC0090,ORG011,LOC011,2026-07-06 12:37:24,2026-08-08 12:37:24,Completed,2026-08-08 13:37:24,NorthStar Staff,0,,,2026-07-06 12:37:24,2026-08-08 13:37:24
APT000732,REF001062,PRC0090,ORG011,LOC011,2025-08-30 02:09:37,2025-09-06 02:09:37,Completed,2025-09-06 03:09:37,NorthStar Staff,1,,,2025-08-30 02:09:37,2025-09-06 03:09:37
APT000733,REF001063,PRC0051,ORG022,LOC022,2026-02-28 16:42:04,2026-03-25 16:42:04,Completed,2026-03-25 17:42:04,NorthStar Staff,0,,,2026-02-28 16:42:04,2026-03-25 17:42:04
APT000734,REF001064,PRC0093,ORG014,LOC014,2026-02-22 08:33:07,2026-03-06 08:33:07,Completed,2026-03-06 09:33:07,NorthStar Staff,1,,,2026-02-22 08:33:07,2026-03-06 09:33:07
APT000735,REF001064,PRC0093,ORG014,LOC014,2026-02-17 08:33:07,2026-02-27 08:33:07,Rescheduled,2026-02-22 08:33:07,Specialist Office,0,Specialist schedule changed,APT000734,2026-02-17 08:33:07,2026-02-22 08:33:07
APT000736,REF001065,PRC0063,ORG009,LOC009,2026-06-06 23:43:09,2026-06-19 23:43:09,Completed,2026-06-20 00:43:09,NorthStar Staff,0,,,2026-06-06 23:43:09,2026-06-20 00:43:09
APT000737,REF001066,PRC0044,ORG015,LOC015,2026-07-02 23:59:29,2026-07-19 23:59:29,Completed,2026-07-20 00:59:29,NorthStar Staff,0,,,2026-07-02 23:59:29,2026-07-20 00:59:29
APT000738,REF001066,PRC0044,ORG015,LOC015,2026-06-27 23:59:29,2026-07-12 23:59:29,Rescheduled,2026-07-02 23:59:29,Specialist Office,0,Specialist schedule changed,APT000737,2026-06-27 23:59:29,2026-07-02 23:59:29
APT000739,REF001067,PRC0106,ORG027,LOC027,2026-06-18 12:38:37,2026-06-21 12:38:37,Completed,2026-06-21 13:38:37,NorthStar Staff,0,,,2026-06-18 12:38:37,2026-06-21 13:38:37
APT000740,REF001070,PRC0070,ORG016,LOC016,2025-11-22 09:57:09,2025-12-21 09:57:09,Completed,2025-12-21 10:57:09,NorthStar Staff,0,,,2025-11-22 09:57:09,2025-12-21 10:57:09
APT000741,REF001071,PRC0110,ORG031,LOC031,2025-10-06 20:20:18,2025-10-12 20:20:18,Completed,2025-10-12 21:20:18,NorthStar Staff,0,,,2025-10-06 20:20:18,2025-10-12 21:20:18
APT000742,REF001072,PRC0065,ORG011,LOC011,2025-10-02 11:54:36,2025-10-11 11:54:36,Completed,2025-10-11 12:54:36,NorthStar Staff,0,,,2025-10-02 11:54:36,2025-10-11 12:54:36
APT000743,REF001074,PRC0093,ORG014,LOC014,2025-09-01 12:53:40,2025-09-27 12:53:40,Scheduled,,NorthStar Staff,0,,,2025-09-01 12:53:40,2025-09-01 12:53:40
APT000744,REF001075,PRC0081,ORG027,LOC027,2025-08-14 18:30:29,2025-09-03 18:30:29,Completed,2025-09-03 19:30:29,NorthStar Staff,0,,,2025-08-14 18:30:29,2025-09-03 19:30:29
APT000745,REF001076,PRC0103,ORG024,LOC024,2025-11-30 01:02:35,2025-12-12 01:02:35,Scheduled,,NorthStar Staff,0,,,2025-11-30 01:02:35,2025-11-30 01:02:35
APT000746,REF001077,PRC0079,ORG025,LOC025,2026-05-31 22:24:54,2026-06-10 22:24:54,Completed,2026-06-10 23:24:54,NorthStar Staff,0,,,2026-05-31 22:24:54,2026-06-10 23:24:54
APT000747,REF001078,PRC0086,ORG007,LOC007,2025-10-31 22:23:02,2025-11-13 22:23:02,Scheduled,,NorthStar Staff,1,,,2025-10-31 22:23:02,2025-10-31 22:23:02
APT000748,REF001079,PRC0099,ORG020,LOC020,2026-01-21 06:27:23,2026-02-13 06:27:23,Completed,2026-02-13 07:27:23,NorthStar Staff,0,,,2026-01-21 06:27:23,2026-02-13 07:27:23
APT000749,REF001081,PRC0075,ORG021,LOC021,2026-05-06 01:23:38,2026-05-11 01:23:38,Completed,2026-05-11 02:23:38,NorthStar Staff,0,,,2026-05-06 01:23:38,2026-05-11 02:23:38
APT000750,REF001082,PRC0079,ORG025,LOC025,2026-04-13 13:13:19,2026-04-16 13:13:19,Completed,2026-04-16 14:13:19,NorthStar Staff,1,,,2026-04-13 13:13:19,2026-04-16 14:13:19
APT000751,REF001083,PRC0076,ORG022,LOC022,2026-02-22 07:32:25,2026-03-18 07:32:25,Completed,2026-03-18 08:32:25,NorthStar Staff,1,,,2026-02-22 07:32:25,2026-03-18 08:32:25
APT000752,REF001086,PRC0106,ORG027,LOC027,2026-01-05 13:36:47,2026-01-23 13:36:47,Completed,2026-01-23 14:36:47,NorthStar Staff,1,,,2026-01-05 13:36:47,2026-01-23 14:36:47
APT000753,REF001088,PRC0067,ORG013,LOC013,2025-08-06 15:47:40,2025-08-16 15:47:40,Completed,2025-08-16 16:47:40,NorthStar Staff,1,,,2025-08-06 15:47:40,2025-08-16 16:47:40
APT000754,REF001089,PRC0044,ORG015,LOC015,2026-05-13 18:09:52,2026-06-14 18:09:52,Scheduled,,NorthStar Staff,0,,,2026-05-13 18:09:52,2026-05-13 18:09:52
APT000755,REF001091,PRC0068,ORG014,LOC014,2026-06-30 23:35:56,2026-07-23 23:35:56,Scheduled,,NorthStar Staff,1,,,2026-06-30 23:35:56,2026-06-30 23:35:56
APT000756,REF001093,PRC0083,ORG029,LOC029,2026-07-12 01:11:44,2026-07-21 01:11:44,Completed,2026-07-21 02:11:44,NorthStar Staff,0,,,2026-07-12 01:11:44,2026-07-21 02:11:44
APT000757,REF001094,PRC0053,ORG024,LOC024,2026-03-17 23:45:18,2026-03-30 23:45:18,Scheduled,,NorthStar Staff,1,,,2026-03-17 23:45:18,2026-03-17 23:45:18
APT000758,REF001095,PRC0052,ORG023,LOC023,2025-11-05 18:22:00,2025-11-21 18:22:00,Scheduled,,NorthStar Staff,0,,,2025-11-05 18:22:00,2025-11-05 18:22:00
APT000759,REF001096,PRC0051,ORG022,LOC022,2026-01-29 09:31:58,2026-02-16 09:31:58,Completed,2026-02-16 10:31:58,NorthStar Staff,0,,,2026-01-29 09:31:58,2026-02-16 10:31:58
APT000760,REF001097,PRC0068,ORG014,LOC014,2026-03-27 16:11:39,2026-04-06 16:11:39,Completed,2026-04-06 17:11:39,NorthStar Staff,0,,,2026-03-27 16:11:39,2026-04-06 17:11:39
APT000761,REF001098,PRC0061,ORG007,LOC007,2026-01-02 10:25:10,2026-01-18 10:25:10,Completed,2026-01-18 11:25:10,NorthStar Staff,0,,,2026-01-02 10:25:10,2026-01-18 11:25:10
APT000762,REF001100,PRC0056,ORG027,LOC027,2026-07-12 01:27:00,2026-07-20 01:27:00,Completed,2026-07-20 02:27:00,NorthStar Staff,0,,,2026-07-12 01:27:00,2026-07-20 02:27:00
APT000763,REF001100,PRC0056,ORG027,LOC027,2026-07-07 01:27:00,2026-07-13 01:27:00,Rescheduled,2026-07-12 01:27:00,Specialist Office,0,Specialist schedule changed,APT000762,2026-07-07 01:27:00,2026-07-12 01:27:00
APT000764,REF001101,PRC0065,ORG011,LOC011,2026-05-26 15:27:34,2026-06-21 15:27:34,Completed,2026-06-21 16:27:34,NorthStar Staff,0,,,2026-05-26 15:27:34,2026-06-21 16:27:34
APT000765,REF001103,PRC0105,ORG026,LOC026,2025-09-21 17:24:19,2025-10-06 17:24:19,Completed,2025-10-06 18:24:19,NorthStar Staff,1,,,2025-09-21 17:24:19,2025-10-06 18:24:19
APT000766,REF001104,PRC0075,ORG021,LOC021,2026-06-20 04:12:14,2026-07-05 04:12:14,Completed,2026-07-05 05:12:14,NorthStar Staff,0,,,2026-06-20 04:12:14,2026-07-05 05:12:14
APT000767,REF001105,PRC0068,ORG014,LOC014,2025-10-04 12:53:12,2025-11-01 12:53:12,Completed,2025-11-01 13:53:12,NorthStar Staff,1,,,2025-10-04 12:53:12,2025-11-01 13:53:12
APT000768,REF001106,PRC0084,ORG030,LOC030,2026-05-25 01:44:11,2026-05-30 01:44:11,Scheduled,,NorthStar Staff,0,,,2026-05-25 01:44:11,2026-05-25 01:44:11
APT000769,REF001108,PRC0051,ORG022,LOC022,2026-07-02 20:03:20,2026-07-31 20:03:20,Completed,2026-07-31 21:03:20,NorthStar Staff,0,,,2026-07-02 20:03:20,2026-07-31 21:03:20
APT000770,REF001110,PRC0083,ORG029,LOC029,2025-11-15 11:19:46,2025-12-10 11:19:46,Completed,2025-12-10 12:19:46,NorthStar Staff,0,,,2025-11-15 11:19:46,2025-12-10 12:19:46
APT000771,REF001111,PRC0061,ORG007,LOC007,2026-07-07 15:32:51,2026-07-29 15:32:51,Completed,2026-07-29 16:32:51,NorthStar Staff,1,,,2026-07-07 15:32:51,2026-07-29 16:32:51
APT000772,REF001112,PRC0039,ORG010,LOC010,2026-04-28 09:38:38,2026-05-13 09:38:38,Completed,2026-05-13 10:38:38,NorthStar Staff,0,,,2026-04-28 09:38:38,2026-05-13 10:38:38
APT000773,REF001114,PRC0086,ORG007,LOC007,2025-11-08 02:10:32,2025-11-14 02:10:32,Scheduled,,NorthStar Staff,0,,,2025-11-08 02:10:32,2025-11-08 02:10:32
APT000774,REF001116,PRC0036,ORG007,LOC007,2025-12-17 19:37:39,2026-01-21 19:37:39,Scheduled,,NorthStar Staff,0,,,2025-12-17 19:37:39,2025-12-17 19:37:39
APT000775,REF001117,PRC0110,ORG031,LOC031,2026-02-04 18:18:13,2026-02-26 18:18:13,Completed,2026-02-26 19:18:13,NorthStar Staff,0,,,2026-02-04 18:18:13,2026-02-26 19:18:13
APT000776,REF001118,PRC0076,ORG022,LOC022,2026-03-28 13:00:29,2026-04-29 13:00:29,Scheduled,,NorthStar Staff,0,,,2026-03-28 13:00:29,2026-03-28 13:00:29
APT000777,REF001120,PRC0061,ORG007,LOC007,2026-05-29 15:57:16,2026-06-05 15:57:16,Completed,2026-06-05 16:57:16,NorthStar Staff,0,,,2026-05-29 15:57:16,2026-06-05 16:57:16
APT000778,REF001121,PRC0065,ORG011,LOC011,2026-05-31 03:34:33,2026-06-18 03:34:33,Scheduled,,NorthStar Staff,0,,,2026-05-31 03:34:33,2026-05-31 03:34:33
APT000779,REF001123,PRC0098,ORG019,LOC019,2025-10-13 16:29:24,2025-11-16 16:29:24,Completed,2025-11-16 17:29:24,NorthStar Staff,0,,,2025-10-13 16:29:24,2025-11-16 17:29:24
APT000780,REF001123,PRC0098,ORG019,LOC019,2025-10-08 16:29:24,2025-11-09 16:29:24,Rescheduled,2025-10-13 16:29:24,Specialist Office,0,Specialist schedule changed,APT000779,2025-10-08 16:29:24,2025-10-13 16:29:24
APT000781,REF001124,PRC0049,ORG020,LOC020,2026-04-03 07:32:15,2026-05-07 07:32:15,Scheduled,,NorthStar Staff,0,,,2026-04-03 07:32:15,2026-04-03 07:32:15
APT000782,REF001125,PRC0072,ORG018,LOC018,2026-04-25 02:46:32,2026-04-28 02:46:32,Completed,2026-04-28 03:46:32,NorthStar Staff,0,,,2026-04-25 02:46:32,2026-04-28 03:46:32
APT000783,REF001129,PRC0051,ORG022,LOC022,2026-04-13 17:46:04,2026-05-14 17:46:04,Completed,2026-05-14 18:46:04,NorthStar Staff,0,,,2026-04-13 17:46:04,2026-05-14 18:46:04
APT000784,REF001130,PRC0079,ORG025,LOC025,2026-03-21 06:24:17,2026-04-11 06:24:17,Scheduled,,NorthStar Staff,0,,,2026-03-21 06:24:17,2026-03-21 06:24:17
APT000785,REF001131,PRC0084,ORG030,LOC030,2025-11-13 10:12:47,2025-12-16 10:12:47,Completed,2025-12-16 11:12:47,NorthStar Staff,0,,,2025-11-13 10:12:47,2025-12-16 11:12:47
APT000786,REF001134,PRC0055,ORG026,LOC026,2025-10-20 23:02:43,2025-11-18 23:02:43,Completed,2025-11-19 00:02:43,NorthStar Staff,0,,,2025-10-20 23:02:43,2025-11-19 00:02:43
APT000787,REF001135,PRC0083,ORG029,LOC029,2026-06-18 18:21:26,2026-06-21 18:21:26,Completed,2026-06-21 19:21:26,NorthStar Staff,0,,,2026-06-18 18:21:26,2026-06-21 19:21:26
APT000788,REF001136,PRC0098,ORG019,LOC019,2026-04-22 08:01:27,2026-05-19 08:01:27,Scheduled,,NorthStar Staff,0,,,2026-04-22 08:01:27,2026-04-22 08:01:27
APT000789,REF001137,PRC0103,ORG024,LOC024,2026-03-16 03:59:17,2026-03-30 03:59:17,Completed,2026-03-30 04:59:17,NorthStar Staff,0,,,2026-03-16 03:59:17,2026-03-30 04:59:17
APT000790,REF001138,PRC0078,ORG024,LOC024,2025-10-26 02:24:01,2025-11-03 02:24:01,Completed,2025-11-03 03:24:01,NorthStar Staff,0,,,2025-10-26 02:24:01,2025-11-03 03:24:01
APT000791,REF001140,PRC0083,ORG029,LOC029,2026-03-29 15:23:28,2026-04-29 15:23:28,Completed,2026-04-29 16:23:28,NorthStar Staff,0,,,2026-03-29 15:23:28,2026-04-29 16:23:28
APT000792,REF001141,PRC0080,ORG026,LOC026,2026-05-07 11:06:30,2026-06-07 11:06:30,Completed,2026-06-07 12:06:30,NorthStar Staff,0,,,2026-05-07 11:06:30,2026-06-07 12:06:30
APT000793,REF001144,PRC0107,ORG028,LOC028,2025-11-04 23:25:20,2025-12-04 23:25:20,Completed,2025-12-05 00:25:20,NorthStar Staff,0,,,2025-11-04 23:25:20,2025-12-05 00:25:20
APT000794,REF001145,PRC0103,ORG024,LOC024,2025-09-09 10:35:06,2025-09-28 10:35:06,Completed,2025-09-28 11:35:06,NorthStar Staff,0,,,2025-09-09 10:35:06,2025-09-28 11:35:06
APT000795,REF001146,PRC0101,ORG022,LOC022,2026-06-07 13:33:12,2026-06-24 13:33:12,Completed,2026-06-24 14:33:12,NorthStar Staff,0,,,2026-06-07 13:33:12,2026-06-24 14:33:12
APT000796,REF001147,PRC0058,ORG029,LOC029,2025-08-31 11:10:51,2025-09-26 11:10:51,Completed,2025-09-26 12:10:51,NorthStar Staff,0,,,2025-08-31 11:10:51,2025-09-26 12:10:51
APT000797,REF001148,PRC0047,ORG018,LOC018,2025-12-18 19:01:36,2026-01-11 19:01:36,Completed,2026-01-11 20:01:36,NorthStar Staff,0,,,2025-12-18 19:01:36,2026-01-11 20:01:36
APT000798,REF001150,PRC0040,ORG011,LOC011,2026-01-16 10:10:57,2026-01-21 10:10:57,Completed,2026-01-21 11:10:57,NorthStar Staff,0,,,2026-01-16 10:10:57,2026-01-21 11:10:57
APT000799,REF001153,PRC0109,ORG030,LOC030,2025-10-22 17:10:02,2025-11-18 17:10:02,Scheduled,,NorthStar Staff,0,,,2025-10-22 17:10:02,2025-10-22 17:10:02
APT000800,REF001155,PRC0043,ORG014,LOC014,2025-10-17 06:49:42,2025-11-19 06:49:42,Completed,2025-11-19 07:49:42,NorthStar Staff,1,,,2025-10-17 06:49:42,2025-11-19 07:49:42
APT000801,REF001157,PRC0055,ORG026,LOC026,2025-08-12 03:36:03,2025-09-12 03:36:03,Completed,2025-09-12 04:36:03,NorthStar Staff,0,,,2025-08-12 03:36:03,2025-09-12 04:36:03
APT000802,REF001159,PRC0066,ORG012,LOC012,2026-06-21 01:41:11,2026-07-17 01:41:11,Completed,2026-07-17 02:41:11,NorthStar Staff,0,,,2026-06-21 01:41:11,2026-07-17 02:41:11
APT000803,REF001160,PRC0066,ORG012,LOC012,2026-03-11 11:43:25,2026-04-02 11:43:25,Completed,2026-04-02 12:43:25,NorthStar Staff,0,,,2026-03-11 11:43:25,2026-04-02 12:43:25
APT000804,REF001160,PRC0066,ORG012,LOC012,2026-03-06 11:43:25,2026-03-26 11:43:25,Rescheduled,2026-03-11 11:43:25,Specialist Office,0,Specialist schedule changed,APT000803,2026-03-06 11:43:25,2026-03-11 11:43:25
APT000805,REF001161,PRC0103,ORG024,LOC024,2025-08-05 03:34:32,2025-08-19 03:34:32,Completed,2025-08-19 04:34:32,NorthStar Staff,0,,,2025-08-05 03:34:32,2025-08-19 04:34:32
APT000806,REF001162,PRC0078,ORG024,LOC024,2025-12-29 00:11:35,2026-02-02 00:11:35,Completed,2026-02-02 01:11:35,NorthStar Staff,0,,,2025-12-29 00:11:35,2026-02-02 01:11:35
APT000807,REF001163,PRC0065,ORG011,LOC011,2025-11-21 08:56:26,2025-12-01 08:56:26,Scheduled,,NorthStar Staff,0,,,2025-11-21 08:56:26,2025-11-21 08:56:26
APT000808,REF001164,PRC0036,ORG007,LOC007,2026-07-08 08:38:49,2026-07-28 08:38:49,Completed,2026-07-28 09:38:49,NorthStar Staff,0,,,2026-07-08 08:38:49,2026-07-28 09:38:49
APT000809,REF001166,PRC0081,ORG027,LOC027,2025-11-15 05:39:32,2025-11-27 05:39:32,Completed,2025-11-27 06:39:32,NorthStar Staff,0,,,2025-11-15 05:39:32,2025-11-27 06:39:32
APT000810,REF001168,PRC0075,ORG021,LOC021,2025-11-12 01:41:33,2025-12-12 01:41:33,Completed,2025-12-12 02:41:33,NorthStar Staff,0,,,2025-11-12 01:41:33,2025-12-12 02:41:33
APT000811,REF001172,PRC0094,ORG015,LOC015,2026-06-18 20:47:12,2026-07-12 20:47:12,Completed,2026-07-12 21:47:12,NorthStar Staff,0,,,2026-06-18 20:47:12,2026-07-12 21:47:12
APT000812,REF001173,PRC0066,ORG012,LOC012,2025-12-10 02:53:45,2025-12-16 02:53:45,Scheduled,,NorthStar Staff,0,,,2025-12-10 02:53:45,2025-12-10 02:53:45
APT000813,REF001174,PRC0082,ORG028,LOC028,2025-10-27 17:07:12,2025-11-28 17:07:12,Completed,2025-11-28 18:07:12,NorthStar Staff,0,,,2025-10-27 17:07:12,2025-11-28 18:07:12
APT000814,REF001175,PRC0062,ORG008,LOC008,2026-07-05 19:24:12,2026-08-04 19:24:12,Completed,2026-08-04 20:24:12,NorthStar Staff,0,,,2026-07-05 19:24:12,2026-08-04 20:24:12
APT000815,REF001176,PRC0051,ORG022,LOC022,2025-09-23 08:25:02,2025-09-28 08:25:02,Completed,2025-09-28 09:25:02,NorthStar Staff,0,,,2025-09-23 08:25:02,2025-09-28 09:25:02
APT000816,REF001177,PRC0069,ORG015,LOC015,2026-05-28 17:45:31,2026-07-02 17:45:31,Scheduled,,NorthStar Staff,0,,,2026-05-28 17:45:31,2026-05-28 17:45:31
APT000817,REF001179,PRC0040,ORG011,LOC011,2025-08-12 09:16:49,2025-08-26 09:16:49,Completed,2025-08-26 10:16:49,NorthStar Staff,1,,,2025-08-12 09:16:49,2025-08-26 10:16:49
APT000818,REF001180,PRC0069,ORG015,LOC015,2026-06-11 02:28:10,2026-06-15 02:28:10,Completed,2026-06-15 03:28:10,NorthStar Staff,0,,,2026-06-11 02:28:10,2026-06-15 03:28:10
APT000819,REF001181,PRC0068,ORG014,LOC014,2025-09-15 03:00:40,2025-09-29 03:00:40,Completed,2025-09-29 04:00:40,NorthStar Staff,0,,,2025-09-15 03:00:40,2025-09-29 04:00:40
APT000820,REF001184,PRC0083,ORG029,LOC029,2025-12-26 21:26:18,2025-12-31 21:26:18,Completed,2025-12-31 22:26:18,NorthStar Staff,0,,,2025-12-26 21:26:18,2025-12-31 22:26:18
APT000821,REF001185,PRC0104,ORG025,LOC025,2025-11-11 04:57:54,2025-12-04 04:57:54,Completed,2025-12-04 05:57:54,NorthStar Staff,0,,,2025-11-11 04:57:54,2025-12-04 05:57:54
APT000822,REF001186,PRC0104,ORG025,LOC025,2026-03-11 10:44:12,2026-03-20 10:44:12,Completed,2026-03-20 11:44:12,NorthStar Staff,0,,,2026-03-11 10:44:12,2026-03-20 11:44:12
APT000823,REF001187,PRC0045,ORG016,LOC016,2026-04-09 06:03:17,2026-04-12 06:03:17,Completed,2026-04-12 07:03:17,NorthStar Staff,0,,,2026-04-09 06:03:17,2026-04-12 07:03:17
APT000824,REF001188,PRC0055,ORG026,LOC026,2025-12-30 11:12:27,2026-01-24 11:12:27,Completed,2026-01-24 12:12:27,NorthStar Staff,0,,,2025-12-30 11:12:27,2026-01-24 12:12:27
APT000825,REF001189,PRC0036,ORG007,LOC007,2025-08-11 16:15:56,2025-09-15 16:15:56,Completed,2025-09-15 17:15:56,NorthStar Staff,1,,,2025-08-11 16:15:56,2025-09-15 17:15:56
APT000826,REF001190,PRC0047,ORG018,LOC018,2026-02-07 20:11:22,2026-03-14 20:11:22,Scheduled,,NorthStar Staff,0,,,2026-02-07 20:11:22,2026-02-07 20:11:22
APT000827,REF001191,PRC0086,ORG007,LOC007,2026-06-20 18:42:29,2026-07-10 18:42:29,Completed,2026-07-10 19:42:29,NorthStar Staff,0,,,2026-06-20 18:42:29,2026-07-10 19:42:29
APT000828,REF001192,PRC0077,ORG023,LOC023,2026-06-05 00:52:37,2026-06-30 00:52:37,Completed,2026-06-30 01:52:37,NorthStar Staff,0,,,2026-06-05 00:52:37,2026-06-30 01:52:37
APT000829,REF001193,PRC0091,ORG012,LOC012,2026-05-09 18:00:55,2026-06-01 18:00:55,Completed,2026-06-01 19:00:55,NorthStar Staff,0,,,2026-05-09 18:00:55,2026-06-01 19:00:55
APT000830,REF001196,PRC0077,ORG023,LOC023,2025-09-22 10:44:55,2025-10-24 10:44:55,Completed,2025-10-24 11:44:55,NorthStar Staff,0,,,2025-09-22 10:44:55,2025-10-24 11:44:55
APT000831,REF001197,PRC0039,ORG010,LOC010,2026-03-07 11:33:34,2026-03-13 11:33:34,Completed,2026-03-13 12:33:34,NorthStar Staff,0,,,2026-03-07 11:33:34,2026-03-13 12:33:34
APT000832,REF001198,PRC0097,ORG018,LOC018,2026-01-23 20:04:22,2026-02-22 20:04:22,Completed,2026-02-22 21:04:22,NorthStar Staff,1,,,2026-01-23 20:04:22,2026-02-22 21:04:22
APT000833,REF001199,PRC0086,ORG007,LOC007,2026-07-04 11:10:41,2026-08-04 11:10:41,Completed,2026-08-04 12:10:41,NorthStar Staff,0,,,2026-07-04 11:10:41,2026-08-04 12:10:41
APT000834,REF001200,PRC0036,ORG007,LOC007,2025-09-27 10:39:24,2025-10-23 10:39:24,Scheduled,,NorthStar Staff,1,,,2025-09-27 10:39:24,2025-09-27 10:39:24
APT000835,REF001200,PRC0036,ORG007,LOC007,2025-09-22 10:39:24,2025-10-16 10:39:24,Rescheduled,2025-09-27 10:39:24,Specialist Office,0,Specialist schedule changed,APT000834,2025-09-22 10:39:24,2025-09-27 10:39:24
APT000836,REF001202,PRC0100,ORG021,LOC021,2026-03-10 05:26:48,2026-03-14 05:26:48,Completed,2026-03-14 06:26:48,NorthStar Staff,0,,,2026-03-10 05:26:48,2026-03-14 06:26:48
APT000837,REF001203,PRC0110,ORG031,LOC031,2025-10-07 14:09:14,2025-10-15 14:09:14,Completed,2025-10-15 15:09:14,NorthStar Staff,0,,,2025-10-07 14:09:14,2025-10-15 15:09:14
APT000838,REF001204,PRC0105,ORG026,LOC026,2025-12-22 11:39:41,2026-01-24 11:39:41,Scheduled,,NorthStar Staff,0,,,2025-12-22 11:39:41,2025-12-22 11:39:41
APT000839,REF001205,PRC0104,ORG025,LOC025,2025-08-30 03:34:40,2025-09-05 03:34:40,Scheduled,,NorthStar Staff,0,,,2025-08-30 03:34:40,2025-08-30 03:34:40
APT000840,REF001207,PRC0044,ORG015,LOC015,2026-01-09 20:14:13,2026-01-30 20:14:13,Scheduled,,NorthStar Staff,0,,,2026-01-09 20:14:13,2026-01-09 20:14:13
APT000841,REF001208,PRC0067,ORG013,LOC013,2026-02-05 12:01:52,2026-03-11 12:01:52,Scheduled,,NorthStar Staff,0,,,2026-02-05 12:01:52,2026-02-05 12:01:52
APT000842,REF001211,PRC0078,ORG024,LOC024,2025-11-29 15:44:02,2025-12-15 15:44:02,Completed,2025-12-15 16:44:02,NorthStar Staff,0,,,2025-11-29 15:44:02,2025-12-15 16:44:02
APT000843,REF001212,PRC0084,ORG030,LOC030,2026-05-03 02:15:40,2026-05-27 02:15:40,Scheduled,,NorthStar Staff,0,,,2026-05-03 02:15:40,2026-05-03 02:15:40
APT000844,REF001215,PRC0070,ORG016,LOC016,2026-03-29 02:18:44,2026-04-22 02:18:44,Completed,2026-04-22 03:18:44,NorthStar Staff,0,,,2026-03-29 02:18:44,2026-04-22 03:18:44
APT000845,REF001216,PRC0094,ORG015,LOC015,2026-05-12 09:48:19,2026-05-22 09:48:19,Completed,2026-05-22 10:48:19,NorthStar Staff,1,,,2026-05-12 09:48:19,2026-05-22 10:48:19
APT000846,REF001217,PRC0106,ORG027,LOC027,2026-02-08 00:26:43,2026-02-26 00:26:43,Completed,2026-02-26 01:26:43,NorthStar Staff,0,,,2026-02-08 00:26:43,2026-02-26 01:26:43
APT000847,REF001219,PRC0089,ORG010,LOC010,2026-05-13 09:17:57,2026-05-22 09:17:57,Completed,2026-05-22 10:17:57,NorthStar Staff,0,,,2026-05-13 09:17:57,2026-05-22 10:17:57
APT000848,REF001221,PRC0092,ORG013,LOC013,2025-09-04 15:02:25,2025-09-11 15:02:25,Scheduled,,NorthStar Staff,0,,,2025-09-04 15:02:25,2025-09-04 15:02:25
APT000849,REF001222,PRC0066,ORG012,LOC012,2026-03-21 04:21:12,2026-04-04 04:21:12,Completed,2026-04-04 05:21:12,NorthStar Staff,0,,,2026-03-21 04:21:12,2026-04-04 05:21:12
APT000850,REF001223,PRC0043,ORG014,LOC014,2025-09-16 11:33:07,2025-10-14 11:33:07,Completed,2025-10-14 12:33:07,NorthStar Staff,0,,,2025-09-16 11:33:07,2025-10-14 12:33:07
APT000851,REF001224,PRC0063,ORG009,LOC009,2025-12-03 23:20:13,2025-12-19 23:20:13,Scheduled,,NorthStar Staff,0,,,2025-12-03 23:20:13,2025-12-03 23:20:13
APT000852,REF001226,PRC0103,ORG024,LOC024,2026-02-13 08:16:20,2026-03-10 08:16:20,Completed,2026-03-10 09:16:20,NorthStar Staff,1,,,2026-02-13 08:16:20,2026-03-10 09:16:20
APT000853,REF001227,PRC0053,ORG024,LOC024,2026-01-21 22:51:05,2026-01-31 22:51:05,Completed,2026-01-31 23:51:05,NorthStar Staff,0,,,2026-01-21 22:51:05,2026-01-31 23:51:05
APT000854,REF001228,PRC0041,ORG012,LOC012,2025-08-31 19:05:18,2025-09-20 19:05:18,Completed,2025-09-20 20:05:18,NorthStar Staff,0,,,2025-08-31 19:05:18,2025-09-20 20:05:18
APT000855,REF001229,PRC0102,ORG023,LOC023,2026-04-11 04:25:56,2026-04-19 04:25:56,Completed,2026-04-19 05:25:56,NorthStar Staff,0,,,2026-04-11 04:25:56,2026-04-19 05:25:56
APT000856,REF001232,PRC0077,ORG023,LOC023,2026-03-03 15:02:07,2026-03-25 15:02:07,Completed,2026-03-25 16:02:07,NorthStar Staff,0,,,2026-03-03 15:02:07,2026-03-25 16:02:07
APT000857,REF001233,PRC0046,ORG017,LOC017,2026-05-18 21:40:14,2026-06-01 21:40:14,Completed,2026-06-01 22:40:14,NorthStar Staff,1,,,2026-05-18 21:40:14,2026-06-01 22:40:14
APT000858,REF001235,PRC0050,ORG021,LOC021,2025-11-26 08:59:24,2025-12-28 08:59:24,Completed,2025-12-28 09:59:24,NorthStar Staff,0,,,2025-11-26 08:59:24,2025-12-28 09:59:24
APT000859,REF001237,PRC0047,ORG018,LOC018,2026-01-30 15:53:51,2026-02-18 15:53:51,Completed,2026-02-18 16:53:51,NorthStar Staff,1,,,2026-01-30 15:53:51,2026-02-18 16:53:51
APT000860,REF001238,PRC0097,ORG018,LOC018,2025-08-12 15:07:10,2025-08-28 15:07:10,Scheduled,,NorthStar Staff,0,,,2025-08-12 15:07:10,2025-08-12 15:07:10
APT000861,REF001239,PRC0046,ORG017,LOC017,2026-06-20 17:19:46,2026-06-26 17:19:46,Scheduled,,NorthStar Staff,0,,,2026-06-20 17:19:46,2026-06-20 17:19:46
APT000862,REF001240,PRC0105,ORG026,LOC026,2026-03-17 16:19:25,2026-04-05 16:19:25,Completed,2026-04-05 17:19:25,NorthStar Staff,0,,,2026-03-17 16:19:25,2026-04-05 17:19:25
APT000863,REF001241,PRC0067,ORG013,LOC013,2025-12-30 22:48:02,2026-01-26 22:48:02,Scheduled,,NorthStar Staff,0,,,2025-12-30 22:48:02,2025-12-30 22:48:02
APT000864,REF001242,PRC0044,ORG015,LOC015,2025-10-02 11:50:47,2025-10-28 11:50:47,Scheduled,,NorthStar Staff,0,,,2025-10-02 11:50:47,2025-10-02 11:50:47
APT000865,REF001243,PRC0103,ORG024,LOC024,2026-02-17 14:28:45,2026-03-07 14:28:45,Completed,2026-03-07 15:28:45,NorthStar Staff,0,,,2026-02-17 14:28:45,2026-03-07 15:28:45
APT000866,REF001245,PRC0043,ORG014,LOC014,2026-01-31 11:13:36,2026-02-20 11:13:36,Completed,2026-02-20 12:13:36,NorthStar Staff,0,,,2026-01-31 11:13:36,2026-02-20 12:13:36
APT000867,REF001245,PRC0043,ORG014,LOC014,2026-01-26 11:13:36,2026-02-13 11:13:36,Rescheduled,2026-01-31 11:13:36,Specialist Office,0,Specialist schedule changed,APT000866,2026-01-26 11:13:36,2026-01-31 11:13:36
APT000868,REF001246,PRC0086,ORG007,LOC007,2026-07-14 09:35:09,2026-08-06 09:35:09,Completed,2026-08-06 10:35:09,NorthStar Staff,1,,,2026-07-14 09:35:09,2026-08-06 10:35:09
APT000869,REF001247,PRC0098,ORG019,LOC019,2025-12-29 23:23:58,2026-01-14 23:23:58,Completed,2026-01-15 00:23:58,NorthStar Staff,0,,,2025-12-29 23:23:58,2026-01-15 00:23:58
APT000870,REF001248,PRC0108,ORG029,LOC029,2025-10-03 19:49:13,2025-10-28 19:49:13,Scheduled,,NorthStar Staff,0,,,2025-10-03 19:49:13,2025-10-03 19:49:13
APT000871,REF001249,PRC0094,ORG015,LOC015,2026-05-12 11:01:39,2026-06-08 11:01:39,Completed,2026-06-08 12:01:39,NorthStar Staff,0,,,2026-05-12 11:01:39,2026-06-08 12:01:39
APT000872,REF001250,PRC0042,ORG013,LOC013,2026-07-03 08:47:37,2026-08-02 08:47:37,Completed,2026-08-02 09:47:37,NorthStar Staff,0,,,2026-07-03 08:47:37,2026-08-02 09:47:37
APT000873,REF001251,PRC0092,ORG013,LOC013,2025-11-22 10:22:51,2025-12-09 10:22:51,Completed,2025-12-09 11:22:51,NorthStar Staff,0,,,2025-11-22 10:22:51,2025-12-09 11:22:51
APT000874,REF001252,PRC0090,ORG011,LOC011,2026-04-08 09:24:28,2026-05-09 09:24:28,Completed,2026-05-09 10:24:28,NorthStar Staff,0,,,2026-04-08 09:24:28,2026-05-09 10:24:28
APT000875,REF001253,PRC0110,ORG031,LOC031,2026-07-08 12:55:32,2026-07-28 12:55:32,Completed,2026-07-28 13:55:32,NorthStar Staff,0,,,2026-07-08 12:55:32,2026-07-28 13:55:32
APT000876,REF001254,PRC0099,ORG020,LOC020,2025-10-23 18:42:41,2025-11-06 18:42:41,Completed,2025-11-06 19:42:41,NorthStar Staff,0,,,2025-10-23 18:42:41,2025-11-06 19:42:41
APT000877,REF001257,PRC0077,ORG023,LOC023,2026-01-09 05:16:17,2026-01-29 05:16:17,Completed,2026-01-29 06:16:17,NorthStar Staff,0,,,2026-01-09 05:16:17,2026-01-29 06:16:17
APT000878,REF001258,PRC0048,ORG019,LOC019,2025-12-26 06:27:41,2026-01-05 06:27:41,Completed,2026-01-05 07:27:41,NorthStar Staff,0,,,2025-12-26 06:27:41,2026-01-05 07:27:41
APT000879,REF001261,PRC0047,ORG018,LOC018,2025-08-09 13:01:38,2025-08-23 13:01:38,Completed,2025-08-23 14:01:38,NorthStar Staff,1,,,2025-08-09 13:01:38,2025-08-23 14:01:38
APT000880,REF001262,PRC0101,ORG022,LOC022,2026-01-06 07:49:24,2026-01-21 07:49:24,Scheduled,,NorthStar Staff,0,,,2026-01-06 07:49:24,2026-01-06 07:49:24
APT000881,REF001264,PRC0059,ORG030,LOC030,2026-04-20 08:36:08,2026-05-02 08:36:08,Completed,2026-05-02 09:36:08,NorthStar Staff,0,,,2026-04-20 08:36:08,2026-05-02 09:36:08
APT000882,REF001266,PRC0090,ORG011,LOC011,2026-05-04 12:11:24,2026-05-14 12:11:24,Completed,2026-05-14 13:11:24,NorthStar Staff,0,,,2026-05-04 12:11:24,2026-05-14 13:11:24
APT000883,REF001267,PRC0043,ORG014,LOC014,2025-11-23 04:36:14,2025-11-28 04:36:14,Scheduled,,NorthStar Staff,1,,,2025-11-23 04:36:14,2025-11-23 04:36:14
APT000884,REF001268,PRC0109,ORG030,LOC030,2026-06-06 04:04:31,2026-07-11 04:04:31,Completed,2026-07-11 05:04:31,NorthStar Staff,0,,,2026-06-06 04:04:31,2026-07-11 05:04:31
APT000885,REF001269,PRC0043,ORG014,LOC014,2025-08-08 12:21:59,2025-09-10 12:21:59,Completed,2025-09-10 13:21:59,NorthStar Staff,0,,,2025-08-08 12:21:59,2025-09-10 13:21:59
APT000886,REF001271,PRC0061,ORG007,LOC007,2025-12-25 11:58:23,2026-01-07 11:58:23,Completed,2026-01-07 12:58:23,NorthStar Staff,0,,,2025-12-25 11:58:23,2026-01-07 12:58:23
APT000887,REF001272,PRC0068,ORG014,LOC014,2026-01-01 16:35:19,2026-02-02 16:35:19,Completed,2026-02-02 17:35:19,NorthStar Staff,0,,,2026-01-01 16:35:19,2026-02-02 17:35:19
APT000888,REF001274,PRC0096,ORG017,LOC017,2025-11-18 17:04:20,2025-12-14 17:04:20,Completed,2025-12-14 18:04:20,NorthStar Staff,0,,,2025-11-18 17:04:20,2025-12-14 18:04:20
APT000889,REF001275,PRC0081,ORG027,LOC027,2026-03-05 14:16:37,2026-03-23 14:16:37,Completed,2026-03-23 15:16:37,NorthStar Staff,1,,,2026-03-05 14:16:37,2026-03-23 15:16:37
APT000890,REF001276,PRC0104,ORG025,LOC025,2025-10-09 12:17:47,2025-10-12 12:17:47,Completed,2025-10-12 13:17:47,NorthStar Staff,0,,,2025-10-09 12:17:47,2025-10-12 13:17:47
APT000891,REF001276,PRC0104,ORG025,LOC025,2025-10-04 12:17:47,2025-10-05 12:17:47,Rescheduled,2025-10-09 12:17:47,Specialist Office,0,Specialist schedule changed,APT000890,2025-10-04 12:17:47,2025-10-09 12:17:47
APT000892,REF001278,PRC0088,ORG009,LOC009,2026-01-10 03:06:20,2026-02-09 03:06:20,Completed,2026-02-09 04:06:20,NorthStar Staff,0,,,2026-01-10 03:06:20,2026-02-09 04:06:20
APT000893,REF001279,PRC0065,ORG011,LOC011,2025-12-27 23:34:54,2026-01-16 23:34:54,Completed,2026-01-17 00:34:54,NorthStar Staff,0,,,2025-12-27 23:34:54,2026-01-17 00:34:54
APT000894,REF001280,PRC0089,ORG010,LOC010,2025-11-09 10:14:02,2025-11-20 10:14:02,Completed,2025-11-20 11:14:02,NorthStar Staff,1,,,2025-11-09 10:14:02,2025-11-20 11:14:02
APT000895,REF001281,PRC0071,ORG017,LOC017,2025-09-11 20:55:13,2025-10-04 20:55:13,Completed,2025-10-04 21:55:13,NorthStar Staff,0,,,2025-09-11 20:55:13,2025-10-04 21:55:13
APT000896,REF001282,PRC0055,ORG026,LOC026,2026-04-17 10:37:25,2026-05-17 10:37:25,Completed,2026-05-17 11:37:25,NorthStar Staff,0,,,2026-04-17 10:37:25,2026-05-17 11:37:25
APT000897,REF001283,PRC0094,ORG015,LOC015,2025-10-27 08:14:20,2025-11-17 08:14:20,Scheduled,,NorthStar Staff,1,,,2025-10-27 08:14:20,2025-10-27 08:14:20
APT000898,REF001285,PRC0039,ORG010,LOC010,2026-06-05 15:04:10,2026-06-23 15:04:10,Completed,2026-06-23 16:04:10,NorthStar Staff,0,,,2026-06-05 15:04:10,2026-06-23 16:04:10
APT000899,REF001285,PRC0039,ORG010,LOC010,2026-05-31 15:04:10,2026-06-16 15:04:10,Rescheduled,2026-06-05 15:04:10,Specialist Office,0,Specialist schedule changed,APT000898,2026-05-31 15:04:10,2026-06-05 15:04:10
APT000900,REF001286,PRC0059,ORG030,LOC030,2025-10-30 07:55:37,2025-11-26 07:55:37,Scheduled,,NorthStar Staff,0,,,2025-10-30 07:55:37,2025-10-30 07:55:37
APT000901,REF001287,PRC0038,ORG009,LOC009,2026-01-07 03:39:20,2026-02-11 03:39:20,Completed,2026-02-11 04:39:20,NorthStar Staff,0,,,2026-01-07 03:39:20,2026-02-11 04:39:20
APT000902,REF001288,PRC0101,ORG022,LOC022,2026-06-28 18:53:01,2026-08-01 18:53:01,Completed,2026-08-01 19:53:01,NorthStar Staff,1,,,2026-06-28 18:53:01,2026-08-01 19:53:01
APT000903,REF001289,PRC0094,ORG015,LOC015,2025-11-22 15:09:59,2025-12-10 15:09:59,Completed,2025-12-10 16:09:59,NorthStar Staff,0,,,2025-11-22 15:09:59,2025-12-10 16:09:59
APT000904,REF001290,PRC0061,ORG007,LOC007,2026-05-15 03:50:49,2026-05-27 03:50:49,Completed,2026-05-27 04:50:49,NorthStar Staff,0,,,2026-05-15 03:50:49,2026-05-27 04:50:49
APT000905,REF001291,PRC0039,ORG010,LOC010,2026-03-11 10:08:44,2026-03-19 10:08:44,Completed,2026-03-19 11:08:44,NorthStar Staff,1,,,2026-03-11 10:08:44,2026-03-19 11:08:44
APT000906,REF001294,PRC0110,ORG031,LOC031,2025-10-10 08:43:58,2025-11-13 08:43:58,Completed,2025-11-13 09:43:58,NorthStar Staff,0,,,2025-10-10 08:43:58,2025-11-13 09:43:58
APT000907,REF001295,PRC0107,ORG028,LOC028,2026-06-27 06:28:03,2026-07-02 06:28:03,Scheduled,,NorthStar Staff,0,,,2026-06-27 06:28:03,2026-06-27 06:28:03
APT000908,REF001296,PRC0069,ORG015,LOC015,2026-05-27 07:59:29,2026-06-15 07:59:29,Completed,2026-06-15 08:59:29,NorthStar Staff,1,,,2026-05-27 07:59:29,2026-06-15 08:59:29
APT000909,REF001297,PRC0074,ORG020,LOC020,2026-04-10 22:42:26,2026-04-15 22:42:26,Completed,2026-04-15 23:42:26,NorthStar Staff,0,,,2026-04-10 22:42:26,2026-04-15 23:42:26
APT000910,REF001298,PRC0094,ORG015,LOC015,2026-03-13 03:51:31,2026-04-11 03:51:31,Completed,2026-04-11 04:51:31,NorthStar Staff,1,,,2026-03-13 03:51:31,2026-04-11 04:51:31
APT000911,REF001299,PRC0088,ORG009,LOC009,2026-06-28 18:03:15,2026-07-25 18:03:15,Completed,2026-07-25 19:03:15,NorthStar Staff,0,,,2026-06-28 18:03:15,2026-07-25 19:03:15
APT000912,REF001300,PRC0093,ORG014,LOC014,2026-05-14 11:11:45,2026-05-22 11:11:45,Completed,2026-05-22 12:11:45,NorthStar Staff,0,,,2026-05-14 11:11:45,2026-05-22 12:11:45
APT000913,REF001302,PRC0086,ORG007,LOC007,2025-11-15 15:23:18,2025-12-06 15:23:18,Completed,2025-12-06 16:23:18,NorthStar Staff,0,,,2025-11-15 15:23:18,2025-12-06 16:23:18
APT000914,REF001302,PRC0086,ORG007,LOC007,2025-11-10 15:23:18,2025-11-29 15:23:18,Rescheduled,2025-11-15 15:23:18,Specialist Office,0,Specialist schedule changed,APT000913,2025-11-10 15:23:18,2025-11-15 15:23:18
APT000915,REF001303,PRC0101,ORG022,LOC022,2025-09-17 08:16:35,2025-09-22 08:16:35,Scheduled,,NorthStar Staff,0,,,2025-09-17 08:16:35,2025-09-17 08:16:35
APT000916,REF001303,PRC0101,ORG022,LOC022,2025-09-12 08:16:35,2025-09-15 08:16:35,Rescheduled,2025-09-17 08:16:35,Specialist Office,0,Specialist schedule changed,APT000915,2025-09-12 08:16:35,2025-09-17 08:16:35
APT000917,REF001304,PRC0059,ORG030,LOC030,2026-01-02 13:29:01,2026-01-06 13:29:01,Completed,2026-01-06 14:29:01,NorthStar Staff,0,,,2026-01-02 13:29:01,2026-01-06 14:29:01
APT000918,REF001305,PRC0046,ORG017,LOC017,2026-05-28 17:50:09,2026-06-18 17:50:09,Scheduled,,NorthStar Staff,0,,,2026-05-28 17:50:09,2026-05-28 17:50:09
APT000919,REF001306,PRC0067,ORG013,LOC013,2026-05-08 01:55:14,2026-05-13 01:55:14,Completed,2026-05-13 02:55:14,NorthStar Staff,0,,,2026-05-08 01:55:14,2026-05-13 02:55:14
APT000920,REF001307,PRC0084,ORG030,LOC030,2026-02-22 20:36:31,2026-03-08 20:36:31,Completed,2026-03-08 21:36:31,NorthStar Staff,0,,,2026-02-22 20:36:31,2026-03-08 21:36:31
APT000921,REF001309,PRC0043,ORG014,LOC014,2026-01-22 09:26:36,2026-02-08 09:26:36,Completed,2026-02-08 10:26:36,NorthStar Staff,0,,,2026-01-22 09:26:36,2026-02-08 10:26:36
APT000922,REF001310,PRC0069,ORG015,LOC015,2025-10-23 15:38:51,2025-11-06 15:38:51,Completed,2025-11-06 16:38:51,NorthStar Staff,0,,,2025-10-23 15:38:51,2025-11-06 16:38:51
APT000923,REF001311,PRC0101,ORG022,LOC022,2025-09-05 15:53:32,2025-09-21 15:53:32,Completed,2025-09-21 16:53:32,NorthStar Staff,0,,,2025-09-05 15:53:32,2025-09-21 16:53:32
APT000924,REF001313,PRC0037,ORG008,LOC008,2025-08-24 12:40:19,2025-09-10 12:40:19,Completed,2025-09-10 13:40:19,NorthStar Staff,0,,,2025-08-24 12:40:19,2025-09-10 13:40:19
APT000925,REF001314,PRC0070,ORG016,LOC016,2026-05-01 00:15:36,2026-05-31 00:15:36,Completed,2026-05-31 01:15:36,NorthStar Staff,0,,,2026-05-01 00:15:36,2026-05-31 01:15:36
APT000926,REF001316,PRC0100,ORG021,LOC021,2025-11-26 12:25:51,2025-12-18 12:25:51,Completed,2025-12-18 13:25:51,NorthStar Staff,1,,,2025-11-26 12:25:51,2025-12-18 13:25:51
APT000927,REF001318,PRC0094,ORG015,LOC015,2026-01-10 11:41:07,2026-01-30 11:41:07,Completed,2026-01-30 12:41:07,NorthStar Staff,0,,,2026-01-10 11:41:07,2026-01-30 12:41:07
APT000928,REF001319,PRC0087,ORG008,LOC008,2026-01-29 23:11:05,2026-02-25 23:11:05,Completed,2026-02-26 00:11:05,NorthStar Staff,0,,,2026-01-29 23:11:05,2026-02-26 00:11:05
APT000929,REF001321,PRC0094,ORG015,LOC015,2025-10-20 09:13:48,2025-11-14 09:13:48,Completed,2025-11-14 10:13:48,NorthStar Staff,0,,,2025-10-20 09:13:48,2025-11-14 10:13:48
APT000930,REF001322,PRC0071,ORG017,LOC017,2026-04-14 10:06:27,2026-05-07 10:06:27,Scheduled,,NorthStar Staff,0,,,2026-04-14 10:06:27,2026-04-14 10:06:27
APT000931,REF001323,PRC0108,ORG029,LOC029,2026-02-04 12:49:13,2026-02-07 12:49:13,Scheduled,,NorthStar Staff,0,,,2026-02-04 12:49:13,2026-02-04 12:49:13
APT000932,REF001323,PRC0108,ORG029,LOC029,2026-01-30 12:49:13,2026-01-31 12:49:13,Rescheduled,2026-02-04 12:49:13,Specialist Office,0,Specialist schedule changed,APT000931,2026-01-30 12:49:13,2026-02-04 12:49:13
APT000933,REF001324,PRC0100,ORG021,LOC021,2025-12-16 23:49:03,2026-01-10 23:49:03,Completed,2026-01-11 00:49:03,NorthStar Staff,0,,,2025-12-16 23:49:03,2026-01-11 00:49:03
APT000934,REF001325,PRC0061,ORG007,LOC007,2026-05-03 18:27:22,2026-05-21 18:27:22,Scheduled,,NorthStar Staff,0,,,2026-05-03 18:27:22,2026-05-03 18:27:22
APT000935,REF001327,PRC0036,ORG007,LOC007,2026-03-12 19:05:02,2026-04-12 19:05:02,Completed,2026-04-12 20:05:02,NorthStar Staff,0,,,2026-03-12 19:05:02,2026-04-12 20:05:02
APT000936,REF001332,PRC0094,ORG015,LOC015,2025-12-24 12:09:28,2026-01-06 12:09:28,Scheduled,,NorthStar Staff,0,,,2025-12-24 12:09:28,2025-12-24 12:09:28
APT000937,REF001333,PRC0109,ORG030,LOC030,2026-01-26 10:55:45,2026-02-09 10:55:45,Completed,2026-02-09 11:55:45,NorthStar Staff,0,,,2026-01-26 10:55:45,2026-02-09 11:55:45
APT000938,REF001335,PRC0068,ORG014,LOC014,2025-10-19 22:24:28,2025-10-31 22:24:28,Scheduled,,NorthStar Staff,0,,,2025-10-19 22:24:28,2025-10-19 22:24:28
APT000939,REF001336,PRC0095,ORG016,LOC016,2025-12-14 15:02:41,2025-12-18 15:02:41,Completed,2025-12-18 16:02:41,NorthStar Staff,1,,,2025-12-14 15:02:41,2025-12-18 16:02:41
APT000940,REF001338,PRC0067,ORG013,LOC013,2026-01-12 22:02:19,2026-01-22 22:02:19,Completed,2026-01-22 23:02:19,NorthStar Staff,0,,,2026-01-12 22:02:19,2026-01-22 23:02:19
APT000941,REF001341,PRC0059,ORG030,LOC030,2026-05-05 03:12:19,2026-05-10 03:12:19,Completed,2026-05-10 04:12:19,NorthStar Staff,0,,,2026-05-05 03:12:19,2026-05-10 04:12:19
APT000942,REF001342,PRC0102,ORG023,LOC023,2025-12-13 09:04:29,2026-01-13 09:04:29,Completed,2026-01-13 10:04:29,NorthStar Staff,0,,,2025-12-13 09:04:29,2026-01-13 10:04:29
APT000943,REF001343,PRC0047,ORG018,LOC018,2026-07-09 16:34:10,2026-08-06 16:34:10,Scheduled,,NorthStar Staff,1,,,2026-07-09 16:34:10,2026-07-09 16:34:10
APT000944,REF001343,PRC0047,ORG018,LOC018,2026-07-04 16:34:10,2026-07-30 16:34:10,Rescheduled,2026-07-09 16:34:10,Specialist Office,0,Specialist schedule changed,APT000943,2026-07-04 16:34:10,2026-07-09 16:34:10
APT000945,REF001344,PRC0103,ORG024,LOC024,2025-12-17 02:39:48,2026-01-11 02:39:48,Completed,2026-01-11 03:39:48,NorthStar Staff,0,,,2025-12-17 02:39:48,2026-01-11 03:39:48
APT000946,REF001345,PRC0041,ORG012,LOC012,2025-12-31 15:24:54,2026-01-03 15:24:54,Completed,2026-01-03 16:24:54,NorthStar Staff,1,,,2025-12-31 15:24:54,2026-01-03 16:24:54
APT000947,REF001347,PRC0095,ORG016,LOC016,2026-03-26 00:36:49,2026-04-02 00:36:49,Scheduled,,NorthStar Staff,0,,,2026-03-26 00:36:49,2026-03-26 00:36:49
APT000948,REF001347,PRC0095,ORG016,LOC016,2026-03-21 00:36:49,2026-03-26 00:36:49,Rescheduled,2026-03-26 00:36:49,Specialist Office,0,Specialist schedule changed,APT000947,2026-03-21 00:36:49,2026-03-26 00:36:49
APT000949,REF001348,PRC0103,ORG024,LOC024,2025-12-10 13:08:15,2026-01-02 13:08:15,Scheduled,,NorthStar Staff,0,,,2025-12-10 13:08:15,2025-12-10 13:08:15
APT000950,REF001349,PRC0103,ORG024,LOC024,2026-05-02 12:39:14,2026-05-05 12:39:14,Completed,2026-05-05 13:39:14,NorthStar Staff,0,,,2026-05-02 12:39:14,2026-05-05 13:39:14
APT000951,REF001351,PRC0103,ORG024,LOC024,2026-07-07 22:24:24,2026-07-16 22:24:24,Completed,2026-07-16 23:24:24,NorthStar Staff,0,,,2026-07-07 22:24:24,2026-07-16 23:24:24
APT000952,REF001352,PRC0069,ORG015,LOC015,2026-01-30 05:26:20,2026-02-14 05:26:20,Completed,2026-02-14 06:26:20,NorthStar Staff,0,,,2026-01-30 05:26:20,2026-02-14 06:26:20
APT000953,REF001353,PRC0087,ORG008,LOC008,2025-09-08 03:32:21,2025-10-04 03:32:21,Completed,2025-10-04 04:32:21,NorthStar Staff,0,,,2025-09-08 03:32:21,2025-10-04 04:32:21
APT000954,REF001354,PRC0051,ORG022,LOC022,2026-02-24 05:47:02,2026-03-25 05:47:02,Completed,2026-03-25 06:47:02,NorthStar Staff,0,,,2026-02-24 05:47:02,2026-03-25 06:47:02
APT000955,REF001356,PRC0075,ORG021,LOC021,2025-10-19 14:48:18,2025-10-29 14:48:18,Completed,2025-10-29 15:48:18,NorthStar Staff,0,,,2025-10-19 14:48:18,2025-10-29 15:48:18
APT000956,REF001357,PRC0048,ORG019,LOC019,2026-02-09 15:16:21,2026-02-14 15:16:21,Completed,2026-02-14 16:16:21,NorthStar Staff,1,,,2026-02-09 15:16:21,2026-02-14 16:16:21
APT000957,REF001358,PRC0102,ORG023,LOC023,2026-06-19 01:32:43,2026-07-21 01:32:43,Completed,2026-07-21 02:32:43,NorthStar Staff,1,,,2026-06-19 01:32:43,2026-07-21 02:32:43
APT000958,REF001359,PRC0078,ORG024,LOC024,2026-06-17 17:53:42,2026-07-20 17:53:42,Completed,2026-07-20 18:53:42,NorthStar Staff,0,,,2026-06-17 17:53:42,2026-07-20 18:53:42
APT000959,REF001360,PRC0039,ORG010,LOC010,2025-11-17 08:56:46,2025-11-20 08:56:46,Completed,2025-11-20 09:56:46,NorthStar Staff,0,,,2025-11-17 08:56:46,2025-11-20 09:56:46
APT000960,REF001361,PRC0090,ORG011,LOC011,2026-06-01 01:56:11,2026-06-22 01:56:11,Completed,2026-06-22 02:56:11,NorthStar Staff,0,,,2026-06-01 01:56:11,2026-06-22 02:56:11
APT000961,REF001362,PRC0052,ORG023,LOC023,2026-06-27 13:24:42,2026-07-21 13:24:42,Completed,2026-07-21 14:24:42,NorthStar Staff,0,,,2026-06-27 13:24:42,2026-07-21 14:24:42
APT000962,REF001363,PRC0110,ORG031,LOC031,2026-02-01 20:30:00,2026-03-04 20:30:00,Completed,2026-03-04 21:30:00,NorthStar Staff,1,,,2026-02-01 20:30:00,2026-03-04 21:30:00
APT000963,REF001364,PRC0079,ORG025,LOC025,2025-10-20 23:42:50,2025-11-14 23:42:50,Scheduled,,NorthStar Staff,1,,,2025-10-20 23:42:50,2025-10-20 23:42:50
APT000964,REF001365,PRC0051,ORG022,LOC022,2025-11-05 18:09:05,2025-12-04 18:09:05,Completed,2025-12-04 19:09:05,NorthStar Staff,0,,,2025-11-05 18:09:05,2025-12-04 19:09:05
APT000965,REF001366,PRC0105,ORG026,LOC026,2026-04-25 00:04:46,2026-05-10 00:04:46,Completed,2026-05-10 01:04:46,NorthStar Staff,0,,,2026-04-25 00:04:46,2026-05-10 01:04:46
APT000966,REF001367,PRC0050,ORG021,LOC021,2025-10-23 14:17:46,2025-11-15 14:17:46,Completed,2025-11-15 15:17:46,NorthStar Staff,1,,,2025-10-23 14:17:46,2025-11-15 15:17:46
APT000967,REF001368,PRC0077,ORG023,LOC023,2025-10-16 21:14:56,2025-11-18 21:14:56,Completed,2025-11-18 22:14:56,NorthStar Staff,0,,,2025-10-16 21:14:56,2025-11-18 22:14:56
APT000968,REF001370,PRC0094,ORG015,LOC015,2026-06-29 04:51:02,2026-07-05 04:51:02,Completed,2026-07-05 05:51:02,NorthStar Staff,0,,,2026-06-29 04:51:02,2026-07-05 05:51:02
APT000969,REF001372,PRC0085,ORG031,LOC031,2026-07-15 11:58:09,2026-08-12 11:58:09,Completed,2026-08-12 12:58:09,NorthStar Staff,0,,,2026-07-15 11:58:09,2026-08-12 12:58:09
APT000970,REF001374,PRC0105,ORG026,LOC026,2026-06-24 10:03:45,2026-07-16 10:03:45,Completed,2026-07-16 11:03:45,NorthStar Staff,0,,,2026-06-24 10:03:45,2026-07-16 11:03:45
APT000971,REF001375,PRC0067,ORG013,LOC013,2026-02-15 20:34:47,2026-03-18 20:34:47,Scheduled,,NorthStar Staff,0,,,2026-02-15 20:34:47,2026-02-15 20:34:47
APT000972,REF001376,PRC0100,ORG021,LOC021,2026-04-18 02:57:17,2026-05-19 02:57:17,Completed,2026-05-19 03:57:17,NorthStar Staff,1,,,2026-04-18 02:57:17,2026-05-19 03:57:17
APT000973,REF001377,PRC0047,ORG018,LOC018,2026-05-11 07:27:30,2026-05-16 07:27:30,Completed,2026-05-16 08:27:30,NorthStar Staff,0,,,2026-05-11 07:27:30,2026-05-16 08:27:30
APT000974,REF001379,PRC0105,ORG026,LOC026,2026-03-25 12:26:30,2026-04-29 12:26:30,Completed,2026-04-29 13:26:30,NorthStar Staff,0,,,2026-03-25 12:26:30,2026-04-29 13:26:30
APT000975,REF001380,PRC0076,ORG022,LOC022,2026-06-18 16:33:00,2026-07-15 16:33:00,Completed,2026-07-15 17:33:00,NorthStar Staff,0,,,2026-06-18 16:33:00,2026-07-15 17:33:00
APT000976,REF001380,PRC0076,ORG022,LOC022,2026-06-13 16:33:00,2026-07-08 16:33:00,Rescheduled,2026-06-18 16:33:00,Specialist Office,0,Specialist schedule changed,APT000975,2026-06-13 16:33:00,2026-06-18 16:33:00
APT000977,REF001382,PRC0047,ORG018,LOC018,2025-10-19 02:48:59,2025-11-13 02:48:59,Completed,2025-11-13 03:48:59,NorthStar Staff,0,,,2025-10-19 02:48:59,2025-11-13 03:48:59
APT000978,REF001383,PRC0059,ORG030,LOC030,2025-12-29 04:22:43,2026-01-25 04:22:43,Completed,2026-01-25 05:22:43,NorthStar Staff,0,,,2025-12-29 04:22:43,2026-01-25 05:22:43
APT000979,REF001384,PRC0076,ORG022,LOC022,2026-05-21 10:59:36,2026-06-19 10:59:36,Completed,2026-06-19 11:59:36,NorthStar Staff,0,,,2026-05-21 10:59:36,2026-06-19 11:59:36
APT000980,REF001384,PRC0076,ORG022,LOC022,2026-05-16 10:59:36,2026-06-12 10:59:36,Rescheduled,2026-05-21 10:59:36,Specialist Office,0,Specialist schedule changed,APT000979,2026-05-16 10:59:36,2026-05-21 10:59:36
APT000981,REF001385,PRC0038,ORG009,LOC009,2026-05-07 13:42:58,2026-05-23 13:42:58,Completed,2026-05-23 14:42:58,NorthStar Staff,0,,,2026-05-07 13:42:58,2026-05-23 14:42:58
APT000982,REF001386,PRC0076,ORG022,LOC022,2025-11-29 08:54:06,2026-01-01 08:54:06,Scheduled,,NorthStar Staff,0,,,2025-11-29 08:54:06,2025-11-29 08:54:06
APT000983,REF001389,PRC0063,ORG009,LOC009,2026-05-01 03:49:38,2026-05-25 03:49:38,Completed,2026-05-25 04:49:38,NorthStar Staff,0,,,2026-05-01 03:49:38,2026-05-25 04:49:38
APT000984,REF001390,PRC0069,ORG015,LOC015,2026-01-26 12:02:52,2026-03-01 12:02:52,Completed,2026-03-01 13:02:52,NorthStar Staff,1,,,2026-01-26 12:02:52,2026-03-01 13:02:52
APT000985,REF001391,PRC0097,ORG018,LOC018,2025-09-06 04:39:04,2025-10-02 04:39:04,Completed,2025-10-02 05:39:04,NorthStar Staff,0,,,2025-09-06 04:39:04,2025-10-02 05:39:04
APT000986,REF001392,PRC0048,ORG019,LOC019,2025-08-15 19:04:37,2025-08-30 19:04:37,Scheduled,,NorthStar Staff,0,,,2025-08-15 19:04:37,2025-08-15 19:04:37
APT000987,REF001393,PRC0062,ORG008,LOC008,2026-03-02 10:54:11,2026-03-28 10:54:11,Scheduled,,NorthStar Staff,1,,,2026-03-02 10:54:11,2026-03-02 10:54:11
APT000988,REF001394,PRC0043,ORG014,LOC014,2026-02-15 18:14:44,2026-03-20 18:14:44,Completed,2026-03-20 19:14:44,NorthStar Staff,0,,,2026-02-15 18:14:44,2026-03-20 19:14:44
APT000989,REF001395,PRC0065,ORG011,LOC011,2025-08-25 01:39:00,2025-09-01 01:39:00,Completed,2025-09-01 02:39:00,NorthStar Staff,0,,,2025-08-25 01:39:00,2025-09-01 02:39:00
APT000990,REF001397,PRC0101,ORG022,LOC022,2026-03-14 18:34:16,2026-03-27 18:34:16,Completed,2026-03-27 19:34:16,NorthStar Staff,0,,,2026-03-14 18:34:16,2026-03-27 19:34:16
APT000991,REF001398,PRC0077,ORG023,LOC023,2025-11-18 02:52:34,2025-12-15 02:52:34,Scheduled,,NorthStar Staff,0,,,2025-11-18 02:52:34,2025-11-18 02:52:34
APT000992,REF001399,PRC0045,ORG016,LOC016,2025-08-19 06:55:20,2025-09-09 06:55:20,Completed,2025-09-09 07:55:20,NorthStar Staff,0,,,2025-08-19 06:55:20,2025-09-09 07:55:20
APT000993,REF001400,PRC0086,ORG007,LOC007,2026-02-19 17:03:19,2026-03-13 17:03:19,Completed,2026-03-13 18:03:19,NorthStar Staff,0,,,2026-02-19 17:03:19,2026-03-13 18:03:19
APT000994,REF001401,PRC0053,ORG024,LOC024,2025-10-20 22:27:30,2025-11-10 22:27:30,Completed,2025-11-10 23:27:30,NorthStar Staff,0,,,2025-10-20 22:27:30,2025-11-10 23:27:30
APT000995,REF001406,PRC0097,ORG018,LOC018,2025-12-23 13:18:45,2026-01-21 13:18:45,Completed,2026-01-21 14:18:45,NorthStar Staff,0,,,2025-12-23 13:18:45,2026-01-21 14:18:45
APT000996,REF001408,PRC0095,ORG016,LOC016,2026-04-14 17:29:27,2026-05-05 17:29:27,Completed,2026-05-05 18:29:27,NorthStar Staff,0,,,2026-04-14 17:29:27,2026-05-05 18:29:27
APT000997,REF001409,PRC0105,ORG026,LOC026,2026-04-07 19:36:38,2026-04-26 19:36:38,Completed,2026-04-26 20:36:38,NorthStar Staff,0,,,2026-04-07 19:36:38,2026-04-26 20:36:38
APT000998,REF001410,PRC0077,ORG023,LOC023,2026-01-16 04:48:57,2026-02-14 04:48:57,Completed,2026-02-14 05:48:57,NorthStar Staff,0,,,2026-01-16 04:48:57,2026-02-14 05:48:57
APT000999,REF001412,PRC0071,ORG017,LOC017,2025-10-22 12:56:36,2025-11-17 12:56:36,Completed,2025-11-17 13:56:36,NorthStar Staff,0,,,2025-10-22 12:56:36,2025-11-17 13:56:36
APT001000,REF001414,PRC0102,ORG023,LOC023,2026-05-13 23:08:13,2026-05-19 23:08:13,Scheduled,,NorthStar Staff,0,,,2026-05-13 23:08:13,2026-05-13 23:08:13
APT001001,REF001416,PRC0105,ORG026,LOC026,2025-08-23 04:07:59,2025-08-31 04:07:59,Completed,2025-08-31 05:07:59,NorthStar Staff,0,,,2025-08-23 04:07:59,2025-08-31 05:07:59
APT001002,REF001419,PRC0052,ORG023,LOC023,2025-09-23 16:57:18,2025-10-14 16:57:18,Scheduled,,NorthStar Staff,0,,,2025-09-23 16:57:18,2025-09-23 16:57:18
APT001003,REF001420,PRC0070,ORG016,LOC016,2025-12-16 15:12:43,2026-01-15 15:12:43,Scheduled,,NorthStar Staff,0,,,2025-12-16 15:12:43,2025-12-16 15:12:43
APT001004,REF001421,PRC0079,ORG025,LOC025,2026-02-02 10:04:17,2026-02-21 10:04:17,Completed,2026-02-21 11:04:17,NorthStar Staff,0,,,2026-02-02 10:04:17,2026-02-21 11:04:17
APT001005,REF001421,PRC0079,ORG025,LOC025,2026-01-28 10:04:17,2026-02-14 10:04:17,Rescheduled,2026-02-02 10:04:17,Specialist Office,0,Specialist schedule changed,APT001004,2026-01-28 10:04:17,2026-02-02 10:04:17
APT001006,REF001422,PRC0105,ORG026,LOC026,2025-12-02 20:18:03,2025-12-24 20:18:03,Completed,2025-12-24 21:18:03,NorthStar Staff,0,,,2025-12-02 20:18:03,2025-12-24 21:18:03
APT001007,REF001423,PRC0076,ORG022,LOC022,2026-02-11 06:16:53,2026-02-19 06:16:53,Completed,2026-02-19 07:16:53,NorthStar Staff,0,,,2026-02-11 06:16:53,2026-02-19 07:16:53
APT001008,REF001424,PRC0069,ORG015,LOC015,2025-12-27 12:05:53,2026-01-29 12:05:53,Completed,2026-01-29 13:05:53,NorthStar Staff,0,,,2025-12-27 12:05:53,2026-01-29 13:05:53
APT001009,REF001425,PRC0094,ORG015,LOC015,2025-11-27 20:16:34,2025-12-10 20:16:34,Completed,2025-12-10 21:16:34,NorthStar Staff,0,,,2025-11-27 20:16:34,2025-12-10 21:16:34
APT001010,REF001427,PRC0074,ORG020,LOC020,2026-01-08 06:05:50,2026-01-31 06:05:50,Completed,2026-01-31 07:05:50,NorthStar Staff,0,,,2026-01-08 06:05:50,2026-01-31 07:05:50
APT001011,REF001428,PRC0095,ORG016,LOC016,2025-08-10 00:21:59,2025-09-09 00:21:59,Completed,2025-09-09 01:21:59,NorthStar Staff,0,,,2025-08-10 00:21:59,2025-09-09 01:21:59
APT001012,REF001428,PRC0095,ORG016,LOC016,2025-08-05 00:21:59,2025-09-02 00:21:59,Rescheduled,2025-08-10 00:21:59,Specialist Office,0,Specialist schedule changed,APT001011,2025-08-05 00:21:59,2025-08-10 00:21:59
APT001013,REF001430,PRC0096,ORG017,LOC017,2026-03-04 08:54:52,2026-03-27 08:54:52,Completed,2026-03-27 09:54:52,NorthStar Staff,0,,,2026-03-04 08:54:52,2026-03-27 09:54:52
APT001014,REF001432,PRC0044,ORG015,LOC015,2025-09-24 23:09:56,2025-10-26 23:09:56,Completed,2025-10-27 00:09:56,NorthStar Staff,0,,,2025-09-24 23:09:56,2025-10-27 00:09:56
APT001015,REF001433,PRC0049,ORG020,LOC020,2025-08-17 09:09:43,2025-09-01 09:09:43,Completed,2025-09-01 10:09:43,NorthStar Staff,0,,,2025-08-17 09:09:43,2025-09-01 10:09:43
APT001016,REF001434,PRC0051,ORG022,LOC022,2026-03-02 21:04:04,2026-04-06 21:04:04,Completed,2026-04-06 22:04:04,NorthStar Staff,0,,,2026-03-02 21:04:04,2026-04-06 22:04:04
APT001017,REF001436,PRC0089,ORG010,LOC010,2025-11-23 03:14:51,2025-12-26 03:14:51,Completed,2025-12-26 04:14:51,NorthStar Staff,1,,,2025-11-23 03:14:51,2025-12-26 04:14:51
APT001018,REF001437,PRC0109,ORG030,LOC030,2026-03-21 10:29:43,2026-03-26 10:29:43,Completed,2026-03-26 11:29:43,NorthStar Staff,0,,,2026-03-21 10:29:43,2026-03-26 11:29:43
APT001019,REF001439,PRC0105,ORG026,LOC026,2025-09-30 08:58:09,2025-10-31 08:58:09,Scheduled,,NorthStar Staff,0,,,2025-09-30 08:58:09,2025-09-30 08:58:09
APT001020,REF001440,PRC0089,ORG010,LOC010,2025-10-29 02:58:02,2025-11-09 02:58:02,Completed,2025-11-09 03:58:02,NorthStar Staff,0,,,2025-10-29 02:58:02,2025-11-09 03:58:02
APT001021,REF001441,PRC0041,ORG012,LOC012,2025-11-23 01:33:53,2025-11-28 01:33:53,Scheduled,,NorthStar Staff,1,,,2025-11-23 01:33:53,2025-11-23 01:33:53
APT001022,REF001441,PRC0041,ORG012,LOC012,2025-11-18 01:33:53,2025-11-21 01:33:53,Rescheduled,2025-11-23 01:33:53,Specialist Office,0,Specialist schedule changed,APT001021,2025-11-18 01:33:53,2025-11-23 01:33:53
APT001023,REF001442,PRC0108,ORG029,LOC029,2026-06-24 16:18:48,2026-07-16 16:18:48,Scheduled,,NorthStar Staff,0,,,2026-06-24 16:18:48,2026-06-24 16:18:48
APT001024,REF001443,PRC0097,ORG018,LOC018,2026-04-03 12:57:19,2026-05-05 12:57:19,Completed,2026-05-05 13:57:19,NorthStar Staff,0,,,2026-04-03 12:57:19,2026-05-05 13:57:19
APT001025,REF001444,PRC0104,ORG025,LOC025,2026-07-11 00:47:53,2026-07-31 00:47:53,Scheduled,,NorthStar Staff,0,,,2026-07-11 00:47:53,2026-07-11 00:47:53
APT001026,REF001445,PRC0097,ORG018,LOC018,2025-10-29 10:29:45,2025-12-02 10:29:45,Completed,2025-12-02 11:29:45,NorthStar Staff,0,,,2025-10-29 10:29:45,2025-12-02 11:29:45
APT001027,REF001446,PRC0101,ORG022,LOC022,2026-06-18 18:50:50,2026-07-11 18:50:50,Completed,2026-07-11 19:50:50,NorthStar Staff,0,,,2026-06-18 18:50:50,2026-07-11 19:50:50
APT001028,REF001447,PRC0058,ORG029,LOC029,2026-07-12 10:55:55,2026-07-25 10:55:55,Completed,2026-07-25 11:55:55,NorthStar Staff,0,,,2026-07-12 10:55:55,2026-07-25 11:55:55
APT001029,REF001448,PRC0106,ORG027,LOC027,2026-03-14 20:17:12,2026-04-05 20:17:12,Completed,2026-04-05 21:17:12,NorthStar Staff,0,,,2026-03-14 20:17:12,2026-04-05 21:17:12
APT001030,REF001449,PRC0102,ORG023,LOC023,2026-05-18 05:58:10,2026-06-13 05:58:10,Scheduled,,NorthStar Staff,1,,,2026-05-18 05:58:10,2026-05-18 05:58:10
APT001031,REF001450,PRC0048,ORG019,LOC019,2026-03-24 12:40:27,2026-03-29 12:40:27,Completed,2026-03-29 13:40:27,NorthStar Staff,1,,,2026-03-24 12:40:27,2026-03-29 13:40:27
APT001032,REF001451,PRC0053,ORG024,LOC024,2026-04-29 04:22:00,2026-06-02 04:22:00,Completed,2026-06-02 05:22:00,NorthStar Staff,0,,,2026-04-29 04:22:00,2026-06-02 05:22:00
APT001033,REF001454,PRC0054,ORG025,LOC025,2026-06-27 07:30:29,2026-07-20 07:30:29,Completed,2026-07-20 08:30:29,NorthStar Staff,0,,,2026-06-27 07:30:29,2026-07-20 08:30:29
APT001034,REF001457,PRC0054,ORG025,LOC025,2026-06-25 06:25:29,2026-06-29 06:25:29,Completed,2026-06-29 07:25:29,NorthStar Staff,0,,,2026-06-25 06:25:29,2026-06-29 07:25:29
APT001035,REF001458,PRC0097,ORG018,LOC018,2025-09-28 16:05:58,2025-10-13 16:05:58,Completed,2025-10-13 17:05:58,NorthStar Staff,0,,,2025-09-28 16:05:58,2025-10-13 17:05:58
APT001036,REF001459,PRC0051,ORG022,LOC022,2026-02-03 20:43:05,2026-02-27 20:43:05,Completed,2026-02-27 21:43:05,NorthStar Staff,0,,,2026-02-03 20:43:05,2026-02-27 21:43:05
APT001037,REF001460,PRC0080,ORG026,LOC026,2026-04-16 03:02:05,2026-05-13 03:02:05,Completed,2026-05-13 04:02:05,NorthStar Staff,0,,,2026-04-16 03:02:05,2026-05-13 04:02:05
APT001038,REF001461,PRC0085,ORG031,LOC031,2025-10-18 05:31:04,2025-11-08 05:31:04,Completed,2025-11-08 06:31:04,NorthStar Staff,0,,,2025-10-18 05:31:04,2025-11-08 06:31:04
APT001039,REF001462,PRC0110,ORG031,LOC031,2026-03-06 23:23:27,2026-03-25 23:23:27,Completed,2026-03-26 00:23:27,NorthStar Staff,0,,,2026-03-06 23:23:27,2026-03-26 00:23:27
APT001040,REF001465,PRC0064,ORG010,LOC010,2025-11-12 16:44:54,2025-12-04 16:44:54,Completed,2025-12-04 17:44:54,NorthStar Staff,1,,,2025-11-12 16:44:54,2025-12-04 17:44:54
APT001041,REF001466,PRC0050,ORG021,LOC021,2025-08-23 22:33:34,2025-09-06 22:33:34,Completed,2025-09-06 23:33:34,NorthStar Staff,0,,,2025-08-23 22:33:34,2025-09-06 23:33:34
APT001042,REF001467,PRC0062,ORG008,LOC008,2026-03-27 18:30:44,2026-04-16 18:30:44,Completed,2026-04-16 19:30:44,NorthStar Staff,0,,,2026-03-27 18:30:44,2026-04-16 19:30:44
APT001043,REF001469,PRC0103,ORG024,LOC024,2026-05-04 08:01:54,2026-06-01 08:01:54,Completed,2026-06-01 09:01:54,NorthStar Staff,0,,,2026-05-04 08:01:54,2026-06-01 09:01:54
APT001044,REF001470,PRC0107,ORG028,LOC028,2025-12-03 00:24:05,2026-01-07 00:24:05,Completed,2026-01-07 01:24:05,NorthStar Staff,1,,,2025-12-03 00:24:05,2026-01-07 01:24:05
APT001045,REF001471,PRC0042,ORG013,LOC013,2026-01-17 04:40:31,2026-01-25 04:40:31,Completed,2026-01-25 05:40:31,NorthStar Staff,0,,,2026-01-17 04:40:31,2026-01-25 05:40:31
APT001046,REF001473,PRC0080,ORG026,LOC026,2025-09-16 06:41:17,2025-09-20 06:41:17,Completed,2025-09-20 07:41:17,NorthStar Staff,0,,,2025-09-16 06:41:17,2025-09-20 07:41:17
APT001047,REF001474,PRC0087,ORG008,LOC008,2026-05-06 14:28:55,2026-05-25 14:28:55,Scheduled,,NorthStar Staff,0,,,2026-05-06 14:28:55,2026-05-06 14:28:55
APT001048,REF001476,PRC0091,ORG012,LOC012,2026-01-29 20:01:07,2026-02-14 20:01:07,Completed,2026-02-14 21:01:07,NorthStar Staff,0,,,2026-01-29 20:01:07,2026-02-14 21:01:07
APT001049,REF001477,PRC0094,ORG015,LOC015,2026-06-08 09:31:43,2026-06-18 09:31:43,Completed,2026-06-18 10:31:43,NorthStar Staff,0,,,2026-06-08 09:31:43,2026-06-18 10:31:43
APT001050,REF001478,PRC0084,ORG030,LOC030,2026-02-03 01:19:10,2026-02-12 01:19:10,Scheduled,,NorthStar Staff,0,,,2026-02-03 01:19:10,2026-02-03 01:19:10
APT001051,REF001479,PRC0058,ORG029,LOC029,2026-02-03 04:58:44,2026-02-16 04:58:44,Scheduled,,NorthStar Staff,1,,,2026-02-03 04:58:44,2026-02-03 04:58:44
APT001052,REF001480,PRC0102,ORG023,LOC023,2026-06-28 12:04:49,2026-07-02 12:04:49,Scheduled,,NorthStar Staff,0,,,2026-06-28 12:04:49,2026-06-28 12:04:49
APT001053,REF001481,PRC0057,ORG028,LOC028,2025-11-20 20:33:18,2025-12-25 20:33:18,Completed,2025-12-25 21:33:18,NorthStar Staff,0,,,2025-11-20 20:33:18,2025-12-25 21:33:18
APT001054,REF001483,PRC0064,ORG010,LOC010,2025-09-18 13:06:36,2025-10-06 13:06:36,Completed,2025-10-06 14:06:36,NorthStar Staff,0,,,2025-09-18 13:06:36,2025-10-06 14:06:36
APT001055,REF001484,PRC0095,ORG016,LOC016,2025-10-30 01:03:22,2025-11-07 01:03:22,Completed,2025-11-07 02:03:22,NorthStar Staff,0,,,2025-10-30 01:03:22,2025-11-07 02:03:22
APT001056,REF001485,PRC0051,ORG022,LOC022,2026-02-20 03:00:25,2026-03-14 03:00:25,Scheduled,,NorthStar Staff,0,,,2026-02-20 03:00:25,2026-02-20 03:00:25
APT001057,REF001489,PRC0062,ORG008,LOC008,2026-03-21 18:36:15,2026-04-06 18:36:15,Scheduled,,NorthStar Staff,0,,,2026-03-21 18:36:15,2026-03-21 18:36:15
APT001058,REF001490,PRC0082,ORG028,LOC028,2026-01-30 07:17:43,2026-03-03 07:17:43,Completed,2026-03-03 08:17:43,NorthStar Staff,0,,,2026-01-30 07:17:43,2026-03-03 08:17:43
APT001059,REF001493,PRC0055,ORG026,LOC026,2026-02-20 04:29:01,2026-03-23 04:29:01,Completed,2026-03-23 05:29:01,NorthStar Staff,0,,,2026-02-20 04:29:01,2026-03-23 05:29:01
APT001060,REF001494,PRC0040,ORG011,LOC011,2026-05-23 09:49:33,2026-06-22 09:49:33,Completed,2026-06-22 10:49:33,NorthStar Staff,1,,,2026-05-23 09:49:33,2026-06-22 10:49:33
APT001061,REF001495,PRC0084,ORG030,LOC030,2026-04-19 09:53:53,2026-05-07 09:53:53,Completed,2026-05-07 10:53:53,NorthStar Staff,0,,,2026-04-19 09:53:53,2026-05-07 10:53:53
APT001062,REF001495,PRC0084,ORG030,LOC030,2026-04-14 09:53:53,2026-04-30 09:53:53,Rescheduled,2026-04-19 09:53:53,Specialist Office,0,Specialist schedule changed,APT001061,2026-04-14 09:53:53,2026-04-19 09:53:53
APT001063,REF001496,PRC0107,ORG028,LOC028,2025-12-24 03:43:06,2026-01-27 03:43:06,Completed,2026-01-27 04:43:06,NorthStar Staff,0,,,2025-12-24 03:43:06,2026-01-27 04:43:06
APT001064,REF001497,PRC0104,ORG025,LOC025,2026-02-11 23:29:04,2026-02-20 23:29:04,Scheduled,,NorthStar Staff,1,,,2026-02-11 23:29:04,2026-02-11 23:29:04
APT001065,REF001498,PRC0069,ORG015,LOC015,2026-03-02 14:29:14,2026-03-19 14:29:14,Completed,2026-03-19 15:29:14,NorthStar Staff,0,,,2026-03-02 14:29:14,2026-03-19 15:29:14
APT001066,REF001499,PRC0055,ORG026,LOC026,2025-09-09 09:45:33,2025-10-06 09:45:33,Completed,2025-10-06 10:45:33,NorthStar Staff,0,,,2025-09-09 09:45:33,2025-10-06 10:45:33
APT001067,REF001501,PRC0053,ORG024,LOC024,2025-12-14 06:00:21,2026-01-16 06:00:21,Completed,2026-01-16 07:00:21,NorthStar Staff,0,,,2025-12-14 06:00:21,2026-01-16 07:00:21
APT001068,REF001502,PRC0082,ORG028,LOC028,2026-02-07 03:09:00,2026-02-13 03:09:00,Completed,2026-02-13 04:09:00,NorthStar Staff,1,,,2026-02-07 03:09:00,2026-02-13 04:09:00
APT001069,REF001503,PRC0044,ORG015,LOC015,2026-06-15 00:02:02,2026-07-10 00:02:02,Completed,2026-07-10 01:02:02,NorthStar Staff,1,,,2026-06-15 00:02:02,2026-07-10 01:02:02
APT001070,REF001504,PRC0065,ORG011,LOC011,2025-10-31 11:58:09,2025-11-03 11:58:09,Scheduled,,NorthStar Staff,0,,,2025-10-31 11:58:09,2025-10-31 11:58:09
APT001071,REF001505,PRC0068,ORG014,LOC014,2025-08-24 22:24:54,2025-09-12 22:24:54,Completed,2025-09-12 23:24:54,NorthStar Staff,0,,,2025-08-24 22:24:54,2025-09-12 23:24:54
APT001072,REF001506,PRC0069,ORG015,LOC015,2025-11-02 04:36:30,2025-11-07 04:36:30,Completed,2025-11-07 05:36:30,NorthStar Staff,0,,,2025-11-02 04:36:30,2025-11-07 05:36:30
APT001073,REF001507,PRC0109,ORG030,LOC030,2025-08-12 21:42:49,2025-09-02 21:42:49,Completed,2025-09-02 22:42:49,NorthStar Staff,0,,,2025-08-12 21:42:49,2025-09-02 22:42:49
APT001074,REF001509,PRC0049,ORG020,LOC020,2025-09-15 20:33:50,2025-09-29 20:33:50,Completed,2025-09-29 21:33:50,NorthStar Staff,0,,,2025-09-15 20:33:50,2025-09-29 21:33:50
APT001075,REF001511,PRC0060,ORG031,LOC031,2026-01-03 01:10:39,2026-02-01 01:10:39,Completed,2026-02-01 02:10:39,NorthStar Staff,0,,,2026-01-03 01:10:39,2026-02-01 02:10:39
APT001076,REF001512,PRC0066,ORG012,LOC012,2025-11-23 01:11:53,2025-12-04 01:11:53,Completed,2025-12-04 02:11:53,NorthStar Staff,0,,,2025-11-23 01:11:53,2025-12-04 02:11:53
APT001077,REF001514,PRC0064,ORG010,LOC010,2026-04-27 15:42:05,2026-05-28 15:42:05,Completed,2026-05-28 16:42:05,NorthStar Staff,0,,,2026-04-27 15:42:05,2026-05-28 16:42:05
APT001078,REF001515,PRC0075,ORG021,LOC021,2025-12-15 16:10:59,2026-01-01 16:10:59,Completed,2026-01-01 17:10:59,NorthStar Staff,0,,,2025-12-15 16:10:59,2026-01-01 17:10:59
APT001079,REF001517,PRC0097,ORG018,LOC018,2026-06-18 21:43:14,2026-07-13 21:43:14,Completed,2026-07-13 22:43:14,NorthStar Staff,0,,,2026-06-18 21:43:14,2026-07-13 22:43:14
APT001080,REF001519,PRC0094,ORG015,LOC015,2025-11-02 18:14:24,2025-11-20 18:14:24,Completed,2025-11-20 19:14:24,NorthStar Staff,0,,,2025-11-02 18:14:24,2025-11-20 19:14:24
APT001081,REF001521,PRC0109,ORG030,LOC030,2026-04-21 22:05:52,2026-05-20 22:05:52,Scheduled,,NorthStar Staff,0,,,2026-04-21 22:05:52,2026-04-21 22:05:52
APT001082,REF001523,PRC0079,ORG025,LOC025,2025-10-16 01:52:24,2025-11-16 01:52:24,Completed,2025-11-16 02:52:24,NorthStar Staff,0,,,2025-10-16 01:52:24,2025-11-16 02:52:24
APT001083,REF001523,PRC0079,ORG025,LOC025,2025-10-11 01:52:24,2025-11-09 01:52:24,Rescheduled,2025-10-16 01:52:24,Specialist Office,0,Specialist schedule changed,APT001082,2025-10-11 01:52:24,2025-10-16 01:52:24
APT001084,REF001525,PRC0064,ORG010,LOC010,2025-10-17 08:37:07,2025-11-21 08:37:07,Completed,2025-11-21 09:37:07,NorthStar Staff,0,,,2025-10-17 08:37:07,2025-11-21 09:37:07
APT001085,REF001526,PRC0100,ORG021,LOC021,2026-03-11 02:54:47,2026-03-31 02:54:47,Completed,2026-03-31 03:54:47,NorthStar Staff,1,,,2026-03-11 02:54:47,2026-03-31 03:54:47
APT001086,REF001527,PRC0050,ORG021,LOC021,2026-01-08 02:43:16,2026-01-11 02:43:16,Scheduled,,NorthStar Staff,1,,,2026-01-08 02:43:16,2026-01-08 02:43:16
APT001087,REF001528,PRC0104,ORG025,LOC025,2026-06-13 05:59:49,2026-07-04 05:59:49,Completed,2026-07-04 06:59:49,NorthStar Staff,0,,,2026-06-13 05:59:49,2026-07-04 06:59:49
APT001088,REF001529,PRC0103,ORG024,LOC024,2026-04-22 13:35:00,2026-05-21 13:35:00,Completed,2026-05-21 14:35:00,NorthStar Staff,0,,,2026-04-22 13:35:00,2026-05-21 14:35:00
APT001089,REF001530,PRC0098,ORG019,LOC019,2026-06-15 03:29:39,2026-06-29 03:29:39,Completed,2026-06-29 04:29:39,NorthStar Staff,0,,,2026-06-15 03:29:39,2026-06-29 04:29:39
APT001090,REF001532,PRC0052,ORG023,LOC023,2026-03-08 02:29:10,2026-03-25 02:29:10,Completed,2026-03-25 03:29:10,NorthStar Staff,0,,,2026-03-08 02:29:10,2026-03-25 03:29:10
APT001091,REF001533,PRC0079,ORG025,LOC025,2025-11-21 20:37:31,2025-12-05 20:37:31,Completed,2025-12-05 21:37:31,NorthStar Staff,1,,,2025-11-21 20:37:31,2025-12-05 21:37:31
APT001092,REF001534,PRC0110,ORG031,LOC031,2026-05-18 02:02:00,2026-06-08 02:02:00,Scheduled,,NorthStar Staff,1,,,2026-05-18 02:02:00,2026-05-18 02:02:00
APT001093,REF001536,PRC0050,ORG021,LOC021,2026-04-01 05:18:55,2026-04-29 05:18:55,Completed,2026-04-29 06:18:55,NorthStar Staff,0,,,2026-04-01 05:18:55,2026-04-29 06:18:55
APT001094,REF001536,PRC0050,ORG021,LOC021,2026-03-27 05:18:55,2026-04-22 05:18:55,Rescheduled,2026-04-01 05:18:55,Specialist Office,0,Specialist schedule changed,APT001093,2026-03-27 05:18:55,2026-04-01 05:18:55
APT001095,REF001537,PRC0065,ORG011,LOC011,2025-11-21 23:59:38,2025-12-21 23:59:38,Completed,2025-12-22 00:59:38,NorthStar Staff,1,,,2025-11-21 23:59:38,2025-12-22 00:59:38
APT001096,REF001538,PRC0057,ORG028,LOC028,2025-09-19 10:56:38,2025-10-12 10:56:38,Completed,2025-10-12 11:56:38,NorthStar Staff,1,,,2025-09-19 10:56:38,2025-10-12 11:56:38
APT001097,REF001539,PRC0058,ORG029,LOC029,2026-06-24 17:44:17,2026-07-24 17:44:17,Completed,2026-07-24 18:44:17,NorthStar Staff,1,,,2026-06-24 17:44:17,2026-07-24 18:44:17
APT001098,REF001540,PRC0086,ORG007,LOC007,2026-02-17 23:03:16,2026-03-14 23:03:16,Completed,2026-03-15 00:03:16,NorthStar Staff,0,,,2026-02-17 23:03:16,2026-03-15 00:03:16
APT001099,REF001541,PRC0069,ORG015,LOC015,2025-10-08 01:28:11,2025-11-10 01:28:11,Completed,2025-11-10 02:28:11,NorthStar Staff,0,,,2025-10-08 01:28:11,2025-11-10 02:28:11
APT001100,REF001542,PRC0069,ORG015,LOC015,2025-11-15 07:05:27,2025-12-02 07:05:27,Scheduled,,NorthStar Staff,0,,,2025-11-15 07:05:27,2025-11-15 07:05:27
APT001101,REF001542,PRC0069,ORG015,LOC015,2025-11-10 07:05:27,2025-11-25 07:05:27,Rescheduled,2025-11-15 07:05:27,Specialist Office,0,Specialist schedule changed,APT001100,2025-11-10 07:05:27,2025-11-15 07:05:27
APT001102,REF001543,PRC0068,ORG014,LOC014,2025-12-02 11:05:11,2025-12-22 11:05:11,Completed,2025-12-22 12:05:11,NorthStar Staff,0,,,2025-12-02 11:05:11,2025-12-22 12:05:11
APT001103,REF001544,PRC0093,ORG014,LOC014,2026-05-20 03:30:47,2026-06-18 03:30:47,Scheduled,,NorthStar Staff,0,,,2026-05-20 03:30:47,2026-05-20 03:30:47
APT001104,REF001545,PRC0040,ORG011,LOC011,2026-01-22 16:51:18,2026-02-22 16:51:18,Scheduled,,NorthStar Staff,0,,,2026-01-22 16:51:18,2026-01-22 16:51:18
APT001105,REF001546,PRC0069,ORG015,LOC015,2026-01-20 20:29:15,2026-02-01 20:29:15,Scheduled,,NorthStar Staff,1,,,2026-01-20 20:29:15,2026-01-20 20:29:15
APT001106,REF001547,PRC0080,ORG026,LOC026,2026-04-21 16:18:18,2026-05-18 16:18:18,Scheduled,,NorthStar Staff,0,,,2026-04-21 16:18:18,2026-04-21 16:18:18
APT001107,REF001549,PRC0081,ORG027,LOC027,2025-11-20 20:51:30,2025-11-27 20:51:30,Completed,2025-11-27 21:51:30,NorthStar Staff,1,,,2025-11-20 20:51:30,2025-11-27 21:51:30
APT001108,REF001551,PRC0056,ORG027,LOC027,2026-06-25 11:27:26,2026-07-06 11:27:26,Completed,2026-07-06 12:27:26,NorthStar Staff,0,,,2026-06-25 11:27:26,2026-07-06 12:27:26
APT001109,REF001554,PRC0076,ORG022,LOC022,2026-07-03 05:09:56,2026-07-22 05:09:56,Completed,2026-07-22 06:09:56,NorthStar Staff,0,,,2026-07-03 05:09:56,2026-07-22 06:09:56
APT001110,REF001558,PRC0077,ORG023,LOC023,2025-08-26 23:45:37,2025-09-24 23:45:37,Completed,2025-09-25 00:45:37,NorthStar Staff,0,,,2025-08-26 23:45:37,2025-09-25 00:45:37
APT001111,REF001559,PRC0039,ORG010,LOC010,2026-06-30 12:22:07,2026-07-22 12:22:07,Completed,2026-07-22 13:22:07,NorthStar Staff,1,,,2026-06-30 12:22:07,2026-07-22 13:22:07
APT001112,REF001561,PRC0096,ORG017,LOC017,2026-06-06 07:59:42,2026-06-30 07:59:42,Completed,2026-06-30 08:59:42,NorthStar Staff,0,,,2026-06-06 07:59:42,2026-06-30 08:59:42
APT001113,REF001562,PRC0079,ORG025,LOC025,2026-05-05 11:12:17,2026-05-25 11:12:17,Completed,2026-05-25 12:12:17,NorthStar Staff,0,,,2026-05-05 11:12:17,2026-05-25 12:12:17
APT001114,REF001563,PRC0080,ORG026,LOC026,2026-04-21 21:13:19,2026-05-09 21:13:19,Scheduled,,NorthStar Staff,0,,,2026-04-21 21:13:19,2026-04-21 21:13:19
APT001115,REF001563,PRC0080,ORG026,LOC026,2026-04-16 21:13:19,2026-05-02 21:13:19,Rescheduled,2026-04-21 21:13:19,Specialist Office,0,Specialist schedule changed,APT001114,2026-04-16 21:13:19,2026-04-21 21:13:19
APT001116,REF001565,PRC0071,ORG017,LOC017,2026-03-04 11:00:57,2026-03-22 11:00:57,Completed,2026-03-22 12:00:57,NorthStar Staff,0,,,2026-03-04 11:00:57,2026-03-22 12:00:57
APT001117,REF001565,PRC0071,ORG017,LOC017,2026-02-27 11:00:57,2026-03-15 11:00:57,Rescheduled,2026-03-04 11:00:57,Specialist Office,0,Specialist schedule changed,APT001116,2026-02-27 11:00:57,2026-03-04 11:00:57
APT001118,REF001566,PRC0090,ORG011,LOC011,2025-10-18 07:52:29,2025-11-05 07:52:29,Completed,2025-11-05 08:52:29,NorthStar Staff,0,,,2025-10-18 07:52:29,2025-11-05 08:52:29
APT001119,REF001567,PRC0053,ORG024,LOC024,2025-09-08 00:33:20,2025-10-07 00:33:20,Completed,2025-10-07 01:33:20,NorthStar Staff,0,,,2025-09-08 00:33:20,2025-10-07 01:33:20
APT001120,REF001568,PRC0055,ORG026,LOC026,2025-11-28 00:47:01,2025-12-12 00:47:01,Completed,2025-12-12 01:47:01,NorthStar Staff,0,,,2025-11-28 00:47:01,2025-12-12 01:47:01
APT001121,REF001569,PRC0076,ORG022,LOC022,2025-08-29 11:56:43,2025-09-20 11:56:43,Completed,2025-09-20 12:56:43,NorthStar Staff,0,,,2025-08-29 11:56:43,2025-09-20 12:56:43
APT001122,REF001574,PRC0044,ORG015,LOC015,2025-11-09 03:58:10,2025-11-18 03:58:10,Completed,2025-11-18 04:58:10,NorthStar Staff,0,,,2025-11-09 03:58:10,2025-11-18 04:58:10
APT001123,REF001575,PRC0069,ORG015,LOC015,2025-08-07 20:46:05,2025-08-21 20:46:05,Completed,2025-08-21 21:46:05,NorthStar Staff,0,,,2025-08-07 20:46:05,2025-08-21 21:46:05
APT001124,REF001576,PRC0055,ORG026,LOC026,2026-04-26 22:53:23,2026-05-24 22:53:23,Completed,2026-05-24 23:53:23,NorthStar Staff,1,,,2026-04-26 22:53:23,2026-05-24 23:53:23
APT001125,REF001577,PRC0076,ORG022,LOC022,2025-08-13 10:41:59,2025-09-15 10:41:59,Scheduled,,NorthStar Staff,0,,,2025-08-13 10:41:59,2025-08-13 10:41:59
APT001126,REF001579,PRC0093,ORG014,LOC014,2026-03-07 17:18:56,2026-04-11 17:18:56,Completed,2026-04-11 18:18:56,NorthStar Staff,0,,,2026-03-07 17:18:56,2026-04-11 18:18:56
APT001127,REF001583,PRC0060,ORG031,LOC031,2026-02-10 03:10:30,2026-02-15 03:10:30,Completed,2026-02-15 04:10:30,NorthStar Staff,0,,,2026-02-10 03:10:30,2026-02-15 04:10:30
APT001128,REF001584,PRC0080,ORG026,LOC026,2025-09-24 03:44:25,2025-10-19 03:44:25,Completed,2025-10-19 04:44:25,NorthStar Staff,0,,,2025-09-24 03:44:25,2025-10-19 04:44:25
APT001129,REF001586,PRC0079,ORG025,LOC025,2026-04-01 17:13:29,2026-04-04 17:13:29,Scheduled,,NorthStar Staff,0,,,2026-04-01 17:13:29,2026-04-01 17:13:29
APT001130,REF001587,PRC0107,ORG028,LOC028,2026-06-04 13:12:41,2026-07-08 13:12:41,Scheduled,,NorthStar Staff,0,,,2026-06-04 13:12:41,2026-06-04 13:12:41
APT001131,REF001589,PRC0071,ORG017,LOC017,2026-05-09 00:33:46,2026-05-18 00:33:46,Completed,2026-05-18 01:33:46,NorthStar Staff,0,,,2026-05-09 00:33:46,2026-05-18 01:33:46
APT001132,REF001590,PRC0046,ORG017,LOC017,2025-12-02 08:38:07,2026-01-03 08:38:07,Completed,2026-01-03 09:38:07,NorthStar Staff,0,,,2025-12-02 08:38:07,2026-01-03 09:38:07
APT001133,REF001591,PRC0101,ORG022,LOC022,2026-02-27 03:45:35,2026-03-22 03:45:35,Completed,2026-03-22 04:45:35,NorthStar Staff,1,,,2026-02-27 03:45:35,2026-03-22 04:45:35
APT001134,REF001593,PRC0057,ORG028,LOC028,2026-03-19 19:58:59,2026-04-06 19:58:59,Completed,2026-04-06 20:58:59,NorthStar Staff,0,,,2026-03-19 19:58:59,2026-04-06 20:58:59
APT001135,REF001595,PRC0101,ORG022,LOC022,2025-09-15 04:08:24,2025-09-24 04:08:24,Completed,2025-09-24 05:08:24,NorthStar Staff,1,,,2025-09-15 04:08:24,2025-09-24 05:08:24
APT001136,REF001598,PRC0053,ORG024,LOC024,2026-05-21 13:50:25,2026-05-31 13:50:25,Completed,2026-05-31 14:50:25,NorthStar Staff,0,,,2026-05-21 13:50:25,2026-05-31 14:50:25
APT001137,REF001600,PRC0039,ORG010,LOC010,2025-11-29 05:56:33,2025-12-06 05:56:33,Completed,2025-12-06 06:56:33,NorthStar Staff,0,,,2025-11-29 05:56:33,2025-12-06 06:56:33
APT001138,REF001601,PRC0063,ORG009,LOC009,2026-07-11 01:46:06,2026-08-07 01:46:06,Completed,2026-08-07 02:46:06,NorthStar Staff,0,,,2026-07-11 01:46:06,2026-08-07 02:46:06
APT001139,REF001602,PRC0095,ORG016,LOC016,2025-12-31 13:49:03,2026-01-11 13:49:03,Completed,2026-01-11 14:49:03,NorthStar Staff,1,,,2025-12-31 13:49:03,2026-01-11 14:49:03
APT001140,REF001606,PRC0077,ORG023,LOC023,2026-02-14 04:01:41,2026-03-02 04:01:41,Completed,2026-03-02 05:01:41,NorthStar Staff,0,,,2026-02-14 04:01:41,2026-03-02 05:01:41
APT001141,REF001607,PRC0104,ORG025,LOC025,2026-04-07 22:39:48,2026-04-28 22:39:48,Completed,2026-04-28 23:39:48,NorthStar Staff,0,,,2026-04-07 22:39:48,2026-04-28 23:39:48
APT001142,REF001609,PRC0105,ORG026,LOC026,2026-01-27 09:48:15,2026-02-20 09:48:15,Completed,2026-02-20 10:48:15,NorthStar Staff,0,,,2026-01-27 09:48:15,2026-02-20 10:48:15
APT001143,REF001610,PRC0072,ORG018,LOC018,2026-06-25 08:53:22,2026-07-21 08:53:22,Completed,2026-07-21 09:53:22,NorthStar Staff,0,,,2026-06-25 08:53:22,2026-07-21 09:53:22
APT001144,REF001612,PRC0073,ORG019,LOC019,2026-02-22 00:04:31,2026-02-26 00:04:31,Completed,2026-02-26 01:04:31,NorthStar Staff,0,,,2026-02-22 00:04:31,2026-02-26 01:04:31
APT001145,REF001616,PRC0044,ORG015,LOC015,2025-10-17 10:42:10,2025-10-23 10:42:10,Scheduled,,NorthStar Staff,1,,,2025-10-17 10:42:10,2025-10-17 10:42:10
APT001146,REF001618,PRC0087,ORG008,LOC008,2026-04-11 16:03:33,2026-04-27 16:03:33,Completed,2026-04-27 17:03:33,NorthStar Staff,0,,,2026-04-11 16:03:33,2026-04-27 17:03:33
APT001147,REF001618,PRC0087,ORG008,LOC008,2026-04-06 16:03:33,2026-04-20 16:03:33,Rescheduled,2026-04-11 16:03:33,Specialist Office,0,Specialist schedule changed,APT001146,2026-04-06 16:03:33,2026-04-11 16:03:33
APT001148,REF001619,PRC0091,ORG012,LOC012,2026-07-07 23:35:59,2026-07-31 23:35:59,Completed,2026-08-01 00:35:59,NorthStar Staff,0,,,2026-07-07 23:35:59,2026-08-01 00:35:59
APT001149,REF001620,PRC0108,ORG029,LOC029,2025-09-09 23:44:22,2025-09-13 23:44:22,Completed,2025-09-14 00:44:22,NorthStar Staff,0,,,2025-09-09 23:44:22,2025-09-14 00:44:22
APT001150,REF001621,PRC0086,ORG007,LOC007,2026-02-16 02:29:45,2026-03-17 02:29:45,Completed,2026-03-17 03:29:45,NorthStar Staff,0,,,2026-02-16 02:29:45,2026-03-17 03:29:45
APT001151,REF001622,PRC0079,ORG025,LOC025,2026-03-20 14:22:11,2026-04-07 14:22:11,Completed,2026-04-07 15:22:11,NorthStar Staff,0,,,2026-03-20 14:22:11,2026-04-07 15:22:11
APT001152,REF001623,PRC0102,ORG023,LOC023,2025-11-24 04:51:06,2025-12-06 04:51:06,Scheduled,,NorthStar Staff,1,,,2025-11-24 04:51:06,2025-11-24 04:51:06
APT001153,REF001624,PRC0082,ORG028,LOC028,2025-08-19 00:16:38,2025-08-31 00:16:38,Completed,2025-08-31 01:16:38,NorthStar Staff,0,,,2025-08-19 00:16:38,2025-08-31 01:16:38
APT001154,REF001625,PRC0094,ORG015,LOC015,2026-05-06 13:46:15,2026-05-16 13:46:15,Completed,2026-05-16 14:46:15,NorthStar Staff,0,,,2026-05-06 13:46:15,2026-05-16 14:46:15
APT001155,REF001626,PRC0043,ORG014,LOC014,2026-05-10 20:10:29,2026-06-01 20:10:29,Completed,2026-06-01 21:10:29,NorthStar Staff,1,,,2026-05-10 20:10:29,2026-06-01 21:10:29
APT001156,REF001627,PRC0045,ORG016,LOC016,2026-03-28 03:35:05,2026-04-07 03:35:05,Scheduled,,NorthStar Staff,0,,,2026-03-28 03:35:05,2026-03-28 03:35:05
APT001157,REF001629,PRC0099,ORG020,LOC020,2026-03-13 13:18:09,2026-04-02 13:18:09,Completed,2026-04-02 14:18:09,NorthStar Staff,0,,,2026-03-13 13:18:09,2026-04-02 14:18:09
APT001158,REF001632,PRC0038,ORG009,LOC009,2025-12-27 02:21:56,2026-01-22 02:21:56,Completed,2026-01-22 03:21:56,NorthStar Staff,0,,,2025-12-27 02:21:56,2026-01-22 03:21:56
APT001159,REF001633,PRC0101,ORG022,LOC022,2025-09-17 00:18:27,2025-10-11 00:18:27,Scheduled,,NorthStar Staff,0,,,2025-09-17 00:18:27,2025-09-17 00:18:27
APT001160,REF001634,PRC0053,ORG024,LOC024,2026-04-27 23:11:53,2026-05-30 23:11:53,Completed,2026-05-31 00:11:53,NorthStar Staff,1,,,2026-04-27 23:11:53,2026-05-31 00:11:53
APT001161,REF001637,PRC0089,ORG010,LOC010,2026-05-26 02:22:37,2026-06-23 02:22:37,Completed,2026-06-23 03:22:37,NorthStar Staff,0,,,2026-05-26 02:22:37,2026-06-23 03:22:37
APT001162,REF001638,PRC0049,ORG020,LOC020,2026-04-26 06:12:29,2026-05-17 06:12:29,Completed,2026-05-17 07:12:29,NorthStar Staff,0,,,2026-04-26 06:12:29,2026-05-17 07:12:29
APT001163,REF001641,PRC0097,ORG018,LOC018,2025-12-25 12:11:47,2026-01-28 12:11:47,Completed,2026-01-28 13:11:47,NorthStar Staff,0,,,2025-12-25 12:11:47,2026-01-28 13:11:47
APT001164,REF001643,PRC0093,ORG014,LOC014,2026-04-18 15:16:51,2026-05-01 15:16:51,Completed,2026-05-01 16:16:51,NorthStar Staff,0,,,2026-04-18 15:16:51,2026-05-01 16:16:51
APT001165,REF001644,PRC0095,ORG016,LOC016,2025-12-26 12:10:58,2026-01-17 12:10:58,Completed,2026-01-17 13:10:58,NorthStar Staff,1,,,2025-12-26 12:10:58,2026-01-17 13:10:58
APT001166,REF001645,PRC0099,ORG020,LOC020,2026-07-01 13:13:52,2026-07-25 13:13:52,Completed,2026-07-25 14:13:52,NorthStar Staff,0,,,2026-07-01 13:13:52,2026-07-25 14:13:52
APT001167,REF001646,PRC0055,ORG026,LOC026,2026-07-12 11:39:55,2026-07-23 11:39:55,Completed,2026-07-23 12:39:55,NorthStar Staff,0,,,2026-07-12 11:39:55,2026-07-23 12:39:55
APT001168,REF001647,PRC0039,ORG010,LOC010,2025-11-15 14:36:39,2025-12-16 14:36:39,Completed,2025-12-16 15:36:39,NorthStar Staff,0,,,2025-11-15 14:36:39,2025-12-16 15:36:39
APT001169,REF001650,PRC0079,ORG025,LOC025,2026-05-29 12:07:25,2026-06-26 12:07:25,Completed,2026-06-26 13:07:25,NorthStar Staff,0,,,2026-05-29 12:07:25,2026-06-26 13:07:25
APT001170,REF001651,PRC0046,ORG017,LOC017,2026-02-06 08:38:23,2026-02-20 08:38:23,Scheduled,,NorthStar Staff,0,,,2026-02-06 08:38:23,2026-02-06 08:38:23
APT001171,REF001653,PRC0107,ORG028,LOC028,2026-06-06 09:04:45,2026-06-14 09:04:45,Completed,2026-06-14 10:04:45,NorthStar Staff,0,,,2026-06-06 09:04:45,2026-06-14 10:04:45
APT001172,REF001654,PRC0041,ORG012,LOC012,2025-11-09 10:35:32,2025-11-27 10:35:32,Scheduled,,NorthStar Staff,0,,,2025-11-09 10:35:32,2025-11-09 10:35:32
APT001173,REF001655,PRC0092,ORG013,LOC013,2026-02-26 12:45:09,2026-03-05 12:45:09,Completed,2026-03-05 13:45:09,NorthStar Staff,0,,,2026-02-26 12:45:09,2026-03-05 13:45:09
APT001174,REF001656,PRC0066,ORG012,LOC012,2026-03-17 05:18:58,2026-03-26 05:18:58,Completed,2026-03-26 06:18:58,NorthStar Staff,0,,,2026-03-17 05:18:58,2026-03-26 06:18:58
APT001175,REF001658,PRC0039,ORG010,LOC010,2026-04-28 07:45:56,2026-05-28 07:45:56,Completed,2026-05-28 08:45:56,NorthStar Staff,0,,,2026-04-28 07:45:56,2026-05-28 08:45:56
APT001176,REF001659,PRC0104,ORG025,LOC025,2026-02-17 14:12:40,2026-02-27 14:12:40,Completed,2026-02-27 15:12:40,NorthStar Staff,1,,,2026-02-17 14:12:40,2026-02-27 15:12:40
APT001177,REF001663,PRC0080,ORG026,LOC026,2026-06-30 04:49:00,2026-07-14 04:49:00,Completed,2026-07-14 05:49:00,NorthStar Staff,0,,,2026-06-30 04:49:00,2026-07-14 05:49:00
APT001178,REF001665,PRC0091,ORG012,LOC012,2025-11-25 23:32:37,2025-12-23 23:32:37,Scheduled,,NorthStar Staff,0,,,2025-11-25 23:32:37,2025-11-25 23:32:37
APT001179,REF001667,PRC0050,ORG021,LOC021,2025-11-17 18:31:59,2025-11-24 18:31:59,Completed,2025-11-24 19:31:59,NorthStar Staff,0,,,2025-11-17 18:31:59,2025-11-24 19:31:59
APT001180,REF001668,PRC0054,ORG025,LOC025,2026-01-20 02:13:48,2026-02-07 02:13:48,Completed,2026-02-07 03:13:48,NorthStar Staff,0,,,2026-01-20 02:13:48,2026-02-07 03:13:48
APT001181,REF001669,PRC0104,ORG025,LOC025,2026-06-25 01:33:59,2026-07-14 01:33:59,Scheduled,,NorthStar Staff,0,,,2026-06-25 01:33:59,2026-06-25 01:33:59
APT001182,REF001670,PRC0083,ORG029,LOC029,2025-10-17 05:14:30,2025-11-01 05:14:30,Completed,2025-11-01 06:14:30,NorthStar Staff,0,,,2025-10-17 05:14:30,2025-11-01 06:14:30
APT001183,REF001672,PRC0089,ORG010,LOC010,2026-01-04 03:27:07,2026-02-07 03:27:07,Completed,2026-02-07 04:27:07,NorthStar Staff,0,,,2026-01-04 03:27:07,2026-02-07 04:27:07
APT001184,REF001673,PRC0042,ORG013,LOC013,2026-02-25 09:38:16,2026-03-18 09:38:16,Completed,2026-03-18 10:38:16,NorthStar Staff,0,,,2026-02-25 09:38:16,2026-03-18 10:38:16
APT001185,REF001674,PRC0046,ORG017,LOC017,2026-01-28 09:18:51,2026-01-31 09:18:51,Completed,2026-01-31 10:18:51,NorthStar Staff,0,,,2026-01-28 09:18:51,2026-01-31 10:18:51
APT001186,REF001676,PRC0088,ORG009,LOC009,2026-06-15 23:16:55,2026-06-21 23:16:55,Completed,2026-06-22 00:16:55,NorthStar Staff,0,,,2026-06-15 23:16:55,2026-06-22 00:16:55
APT001187,REF001677,PRC0039,ORG010,LOC010,2025-09-01 18:28:30,2025-09-17 18:28:30,Scheduled,,NorthStar Staff,0,,,2025-09-01 18:28:30,2025-09-01 18:28:30
APT001188,REF001678,PRC0056,ORG027,LOC027,2026-01-08 06:28:26,2026-02-03 06:28:26,Completed,2026-02-03 07:28:26,NorthStar Staff,0,,,2026-01-08 06:28:26,2026-02-03 07:28:26
APT001189,REF001679,PRC0070,ORG016,LOC016,2026-03-17 14:55:20,2026-03-27 14:55:20,Scheduled,,NorthStar Staff,0,,,2026-03-17 14:55:20,2026-03-17 14:55:20
APT001190,REF001680,PRC0049,ORG020,LOC020,2026-03-09 08:00:50,2026-04-06 08:00:50,Scheduled,,NorthStar Staff,0,,,2026-03-09 08:00:50,2026-03-09 08:00:50
APT001191,REF001682,PRC0075,ORG021,LOC021,2026-04-25 02:24:05,2026-05-20 02:24:05,Completed,2026-05-20 03:24:05,NorthStar Staff,1,,,2026-04-25 02:24:05,2026-05-20 03:24:05
APT001192,REF001683,PRC0107,ORG028,LOC028,2025-09-29 11:33:57,2025-10-23 11:33:57,Completed,2025-10-23 12:33:57,NorthStar Staff,0,,,2025-09-29 11:33:57,2025-10-23 12:33:57
APT001193,REF001684,PRC0046,ORG017,LOC017,2026-02-23 20:08:17,2026-03-01 20:08:17,Completed,2026-03-01 21:08:17,NorthStar Staff,0,,,2026-02-23 20:08:17,2026-03-01 21:08:17
APT001194,REF001685,PRC0051,ORG022,LOC022,2026-07-17 12:38:18,2026-08-06 12:38:18,Scheduled,,NorthStar Staff,1,,,2026-07-17 12:38:18,2026-07-17 12:38:18
APT001195,REF001686,PRC0107,ORG028,LOC028,2025-10-03 22:56:21,2025-10-19 22:56:21,Completed,2025-10-19 23:56:21,NorthStar Staff,1,,,2025-10-03 22:56:21,2025-10-19 23:56:21
APT001196,REF001687,PRC0082,ORG028,LOC028,2025-12-05 10:30:45,2025-12-26 10:30:45,Completed,2025-12-26 11:30:45,NorthStar Staff,0,,,2025-12-05 10:30:45,2025-12-26 11:30:45
APT001197,REF001688,PRC0042,ORG013,LOC013,2025-08-24 06:03:28,2025-09-07 06:03:28,Completed,2025-09-07 07:03:28,NorthStar Staff,0,,,2025-08-24 06:03:28,2025-09-07 07:03:28
APT001198,REF001689,PRC0105,ORG026,LOC026,2025-11-07 19:13:21,2025-12-03 19:13:21,Completed,2025-12-03 20:13:21,NorthStar Staff,0,,,2025-11-07 19:13:21,2025-12-03 20:13:21
APT001199,REF001690,PRC0087,ORG008,LOC008,2026-03-10 21:45:15,2026-04-01 21:45:15,Scheduled,,NorthStar Staff,1,,,2026-03-10 21:45:15,2026-03-10 21:45:15
APT001200,REF001691,PRC0066,ORG012,LOC012,2026-01-22 09:44:34,2026-01-29 09:44:34,Completed,2026-01-29 10:44:34,NorthStar Staff,0,,,2026-01-22 09:44:34,2026-01-29 10:44:34
APT001201,REF001692,PRC0063,ORG009,LOC009,2025-09-16 05:57:47,2025-10-10 05:57:47,Completed,2025-10-10 06:57:47,NorthStar Staff,0,,,2025-09-16 05:57:47,2025-10-10 06:57:47
APT001202,REF001693,PRC0105,ORG026,LOC026,2025-12-07 13:17:30,2025-12-30 13:17:30,Completed,2025-12-30 14:17:30,NorthStar Staff,0,,,2025-12-07 13:17:30,2025-12-30 14:17:30
APT001203,REF001694,PRC0079,ORG025,LOC025,2025-09-16 03:18:16,2025-10-11 03:18:16,Scheduled,,NorthStar Staff,0,,,2025-09-16 03:18:16,2025-09-16 03:18:16
APT001204,REF001694,PRC0079,ORG025,LOC025,2025-09-11 03:18:16,2025-10-04 03:18:16,Rescheduled,2025-09-16 03:18:16,Specialist Office,0,Specialist schedule changed,APT001203,2025-09-11 03:18:16,2025-09-16 03:18:16
APT001205,REF001695,PRC0109,ORG030,LOC030,2025-09-08 13:40:47,2025-10-10 13:40:47,Completed,2025-10-10 14:40:47,NorthStar Staff,0,,,2025-09-08 13:40:47,2025-10-10 14:40:47
APT001206,REF001699,PRC0056,ORG027,LOC027,2025-10-06 18:51:56,2025-11-07 18:51:56,Completed,2025-11-07 19:51:56,NorthStar Staff,1,,,2025-10-06 18:51:56,2025-11-07 19:51:56
APT001207,REF001701,PRC0097,ORG018,LOC018,2025-10-27 19:45:01,2025-11-02 19:45:01,Completed,2025-11-02 20:45:01,NorthStar Staff,0,,,2025-10-27 19:45:01,2025-11-02 20:45:01
APT001208,REF001702,PRC0057,ORG028,LOC028,2025-08-30 02:03:13,2025-09-25 02:03:13,Completed,2025-09-25 03:03:13,NorthStar Staff,0,,,2025-08-30 02:03:13,2025-09-25 03:03:13
APT001209,REF001704,PRC0049,ORG020,LOC020,2025-10-26 15:57:47,2025-11-29 15:57:47,Scheduled,,NorthStar Staff,0,,,2025-10-26 15:57:47,2025-10-26 15:57:47
APT001210,REF001705,PRC0095,ORG016,LOC016,2025-11-22 02:02:41,2025-12-22 02:02:41,Scheduled,,NorthStar Staff,0,,,2025-11-22 02:02:41,2025-11-22 02:02:41
APT001211,REF001706,PRC0062,ORG008,LOC008,2025-12-18 18:49:10,2026-01-14 18:49:10,Completed,2026-01-14 19:49:10,NorthStar Staff,0,,,2025-12-18 18:49:10,2026-01-14 19:49:10
APT001212,REF001706,PRC0062,ORG008,LOC008,2025-12-13 18:49:10,2026-01-07 18:49:10,Rescheduled,2025-12-18 18:49:10,Specialist Office,0,Specialist schedule changed,APT001211,2025-12-13 18:49:10,2025-12-18 18:49:10
APT001213,REF001707,PRC0041,ORG012,LOC012,2026-02-23 13:46:06,2026-03-18 13:46:06,Completed,2026-03-18 14:46:06,NorthStar Staff,1,,,2026-02-23 13:46:06,2026-03-18 14:46:06
APT001214,REF001708,PRC0104,ORG025,LOC025,2025-10-05 15:48:32,2025-10-20 15:48:32,Completed,2025-10-20 16:48:32,NorthStar Staff,0,,,2025-10-05 15:48:32,2025-10-20 16:48:32
APT001215,REF001709,PRC0059,ORG030,LOC030,2026-03-14 05:14:42,2026-04-07 05:14:42,Scheduled,,NorthStar Staff,0,,,2026-03-14 05:14:42,2026-03-14 05:14:42
APT001216,REF001711,PRC0067,ORG013,LOC013,2026-07-17 10:50:53,2026-08-01 10:50:53,Scheduled,,NorthStar Staff,0,,,2026-07-17 10:50:53,2026-07-17 10:50:53
APT001217,REF001713,PRC0041,ORG012,LOC012,2025-09-11 20:09:13,2025-09-19 20:09:13,Completed,2025-09-19 21:09:13,NorthStar Staff,0,,,2025-09-11 20:09:13,2025-09-19 21:09:13
APT001218,REF001714,PRC0053,ORG024,LOC024,2025-12-05 05:34:57,2025-12-08 05:34:57,Completed,2025-12-08 06:34:57,NorthStar Staff,0,,,2025-12-05 05:34:57,2025-12-08 06:34:57
APT001219,REF001715,PRC0080,ORG026,LOC026,2025-12-29 00:08:44,2026-01-09 00:08:44,Completed,2026-01-09 01:08:44,NorthStar Staff,0,,,2025-12-29 00:08:44,2026-01-09 01:08:44
APT001220,REF001715,PRC0080,ORG026,LOC026,2025-12-24 00:08:44,2026-01-02 00:08:44,Rescheduled,2025-12-29 00:08:44,Specialist Office,0,Specialist schedule changed,APT001219,2025-12-24 00:08:44,2025-12-29 00:08:44
APT001221,REF001716,PRC0110,ORG031,LOC031,2026-06-07 14:25:32,2026-06-26 14:25:32,Completed,2026-06-26 15:25:32,NorthStar Staff,1,,,2026-06-07 14:25:32,2026-06-26 15:25:32
APT001222,REF001718,PRC0074,ORG020,LOC020,2026-06-15 05:23:59,2026-07-07 05:23:59,Completed,2026-07-07 06:23:59,NorthStar Staff,1,,,2026-06-15 05:23:59,2026-07-07 06:23:59
APT001223,REF001720,PRC0047,ORG018,LOC018,2026-05-26 01:17:24,2026-06-29 01:17:24,Completed,2026-06-29 02:17:24,NorthStar Staff,0,,,2026-05-26 01:17:24,2026-06-29 02:17:24
APT001224,REF001723,PRC0070,ORG016,LOC016,2026-04-02 15:26:11,2026-04-10 15:26:11,Completed,2026-04-10 16:26:11,NorthStar Staff,0,,,2026-04-02 15:26:11,2026-04-10 16:26:11
APT001225,REF001724,PRC0081,ORG027,LOC027,2025-10-08 12:21:54,2025-10-19 12:21:54,Completed,2025-10-19 13:21:54,NorthStar Staff,0,,,2025-10-08 12:21:54,2025-10-19 13:21:54
APT001226,REF001725,PRC0046,ORG017,LOC017,2026-05-31 06:03:29,2026-06-25 06:03:29,Completed,2026-06-25 07:03:29,NorthStar Staff,0,,,2026-05-31 06:03:29,2026-06-25 07:03:29
APT001227,REF001726,PRC0067,ORG013,LOC013,2025-12-04 21:37:55,2025-12-21 21:37:55,Completed,2025-12-21 22:37:55,NorthStar Staff,0,,,2025-12-04 21:37:55,2025-12-21 22:37:55
APT001228,REF001728,PRC0040,ORG011,LOC011,2025-11-02 07:18:06,2025-11-20 07:18:06,Completed,2025-11-20 08:18:06,NorthStar Staff,0,,,2025-11-02 07:18:06,2025-11-20 08:18:06
APT001229,REF001731,PRC0061,ORG007,LOC007,2026-03-26 00:53:36,2026-04-30 00:53:36,Completed,2026-04-30 01:53:36,NorthStar Staff,0,,,2026-03-26 00:53:36,2026-04-30 01:53:36
APT001230,REF001732,PRC0060,ORG031,LOC031,2025-10-11 16:51:49,2025-10-17 16:51:49,Completed,2025-10-17 17:51:49,NorthStar Staff,0,,,2025-10-11 16:51:49,2025-10-17 17:51:49
APT001231,REF001735,PRC0037,ORG008,LOC008,2025-08-11 10:55:11,2025-08-24 10:55:11,Completed,2025-08-24 11:55:11,NorthStar Staff,0,,,2025-08-11 10:55:11,2025-08-24 11:55:11
APT001232,REF001738,PRC0099,ORG020,LOC020,2026-04-17 03:44:03,2026-05-13 03:44:03,Completed,2026-05-13 04:44:03,NorthStar Staff,0,,,2026-04-17 03:44:03,2026-05-13 04:44:03
APT001233,REF001739,PRC0083,ORG029,LOC029,2025-11-11 20:48:40,2025-12-12 20:48:40,Scheduled,,NorthStar Staff,0,,,2025-11-11 20:48:40,2025-11-11 20:48:40
APT001234,REF001740,PRC0095,ORG016,LOC016,2025-11-05 04:26:40,2025-11-11 04:26:40,Completed,2025-11-11 05:26:40,NorthStar Staff,0,,,2025-11-05 04:26:40,2025-11-11 05:26:40
APT001235,REF001740,PRC0095,ORG016,LOC016,2025-10-31 04:26:40,2025-11-04 04:26:40,Rescheduled,2025-11-05 04:26:40,Specialist Office,0,Specialist schedule changed,APT001234,2025-10-31 04:26:40,2025-11-05 04:26:40
APT001236,REF001741,PRC0082,ORG028,LOC028,2025-11-16 12:57:06,2025-12-04 12:57:06,Completed,2025-12-04 13:57:06,NorthStar Staff,0,,,2025-11-16 12:57:06,2025-12-04 13:57:06
APT001237,REF001742,PRC0082,ORG028,LOC028,2026-07-07 18:16:10,2026-08-10 18:16:10,Scheduled,,NorthStar Staff,0,,,2026-07-07 18:16:10,2026-07-07 18:16:10
APT001238,REF001744,PRC0083,ORG029,LOC029,2026-05-27 02:13:46,2026-06-04 02:13:46,Completed,2026-06-04 03:13:46,NorthStar Staff,0,,,2026-05-27 02:13:46,2026-06-04 03:13:46
APT001239,REF001744,PRC0083,ORG029,LOC029,2026-05-22 02:13:46,2026-05-28 02:13:46,Rescheduled,2026-05-27 02:13:46,Specialist Office,0,Specialist schedule changed,APT001238,2026-05-22 02:13:46,2026-05-27 02:13:46
APT001240,REF001745,PRC0055,ORG026,LOC026,2026-02-01 22:07:58,2026-02-08 22:07:58,Completed,2026-02-08 23:07:58,NorthStar Staff,0,,,2026-02-01 22:07:58,2026-02-08 23:07:58
APT001241,REF001746,PRC0100,ORG021,LOC021,2025-10-15 12:29:05,2025-11-13 12:29:05,Completed,2025-11-13 13:29:05,NorthStar Staff,0,,,2025-10-15 12:29:05,2025-11-13 13:29:05
APT001242,REF001747,PRC0068,ORG014,LOC014,2025-10-18 23:57:41,2025-11-05 23:57:41,Completed,2025-11-06 00:57:41,NorthStar Staff,0,,,2025-10-18 23:57:41,2025-11-06 00:57:41
APT001243,REF001749,PRC0057,ORG028,LOC028,2025-08-31 06:51:01,2025-09-28 06:51:01,Completed,2025-09-28 07:51:01,NorthStar Staff,0,,,2025-08-31 06:51:01,2025-09-28 07:51:01
APT001244,REF001750,PRC0079,ORG025,LOC025,2026-07-06 15:09:55,2026-07-24 15:09:55,Completed,2026-07-24 16:09:55,NorthStar Staff,0,,,2026-07-06 15:09:55,2026-07-24 16:09:55
APT001245,REF001753,PRC0099,ORG020,LOC020,2026-06-21 11:16:48,2026-07-08 11:16:48,Completed,2026-07-08 12:16:48,NorthStar Staff,0,,,2026-06-21 11:16:48,2026-07-08 12:16:48
APT001246,REF001754,PRC0054,ORG025,LOC025,2026-02-28 18:05:31,2026-03-19 18:05:31,Completed,2026-03-19 19:05:31,NorthStar Staff,0,,,2026-02-28 18:05:31,2026-03-19 19:05:31
APT001247,REF001756,PRC0062,ORG008,LOC008,2026-07-03 19:28:27,2026-07-20 19:28:27,Scheduled,,NorthStar Staff,0,,,2026-07-03 19:28:27,2026-07-03 19:28:27
APT001248,REF001757,PRC0103,ORG024,LOC024,2026-04-19 16:02:24,2026-04-25 16:02:24,Completed,2026-04-25 17:02:24,NorthStar Staff,0,,,2026-04-19 16:02:24,2026-04-25 17:02:24
APT001249,REF001758,PRC0067,ORG013,LOC013,2025-09-11 23:42:47,2025-09-14 23:42:47,Completed,2025-09-15 00:42:47,NorthStar Staff,0,,,2025-09-11 23:42:47,2025-09-15 00:42:47
APT001250,REF001759,PRC0062,ORG008,LOC008,2025-10-04 11:34:35,2025-10-29 11:34:35,Completed,2025-10-29 12:34:35,NorthStar Staff,0,,,2025-10-04 11:34:35,2025-10-29 12:34:35
APT001251,REF001760,PRC0073,ORG019,LOC019,2025-10-27 15:26:16,2025-10-31 15:26:16,Completed,2025-10-31 16:26:16,NorthStar Staff,0,,,2025-10-27 15:26:16,2025-10-31 16:26:16
APT001252,REF001762,PRC0045,ORG016,LOC016,2025-10-03 23:13:40,2025-10-31 23:13:40,Completed,2025-11-01 00:13:40,NorthStar Staff,0,,,2025-10-03 23:13:40,2025-11-01 00:13:40
APT001253,REF001763,PRC0069,ORG015,LOC015,2026-07-10 00:56:43,2026-07-28 00:56:43,Completed,2026-07-28 01:56:43,NorthStar Staff,0,,,2026-07-10 00:56:43,2026-07-28 01:56:43
APT001254,REF001765,PRC0110,ORG031,LOC031,2026-05-13 16:37:10,2026-05-20 16:37:10,Completed,2026-05-20 17:37:10,NorthStar Staff,1,,,2026-05-13 16:37:10,2026-05-20 17:37:10
APT001255,REF001767,PRC0054,ORG025,LOC025,2025-10-26 05:42:13,2025-11-04 05:42:13,Completed,2025-11-04 06:42:13,NorthStar Staff,0,,,2025-10-26 05:42:13,2025-11-04 06:42:13
APT001256,REF001768,PRC0076,ORG022,LOC022,2025-09-22 23:02:37,2025-10-25 23:02:37,Completed,2025-10-26 00:02:37,NorthStar Staff,1,,,2025-09-22 23:02:37,2025-10-26 00:02:37
APT001257,REF001769,PRC0088,ORG009,LOC009,2026-04-27 13:41:22,2026-05-25 13:41:22,Completed,2026-05-25 14:41:22,NorthStar Staff,0,,,2026-04-27 13:41:22,2026-05-25 14:41:22
APT001258,REF001770,PRC0048,ORG019,LOC019,2025-08-19 08:07:03,2025-08-27 08:07:03,Completed,2025-08-27 09:07:03,NorthStar Staff,0,,,2025-08-19 08:07:03,2025-08-27 09:07:03
APT001259,REF001770,PRC0048,ORG019,LOC019,2025-08-14 08:07:03,2025-08-20 08:07:03,Rescheduled,2025-08-19 08:07:03,Specialist Office,0,Specialist schedule changed,APT001258,2025-08-14 08:07:03,2025-08-19 08:07:03
APT001260,REF001771,PRC0096,ORG017,LOC017,2026-01-10 06:45:00,2026-02-10 06:45:00,Completed,2026-02-10 07:45:00,NorthStar Staff,0,,,2026-01-10 06:45:00,2026-02-10 07:45:00
APT001261,REF001773,PRC0063,ORG009,LOC009,2025-08-25 03:54:40,2025-09-25 03:54:40,Completed,2025-09-25 04:54:40,NorthStar Staff,0,,,2025-08-25 03:54:40,2025-09-25 04:54:40
APT001262,REF001775,PRC0100,ORG021,LOC021,2026-03-19 16:47:31,2026-04-17 16:47:31,Scheduled,,NorthStar Staff,0,,,2026-03-19 16:47:31,2026-03-19 16:47:31
APT001263,REF001776,PRC0044,ORG015,LOC015,2026-05-29 16:42:54,2026-06-12 16:42:54,Scheduled,,NorthStar Staff,0,,,2026-05-29 16:42:54,2026-05-29 16:42:54
APT001264,REF001777,PRC0105,ORG026,LOC026,2025-08-26 03:27:30,2025-09-01 03:27:30,Completed,2025-09-01 04:27:30,NorthStar Staff,0,,,2025-08-26 03:27:30,2025-09-01 04:27:30
APT001265,REF001778,PRC0074,ORG020,LOC020,2025-11-12 23:26:01,2025-12-11 23:26:01,Completed,2025-12-12 00:26:01,NorthStar Staff,1,,,2025-11-12 23:26:01,2025-12-12 00:26:01
APT001266,REF001779,PRC0103,ORG024,LOC024,2026-02-10 15:00:08,2026-03-17 15:00:08,Scheduled,,NorthStar Staff,0,,,2026-02-10 15:00:08,2026-02-10 15:00:08
APT001267,REF001780,PRC0066,ORG012,LOC012,2025-08-20 00:46:13,2025-09-13 00:46:13,Completed,2025-09-13 01:46:13,NorthStar Staff,1,,,2025-08-20 00:46:13,2025-09-13 01:46:13
APT001268,REF001784,PRC0058,ORG029,LOC029,2026-05-21 00:52:52,2026-06-11 00:52:52,Completed,2026-06-11 01:52:52,NorthStar Staff,1,,,2026-05-21 00:52:52,2026-06-11 01:52:52
APT001269,REF001787,PRC0082,ORG028,LOC028,2026-03-15 01:17:05,2026-03-31 01:17:05,Completed,2026-03-31 02:17:05,NorthStar Staff,0,,,2026-03-15 01:17:05,2026-03-31 02:17:05
APT001270,REF001788,PRC0103,ORG024,LOC024,2025-12-06 14:20:05,2025-12-31 14:20:05,Completed,2025-12-31 15:20:05,NorthStar Staff,0,,,2025-12-06 14:20:05,2025-12-31 15:20:05
APT001271,REF001789,PRC0089,ORG010,LOC010,2025-12-29 23:03:44,2026-01-03 23:03:44,Completed,2026-01-04 00:03:44,NorthStar Staff,0,,,2025-12-29 23:03:44,2026-01-04 00:03:44
APT001272,REF001790,PRC0070,ORG016,LOC016,2025-12-28 20:33:59,2026-01-07 20:33:59,Completed,2026-01-07 21:33:59,NorthStar Staff,0,,,2025-12-28 20:33:59,2026-01-07 21:33:59
APT001273,REF001792,PRC0037,ORG008,LOC008,2025-08-21 18:48:14,2025-08-29 18:48:14,Completed,2025-08-29 19:48:14,NorthStar Staff,0,,,2025-08-21 18:48:14,2025-08-29 19:48:14
APT001274,REF001793,PRC0046,ORG017,LOC017,2025-10-13 15:28:16,2025-11-13 15:28:16,Completed,2025-11-13 16:28:16,NorthStar Staff,0,,,2025-10-13 15:28:16,2025-11-13 16:28:16
APT001275,REF001794,PRC0100,ORG021,LOC021,2025-10-13 03:51:51,2025-10-22 03:51:51,Completed,2025-10-22 04:51:51,NorthStar Staff,0,,,2025-10-13 03:51:51,2025-10-22 04:51:51
APT001276,REF001796,PRC0110,ORG031,LOC031,2026-03-26 18:37:49,2026-04-15 18:37:49,Scheduled,,NorthStar Staff,0,,,2026-03-26 18:37:49,2026-03-26 18:37:49
APT001277,REF001797,PRC0074,ORG020,LOC020,2025-09-13 03:18:52,2025-10-07 03:18:52,Completed,2025-10-07 04:18:52,NorthStar Staff,0,,,2025-09-13 03:18:52,2025-10-07 04:18:52
APT001278,REF001798,PRC0079,ORG025,LOC025,2026-03-31 05:19:28,2026-04-25 05:19:28,Completed,2026-04-25 06:19:28,NorthStar Staff,0,,,2026-03-31 05:19:28,2026-04-25 06:19:28
APT001279,REF001799,PRC0036,ORG007,LOC007,2026-02-24 06:16:21,2026-03-11 06:16:21,Completed,2026-03-11 07:16:21,NorthStar Staff,0,,,2026-02-24 06:16:21,2026-03-11 07:16:21
APT001280,REF001800,PRC0101,ORG022,LOC022,2025-09-15 09:36:18,2025-10-07 09:36:18,Completed,2025-10-07 10:36:18,NorthStar Staff,0,,,2025-09-15 09:36:18,2025-10-07 10:36:18
APT001281,REF001801,PRC0073,ORG019,LOC019,2025-09-26 22:00:46,2025-10-06 22:00:46,Scheduled,,NorthStar Staff,0,,,2025-09-26 22:00:46,2025-09-26 22:00:46
APT001282,REF001803,PRC0072,ORG018,LOC018,2026-06-10 15:59:22,2026-06-16 15:59:22,Completed,2026-06-16 16:59:22,NorthStar Staff,0,,,2026-06-10 15:59:22,2026-06-16 16:59:22
APT001283,REF001805,PRC0087,ORG008,LOC008,2026-01-29 21:24:46,2026-02-06 21:24:46,Scheduled,,NorthStar Staff,0,,,2026-01-29 21:24:46,2026-01-29 21:24:46
APT001284,REF001807,PRC0085,ORG031,LOC031,2026-05-08 19:01:51,2026-05-23 19:01:51,Completed,2026-05-23 20:01:51,NorthStar Staff,0,,,2026-05-08 19:01:51,2026-05-23 20:01:51
APT001285,REF001808,PRC0040,ORG011,LOC011,2026-04-02 23:56:02,2026-05-01 23:56:02,Completed,2026-05-02 00:56:02,NorthStar Staff,0,,,2026-04-02 23:56:02,2026-05-02 00:56:02
APT001286,REF001809,PRC0056,ORG027,LOC027,2026-03-07 10:36:20,2026-04-03 10:36:20,Completed,2026-04-03 11:36:20,NorthStar Staff,0,,,2026-03-07 10:36:20,2026-04-03 11:36:20
APT001287,REF001810,PRC0041,ORG012,LOC012,2025-10-10 17:58:32,2025-10-26 17:58:32,Completed,2025-10-26 18:58:32,NorthStar Staff,1,,,2025-10-10 17:58:32,2025-10-26 18:58:32
APT001288,REF001811,PRC0075,ORG021,LOC021,2026-02-25 13:06:57,2026-03-28 13:06:57,Completed,2026-03-28 14:06:57,NorthStar Staff,0,,,2026-02-25 13:06:57,2026-03-28 14:06:57
APT001289,REF001813,PRC0038,ORG009,LOC009,2026-05-07 01:27:38,2026-06-06 01:27:38,Completed,2026-06-06 02:27:38,NorthStar Staff,0,,,2026-05-07 01:27:38,2026-06-06 02:27:38
APT001290,REF001815,PRC0095,ORG016,LOC016,2025-11-24 06:54:11,2025-11-29 06:54:11,Scheduled,,NorthStar Staff,0,,,2025-11-24 06:54:11,2025-11-24 06:54:11
APT001291,REF001817,PRC0102,ORG023,LOC023,2026-06-17 11:42:30,2026-07-20 11:42:30,Completed,2026-07-20 12:42:30,NorthStar Staff,0,,,2026-06-17 11:42:30,2026-07-20 12:42:30
APT001292,REF001818,PRC0059,ORG030,LOC030,2026-02-23 06:27:59,2026-03-08 06:27:59,Scheduled,,NorthStar Staff,0,,,2026-02-23 06:27:59,2026-02-23 06:27:59
APT001293,REF001821,PRC0102,ORG023,LOC023,2026-01-01 10:52:30,2026-01-07 10:52:30,Completed,2026-01-07 11:52:30,NorthStar Staff,0,,,2026-01-01 10:52:30,2026-01-07 11:52:30
APT001294,REF001821,PRC0102,ORG023,LOC023,2025-12-27 10:52:30,2025-12-31 10:52:30,Rescheduled,2026-01-01 10:52:30,Specialist Office,0,Specialist schedule changed,APT001293,2025-12-27 10:52:30,2026-01-01 10:52:30
APT001295,REF001822,PRC0048,ORG019,LOC019,2025-11-01 04:27:28,2025-12-02 04:27:28,Completed,2025-12-02 05:27:28,NorthStar Staff,0,,,2025-11-01 04:27:28,2025-12-02 05:27:28
APT001296,REF001823,PRC0058,ORG029,LOC029,2025-12-02 16:55:20,2025-12-16 16:55:20,Completed,2025-12-16 17:55:20,NorthStar Staff,0,,,2025-12-02 16:55:20,2025-12-16 17:55:20
APT001297,REF001824,PRC0041,ORG012,LOC012,2026-07-08 16:06:03,2026-08-09 16:06:03,Completed,2026-08-09 17:06:03,NorthStar Staff,0,,,2026-07-08 16:06:03,2026-08-09 17:06:03
APT001298,REF001825,PRC0040,ORG011,LOC011,2025-11-17 02:42:54,2025-12-22 02:42:54,Scheduled,,NorthStar Staff,0,,,2025-11-17 02:42:54,2025-11-17 02:42:54
APT001299,REF001829,PRC0093,ORG014,LOC014,2025-11-08 12:49:13,2025-11-19 12:49:13,Completed,2025-11-19 13:49:13,NorthStar Staff,0,,,2025-11-08 12:49:13,2025-11-19 13:49:13
APT001300,REF001830,PRC0102,ORG023,LOC023,2026-01-26 16:46:08,2026-02-14 16:46:08,Completed,2026-02-14 17:46:08,NorthStar Staff,0,,,2026-01-26 16:46:08,2026-02-14 17:46:08
APT001301,REF001832,PRC0091,ORG012,LOC012,2026-01-20 20:28:37,2026-02-20 20:28:37,Completed,2026-02-20 21:28:37,NorthStar Staff,0,,,2026-01-20 20:28:37,2026-02-20 21:28:37
APT001302,REF001833,PRC0062,ORG008,LOC008,2026-04-21 20:44:25,2026-05-25 20:44:25,Completed,2026-05-25 21:44:25,NorthStar Staff,0,,,2026-04-21 20:44:25,2026-05-25 21:44:25
APT001303,REF001834,PRC0068,ORG014,LOC014,2026-07-16 09:00:34,2026-08-04 09:00:34,Completed,2026-08-04 10:00:34,NorthStar Staff,1,,,2026-07-16 09:00:34,2026-08-04 10:00:34
APT001304,REF001835,PRC0110,ORG031,LOC031,2025-11-18 22:44:38,2025-12-23 22:44:38,Scheduled,,NorthStar Staff,1,,,2025-11-18 22:44:38,2025-11-18 22:44:38
APT001305,REF001836,PRC0051,ORG022,LOC022,2025-11-29 06:26:56,2025-12-29 06:26:56,Completed,2025-12-29 07:26:56,NorthStar Staff,0,,,2025-11-29 06:26:56,2025-12-29 07:26:56
APT001306,REF001837,PRC0069,ORG015,LOC015,2026-04-27 14:09:57,2026-05-06 14:09:57,Completed,2026-05-06 15:09:57,NorthStar Staff,0,,,2026-04-27 14:09:57,2026-05-06 15:09:57
APT001307,REF001838,PRC0101,ORG022,LOC022,2026-07-17 13:11:56,2026-07-21 13:11:56,Scheduled,,NorthStar Staff,0,,,2026-07-17 13:11:56,2026-07-17 13:11:56
APT001308,REF001839,PRC0083,ORG029,LOC029,2025-08-15 20:57:38,2025-08-20 20:57:38,Scheduled,,NorthStar Staff,0,,,2025-08-15 20:57:38,2025-08-15 20:57:38
APT001309,REF001840,PRC0094,ORG015,LOC015,2026-04-02 21:26:33,2026-04-09 21:26:33,Completed,2026-04-09 22:26:33,NorthStar Staff,0,,,2026-04-02 21:26:33,2026-04-09 22:26:33
APT001310,REF001841,PRC0043,ORG014,LOC014,2026-03-15 08:19:19,2026-03-22 08:19:19,Completed,2026-03-22 09:19:19,NorthStar Staff,0,,,2026-03-15 08:19:19,2026-03-22 09:19:19
APT001311,REF001842,PRC0067,ORG013,LOC013,2025-09-10 06:25:17,2025-09-15 06:25:17,Completed,2025-09-15 07:25:17,NorthStar Staff,1,,,2025-09-10 06:25:17,2025-09-15 07:25:17
APT001312,REF001843,PRC0082,ORG028,LOC028,2025-11-10 02:05:51,2025-11-19 02:05:51,Completed,2025-11-19 03:05:51,NorthStar Staff,0,,,2025-11-10 02:05:51,2025-11-19 03:05:51
APT001313,REF001846,PRC0038,ORG009,LOC009,2026-07-15 10:02:11,2026-08-18 10:02:11,Completed,2026-08-18 11:02:11,NorthStar Staff,0,,,2026-07-15 10:02:11,2026-08-18 11:02:11
APT001314,REF001847,PRC0075,ORG021,LOC021,2025-10-11 19:50:41,2025-11-15 19:50:41,Completed,2025-11-15 20:50:41,NorthStar Staff,0,,,2025-10-11 19:50:41,2025-11-15 20:50:41
APT001315,REF001848,PRC0091,ORG012,LOC012,2026-01-06 17:00:51,2026-01-15 17:00:51,Completed,2026-01-15 18:00:51,NorthStar Staff,0,,,2026-01-06 17:00:51,2026-01-15 18:00:51
APT001316,REF001849,PRC0081,ORG027,LOC027,2025-10-23 11:04:59,2025-11-20 11:04:59,Completed,2025-11-20 12:04:59,NorthStar Staff,0,,,2025-10-23 11:04:59,2025-11-20 12:04:59
APT001317,REF001850,PRC0091,ORG012,LOC012,2025-08-04 15:12:32,2025-09-06 15:12:32,Scheduled,,NorthStar Staff,0,,,2025-08-04 15:12:32,2025-08-04 15:12:32
APT001318,REF001851,PRC0080,ORG026,LOC026,2026-01-29 17:44:29,2026-02-11 17:44:29,Completed,2026-02-11 18:44:29,NorthStar Staff,0,,,2026-01-29 17:44:29,2026-02-11 18:44:29
APT001319,REF001854,PRC0093,ORG014,LOC014,2026-03-22 14:52:31,2026-04-21 14:52:31,Completed,2026-04-21 15:52:31,NorthStar Staff,1,,,2026-03-22 14:52:31,2026-04-21 15:52:31
APT001320,REF001855,PRC0068,ORG014,LOC014,2026-01-02 03:07:44,2026-01-29 03:07:44,Completed,2026-01-29 04:07:44,NorthStar Staff,0,,,2026-01-02 03:07:44,2026-01-29 04:07:44
APT001321,REF001858,PRC0080,ORG026,LOC026,2025-11-01 07:52:12,2025-11-09 07:52:12,Scheduled,,NorthStar Staff,0,,,2025-11-01 07:52:12,2025-11-01 07:52:12
APT001322,REF001859,PRC0109,ORG030,LOC030,2026-04-29 08:41:50,2026-05-07 08:41:50,Completed,2026-05-07 09:41:50,NorthStar Staff,0,,,2026-04-29 08:41:50,2026-05-07 09:41:50
APT001323,REF001861,PRC0083,ORG029,LOC029,2026-02-01 13:32:11,2026-03-05 13:32:11,Completed,2026-03-05 14:32:11,NorthStar Staff,0,,,2026-02-01 13:32:11,2026-03-05 14:32:11
APT001324,REF001862,PRC0107,ORG028,LOC028,2025-09-19 16:03:34,2025-10-24 16:03:34,Completed,2025-10-24 17:03:34,NorthStar Staff,0,,,2025-09-19 16:03:34,2025-10-24 17:03:34
APT001325,REF001865,PRC0092,ORG013,LOC013,2026-03-09 22:17:29,2026-04-06 22:17:29,Completed,2026-04-06 23:17:29,NorthStar Staff,0,,,2026-03-09 22:17:29,2026-04-06 23:17:29
APT001326,REF001867,PRC0085,ORG031,LOC031,2026-01-02 23:42:02,2026-01-14 23:42:02,Completed,2026-01-15 00:42:02,NorthStar Staff,0,,,2026-01-02 23:42:02,2026-01-15 00:42:02
APT001327,REF001868,PRC0055,ORG026,LOC026,2026-05-05 20:29:04,2026-05-13 20:29:04,Completed,2026-05-13 21:29:04,NorthStar Staff,1,,,2026-05-05 20:29:04,2026-05-13 21:29:04
APT001328,REF001869,PRC0087,ORG008,LOC008,2025-11-18 11:09:22,2025-12-01 11:09:22,Completed,2025-12-01 12:09:22,NorthStar Staff,0,,,2025-11-18 11:09:22,2025-12-01 12:09:22
APT001329,REF001871,PRC0078,ORG024,LOC024,2026-01-31 22:25:48,2026-03-05 22:25:48,Completed,2026-03-05 23:25:48,NorthStar Staff,0,,,2026-01-31 22:25:48,2026-03-05 23:25:48
APT001330,REF001872,PRC0070,ORG016,LOC016,2025-11-09 17:41:52,2025-11-12 17:41:52,Completed,2025-11-12 18:41:52,NorthStar Staff,0,,,2025-11-09 17:41:52,2025-11-12 18:41:52
APT001331,REF001878,PRC0092,ORG013,LOC013,2026-02-01 20:01:26,2026-03-07 20:01:26,Completed,2026-03-07 21:01:26,NorthStar Staff,0,,,2026-02-01 20:01:26,2026-03-07 21:01:26
APT001332,REF001881,PRC0097,ORG018,LOC018,2026-03-25 13:53:38,2026-03-28 13:53:38,Completed,2026-03-28 14:53:38,NorthStar Staff,0,,,2026-03-25 13:53:38,2026-03-28 14:53:38
APT001333,REF001883,PRC0059,ORG030,LOC030,2025-10-09 01:35:27,2025-11-05 01:35:27,Scheduled,,NorthStar Staff,0,,,2025-10-09 01:35:27,2025-10-09 01:35:27
APT001334,REF001884,PRC0102,ORG023,LOC023,2026-01-20 11:21:34,2026-02-13 11:21:34,Completed,2026-02-13 12:21:34,NorthStar Staff,0,,,2026-01-20 11:21:34,2026-02-13 12:21:34
APT001335,REF001885,PRC0096,ORG017,LOC017,2025-11-08 04:07:10,2025-11-25 04:07:10,Scheduled,,NorthStar Staff,0,,,2025-11-08 04:07:10,2025-11-08 04:07:10
APT001336,REF001886,PRC0082,ORG028,LOC028,2026-05-24 23:17:48,2026-06-28 23:17:48,Completed,2026-06-29 00:17:48,NorthStar Staff,0,,,2026-05-24 23:17:48,2026-06-29 00:17:48
APT001337,REF001887,PRC0063,ORG009,LOC009,2025-08-17 07:32:41,2025-08-21 07:32:41,Completed,2025-08-21 08:32:41,NorthStar Staff,1,,,2025-08-17 07:32:41,2025-08-21 08:32:41
APT001338,REF001888,PRC0068,ORG014,LOC014,2026-02-26 04:41:33,2026-03-17 04:41:33,Completed,2026-03-17 05:41:33,NorthStar Staff,0,,,2026-02-26 04:41:33,2026-03-17 05:41:33
APT001339,REF001889,PRC0038,ORG009,LOC009,2025-10-02 09:54:36,2025-11-01 09:54:36,Completed,2025-11-01 10:54:36,NorthStar Staff,1,,,2025-10-02 09:54:36,2025-11-01 10:54:36
APT001340,REF001890,PRC0044,ORG015,LOC015,2025-11-06 16:33:28,2025-11-15 16:33:28,Completed,2025-11-15 17:33:28,NorthStar Staff,0,,,2025-11-06 16:33:28,2025-11-15 17:33:28
APT001341,REF001891,PRC0085,ORG031,LOC031,2026-01-16 01:46:08,2026-02-07 01:46:08,Scheduled,,NorthStar Staff,0,,,2026-01-16 01:46:08,2026-01-16 01:46:08
APT001342,REF001892,PRC0056,ORG027,LOC027,2025-09-07 17:13:13,2025-09-24 17:13:13,Completed,2025-09-24 18:13:13,NorthStar Staff,0,,,2025-09-07 17:13:13,2025-09-24 18:13:13
APT001343,REF001894,PRC0103,ORG024,LOC024,2026-04-11 22:13:37,2026-04-23 22:13:37,Scheduled,,NorthStar Staff,0,,,2026-04-11 22:13:37,2026-04-11 22:13:37
APT001344,REF001895,PRC0092,ORG013,LOC013,2026-03-28 10:54:24,2026-04-18 10:54:24,Completed,2026-04-18 11:54:24,NorthStar Staff,0,,,2026-03-28 10:54:24,2026-04-18 11:54:24
APT001345,REF001896,PRC0044,ORG015,LOC015,2025-09-27 21:20:44,2025-10-09 21:20:44,Completed,2025-10-09 22:20:44,NorthStar Staff,0,,,2025-09-27 21:20:44,2025-10-09 22:20:44
APT001346,REF001897,PRC0057,ORG028,LOC028,2025-08-22 20:34:06,2025-09-23 20:34:06,Completed,2025-09-23 21:34:06,NorthStar Staff,0,,,2025-08-22 20:34:06,2025-09-23 21:34:06
APT001347,REF001901,PRC0062,ORG008,LOC008,2026-01-03 18:10:02,2026-01-11 18:10:02,Completed,2026-01-11 19:10:02,NorthStar Staff,0,,,2026-01-03 18:10:02,2026-01-11 19:10:02
APT001348,REF001902,PRC0104,ORG025,LOC025,2025-10-23 11:56:00,2025-10-28 11:56:00,Completed,2025-10-28 12:56:00,NorthStar Staff,0,,,2025-10-23 11:56:00,2025-10-28 12:56:00
APT001349,REF001903,PRC0078,ORG024,LOC024,2026-05-30 08:05:11,2026-06-18 08:05:11,Completed,2026-06-18 09:05:11,NorthStar Staff,1,,,2026-05-30 08:05:11,2026-06-18 09:05:11
APT001350,REF001905,PRC0069,ORG015,LOC015,2025-10-30 11:55:43,2025-11-12 11:55:43,Completed,2025-11-12 12:55:43,NorthStar Staff,0,,,2025-10-30 11:55:43,2025-11-12 12:55:43
APT001351,REF001906,PRC0097,ORG018,LOC018,2025-10-01 18:32:47,2025-10-17 18:32:47,Completed,2025-10-17 19:32:47,NorthStar Staff,0,,,2025-10-01 18:32:47,2025-10-17 19:32:47
APT001352,REF001907,PRC0045,ORG016,LOC016,2026-03-18 01:19:44,2026-04-18 01:19:44,Scheduled,,NorthStar Staff,0,,,2026-03-18 01:19:44,2026-03-18 01:19:44
APT001353,REF001908,PRC0061,ORG007,LOC007,2025-09-14 13:13:52,2025-09-24 13:13:52,Completed,2025-09-24 14:13:52,NorthStar Staff,0,,,2025-09-14 13:13:52,2025-09-24 14:13:52
APT001354,REF001909,PRC0066,ORG012,LOC012,2025-12-08 15:12:06,2025-12-13 15:12:06,Completed,2025-12-13 16:12:06,NorthStar Staff,0,,,2025-12-08 15:12:06,2025-12-13 16:12:06
APT001355,REF001910,PRC0097,ORG018,LOC018,2026-05-02 22:06:13,2026-05-23 22:06:13,Completed,2026-05-23 23:06:13,NorthStar Staff,0,,,2026-05-02 22:06:13,2026-05-23 23:06:13
APT001356,REF001911,PRC0087,ORG008,LOC008,2026-07-09 17:38:01,2026-07-19 17:38:01,Completed,2026-07-19 18:38:01,NorthStar Staff,0,,,2026-07-09 17:38:01,2026-07-19 18:38:01
APT001357,REF001912,PRC0107,ORG028,LOC028,2026-07-03 20:26:37,2026-07-09 20:26:37,Scheduled,,NorthStar Staff,0,,,2026-07-03 20:26:37,2026-07-03 20:26:37
APT001358,REF001913,PRC0060,ORG031,LOC031,2026-02-17 19:36:39,2026-03-18 19:36:39,Completed,2026-03-18 20:36:39,NorthStar Staff,0,,,2026-02-17 19:36:39,2026-03-18 20:36:39
APT001359,REF001915,PRC0041,ORG012,LOC012,2026-06-05 12:56:07,2026-06-11 12:56:07,Completed,2026-06-11 13:56:07,NorthStar Staff,0,,,2026-06-05 12:56:07,2026-06-11 13:56:07
APT001360,REF001917,PRC0042,ORG013,LOC013,2025-10-05 10:09:24,2025-10-22 10:09:24,Completed,2025-10-22 11:09:24,NorthStar Staff,0,,,2025-10-05 10:09:24,2025-10-22 11:09:24
APT001361,REF001918,PRC0038,ORG009,LOC009,2025-12-01 21:31:18,2025-12-27 21:31:18,Completed,2025-12-27 22:31:18,NorthStar Staff,1,,,2025-12-01 21:31:18,2025-12-27 22:31:18
APT001362,REF001920,PRC0091,ORG012,LOC012,2026-01-20 18:52:36,2026-02-09 18:52:36,Completed,2026-02-09 19:52:36,NorthStar Staff,0,,,2026-01-20 18:52:36,2026-02-09 19:52:36
APT001363,REF001921,PRC0091,ORG012,LOC012,2025-10-20 23:39:53,2025-11-16 23:39:53,Completed,2025-11-17 00:39:53,NorthStar Staff,0,,,2025-10-20 23:39:53,2025-11-17 00:39:53
APT001364,REF001922,PRC0103,ORG024,LOC024,2025-10-13 00:47:29,2025-10-25 00:47:29,Completed,2025-10-25 01:47:29,NorthStar Staff,1,,,2025-10-13 00:47:29,2025-10-25 01:47:29
APT001365,REF001923,PRC0040,ORG011,LOC011,2026-04-08 05:07:48,2026-04-15 05:07:48,Completed,2026-04-15 06:07:48,NorthStar Staff,0,,,2026-04-08 05:07:48,2026-04-15 06:07:48
APT001366,REF001926,PRC0105,ORG026,LOC026,2026-03-31 12:08:07,2026-04-18 12:08:07,Completed,2026-04-18 13:08:07,NorthStar Staff,0,,,2026-03-31 12:08:07,2026-04-18 13:08:07
APT001367,REF001927,PRC0077,ORG023,LOC023,2025-12-22 07:43:13,2026-01-17 07:43:13,Completed,2026-01-17 08:43:13,NorthStar Staff,0,,,2025-12-22 07:43:13,2026-01-17 08:43:13
APT001368,REF001928,PRC0054,ORG025,LOC025,2025-10-05 14:53:06,2025-11-07 14:53:06,Completed,2025-11-07 15:53:06,NorthStar Staff,1,,,2025-10-05 14:53:06,2025-11-07 15:53:06
APT001369,REF001929,PRC0055,ORG026,LOC026,2026-03-18 10:21:01,2026-03-29 10:21:01,Completed,2026-03-29 11:21:01,NorthStar Staff,0,,,2026-03-18 10:21:01,2026-03-29 11:21:01
APT001370,REF001930,PRC0077,ORG023,LOC023,2025-09-11 09:45:44,2025-10-05 09:45:44,Completed,2025-10-05 10:45:44,NorthStar Staff,0,,,2025-09-11 09:45:44,2025-10-05 10:45:44
APT001371,REF001931,PRC0075,ORG021,LOC021,2026-03-08 09:44:24,2026-04-07 09:44:24,Completed,2026-04-07 10:44:24,NorthStar Staff,0,,,2026-03-08 09:44:24,2026-04-07 10:44:24
APT001372,REF001932,PRC0073,ORG019,LOC019,2025-09-16 20:07:46,2025-10-20 20:07:46,Completed,2025-10-20 21:07:46,NorthStar Staff,0,,,2025-09-16 20:07:46,2025-10-20 21:07:46
APT001373,REF001933,PRC0100,ORG021,LOC021,2025-10-08 05:26:58,2025-10-19 05:26:58,Completed,2025-10-19 06:26:58,NorthStar Staff,0,,,2025-10-08 05:26:58,2025-10-19 06:26:58
APT001374,REF001935,PRC0090,ORG011,LOC011,2025-10-08 00:52:55,2025-10-12 00:52:55,Completed,2025-10-12 01:52:55,NorthStar Staff,0,,,2025-10-08 00:52:55,2025-10-12 01:52:55
APT001375,REF001936,PRC0055,ORG026,LOC026,2025-08-11 21:10:43,2025-08-20 21:10:43,Completed,2025-08-20 22:10:43,NorthStar Staff,1,,,2025-08-11 21:10:43,2025-08-20 22:10:43
APT001376,REF001937,PRC0081,ORG027,LOC027,2026-04-18 05:47:57,2026-04-26 05:47:57,Completed,2026-04-26 06:47:57,NorthStar Staff,0,,,2026-04-18 05:47:57,2026-04-26 06:47:57
APT001377,REF001938,PRC0056,ORG027,LOC027,2026-05-25 20:56:16,2026-06-04 20:56:16,Completed,2026-06-04 21:56:16,NorthStar Staff,0,,,2026-05-25 20:56:16,2026-06-04 21:56:16
APT001378,REF001939,PRC0104,ORG025,LOC025,2026-03-12 07:37:24,2026-04-08 07:37:24,Completed,2026-04-08 08:37:24,NorthStar Staff,0,,,2026-03-12 07:37:24,2026-04-08 08:37:24
APT001379,REF001939,PRC0104,ORG025,LOC025,2026-03-07 07:37:24,2026-04-01 07:37:24,Rescheduled,2026-03-12 07:37:24,Specialist Office,0,Specialist schedule changed,APT001378,2026-03-07 07:37:24,2026-03-12 07:37:24
APT001380,REF001940,PRC0109,ORG030,LOC030,2026-02-15 03:00:09,2026-03-22 03:00:09,Completed,2026-03-22 04:00:09,NorthStar Staff,1,,,2026-02-15 03:00:09,2026-03-22 04:00:09
APT001381,REF001941,PRC0081,ORG027,LOC027,2026-03-22 10:39:40,2026-03-30 10:39:40,Scheduled,,NorthStar Staff,0,,,2026-03-22 10:39:40,2026-03-22 10:39:40
APT001382,REF001941,PRC0081,ORG027,LOC027,2026-03-17 10:39:40,2026-03-23 10:39:40,Rescheduled,2026-03-22 10:39:40,Specialist Office,0,Specialist schedule changed,APT001381,2026-03-17 10:39:40,2026-03-22 10:39:40
APT001383,REF001942,PRC0095,ORG016,LOC016,2025-11-21 14:30:42,2025-12-05 14:30:42,Completed,2025-12-05 15:30:42,NorthStar Staff,0,,,2025-11-21 14:30:42,2025-12-05 15:30:42
APT001384,REF001944,PRC0105,ORG026,LOC026,2026-06-25 12:49:39,2026-07-22 12:49:39,Completed,2026-07-22 13:49:39,NorthStar Staff,0,,,2026-06-25 12:49:39,2026-07-22 13:49:39
APT001385,REF001948,PRC0056,ORG027,LOC027,2026-01-28 01:46:29,2026-02-14 01:46:29,Completed,2026-02-14 02:46:29,NorthStar Staff,0,,,2026-01-28 01:46:29,2026-02-14 02:46:29
APT001386,REF001950,PRC0106,ORG027,LOC027,2025-08-19 16:51:44,2025-09-13 16:51:44,Completed,2025-09-13 17:51:44,NorthStar Staff,0,,,2025-08-19 16:51:44,2025-09-13 17:51:44
APT001387,REF001951,PRC0087,ORG008,LOC008,2026-02-21 21:57:40,2026-03-17 21:57:40,Completed,2026-03-17 22:57:40,NorthStar Staff,0,,,2026-02-21 21:57:40,2026-03-17 22:57:40
APT001388,REF001953,PRC0061,ORG007,LOC007,2025-11-02 11:00:17,2025-11-21 11:00:17,Completed,2025-11-21 12:00:17,NorthStar Staff,0,,,2025-11-02 11:00:17,2025-11-21 12:00:17
APT001389,REF001953,PRC0061,ORG007,LOC007,2025-10-28 11:00:17,2025-11-14 11:00:17,Rescheduled,2025-11-02 11:00:17,Specialist Office,0,Specialist schedule changed,APT001388,2025-10-28 11:00:17,2025-11-02 11:00:17
APT001390,REF001956,PRC0048,ORG019,LOC019,2025-12-02 19:17:21,2025-12-27 19:17:21,Scheduled,,NorthStar Staff,0,,,2025-12-02 19:17:21,2025-12-02 19:17:21
APT001391,REF001957,PRC0095,ORG016,LOC016,2026-03-26 23:14:46,2026-04-26 23:14:46,Completed,2026-04-27 00:14:46,NorthStar Staff,1,,,2026-03-26 23:14:46,2026-04-27 00:14:46
APT001392,REF001958,PRC0053,ORG024,LOC024,2026-03-16 13:50:26,2026-04-18 13:50:26,Scheduled,,NorthStar Staff,1,,,2026-03-16 13:50:26,2026-03-16 13:50:26
APT001393,REF001959,PRC0092,ORG013,LOC013,2025-08-16 06:14:37,2025-08-25 06:14:37,Scheduled,,NorthStar Staff,0,,,2025-08-16 06:14:37,2025-08-16 06:14:37
APT001394,REF001960,PRC0097,ORG018,LOC018,2026-03-02 22:01:39,2026-03-17 22:01:39,Completed,2026-03-17 23:01:39,NorthStar Staff,0,,,2026-03-02 22:01:39,2026-03-17 23:01:39
APT001395,REF001961,PRC0083,ORG029,LOC029,2025-10-24 17:54:35,2025-11-26 17:54:35,Scheduled,,NorthStar Staff,0,,,2025-10-24 17:54:35,2025-10-24 17:54:35
APT001396,REF001962,PRC0038,ORG009,LOC009,2026-02-28 07:44:29,2026-03-13 07:44:29,Completed,2026-03-13 08:44:29,NorthStar Staff,0,,,2026-02-28 07:44:29,2026-03-13 08:44:29
APT001397,REF001964,PRC0062,ORG008,LOC008,2025-10-16 18:27:04,2025-11-16 18:27:04,Completed,2025-11-16 19:27:04,NorthStar Staff,0,,,2025-10-16 18:27:04,2025-11-16 19:27:04
APT001398,REF001967,PRC0067,ORG013,LOC013,2025-09-04 02:26:22,2025-09-22 02:26:22,Completed,2025-09-22 03:26:22,NorthStar Staff,1,,,2025-09-04 02:26:22,2025-09-22 03:26:22
APT001399,REF001968,PRC0078,ORG024,LOC024,2026-01-20 07:40:19,2026-02-04 07:40:19,Completed,2026-02-04 08:40:19,NorthStar Staff,0,,,2026-01-20 07:40:19,2026-02-04 08:40:19
APT001400,REF001969,PRC0095,ORG016,LOC016,2026-06-11 00:25:37,2026-07-14 00:25:37,Completed,2026-07-14 01:25:37,NorthStar Staff,0,,,2026-06-11 00:25:37,2026-07-14 01:25:37
APT001401,REF001970,PRC0108,ORG029,LOC029,2025-08-30 04:17:59,2025-09-03 04:17:59,Completed,2025-09-03 05:17:59,NorthStar Staff,1,,,2025-08-30 04:17:59,2025-09-03 05:17:59
APT001402,REF001970,PRC0108,ORG029,LOC029,2025-08-25 04:17:59,2025-08-27 04:17:59,Rescheduled,2025-08-30 04:17:59,Specialist Office,0,Specialist schedule changed,APT001401,2025-08-25 04:17:59,2025-08-30 04:17:59
APT001403,REF001971,PRC0091,ORG012,LOC012,2026-01-28 08:02:55,2026-02-24 08:02:55,Scheduled,,NorthStar Staff,0,,,2026-01-28 08:02:55,2026-01-28 08:02:55
APT001404,REF001972,PRC0102,ORG023,LOC023,2025-08-11 22:24:57,2025-09-13 22:24:57,Completed,2025-09-13 23:24:57,NorthStar Staff,0,,,2025-08-11 22:24:57,2025-09-13 23:24:57
APT001405,REF001975,PRC0044,ORG015,LOC015,2026-02-17 17:39:56,2026-03-07 17:39:56,Completed,2026-03-07 18:39:56,NorthStar Staff,0,,,2026-02-17 17:39:56,2026-03-07 18:39:56
APT001406,REF001977,PRC0094,ORG015,LOC015,2025-09-21 19:53:21,2025-10-25 19:53:21,Completed,2025-10-25 20:53:21,NorthStar Staff,0,,,2025-09-21 19:53:21,2025-10-25 20:53:21
APT001407,REF001978,PRC0056,ORG027,LOC027,2026-02-03 19:10:12,2026-02-06 19:10:12,Completed,2026-02-06 20:10:12,NorthStar Staff,0,,,2026-02-03 19:10:12,2026-02-06 20:10:12
APT001408,REF001979,PRC0071,ORG017,LOC017,2025-10-12 08:06:24,2025-10-19 08:06:24,Completed,2025-10-19 09:06:24,NorthStar Staff,1,,,2025-10-12 08:06:24,2025-10-19 09:06:24
APT001409,REF001980,PRC0097,ORG018,LOC018,2025-08-31 20:38:28,2025-09-25 20:38:28,Completed,2025-09-25 21:38:28,NorthStar Staff,1,,,2025-08-31 20:38:28,2025-09-25 21:38:28
APT001410,REF001984,PRC0091,ORG012,LOC012,2025-09-20 22:11:31,2025-10-24 22:11:31,Completed,2025-10-24 23:11:31,NorthStar Staff,0,,,2025-09-20 22:11:31,2025-10-24 23:11:31
APT001411,REF001985,PRC0055,ORG026,LOC026,2026-05-08 09:10:19,2026-05-20 09:10:19,Completed,2026-05-20 10:10:19,NorthStar Staff,0,,,2026-05-08 09:10:19,2026-05-20 10:10:19
APT001412,REF001986,PRC0108,ORG029,LOC029,2026-05-26 05:50:56,2026-06-13 05:50:56,Completed,2026-06-13 06:50:56,NorthStar Staff,0,,,2026-05-26 05:50:56,2026-06-13 06:50:56
APT001413,REF001987,PRC0070,ORG016,LOC016,2026-05-07 21:55:10,2026-06-09 21:55:10,Scheduled,,NorthStar Staff,0,,,2026-05-07 21:55:10,2026-05-07 21:55:10
APT001414,REF001989,PRC0080,ORG026,LOC026,2026-04-08 23:57:54,2026-04-11 23:57:54,Completed,2026-04-12 00:57:54,NorthStar Staff,0,,,2026-04-08 23:57:54,2026-04-12 00:57:54
APT001415,REF001990,PRC0069,ORG015,LOC015,2026-03-27 23:59:29,2026-04-19 23:59:29,Completed,2026-04-20 00:59:29,NorthStar Staff,0,,,2026-03-27 23:59:29,2026-04-20 00:59:29
APT001416,REF001991,PRC0079,ORG025,LOC025,2025-08-06 05:50:41,2025-09-03 05:50:41,Completed,2025-09-03 06:50:41,NorthStar Staff,0,,,2025-08-06 05:50:41,2025-09-03 06:50:41
APT001417,REF001992,PRC0097,ORG018,LOC018,2026-06-20 07:57:50,2026-06-26 07:57:50,Completed,2026-06-26 08:57:50,NorthStar Staff,0,,,2026-06-20 07:57:50,2026-06-26 08:57:50
APT001418,REF001994,PRC0036,ORG007,LOC007,2026-03-26 10:39:48,2026-04-20 10:39:48,Completed,2026-04-20 11:39:48,NorthStar Staff,1,,,2026-03-26 10:39:48,2026-04-20 11:39:48
APT001419,REF001998,PRC0067,ORG013,LOC013,2026-05-11 18:08:11,2026-06-15 18:08:11,Completed,2026-06-15 19:08:11,NorthStar Staff,0,,,2026-05-11 18:08:11,2026-06-15 19:08:11
APT001420,REF001999,PRC0068,ORG014,LOC014,2026-07-11 23:49:36,2026-07-15 23:49:36,Completed,2026-07-16 00:49:36,NorthStar Staff,1,,,2026-07-11 23:49:36,2026-07-16 00:49:36
APT001421,REF002001,PRC0108,ORG029,LOC029,2025-10-01 19:08:12,2025-10-23 19:08:12,Completed,2025-10-23 20:08:12,NorthStar Staff,0,,,2025-10-01 19:08:12,2025-10-23 20:08:12
APT001422,REF002002,PRC0068,ORG014,LOC014,2026-05-14 14:33:42,2026-06-16 14:33:42,Completed,2026-06-16 15:33:42,NorthStar Staff,0,,,2026-05-14 14:33:42,2026-06-16 15:33:42
APT001423,REF002003,PRC0110,ORG031,LOC031,2025-08-22 09:41:05,2025-09-25 09:41:05,Completed,2025-09-25 10:41:05,NorthStar Staff,0,,,2025-08-22 09:41:05,2025-09-25 10:41:05
APT001424,REF002005,PRC0076,ORG022,LOC022,2025-12-12 21:35:19,2026-01-05 21:35:19,Completed,2026-01-05 22:35:19,NorthStar Staff,0,,,2025-12-12 21:35:19,2026-01-05 22:35:19
APT001425,REF002005,PRC0076,ORG022,LOC022,2025-12-07 21:35:19,2025-12-29 21:35:19,Rescheduled,2025-12-12 21:35:19,Specialist Office,0,Specialist schedule changed,APT001424,2025-12-07 21:35:19,2025-12-12 21:35:19
APT001426,REF002006,PRC0079,ORG025,LOC025,2025-10-13 03:34:15,2025-10-20 03:34:15,Scheduled,,NorthStar Staff,0,,,2025-10-13 03:34:15,2025-10-13 03:34:15
APT001427,REF002007,PRC0109,ORG030,LOC030,2026-02-26 03:21:23,2026-03-22 03:21:23,Scheduled,,NorthStar Staff,0,,,2026-02-26 03:21:23,2026-02-26 03:21:23
APT001428,REF002008,PRC0099,ORG020,LOC020,2026-07-02 17:56:49,2026-08-03 17:56:49,Scheduled,,NorthStar Staff,0,,,2026-07-02 17:56:49,2026-07-02 17:56:49
APT001429,REF002009,PRC0091,ORG012,LOC012,2025-10-19 14:51:51,2025-10-25 14:51:51,Completed,2025-10-25 15:51:51,NorthStar Staff,0,,,2025-10-19 14:51:51,2025-10-25 15:51:51
APT001430,REF002010,PRC0072,ORG018,LOC018,2025-08-08 17:11:51,2025-09-11 17:11:51,Scheduled,,NorthStar Staff,0,,,2025-08-08 17:11:51,2025-08-08 17:11:51
APT001431,REF002011,PRC0041,ORG012,LOC012,2026-04-24 01:05:45,2026-05-29 01:05:45,Completed,2026-05-29 02:05:45,NorthStar Staff,0,,,2026-04-24 01:05:45,2026-05-29 02:05:45
APT001432,REF002012,PRC0088,ORG009,LOC009,2025-11-27 19:46:48,2025-12-27 19:46:48,Completed,2025-12-27 20:46:48,NorthStar Staff,0,,,2025-11-27 19:46:48,2025-12-27 20:46:48
APT001433,REF002013,PRC0042,ORG013,LOC013,2025-12-20 11:46:47,2025-12-29 11:46:47,Completed,2025-12-29 12:46:47,NorthStar Staff,0,,,2025-12-20 11:46:47,2025-12-29 12:46:47
APT001434,REF002014,PRC0041,ORG012,LOC012,2026-07-18 10:34:25,2026-07-31 10:34:25,Completed,2026-07-31 11:34:25,NorthStar Staff,0,,,2026-07-18 10:34:25,2026-07-31 11:34:25
APT001435,REF002015,PRC0092,ORG013,LOC013,2026-05-10 13:45:23,2026-05-14 13:45:23,Completed,2026-05-14 14:45:23,NorthStar Staff,1,,,2026-05-10 13:45:23,2026-05-14 14:45:23
APT001436,REF002016,PRC0069,ORG015,LOC015,2025-12-03 00:45:27,2025-12-26 00:45:27,Scheduled,,NorthStar Staff,0,,,2025-12-03 00:45:27,2025-12-03 00:45:27
APT001437,REF002017,PRC0093,ORG014,LOC014,2025-10-12 11:51:39,2025-10-16 11:51:39,Completed,2025-10-16 12:51:39,NorthStar Staff,1,,,2025-10-12 11:51:39,2025-10-16 12:51:39
APT001438,REF002018,PRC0090,ORG011,LOC011,2026-05-31 06:05:32,2026-07-03 06:05:32,Completed,2026-07-03 07:05:32,NorthStar Staff,0,,,2026-05-31 06:05:32,2026-07-03 07:05:32
APT001439,REF002018,PRC0090,ORG011,LOC011,2026-05-26 06:05:32,2026-06-26 06:05:32,Rescheduled,2026-05-31 06:05:32,Specialist Office,0,Specialist schedule changed,APT001438,2026-05-26 06:05:32,2026-05-31 06:05:32
APT001440,REF002021,PRC0042,ORG013,LOC013,2026-05-05 16:53:38,2026-05-19 16:53:38,Completed,2026-05-19 17:53:38,NorthStar Staff,0,,,2026-05-05 16:53:38,2026-05-19 17:53:38
APT001441,REF002022,PRC0089,ORG010,LOC010,2026-05-19 20:57:25,2026-06-09 20:57:25,Completed,2026-06-09 21:57:25,NorthStar Staff,0,,,2026-05-19 20:57:25,2026-06-09 21:57:25
APT001442,REF002023,PRC0091,ORG012,LOC012,2026-05-04 21:02:36,2026-05-24 21:02:36,Completed,2026-05-24 22:02:36,NorthStar Staff,0,,,2026-05-04 21:02:36,2026-05-24 22:02:36
APT001443,REF002024,PRC0040,ORG011,LOC011,2026-06-28 11:24:42,2026-07-06 11:24:42,Scheduled,,NorthStar Staff,0,,,2026-06-28 11:24:42,2026-06-28 11:24:42
APT001444,REF002027,PRC0061,ORG007,LOC007,2025-09-28 04:09:00,2025-10-17 04:09:00,Completed,2025-10-17 05:09:00,NorthStar Staff,0,,,2025-09-28 04:09:00,2025-10-17 05:09:00
APT001445,REF002028,PRC0048,ORG019,LOC019,2025-08-18 09:26:00,2025-08-23 09:26:00,Completed,2025-08-23 10:26:00,NorthStar Staff,0,,,2025-08-18 09:26:00,2025-08-23 10:26:00
APT001446,REF002031,PRC0044,ORG015,LOC015,2025-09-02 00:10:50,2025-09-09 00:10:50,Scheduled,,NorthStar Staff,0,,,2025-09-02 00:10:50,2025-09-02 00:10:50
APT001447,REF002032,PRC0048,ORG019,LOC019,2026-05-31 11:57:06,2026-06-13 11:57:06,Completed,2026-06-13 12:57:06,NorthStar Staff,0,,,2026-05-31 11:57:06,2026-06-13 12:57:06
APT001448,REF002035,PRC0044,ORG015,LOC015,2025-08-30 02:12:41,2025-09-04 02:12:41,Completed,2025-09-04 03:12:41,NorthStar Staff,0,,,2025-08-30 02:12:41,2025-09-04 03:12:41
APT001449,REF002036,PRC0097,ORG018,LOC018,2026-02-24 08:03:55,2026-03-15 08:03:55,Completed,2026-03-15 09:03:55,NorthStar Staff,1,,,2026-02-24 08:03:55,2026-03-15 09:03:55
APT001450,REF002037,PRC0108,ORG029,LOC029,2026-03-13 06:41:07,2026-03-22 06:41:07,Completed,2026-03-22 07:41:07,NorthStar Staff,0,,,2026-03-13 06:41:07,2026-03-22 07:41:07
APT001451,REF002038,PRC0087,ORG008,LOC008,2026-03-09 20:24:08,2026-04-06 20:24:08,Completed,2026-04-06 21:24:08,NorthStar Staff,0,,,2026-03-09 20:24:08,2026-04-06 21:24:08
APT001452,REF002040,PRC0091,ORG012,LOC012,2025-09-17 21:15:19,2025-10-03 21:15:19,Completed,2025-10-03 22:15:19,NorthStar Staff,1,,,2025-09-17 21:15:19,2025-10-03 22:15:19
APT001453,REF002043,PRC0100,ORG021,LOC021,2026-02-16 00:26:21,2026-02-19 00:26:21,Scheduled,,NorthStar Staff,0,,,2026-02-16 00:26:21,2026-02-16 00:26:21
APT001454,REF002044,PRC0056,ORG027,LOC027,2025-12-13 23:55:20,2026-01-03 23:55:20,Completed,2026-01-04 00:55:20,NorthStar Staff,1,,,2025-12-13 23:55:20,2026-01-04 00:55:20
APT001455,REF002045,PRC0107,ORG028,LOC028,2026-04-21 17:32:36,2026-05-03 17:32:36,Completed,2026-05-03 18:32:36,NorthStar Staff,0,,,2026-04-21 17:32:36,2026-05-03 18:32:36
APT001456,REF002046,PRC0054,ORG025,LOC025,2026-03-01 05:31:56,2026-03-04 05:31:56,Completed,2026-03-04 06:31:56,NorthStar Staff,0,,,2026-03-01 05:31:56,2026-03-04 06:31:56
APT001457,REF002047,PRC0085,ORG031,LOC031,2025-12-14 07:53:44,2025-12-28 07:53:44,Completed,2025-12-28 08:53:44,NorthStar Staff,0,,,2025-12-14 07:53:44,2025-12-28 08:53:44
APT001458,REF002048,PRC0056,ORG027,LOC027,2026-06-30 17:02:06,2026-07-10 17:02:06,Completed,2026-07-10 18:02:06,NorthStar Staff,1,,,2026-06-30 17:02:06,2026-07-10 18:02:06
APT001459,REF002049,PRC0085,ORG031,LOC031,2025-09-11 19:30:13,2025-10-09 19:30:13,Completed,2025-10-09 20:30:13,NorthStar Staff,0,,,2025-09-11 19:30:13,2025-10-09 20:30:13
APT001460,REF002053,PRC0053,ORG024,LOC024,2025-09-09 19:40:32,2025-10-13 19:40:32,Scheduled,,NorthStar Staff,1,,,2025-09-09 19:40:32,2025-09-09 19:40:32
APT001461,REF002054,PRC0040,ORG011,LOC011,2025-08-16 05:41:04,2025-08-19 05:41:04,Scheduled,,NorthStar Staff,0,,,2025-08-16 05:41:04,2025-08-16 05:41:04
APT001462,REF002057,PRC0055,ORG026,LOC026,2025-10-17 16:56:42,2025-11-06 16:56:42,Scheduled,,NorthStar Staff,0,,,2025-10-17 16:56:42,2025-10-17 16:56:42
APT001463,REF002058,PRC0094,ORG015,LOC015,2025-12-05 07:05:10,2026-01-01 07:05:10,Completed,2026-01-01 08:05:10,NorthStar Staff,0,,,2025-12-05 07:05:10,2026-01-01 08:05:10
APT001464,REF002059,PRC0099,ORG020,LOC020,2026-05-26 13:05:50,2026-06-03 13:05:50,Completed,2026-06-03 14:05:50,NorthStar Staff,1,,,2026-05-26 13:05:50,2026-06-03 14:05:50
APT001465,REF002061,PRC0099,ORG020,LOC020,2025-12-14 05:18:54,2026-01-12 05:18:54,Completed,2026-01-12 06:18:54,NorthStar Staff,0,,,2025-12-14 05:18:54,2026-01-12 06:18:54
APT001466,REF002063,PRC0058,ORG029,LOC029,2025-08-22 08:11:04,2025-08-29 08:11:04,Completed,2025-08-29 09:11:04,NorthStar Staff,0,,,2025-08-22 08:11:04,2025-08-29 09:11:04
APT001467,REF002065,PRC0106,ORG027,LOC027,2025-08-31 13:48:30,2025-09-22 13:48:30,Completed,2025-09-22 14:48:30,NorthStar Staff,0,,,2025-08-31 13:48:30,2025-09-22 14:48:30
APT001468,REF002066,PRC0079,ORG025,LOC025,2026-03-01 18:21:13,2026-03-29 18:21:13,Completed,2026-03-29 19:21:13,NorthStar Staff,0,,,2026-03-01 18:21:13,2026-03-29 19:21:13
APT001469,REF002067,PRC0098,ORG019,LOC019,2025-10-02 06:27:57,2025-10-23 06:27:57,Completed,2025-10-23 07:27:57,NorthStar Staff,0,,,2025-10-02 06:27:57,2025-10-23 07:27:57
APT001470,REF002069,PRC0053,ORG024,LOC024,2025-12-18 20:38:49,2026-01-20 20:38:49,Completed,2026-01-20 21:38:49,NorthStar Staff,0,,,2025-12-18 20:38:49,2026-01-20 21:38:49
APT001471,REF002070,PRC0083,ORG029,LOC029,2025-11-12 11:20:30,2025-11-27 11:20:30,Completed,2025-11-27 12:20:30,NorthStar Staff,0,,,2025-11-12 11:20:30,2025-11-27 12:20:30
APT001472,REF002072,PRC0066,ORG012,LOC012,2026-03-29 01:47:44,2026-04-11 01:47:44,Scheduled,,NorthStar Staff,0,,,2026-03-29 01:47:44,2026-03-29 01:47:44
APT001473,REF002073,PRC0090,ORG011,LOC011,2026-03-11 15:28:43,2026-03-17 15:28:43,Completed,2026-03-17 16:28:43,NorthStar Staff,0,,,2026-03-11 15:28:43,2026-03-17 16:28:43
APT001474,REF002076,PRC0067,ORG013,LOC013,2026-04-09 08:12:54,2026-05-13 08:12:54,Completed,2026-05-13 09:12:54,NorthStar Staff,0,,,2026-04-09 08:12:54,2026-05-13 09:12:54
APT001475,REF002078,PRC0093,ORG014,LOC014,2026-05-29 12:56:07,2026-07-03 12:56:07,Completed,2026-07-03 13:56:07,NorthStar Staff,0,,,2026-05-29 12:56:07,2026-07-03 13:56:07
APT001476,REF002081,PRC0069,ORG015,LOC015,2026-06-15 10:16:23,2026-06-21 10:16:23,Completed,2026-06-21 11:16:23,NorthStar Staff,0,,,2026-06-15 10:16:23,2026-06-21 11:16:23
APT001477,REF002083,PRC0103,ORG024,LOC024,2025-08-31 19:12:21,2025-09-07 19:12:21,Completed,2025-09-07 20:12:21,NorthStar Staff,0,,,2025-08-31 19:12:21,2025-09-07 20:12:21
APT001478,REF002084,PRC0097,ORG018,LOC018,2026-03-02 04:33:57,2026-03-20 04:33:57,Completed,2026-03-20 05:33:57,NorthStar Staff,0,,,2026-03-02 04:33:57,2026-03-20 05:33:57
APT001479,REF002085,PRC0093,ORG014,LOC014,2026-06-21 11:14:21,2026-07-05 11:14:21,Completed,2026-07-05 12:14:21,NorthStar Staff,0,,,2026-06-21 11:14:21,2026-07-05 12:14:21
APT001480,REF002086,PRC0100,ORG021,LOC021,2025-12-30 01:21:00,2026-01-30 01:21:00,Completed,2026-01-30 02:21:00,NorthStar Staff,0,,,2025-12-30 01:21:00,2026-01-30 02:21:00
APT001481,REF002087,PRC0066,ORG012,LOC012,2025-09-04 01:11:55,2025-09-18 01:11:55,Completed,2025-09-18 02:11:55,NorthStar Staff,0,,,2025-09-04 01:11:55,2025-09-18 02:11:55
APT001482,REF002088,PRC0092,ORG013,LOC013,2025-08-25 08:54:22,2025-08-29 08:54:22,Completed,2025-08-29 09:54:22,NorthStar Staff,0,,,2025-08-25 08:54:22,2025-08-29 09:54:22
APT001483,REF002089,PRC0078,ORG024,LOC024,2026-06-10 17:01:59,2026-07-13 17:01:59,Completed,2026-07-13 18:01:59,NorthStar Staff,0,,,2026-06-10 17:01:59,2026-07-13 18:01:59
APT001484,REF002089,PRC0078,ORG024,LOC024,2026-06-05 17:01:59,2026-07-06 17:01:59,Rescheduled,2026-06-10 17:01:59,Specialist Office,0,Specialist schedule changed,APT001483,2026-06-05 17:01:59,2026-06-10 17:01:59
APT001485,REF002090,PRC0082,ORG028,LOC028,2026-05-24 12:08:53,2026-06-01 12:08:53,Completed,2026-06-01 13:08:53,NorthStar Staff,1,,,2026-05-24 12:08:53,2026-06-01 13:08:53
APT001486,REF002091,PRC0064,ORG010,LOC010,2025-11-21 05:28:06,2025-12-22 05:28:06,Completed,2025-12-22 06:28:06,NorthStar Staff,0,,,2025-11-21 05:28:06,2025-12-22 06:28:06
APT001487,REF002092,PRC0109,ORG030,LOC030,2026-06-28 02:24:44,2026-07-15 02:24:44,Completed,2026-07-15 03:24:44,NorthStar Staff,0,,,2026-06-28 02:24:44,2026-07-15 03:24:44
APT001488,REF002093,PRC0062,ORG008,LOC008,2026-02-19 16:24:01,2026-03-14 16:24:01,Completed,2026-03-14 17:24:01,NorthStar Staff,1,,,2026-02-19 16:24:01,2026-03-14 17:24:01
APT001489,REF002097,PRC0058,ORG029,LOC029,2026-04-21 14:38:00,2026-04-28 14:38:00,Completed,2026-04-28 15:38:00,NorthStar Staff,0,,,2026-04-21 14:38:00,2026-04-28 15:38:00
APT001490,REF002099,PRC0110,ORG031,LOC031,2026-06-15 14:01:30,2026-07-16 14:01:30,Completed,2026-07-16 15:01:30,NorthStar Staff,0,,,2026-06-15 14:01:30,2026-07-16 15:01:30
APT001491,REF002100,PRC0038,ORG009,LOC009,2025-11-04 12:04:30,2025-12-05 12:04:30,Completed,2025-12-05 13:04:30,NorthStar Staff,0,,,2025-11-04 12:04:30,2025-12-05 13:04:30
APT001492,REF002101,PRC0050,ORG021,LOC021,2025-11-26 00:08:05,2025-12-23 00:08:05,Completed,2025-12-23 01:08:05,NorthStar Staff,0,,,2025-11-26 00:08:05,2025-12-23 01:08:05
APT001493,REF002102,PRC0089,ORG010,LOC010,2026-06-22 01:01:53,2026-06-28 01:01:53,Completed,2026-06-28 02:01:53,NorthStar Staff,0,,,2026-06-22 01:01:53,2026-06-28 02:01:53
APT001494,REF002103,PRC0062,ORG008,LOC008,2026-06-09 04:04:04,2026-06-25 04:04:04,Scheduled,,NorthStar Staff,0,,,2026-06-09 04:04:04,2026-06-09 04:04:04
APT001495,REF002104,PRC0046,ORG017,LOC017,2026-04-24 19:42:19,2026-05-27 19:42:19,Scheduled,,NorthStar Staff,0,,,2026-04-24 19:42:19,2026-04-24 19:42:19
APT001496,REF002105,PRC0067,ORG013,LOC013,2026-05-30 04:39:33,2026-06-04 04:39:33,Scheduled,,NorthStar Staff,0,,,2026-05-30 04:39:33,2026-05-30 04:39:33
APT001497,REF002106,PRC0107,ORG028,LOC028,2026-07-05 22:03:20,2026-08-01 22:03:20,Completed,2026-08-01 23:03:20,NorthStar Staff,0,,,2026-07-05 22:03:20,2026-08-01 23:03:20
APT001498,REF002107,PRC0052,ORG023,LOC023,2026-06-29 13:24:13,2026-07-19 13:24:13,Completed,2026-07-19 14:24:13,NorthStar Staff,0,,,2026-06-29 13:24:13,2026-07-19 14:24:13
APT001499,REF002110,PRC0062,ORG008,LOC008,2025-12-19 16:46:11,2026-01-15 16:46:11,Scheduled,,NorthStar Staff,0,,,2025-12-19 16:46:11,2025-12-19 16:46:11
APT001500,REF002111,PRC0056,ORG027,LOC027,2026-05-16 08:47:01,2026-05-19 08:47:01,Scheduled,,NorthStar Staff,1,,,2026-05-16 08:47:01,2026-05-16 08:47:01
APT001501,REF002111,PRC0056,ORG027,LOC027,2026-05-11 08:47:01,2026-05-12 08:47:01,Rescheduled,2026-05-16 08:47:01,Specialist Office,0,Specialist schedule changed,APT001500,2026-05-11 08:47:01,2026-05-16 08:47:01
APT001502,REF002112,PRC0045,ORG016,LOC016,2026-01-10 21:27:15,2026-01-30 21:27:15,Completed,2026-01-30 22:27:15,NorthStar Staff,0,,,2026-01-10 21:27:15,2026-01-30 22:27:15
APT001503,REF002112,PRC0045,ORG016,LOC016,2026-01-05 21:27:15,2026-01-23 21:27:15,Rescheduled,2026-01-10 21:27:15,Specialist Office,0,Specialist schedule changed,APT001502,2026-01-05 21:27:15,2026-01-10 21:27:15
APT001504,REF002116,PRC0066,ORG012,LOC012,2025-11-03 05:28:20,2025-11-07 05:28:20,Completed,2025-11-07 06:28:20,NorthStar Staff,0,,,2025-11-03 05:28:20,2025-11-07 06:28:20
APT001505,REF002119,PRC0047,ORG018,LOC018,2026-02-27 05:26:41,2026-03-18 05:26:41,Scheduled,,NorthStar Staff,0,,,2026-02-27 05:26:41,2026-02-27 05:26:41
APT001506,REF002120,PRC0061,ORG007,LOC007,2026-03-19 04:43:24,2026-04-03 04:43:24,Scheduled,,NorthStar Staff,0,,,2026-03-19 04:43:24,2026-03-19 04:43:24
APT001507,REF002120,PRC0061,ORG007,LOC007,2026-03-14 04:43:24,2026-03-27 04:43:24,Rescheduled,2026-03-19 04:43:24,Specialist Office,0,Specialist schedule changed,APT001506,2026-03-14 04:43:24,2026-03-19 04:43:24
APT001508,REF002121,PRC0092,ORG013,LOC013,2026-07-13 12:53:21,2026-08-17 12:53:21,Completed,2026-08-17 13:53:21,NorthStar Staff,0,,,2026-07-13 12:53:21,2026-08-17 13:53:21
APT001509,REF002123,PRC0036,ORG007,LOC007,2026-05-19 09:49:33,2026-06-10 09:49:33,Completed,2026-06-10 10:49:33,NorthStar Staff,0,,,2026-05-19 09:49:33,2026-06-10 10:49:33
APT001510,REF002124,PRC0079,ORG025,LOC025,2026-05-18 15:36:07,2026-05-27 15:36:07,Completed,2026-05-27 16:36:07,NorthStar Staff,0,,,2026-05-18 15:36:07,2026-05-27 16:36:07
APT001511,REF002127,PRC0071,ORG017,LOC017,2026-01-22 03:23:49,2026-02-13 03:23:49,Completed,2026-02-13 04:23:49,NorthStar Staff,0,,,2026-01-22 03:23:49,2026-02-13 04:23:49
APT001512,REF002128,PRC0042,ORG013,LOC013,2026-05-20 05:59:47,2026-05-27 05:59:47,Completed,2026-05-27 06:59:47,NorthStar Staff,1,,,2026-05-20 05:59:47,2026-05-27 06:59:47
APT001513,REF002129,PRC0084,ORG030,LOC030,2025-09-25 09:44:16,2025-10-30 09:44:16,Completed,2025-10-30 10:44:16,NorthStar Staff,0,,,2025-09-25 09:44:16,2025-10-30 10:44:16
APT001514,REF002130,PRC0081,ORG027,LOC027,2025-10-30 16:17:01,2025-11-22 16:17:01,Completed,2025-11-22 17:17:01,NorthStar Staff,0,,,2025-10-30 16:17:01,2025-11-22 17:17:01
APT001515,REF002131,PRC0071,ORG017,LOC017,2026-01-31 10:20:59,2026-02-26 10:20:59,Completed,2026-02-26 11:20:59,NorthStar Staff,1,,,2026-01-31 10:20:59,2026-02-26 11:20:59
APT001516,REF002131,PRC0071,ORG017,LOC017,2026-01-26 10:20:59,2026-02-19 10:20:59,Rescheduled,2026-01-31 10:20:59,Specialist Office,0,Specialist schedule changed,APT001515,2026-01-26 10:20:59,2026-01-31 10:20:59
APT001517,REF002132,PRC0085,ORG031,LOC031,2026-06-11 18:40:59,2026-06-20 18:40:59,Scheduled,,NorthStar Staff,0,,,2026-06-11 18:40:59,2026-06-11 18:40:59
APT001518,REF002133,PRC0103,ORG024,LOC024,2026-06-30 17:59:34,2026-07-08 17:59:34,Completed,2026-07-08 18:59:34,NorthStar Staff,1,,,2026-06-30 17:59:34,2026-07-08 18:59:34
APT001519,REF002134,PRC0071,ORG017,LOC017,2025-11-15 12:21:41,2025-11-21 12:21:41,Completed,2025-11-21 13:21:41,NorthStar Staff,0,,,2025-11-15 12:21:41,2025-11-21 13:21:41
APT001520,REF002135,PRC0094,ORG015,LOC015,2025-09-27 17:43:57,2025-10-26 17:43:57,Completed,2025-10-26 18:43:57,NorthStar Staff,0,,,2025-09-27 17:43:57,2025-10-26 18:43:57
APT001521,REF002140,PRC0054,ORG025,LOC025,2026-04-19 05:35:41,2026-05-08 05:35:41,Completed,2026-05-08 06:35:41,NorthStar Staff,0,,,2026-04-19 05:35:41,2026-05-08 06:35:41
APT001522,REF002142,PRC0079,ORG025,LOC025,2026-04-09 03:48:36,2026-04-27 03:48:36,Completed,2026-04-27 04:48:36,NorthStar Staff,1,,,2026-04-09 03:48:36,2026-04-27 04:48:36
APT001523,REF002144,PRC0103,ORG024,LOC024,2026-07-09 00:52:00,2026-07-22 00:52:00,Completed,2026-07-22 01:52:00,NorthStar Staff,0,,,2026-07-09 00:52:00,2026-07-22 01:52:00
APT001524,REF002145,PRC0051,ORG022,LOC022,2025-12-28 09:25:36,2026-01-24 09:25:36,Completed,2026-01-24 10:25:36,NorthStar Staff,0,,,2025-12-28 09:25:36,2026-01-24 10:25:36
APT001525,REF002146,PRC0046,ORG017,LOC017,2026-06-22 14:13:11,2026-07-11 14:13:11,Completed,2026-07-11 15:13:11,NorthStar Staff,1,,,2026-06-22 14:13:11,2026-07-11 15:13:11
APT001526,REF002148,PRC0075,ORG021,LOC021,2025-09-15 02:43:37,2025-09-21 02:43:37,Completed,2025-09-21 03:43:37,NorthStar Staff,0,,,2025-09-15 02:43:37,2025-09-21 03:43:37
APT001527,REF002149,PRC0065,ORG011,LOC011,2026-01-06 06:40:59,2026-02-08 06:40:59,Completed,2026-02-08 07:40:59,NorthStar Staff,0,,,2026-01-06 06:40:59,2026-02-08 07:40:59
APT001528,REF002151,PRC0044,ORG015,LOC015,2025-09-29 02:55:25,2025-10-22 02:55:25,Completed,2025-10-22 03:55:25,NorthStar Staff,0,,,2025-09-29 02:55:25,2025-10-22 03:55:25
APT001529,REF002152,PRC0065,ORG011,LOC011,2026-06-26 00:18:58,2026-07-13 00:18:58,Completed,2026-07-13 01:18:58,NorthStar Staff,0,,,2026-06-26 00:18:58,2026-07-13 01:18:58
APT001530,REF002153,PRC0077,ORG023,LOC023,2026-06-10 19:55:23,2026-06-30 19:55:23,Completed,2026-06-30 20:55:23,NorthStar Staff,0,,,2026-06-10 19:55:23,2026-06-30 20:55:23
APT001531,REF002155,PRC0072,ORG018,LOC018,2026-02-17 23:57:50,2026-03-13 23:57:50,Completed,2026-03-14 00:57:50,NorthStar Staff,0,,,2026-02-17 23:57:50,2026-03-14 00:57:50
APT001532,REF002156,PRC0102,ORG023,LOC023,2025-09-30 13:09:41,2025-11-03 13:09:41,Completed,2025-11-03 14:09:41,NorthStar Staff,0,,,2025-09-30 13:09:41,2025-11-03 14:09:41
APT001533,REF002158,PRC0069,ORG015,LOC015,2025-09-12 04:51:20,2025-10-12 04:51:20,Completed,2025-10-12 05:51:20,NorthStar Staff,1,,,2025-09-12 04:51:20,2025-10-12 05:51:20
APT001534,REF002159,PRC0077,ORG023,LOC023,2026-01-12 09:51:59,2026-01-24 09:51:59,Completed,2026-01-24 10:51:59,NorthStar Staff,0,,,2026-01-12 09:51:59,2026-01-24 10:51:59
APT001535,REF002160,PRC0083,ORG029,LOC029,2026-06-09 19:33:13,2026-07-03 19:33:13,Completed,2026-07-03 20:33:13,NorthStar Staff,0,,,2026-06-09 19:33:13,2026-07-03 20:33:13
APT001536,REF002163,PRC0050,ORG021,LOC021,2026-06-15 21:10:52,2026-07-17 21:10:52,Scheduled,,NorthStar Staff,0,,,2026-06-15 21:10:52,2026-06-15 21:10:52
APT001537,REF002164,PRC0103,ORG024,LOC024,2026-01-01 22:05:22,2026-02-05 22:05:22,Completed,2026-02-05 23:05:22,NorthStar Staff,0,,,2026-01-01 22:05:22,2026-02-05 23:05:22
APT001538,REF002164,PRC0103,ORG024,LOC024,2025-12-27 22:05:22,2026-01-29 22:05:22,Rescheduled,2026-01-01 22:05:22,Specialist Office,0,Specialist schedule changed,APT001537,2025-12-27 22:05:22,2026-01-01 22:05:22
APT001539,REF002165,PRC0105,ORG026,LOC026,2026-01-17 06:40:48,2026-02-06 06:40:48,Completed,2026-02-06 07:40:48,NorthStar Staff,0,,,2026-01-17 06:40:48,2026-02-06 07:40:48
APT001540,REF002166,PRC0041,ORG012,LOC012,2026-05-05 04:19:23,2026-05-12 04:19:23,Completed,2026-05-12 05:19:23,NorthStar Staff,0,,,2026-05-05 04:19:23,2026-05-12 05:19:23
APT001541,REF002167,PRC0053,ORG024,LOC024,2026-02-26 08:46:14,2026-03-22 08:46:14,Completed,2026-03-22 09:46:14,NorthStar Staff,0,,,2026-02-26 08:46:14,2026-03-22 09:46:14
APT001542,REF002168,PRC0106,ORG027,LOC027,2026-01-21 18:43:24,2026-02-17 18:43:24,Completed,2026-02-17 19:43:24,NorthStar Staff,1,,,2026-01-21 18:43:24,2026-02-17 19:43:24
APT001543,REF002171,PRC0070,ORG016,LOC016,2025-09-06 18:56:22,2025-10-06 18:56:22,Completed,2025-10-06 19:56:22,NorthStar Staff,0,,,2025-09-06 18:56:22,2025-10-06 19:56:22
APT001544,REF002172,PRC0077,ORG023,LOC023,2025-09-15 12:50:18,2025-10-13 12:50:18,Completed,2025-10-13 13:50:18,NorthStar Staff,0,,,2025-09-15 12:50:18,2025-10-13 13:50:18
APT001545,REF002173,PRC0094,ORG015,LOC015,2026-04-14 20:27:34,2026-05-04 20:27:34,Completed,2026-05-04 21:27:34,NorthStar Staff,1,,,2026-04-14 20:27:34,2026-05-04 21:27:34
APT001546,REF002174,PRC0051,ORG022,LOC022,2026-01-23 21:21:08,2026-02-27 21:21:08,Completed,2026-02-27 22:21:08,NorthStar Staff,0,,,2026-01-23 21:21:08,2026-02-27 22:21:08
APT001547,REF002175,PRC0079,ORG025,LOC025,2025-11-20 15:24:32,2025-11-25 15:24:32,Scheduled,,NorthStar Staff,0,,,2025-11-20 15:24:32,2025-11-20 15:24:32
APT001548,REF002176,PRC0048,ORG019,LOC019,2026-02-03 03:08:15,2026-02-11 03:08:15,Completed,2026-02-11 04:08:15,NorthStar Staff,0,,,2026-02-03 03:08:15,2026-02-11 04:08:15
APT001549,REF002177,PRC0105,ORG026,LOC026,2026-05-31 11:23:35,2026-06-28 11:23:35,Completed,2026-06-28 12:23:35,NorthStar Staff,0,,,2026-05-31 11:23:35,2026-06-28 12:23:35
APT001550,REF002178,PRC0051,ORG022,LOC022,2025-09-02 09:34:56,2025-10-01 09:34:56,Completed,2025-10-01 10:34:56,NorthStar Staff,0,,,2025-09-02 09:34:56,2025-10-01 10:34:56
APT001551,REF002179,PRC0105,ORG026,LOC026,2025-10-23 11:00:43,2025-11-15 11:00:43,Completed,2025-11-15 12:00:43,NorthStar Staff,0,,,2025-10-23 11:00:43,2025-11-15 12:00:43
APT001552,REF002180,PRC0060,ORG031,LOC031,2025-10-19 21:31:41,2025-10-24 21:31:41,Completed,2025-10-24 22:31:41,NorthStar Staff,0,,,2025-10-19 21:31:41,2025-10-24 22:31:41
APT001553,REF002181,PRC0078,ORG024,LOC024,2026-06-14 15:48:38,2026-07-03 15:48:38,Completed,2026-07-03 16:48:38,NorthStar Staff,0,,,2026-06-14 15:48:38,2026-07-03 16:48:38
APT001554,REF002181,PRC0078,ORG024,LOC024,2026-06-09 15:48:38,2026-06-26 15:48:38,Rescheduled,2026-06-14 15:48:38,Specialist Office,0,Specialist schedule changed,APT001553,2026-06-09 15:48:38,2026-06-14 15:48:38
APT001555,REF002182,PRC0086,ORG007,LOC007,2026-05-29 22:08:30,2026-06-22 22:08:30,Completed,2026-06-22 23:08:30,NorthStar Staff,1,,,2026-05-29 22:08:30,2026-06-22 23:08:30
APT001556,REF002183,PRC0061,ORG007,LOC007,2025-10-01 08:23:23,2025-10-06 08:23:23,Completed,2025-10-06 09:23:23,NorthStar Staff,0,,,2025-10-01 08:23:23,2025-10-06 09:23:23
APT001557,REF002184,PRC0107,ORG028,LOC028,2025-12-15 20:49:38,2026-01-10 20:49:38,Completed,2026-01-10 21:49:38,NorthStar Staff,0,,,2025-12-15 20:49:38,2026-01-10 21:49:38
APT001558,REF002184,PRC0107,ORG028,LOC028,2025-12-10 20:49:38,2026-01-03 20:49:38,Rescheduled,2025-12-15 20:49:38,Specialist Office,0,Specialist schedule changed,APT001557,2025-12-10 20:49:38,2025-12-15 20:49:38
APT001559,REF002186,PRC0044,ORG015,LOC015,2026-06-04 16:04:55,2026-07-01 16:04:55,Completed,2026-07-01 17:04:55,NorthStar Staff,0,,,2026-06-04 16:04:55,2026-07-01 17:04:55
APT001560,REF002187,PRC0091,ORG012,LOC012,2025-09-05 21:04:36,2025-09-08 21:04:36,Completed,2025-09-08 22:04:36,NorthStar Staff,0,,,2025-09-05 21:04:36,2025-09-08 22:04:36
APT001561,REF002188,PRC0107,ORG028,LOC028,2026-02-23 08:43:27,2026-03-16 08:43:27,Completed,2026-03-16 09:43:27,NorthStar Staff,0,,,2026-02-23 08:43:27,2026-03-16 09:43:27
APT001562,REF002189,PRC0081,ORG027,LOC027,2026-03-06 21:52:45,2026-03-10 21:52:45,Completed,2026-03-10 22:52:45,NorthStar Staff,1,,,2026-03-06 21:52:45,2026-03-10 22:52:45
APT001563,REF002190,PRC0053,ORG024,LOC024,2026-03-17 11:22:34,2026-04-17 11:22:34,Completed,2026-04-17 12:22:34,NorthStar Staff,0,,,2026-03-17 11:22:34,2026-04-17 12:22:34
APT001564,REF002193,PRC0069,ORG015,LOC015,2025-08-31 19:24:11,2025-09-03 19:24:11,Scheduled,,NorthStar Staff,0,,,2025-08-31 19:24:11,2025-08-31 19:24:11
APT001565,REF002194,PRC0091,ORG012,LOC012,2025-11-07 21:21:41,2025-11-30 21:21:41,Completed,2025-11-30 22:21:41,NorthStar Staff,0,,,2025-11-07 21:21:41,2025-11-30 22:21:41
APT001566,REF002195,PRC0068,ORG014,LOC014,2025-11-19 03:08:17,2025-12-01 03:08:17,Completed,2025-12-01 04:08:17,NorthStar Staff,1,,,2025-11-19 03:08:17,2025-12-01 04:08:17
APT001567,REF002196,PRC0081,ORG027,LOC027,2025-09-29 09:37:28,2025-10-24 09:37:28,Completed,2025-10-24 10:37:28,NorthStar Staff,0,,,2025-09-29 09:37:28,2025-10-24 10:37:28
APT001568,REF002197,PRC0069,ORG015,LOC015,2026-02-10 05:25:12,2026-03-17 05:25:12,Completed,2026-03-17 06:25:12,NorthStar Staff,0,,,2026-02-10 05:25:12,2026-03-17 06:25:12
APT001569,REF002199,PRC0109,ORG030,LOC030,2026-02-28 21:05:41,2026-03-26 21:05:41,Completed,2026-03-26 22:05:41,NorthStar Staff,1,,,2026-02-28 21:05:41,2026-03-26 22:05:41
APT001570,REF002200,PRC0110,ORG031,LOC031,2026-03-09 11:48:21,2026-03-20 11:48:21,Completed,2026-03-20 12:48:21,NorthStar Staff,1,,,2026-03-09 11:48:21,2026-03-20 12:48:21
APT001571,REF002203,PRC0096,ORG017,LOC017,2026-05-25 15:08:53,2026-06-22 15:08:53,Scheduled,,NorthStar Staff,0,,,2026-05-25 15:08:53,2026-05-25 15:08:53
APT001572,REF002204,PRC0047,ORG018,LOC018,2025-09-10 11:11:47,2025-09-22 11:11:47,Scheduled,,NorthStar Staff,0,,,2025-09-10 11:11:47,2025-09-10 11:11:47
APT001573,REF002205,PRC0046,ORG017,LOC017,2025-11-22 13:51:34,2025-12-18 13:51:34,Scheduled,,NorthStar Staff,0,,,2025-11-22 13:51:34,2025-11-22 13:51:34
APT001574,REF002206,PRC0072,ORG018,LOC018,2026-03-16 12:54:42,2026-03-31 12:54:42,Scheduled,,NorthStar Staff,0,,,2026-03-16 12:54:42,2026-03-16 12:54:42
APT001575,REF002207,PRC0093,ORG014,LOC014,2026-05-21 04:03:20,2026-06-12 04:03:20,Completed,2026-06-12 05:03:20,NorthStar Staff,0,,,2026-05-21 04:03:20,2026-06-12 05:03:20
APT001576,REF002207,PRC0093,ORG014,LOC014,2026-05-16 04:03:20,2026-06-05 04:03:20,Rescheduled,2026-05-21 04:03:20,Specialist Office,0,Specialist schedule changed,APT001575,2026-05-16 04:03:20,2026-05-21 04:03:20
APT001577,REF002208,PRC0080,ORG026,LOC026,2026-03-09 11:14:43,2026-03-16 11:14:43,Completed,2026-03-16 12:14:43,NorthStar Staff,1,,,2026-03-09 11:14:43,2026-03-16 12:14:43
APT001578,REF002209,PRC0085,ORG031,LOC031,2026-05-14 03:32:24,2026-05-30 03:32:24,Completed,2026-05-30 04:32:24,NorthStar Staff,0,,,2026-05-14 03:32:24,2026-05-30 04:32:24
APT001579,REF002211,PRC0077,ORG023,LOC023,2026-05-16 05:57:45,2026-06-16 05:57:45,Scheduled,,NorthStar Staff,0,,,2026-05-16 05:57:45,2026-05-16 05:57:45
APT001580,REF002212,PRC0044,ORG015,LOC015,2025-10-18 14:56:34,2025-11-04 14:56:34,Completed,2025-11-04 15:56:34,NorthStar Staff,0,,,2025-10-18 14:56:34,2025-11-04 15:56:34
APT001581,REF002214,PRC0085,ORG031,LOC031,2025-12-29 13:39:04,2026-01-02 13:39:04,Completed,2026-01-02 14:39:04,NorthStar Staff,0,,,2025-12-29 13:39:04,2026-01-02 14:39:04
APT001582,REF002215,PRC0050,ORG021,LOC021,2026-05-23 00:27:24,2026-05-27 00:27:24,Completed,2026-05-27 01:27:24,NorthStar Staff,0,,,2026-05-23 00:27:24,2026-05-27 01:27:24
APT001583,REF002217,PRC0084,ORG030,LOC030,2026-06-25 11:23:32,2026-07-18 11:23:32,Completed,2026-07-18 12:23:32,NorthStar Staff,1,,,2026-06-25 11:23:32,2026-07-18 12:23:32
APT001584,REF002218,PRC0068,ORG014,LOC014,2025-11-05 01:21:33,2025-11-23 01:21:33,Scheduled,,NorthStar Staff,1,,,2025-11-05 01:21:33,2025-11-05 01:21:33
APT001585,REF002219,PRC0053,ORG024,LOC024,2026-01-28 14:02:34,2026-02-01 14:02:34,Scheduled,,NorthStar Staff,0,,,2026-01-28 14:02:34,2026-01-28 14:02:34
APT001586,REF002220,PRC0089,ORG010,LOC010,2026-06-19 06:23:13,2026-07-04 06:23:13,Completed,2026-07-04 07:23:13,NorthStar Staff,0,,,2026-06-19 06:23:13,2026-07-04 07:23:13
APT001587,REF002221,PRC0053,ORG024,LOC024,2026-07-21 02:30:16,2026-08-25 02:30:16,Scheduled,,NorthStar Staff,0,,,2026-07-21 02:30:16,2026-07-21 02:30:16
APT001588,REF002222,PRC0068,ORG014,LOC014,2026-07-15 20:46:20,2026-07-29 20:46:20,Completed,2026-07-29 21:46:20,NorthStar Staff,0,,,2026-07-15 20:46:20,2026-07-29 21:46:20
APT001589,REF002222,PRC0068,ORG014,LOC014,2026-07-10 20:46:20,2026-07-22 20:46:20,Rescheduled,2026-07-15 20:46:20,Specialist Office,0,Specialist schedule changed,APT001588,2026-07-10 20:46:20,2026-07-15 20:46:20
APT001590,REF002224,PRC0055,ORG026,LOC026,2026-06-12 01:19:13,2026-06-22 01:19:13,Scheduled,,NorthStar Staff,0,,,2026-06-12 01:19:13,2026-06-12 01:19:13
APT001591,REF002229,PRC0072,ORG018,LOC018,2026-03-13 07:49:17,2026-04-14 07:49:17,Completed,2026-04-14 08:49:17,NorthStar Staff,0,,,2026-03-13 07:49:17,2026-04-14 08:49:17
APT001592,REF002232,PRC0068,ORG014,LOC014,2026-07-10 12:45:21,2026-08-08 12:45:21,Completed,2026-08-08 13:45:21,NorthStar Staff,0,,,2026-07-10 12:45:21,2026-08-08 13:45:21
APT001593,REF002234,PRC0081,ORG027,LOC027,2026-03-16 23:44:26,2026-03-30 23:44:26,Completed,2026-03-31 00:44:26,NorthStar Staff,0,,,2026-03-16 23:44:26,2026-03-31 00:44:26
APT001594,REF002235,PRC0095,ORG016,LOC016,2025-12-05 03:31:24,2025-12-26 03:31:24,Completed,2025-12-26 04:31:24,NorthStar Staff,0,,,2025-12-05 03:31:24,2025-12-26 04:31:24
APT001595,REF002236,PRC0069,ORG015,LOC015,2025-09-24 03:28:57,2025-10-28 03:28:57,Completed,2025-10-28 04:28:57,NorthStar Staff,0,,,2025-09-24 03:28:57,2025-10-28 04:28:57
APT001596,REF002238,PRC0044,ORG015,LOC015,2026-01-17 23:33:15,2026-01-27 23:33:15,Completed,2026-01-28 00:33:15,NorthStar Staff,1,,,2026-01-17 23:33:15,2026-01-28 00:33:15
APT001597,REF002240,PRC0060,ORG031,LOC031,2026-01-15 16:06:40,2026-01-25 16:06:40,Scheduled,,NorthStar Staff,1,,,2026-01-15 16:06:40,2026-01-15 16:06:40
APT001598,REF002242,PRC0079,ORG025,LOC025,2026-07-13 08:50:56,2026-07-27 08:50:56,Completed,2026-07-27 09:50:56,NorthStar Staff,0,,,2026-07-13 08:50:56,2026-07-27 09:50:56
APT001599,REF002244,PRC0040,ORG011,LOC011,2026-05-12 15:36:19,2026-06-10 15:36:19,Scheduled,,NorthStar Staff,1,,,2026-05-12 15:36:19,2026-05-12 15:36:19
APT001600,REF002245,PRC0049,ORG020,LOC020,2025-10-31 05:12:00,2025-11-06 05:12:00,Completed,2025-11-06 06:12:00,NorthStar Staff,0,,,2025-10-31 05:12:00,2025-11-06 06:12:00
APT001601,REF002248,PRC0068,ORG014,LOC014,2026-03-13 08:20:57,2026-04-16 08:20:57,Scheduled,,NorthStar Staff,0,,,2026-03-13 08:20:57,2026-03-13 08:20:57
APT001602,REF002249,PRC0044,ORG015,LOC015,2025-12-17 05:44:43,2025-12-29 05:44:43,Completed,2025-12-29 06:44:43,NorthStar Staff,0,,,2025-12-17 05:44:43,2025-12-29 06:44:43
APT001603,REF002251,PRC0073,ORG019,LOC019,2025-10-15 19:54:24,2025-10-18 19:54:24,Completed,2025-10-18 20:54:24,NorthStar Staff,0,,,2025-10-15 19:54:24,2025-10-18 20:54:24
APT001604,REF002252,PRC0085,ORG031,LOC031,2026-04-16 19:54:29,2026-05-15 19:54:29,Completed,2026-05-15 20:54:29,NorthStar Staff,0,,,2026-04-16 19:54:29,2026-05-15 20:54:29
APT001605,REF002254,PRC0080,ORG026,LOC026,2025-12-30 21:07:01,2026-01-19 21:07:01,Completed,2026-01-19 22:07:01,NorthStar Staff,0,,,2025-12-30 21:07:01,2026-01-19 22:07:01
APT001606,REF002256,PRC0054,ORG025,LOC025,2026-04-28 05:08:07,2026-05-30 05:08:07,Completed,2026-05-30 06:08:07,NorthStar Staff,0,,,2026-04-28 05:08:07,2026-05-30 06:08:07
APT001607,REF002257,PRC0039,ORG010,LOC010,2025-09-12 14:28:07,2025-10-16 14:28:07,Scheduled,,NorthStar Staff,0,,,2025-09-12 14:28:07,2025-09-12 14:28:07
APT001608,REF002258,PRC0105,ORG026,LOC026,2025-09-06 16:39:40,2025-09-25 16:39:40,Completed,2025-09-25 17:39:40,NorthStar Staff,0,,,2025-09-06 16:39:40,2025-09-25 17:39:40
APT001609,REF002261,PRC0071,ORG017,LOC017,2026-06-04 20:06:32,2026-06-11 20:06:32,Completed,2026-06-11 21:06:32,NorthStar Staff,0,,,2026-06-04 20:06:32,2026-06-11 21:06:32
APT001610,REF002262,PRC0095,ORG016,LOC016,2025-09-10 07:57:07,2025-10-10 07:57:07,Completed,2025-10-10 08:57:07,NorthStar Staff,0,,,2025-09-10 07:57:07,2025-10-10 08:57:07
APT001611,REF002263,PRC0066,ORG012,LOC012,2025-10-19 10:19:18,2025-11-08 10:19:18,Completed,2025-11-08 11:19:18,NorthStar Staff,0,,,2025-10-19 10:19:18,2025-11-08 11:19:18
APT001612,REF002266,PRC0044,ORG015,LOC015,2026-07-05 14:00:23,2026-07-25 14:00:23,Scheduled,,NorthStar Staff,0,,,2026-07-05 14:00:23,2026-07-05 14:00:23
APT001613,REF002267,PRC0091,ORG012,LOC012,2025-10-11 02:53:38,2025-10-14 02:53:38,Completed,2025-10-14 03:53:38,NorthStar Staff,0,,,2025-10-11 02:53:38,2025-10-14 03:53:38
APT001614,REF002270,PRC0052,ORG023,LOC023,2026-06-21 13:55:23,2026-07-15 13:55:23,Scheduled,,NorthStar Staff,0,,,2026-06-21 13:55:23,2026-06-21 13:55:23
APT001615,REF002272,PRC0052,ORG023,LOC023,2026-07-08 06:44:19,2026-07-18 06:44:19,Completed,2026-07-18 07:44:19,NorthStar Staff,0,,,2026-07-08 06:44:19,2026-07-18 07:44:19
APT001616,REF002273,PRC0053,ORG024,LOC024,2026-07-06 13:20:00,2026-07-21 13:20:00,Completed,2026-07-21 14:20:00,NorthStar Staff,1,,,2026-07-06 13:20:00,2026-07-21 14:20:00
APT001617,REF002274,PRC0092,ORG013,LOC013,2026-04-01 21:02:42,2026-04-25 21:02:42,Scheduled,,NorthStar Staff,1,,,2026-04-01 21:02:42,2026-04-01 21:02:42
APT001618,REF002276,PRC0041,ORG012,LOC012,2026-01-21 10:53:06,2026-02-13 10:53:06,Completed,2026-02-13 11:53:06,NorthStar Staff,1,,,2026-01-21 10:53:06,2026-02-13 11:53:06
APT001619,REF002279,PRC0068,ORG014,LOC014,2026-05-27 07:43:20,2026-06-13 07:43:20,Completed,2026-06-13 08:43:20,NorthStar Staff,0,,,2026-05-27 07:43:20,2026-06-13 08:43:20
APT001620,REF002280,PRC0055,ORG026,LOC026,2025-11-09 09:08:04,2025-12-11 09:08:04,Completed,2025-12-11 10:08:04,NorthStar Staff,0,,,2025-11-09 09:08:04,2025-12-11 10:08:04
APT001621,REF002282,PRC0065,ORG011,LOC011,2026-03-06 14:08:20,2026-03-24 14:08:20,Completed,2026-03-24 15:08:20,NorthStar Staff,0,,,2026-03-06 14:08:20,2026-03-24 15:08:20
APT001622,REF002283,PRC0085,ORG031,LOC031,2025-11-11 06:15:18,2025-12-10 06:15:18,Completed,2025-12-10 07:15:18,NorthStar Staff,0,,,2025-11-11 06:15:18,2025-12-10 07:15:18
APT001623,REF002285,PRC0051,ORG022,LOC022,2026-03-22 20:35:50,2026-04-22 20:35:50,Completed,2026-04-22 21:35:50,NorthStar Staff,0,,,2026-03-22 20:35:50,2026-04-22 21:35:50
APT001624,REF002286,PRC0106,ORG027,LOC027,2026-06-07 15:01:03,2026-06-28 15:01:03,Completed,2026-06-28 16:01:03,NorthStar Staff,1,,,2026-06-07 15:01:03,2026-06-28 16:01:03
APT001625,REF002287,PRC0106,ORG027,LOC027,2025-12-22 18:12:55,2026-01-07 18:12:55,Completed,2026-01-07 19:12:55,NorthStar Staff,0,,,2025-12-22 18:12:55,2026-01-07 19:12:55
APT001626,REF002289,PRC0102,ORG023,LOC023,2025-10-17 13:09:31,2025-10-28 13:09:31,Scheduled,,NorthStar Staff,0,,,2025-10-17 13:09:31,2025-10-17 13:09:31
APT001627,REF002290,PRC0080,ORG026,LOC026,2026-03-29 01:30:33,2026-04-13 01:30:33,Completed,2026-04-13 02:30:33,NorthStar Staff,0,,,2026-03-29 01:30:33,2026-04-13 02:30:33
APT001628,REF002291,PRC0051,ORG022,LOC022,2025-10-04 21:20:04,2025-10-11 21:20:04,Scheduled,,NorthStar Staff,1,,,2025-10-04 21:20:04,2025-10-04 21:20:04
APT001629,REF002296,PRC0070,ORG016,LOC016,2025-11-20 14:42:28,2025-12-03 14:42:28,Completed,2025-12-03 15:42:28,NorthStar Staff,0,,,2025-11-20 14:42:28,2025-12-03 15:42:28
APT001630,REF002297,PRC0108,ORG029,LOC029,2026-07-11 15:11:54,2026-08-10 15:11:54,Completed,2026-08-10 16:11:54,NorthStar Staff,0,,,2026-07-11 15:11:54,2026-08-10 16:11:54
APT001631,REF002298,PRC0048,ORG019,LOC019,2026-02-28 15:09:15,2026-03-21 15:09:15,Scheduled,,NorthStar Staff,0,,,2026-02-28 15:09:15,2026-02-28 15:09:15
APT001632,REF002299,PRC0045,ORG016,LOC016,2026-06-26 07:23:06,2026-07-20 07:23:06,Completed,2026-07-20 08:23:06,NorthStar Staff,0,,,2026-06-26 07:23:06,2026-07-20 08:23:06
APT001633,REF002300,PRC0110,ORG031,LOC031,2026-03-27 13:16:56,2026-04-21 13:16:56,Completed,2026-04-21 14:16:56,NorthStar Staff,0,,,2026-03-27 13:16:56,2026-04-21 14:16:56
APT001634,REF002301,PRC0047,ORG018,LOC018,2026-02-23 00:13:55,2026-03-04 00:13:55,Completed,2026-03-04 01:13:55,NorthStar Staff,0,,,2026-02-23 00:13:55,2026-03-04 01:13:55
APT001635,REF002302,PRC0052,ORG023,LOC023,2026-04-01 18:05:02,2026-05-06 18:05:02,Completed,2026-05-06 19:05:02,NorthStar Staff,0,,,2026-04-01 18:05:02,2026-05-06 19:05:02
APT001636,REF002303,PRC0098,ORG019,LOC019,2026-06-20 22:54:15,2026-07-19 22:54:15,Completed,2026-07-19 23:54:15,NorthStar Staff,1,,,2026-06-20 22:54:15,2026-07-19 23:54:15
APT001637,REF002304,PRC0086,ORG007,LOC007,2025-09-02 21:43:19,2025-10-06 21:43:19,Completed,2025-10-06 22:43:19,NorthStar Staff,0,,,2025-09-02 21:43:19,2025-10-06 22:43:19
APT001638,REF002306,PRC0107,ORG028,LOC028,2026-06-15 01:47:58,2026-07-10 01:47:58,Completed,2026-07-10 02:47:58,NorthStar Staff,0,,,2026-06-15 01:47:58,2026-07-10 02:47:58
APT001639,REF002307,PRC0103,ORG024,LOC024,2026-07-08 21:26:56,2026-08-08 21:26:56,Completed,2026-08-08 22:26:56,NorthStar Staff,0,,,2026-07-08 21:26:56,2026-08-08 22:26:56
APT001640,REF002308,PRC0103,ORG024,LOC024,2026-04-21 05:46:58,2026-04-29 05:46:58,Scheduled,,NorthStar Staff,0,,,2026-04-21 05:46:58,2026-04-21 05:46:58
APT001641,REF002310,PRC0037,ORG008,LOC008,2025-10-29 16:44:28,2025-11-14 16:44:28,Completed,2025-11-14 17:44:28,NorthStar Staff,0,,,2025-10-29 16:44:28,2025-11-14 17:44:28
APT001642,REF002312,PRC0105,ORG026,LOC026,2025-10-23 05:34:38,2025-11-17 05:34:38,Scheduled,,NorthStar Staff,0,,,2025-10-23 05:34:38,2025-10-23 05:34:38
APT001643,REF002313,PRC0079,ORG025,LOC025,2025-09-16 17:26:12,2025-10-12 17:26:12,Completed,2025-10-12 18:26:12,NorthStar Staff,0,,,2025-09-16 17:26:12,2025-10-12 18:26:12
APT001644,REF002315,PRC0090,ORG011,LOC011,2026-05-18 01:08:55,2026-06-01 01:08:55,Completed,2026-06-01 02:08:55,NorthStar Staff,0,,,2026-05-18 01:08:55,2026-06-01 02:08:55
APT001645,REF002316,PRC0057,ORG028,LOC028,2026-06-27 10:58:43,2026-07-03 10:58:43,Completed,2026-07-03 11:58:43,NorthStar Staff,0,,,2026-06-27 10:58:43,2026-07-03 11:58:43
APT001646,REF002317,PRC0089,ORG010,LOC010,2025-12-10 17:43:23,2025-12-14 17:43:23,Scheduled,,NorthStar Staff,1,,,2025-12-10 17:43:23,2025-12-10 17:43:23
APT001647,REF002317,PRC0089,ORG010,LOC010,2025-12-05 17:43:23,2025-12-07 17:43:23,Rescheduled,2025-12-10 17:43:23,Specialist Office,0,Specialist schedule changed,APT001646,2025-12-05 17:43:23,2025-12-10 17:43:23
APT001648,REF002319,PRC0098,ORG019,LOC019,2026-02-09 22:14:05,2026-02-14 22:14:05,Completed,2026-02-14 23:14:05,NorthStar Staff,0,,,2026-02-09 22:14:05,2026-02-14 23:14:05
APT001649,REF002320,PRC0101,ORG022,LOC022,2025-12-09 14:04:14,2025-12-27 14:04:14,Completed,2025-12-27 15:04:14,NorthStar Staff,0,,,2025-12-09 14:04:14,2025-12-27 15:04:14
APT001650,REF002321,PRC0087,ORG008,LOC008,2025-11-04 11:16:34,2025-12-09 11:16:34,Scheduled,,NorthStar Staff,1,,,2025-11-04 11:16:34,2025-11-04 11:16:34
APT001651,REF002323,PRC0043,ORG014,LOC014,2025-12-24 12:20:36,2026-01-01 12:20:36,Completed,2026-01-01 13:20:36,NorthStar Staff,1,,,2025-12-24 12:20:36,2026-01-01 13:20:36
APT001652,REF002325,PRC0057,ORG028,LOC028,2025-09-04 14:33:38,2025-09-23 14:33:38,Completed,2025-09-23 15:33:38,NorthStar Staff,0,,,2025-09-04 14:33:38,2025-09-23 15:33:38
APT001653,REF002326,PRC0095,ORG016,LOC016,2025-12-14 11:39:09,2026-01-09 11:39:09,Completed,2026-01-09 12:39:09,NorthStar Staff,0,,,2025-12-14 11:39:09,2026-01-09 12:39:09
APT001654,REF002328,PRC0107,ORG028,LOC028,2025-08-14 05:10:28,2025-09-02 05:10:28,Completed,2025-09-02 06:10:28,NorthStar Staff,0,,,2025-08-14 05:10:28,2025-09-02 06:10:28
APT001655,REF002329,PRC0050,ORG021,LOC021,2025-12-24 10:04:20,2026-01-19 10:04:20,Scheduled,,NorthStar Staff,0,,,2025-12-24 10:04:20,2025-12-24 10:04:20
APT001656,REF002330,PRC0082,ORG028,LOC028,2026-02-20 18:17:24,2026-03-26 18:17:24,Scheduled,,NorthStar Staff,0,,,2026-02-20 18:17:24,2026-02-20 18:17:24
APT001657,REF002331,PRC0101,ORG022,LOC022,2026-05-29 18:27:35,2026-06-14 18:27:35,Completed,2026-06-14 19:27:35,NorthStar Staff,0,,,2026-05-29 18:27:35,2026-06-14 19:27:35
APT001658,REF002332,PRC0071,ORG017,LOC017,2025-10-05 18:32:03,2025-10-30 18:32:03,Completed,2025-10-30 19:32:03,NorthStar Staff,0,,,2025-10-05 18:32:03,2025-10-30 19:32:03
APT001659,REF002334,PRC0079,ORG025,LOC025,2026-06-01 01:42:53,2026-06-20 01:42:53,Completed,2026-06-20 02:42:53,NorthStar Staff,0,,,2026-06-01 01:42:53,2026-06-20 02:42:53
APT001660,REF002336,PRC0084,ORG030,LOC030,2025-10-25 21:17:33,2025-11-08 21:17:33,Completed,2025-11-08 22:17:33,NorthStar Staff,1,,,2025-10-25 21:17:33,2025-11-08 22:17:33
APT001661,REF002337,PRC0062,ORG008,LOC008,2026-03-17 21:09:20,2026-04-21 21:09:20,Completed,2026-04-21 22:09:20,NorthStar Staff,0,,,2026-03-17 21:09:20,2026-04-21 22:09:20
APT001662,REF002339,PRC0083,ORG029,LOC029,2025-12-09 08:11:25,2026-01-02 08:11:25,Scheduled,,NorthStar Staff,1,,,2025-12-09 08:11:25,2025-12-09 08:11:25
APT001663,REF002342,PRC0085,ORG031,LOC031,2026-03-09 06:00:46,2026-03-25 06:00:46,Completed,2026-03-25 07:00:46,NorthStar Staff,0,,,2026-03-09 06:00:46,2026-03-25 07:00:46
APT001664,REF002343,PRC0079,ORG025,LOC025,2026-03-27 04:09:06,2026-04-13 04:09:06,Completed,2026-04-13 05:09:06,NorthStar Staff,0,,,2026-03-27 04:09:06,2026-04-13 05:09:06
APT001665,REF002344,PRC0076,ORG022,LOC022,2026-03-31 01:47:50,2026-04-24 01:47:50,Completed,2026-04-24 02:47:50,NorthStar Staff,0,,,2026-03-31 01:47:50,2026-04-24 02:47:50
APT001666,REF002347,PRC0042,ORG013,LOC013,2025-12-07 11:36:54,2025-12-19 11:36:54,Completed,2025-12-19 12:36:54,NorthStar Staff,0,,,2025-12-07 11:36:54,2025-12-19 12:36:54
APT001667,REF002350,PRC0098,ORG019,LOC019,2025-12-16 21:40:16,2026-01-16 21:40:16,Scheduled,,NorthStar Staff,0,,,2025-12-16 21:40:16,2025-12-16 21:40:16
APT001668,REF002352,PRC0059,ORG030,LOC030,2026-01-25 10:58:50,2026-02-26 10:58:50,Completed,2026-02-26 11:58:50,NorthStar Staff,0,,,2026-01-25 10:58:50,2026-02-26 11:58:50
APT001669,REF002353,PRC0101,ORG022,LOC022,2026-07-01 20:28:00,2026-08-04 20:28:00,Completed,2026-08-04 21:28:00,NorthStar Staff,0,,,2026-07-01 20:28:00,2026-08-04 21:28:00
APT001670,REF002354,PRC0091,ORG012,LOC012,2026-02-15 01:52:28,2026-02-20 01:52:28,Completed,2026-02-20 02:52:28,NorthStar Staff,0,,,2026-02-15 01:52:28,2026-02-20 02:52:28
APT001671,REF002355,PRC0104,ORG025,LOC025,2025-09-14 02:09:36,2025-09-19 02:09:36,Scheduled,,NorthStar Staff,0,,,2025-09-14 02:09:36,2025-09-14 02:09:36
APT001672,REF002357,PRC0102,ORG023,LOC023,2025-11-12 21:54:51,2025-11-17 21:54:51,Completed,2025-11-17 22:54:51,NorthStar Staff,0,,,2025-11-12 21:54:51,2025-11-17 22:54:51
APT001673,REF002358,PRC0064,ORG010,LOC010,2025-11-30 04:36:28,2025-12-16 04:36:28,Scheduled,,NorthStar Staff,0,,,2025-11-30 04:36:28,2025-11-30 04:36:28
APT001674,REF002359,PRC0108,ORG029,LOC029,2026-06-29 01:43:37,2026-07-08 01:43:37,Completed,2026-07-08 02:43:37,NorthStar Staff,0,,,2026-06-29 01:43:37,2026-07-08 02:43:37
APT001675,REF002361,PRC0062,ORG008,LOC008,2025-11-08 07:20:16,2025-12-10 07:20:16,Completed,2025-12-10 08:20:16,NorthStar Staff,0,,,2025-11-08 07:20:16,2025-12-10 08:20:16
APT001676,REF002362,PRC0056,ORG027,LOC027,2025-12-24 23:41:59,2026-01-20 23:41:59,Completed,2026-01-21 00:41:59,NorthStar Staff,0,,,2025-12-24 23:41:59,2026-01-21 00:41:59
APT001677,REF002363,PRC0093,ORG014,LOC014,2026-02-05 14:59:54,2026-03-04 14:59:54,Completed,2026-03-04 15:59:54,NorthStar Staff,0,,,2026-02-05 14:59:54,2026-03-04 15:59:54
APT001678,REF002364,PRC0047,ORG018,LOC018,2026-02-22 06:25:29,2026-03-29 06:25:29,Completed,2026-03-29 07:25:29,NorthStar Staff,0,,,2026-02-22 06:25:29,2026-03-29 07:25:29
APT001679,REF002365,PRC0098,ORG019,LOC019,2026-01-21 10:44:50,2026-02-12 10:44:50,Scheduled,,NorthStar Staff,0,,,2026-01-21 10:44:50,2026-01-21 10:44:50
APT001680,REF002366,PRC0084,ORG030,LOC030,2026-06-16 06:36:35,2026-07-07 06:36:35,Completed,2026-07-07 07:36:35,NorthStar Staff,0,,,2026-06-16 06:36:35,2026-07-07 07:36:35
APT001681,REF002369,PRC0058,ORG029,LOC029,2025-08-13 07:52:32,2025-08-26 07:52:32,Completed,2025-08-26 08:52:32,NorthStar Staff,0,,,2025-08-13 07:52:32,2025-08-26 08:52:32
APT001682,REF002372,PRC0105,ORG026,LOC026,2026-02-17 17:31:09,2026-03-07 17:31:09,Completed,2026-03-07 18:31:09,NorthStar Staff,0,,,2026-02-17 17:31:09,2026-03-07 18:31:09
APT001683,REF002373,PRC0071,ORG017,LOC017,2026-04-21 23:30:19,2026-05-02 23:30:19,Completed,2026-05-03 00:30:19,NorthStar Staff,0,,,2026-04-21 23:30:19,2026-05-03 00:30:19
APT001684,REF002374,PRC0040,ORG011,LOC011,2026-01-20 15:02:05,2026-02-12 15:02:05,Completed,2026-02-12 16:02:05,NorthStar Staff,1,,,2026-01-20 15:02:05,2026-02-12 16:02:05
APT001685,REF002376,PRC0087,ORG008,LOC008,2026-03-28 19:55:31,2026-04-02 19:55:31,Completed,2026-04-02 20:55:31,NorthStar Staff,0,,,2026-03-28 19:55:31,2026-04-02 20:55:31
APT001686,REF002377,PRC0079,ORG025,LOC025,2025-08-18 09:13:32,2025-09-04 09:13:32,Completed,2025-09-04 10:13:32,NorthStar Staff,0,,,2025-08-18 09:13:32,2025-09-04 10:13:32
APT001687,REF002378,PRC0110,ORG031,LOC031,2026-03-18 11:01:30,2026-03-28 11:01:30,Completed,2026-03-28 12:01:30,NorthStar Staff,0,,,2026-03-18 11:01:30,2026-03-28 12:01:30
APT001688,REF002380,PRC0086,ORG007,LOC007,2026-05-28 21:48:20,2026-06-27 21:48:20,Completed,2026-06-27 22:48:20,NorthStar Staff,0,,,2026-05-28 21:48:20,2026-06-27 22:48:20
APT001689,REF002381,PRC0092,ORG013,LOC013,2025-12-16 12:42:59,2026-01-20 12:42:59,Scheduled,,NorthStar Staff,1,,,2025-12-16 12:42:59,2025-12-16 12:42:59
APT001690,REF002382,PRC0076,ORG022,LOC022,2025-09-04 01:17:04,2025-09-18 01:17:04,Completed,2025-09-18 02:17:04,NorthStar Staff,1,,,2025-09-04 01:17:04,2025-09-18 02:17:04
APT001691,REF002382,PRC0076,ORG022,LOC022,2025-08-30 01:17:04,2025-09-11 01:17:04,Rescheduled,2025-09-04 01:17:04,Specialist Office,0,Specialist schedule changed,APT001690,2025-08-30 01:17:04,2025-09-04 01:17:04
APT001692,REF002384,PRC0082,ORG028,LOC028,2025-08-29 13:19:52,2025-09-04 13:19:52,Scheduled,,NorthStar Staff,0,,,2025-08-29 13:19:52,2025-08-29 13:19:52
APT001693,REF002385,PRC0085,ORG031,LOC031,2025-11-15 15:51:10,2025-12-04 15:51:10,Completed,2025-12-04 16:51:10,NorthStar Staff,0,,,2025-11-15 15:51:10,2025-12-04 16:51:10
APT001694,REF002387,PRC0100,ORG021,LOC021,2026-01-14 22:15:28,2026-02-03 22:15:28,Completed,2026-02-03 23:15:28,NorthStar Staff,0,,,2026-01-14 22:15:28,2026-02-03 23:15:28
APT001695,REF002388,PRC0104,ORG025,LOC025,2026-06-25 23:04:58,2026-07-09 23:04:58,Completed,2026-07-10 00:04:58,NorthStar Staff,0,,,2026-06-25 23:04:58,2026-07-10 00:04:58
APT001696,REF002389,PRC0072,ORG018,LOC018,2026-07-16 15:32:13,2026-08-01 15:32:13,Completed,2026-08-01 16:32:13,NorthStar Staff,1,,,2026-07-16 15:32:13,2026-08-01 16:32:13
APT001697,REF002390,PRC0060,ORG031,LOC031,2025-12-12 13:06:13,2025-12-29 13:06:13,Completed,2025-12-29 14:06:13,NorthStar Staff,0,,,2025-12-12 13:06:13,2025-12-29 14:06:13
APT001698,REF002391,PRC0070,ORG016,LOC016,2025-09-19 14:37:33,2025-10-08 14:37:33,Completed,2025-10-08 15:37:33,NorthStar Staff,0,,,2025-09-19 14:37:33,2025-10-08 15:37:33
APT001699,REF002392,PRC0078,ORG024,LOC024,2026-01-09 20:01:23,2026-02-04 20:01:23,Completed,2026-02-04 21:01:23,NorthStar Staff,0,,,2026-01-09 20:01:23,2026-02-04 21:01:23
APT001700,REF002393,PRC0055,ORG026,LOC026,2026-01-18 03:45:45,2026-02-04 03:45:45,Completed,2026-02-04 04:45:45,NorthStar Staff,0,,,2026-01-18 03:45:45,2026-02-04 04:45:45
APT001701,REF002395,PRC0036,ORG007,LOC007,2026-02-23 23:22:37,2026-03-21 23:22:37,Completed,2026-03-22 00:22:37,NorthStar Staff,1,,,2026-02-23 23:22:37,2026-03-22 00:22:37
APT001702,REF002398,PRC0095,ORG016,LOC016,2025-10-08 06:23:41,2025-11-03 06:23:41,Completed,2025-11-03 07:23:41,NorthStar Staff,0,,,2025-10-08 06:23:41,2025-11-03 07:23:41
APT001703,REF002399,PRC0081,ORG027,LOC027,2026-02-01 22:39:53,2026-03-06 22:39:53,Completed,2026-03-06 23:39:53,NorthStar Staff,0,,,2026-02-01 22:39:53,2026-03-06 23:39:53
APT001704,REF002400,PRC0059,ORG030,LOC030,2026-05-22 18:08:08,2026-06-17 18:08:08,Scheduled,,NorthStar Staff,1,,,2026-05-22 18:08:08,2026-05-22 18:08:08
APT001705,REF002401,PRC0059,ORG030,LOC030,2026-05-01 09:40:45,2026-05-04 09:40:45,Completed,2026-05-04 10:40:45,NorthStar Staff,0,,,2026-05-01 09:40:45,2026-05-04 10:40:45
APT001706,REF002403,PRC0085,ORG031,LOC031,2026-03-16 00:05:48,2026-04-10 00:05:48,Scheduled,,NorthStar Staff,0,,,2026-03-16 00:05:48,2026-03-16 00:05:48
APT001707,REF002404,PRC0095,ORG016,LOC016,2026-06-26 23:16:08,2026-07-26 23:16:08,Completed,2026-07-27 00:16:08,NorthStar Staff,0,,,2026-06-26 23:16:08,2026-07-27 00:16:08
APT001708,REF002404,PRC0095,ORG016,LOC016,2026-06-21 23:16:08,2026-07-19 23:16:08,Rescheduled,2026-06-26 23:16:08,Specialist Office,0,Specialist schedule changed,APT001707,2026-06-21 23:16:08,2026-06-26 23:16:08
APT001709,REF002405,PRC0105,ORG026,LOC026,2026-03-20 13:37:44,2026-04-10 13:37:44,Completed,2026-04-10 14:37:44,NorthStar Staff,0,,,2026-03-20 13:37:44,2026-04-10 14:37:44
APT001710,REF002409,PRC0093,ORG014,LOC014,2026-06-20 00:01:56,2026-07-08 00:01:56,Completed,2026-07-08 01:01:56,NorthStar Staff,0,,,2026-06-20 00:01:56,2026-07-08 01:01:56
APT001711,REF002409,PRC0093,ORG014,LOC014,2026-06-15 00:01:56,2026-07-01 00:01:56,Rescheduled,2026-06-20 00:01:56,Specialist Office,0,Specialist schedule changed,APT001710,2026-06-15 00:01:56,2026-06-20 00:01:56
APT001712,REF002410,PRC0078,ORG024,LOC024,2026-02-14 10:30:26,2026-02-28 10:30:26,Completed,2026-02-28 11:30:26,NorthStar Staff,0,,,2026-02-14 10:30:26,2026-02-28 11:30:26
APT001713,REF002411,PRC0045,ORG016,LOC016,2026-03-17 10:00:16,2026-04-04 10:00:16,Scheduled,,NorthStar Staff,0,,,2026-03-17 10:00:16,2026-03-17 10:00:16
APT001714,REF002412,PRC0088,ORG009,LOC009,2025-08-08 19:36:16,2025-08-30 19:36:16,Completed,2025-08-30 20:36:16,NorthStar Staff,0,,,2025-08-08 19:36:16,2025-08-30 20:36:16
APT001715,REF002413,PRC0063,ORG009,LOC009,2026-07-12 14:04:27,2026-07-31 14:04:27,Scheduled,,NorthStar Staff,0,,,2026-07-12 14:04:27,2026-07-12 14:04:27
APT001716,REF002416,PRC0090,ORG011,LOC011,2025-11-17 15:49:30,2025-12-01 15:49:30,Completed,2025-12-01 16:49:30,NorthStar Staff,0,,,2025-11-17 15:49:30,2025-12-01 16:49:30
APT001717,REF002417,PRC0036,ORG007,LOC007,2026-07-03 20:37:29,2026-07-12 20:37:29,Completed,2026-07-12 21:37:29,NorthStar Staff,0,,,2026-07-03 20:37:29,2026-07-12 21:37:29
APT001718,REF002418,PRC0083,ORG029,LOC029,2026-06-12 12:26:23,2026-06-30 12:26:23,Completed,2026-06-30 13:26:23,NorthStar Staff,0,,,2026-06-12 12:26:23,2026-06-30 13:26:23
APT001719,REF002419,PRC0053,ORG024,LOC024,2025-11-13 05:21:52,2025-11-17 05:21:52,Completed,2025-11-17 06:21:52,NorthStar Staff,0,,,2025-11-13 05:21:52,2025-11-17 06:21:52
APT001720,REF002420,PRC0069,ORG015,LOC015,2026-02-21 19:15:44,2026-03-15 19:15:44,Scheduled,,NorthStar Staff,0,,,2026-02-21 19:15:44,2026-02-21 19:15:44
APT001721,REF002421,PRC0053,ORG024,LOC024,2026-01-24 14:41:30,2026-02-27 14:41:30,Completed,2026-02-27 15:41:30,NorthStar Staff,0,,,2026-01-24 14:41:30,2026-02-27 15:41:30
APT001722,REF002422,PRC0079,ORG025,LOC025,2026-05-02 22:20:49,2026-05-15 22:20:49,Scheduled,,NorthStar Staff,0,,,2026-05-02 22:20:49,2026-05-02 22:20:49
APT001723,REF002423,PRC0054,ORG025,LOC025,2026-05-05 04:03:36,2026-06-02 04:03:36,Completed,2026-06-02 05:03:36,NorthStar Staff,0,,,2026-05-05 04:03:36,2026-06-02 05:03:36
APT001724,REF002425,PRC0064,ORG010,LOC010,2026-03-28 20:30:42,2026-04-27 20:30:42,Scheduled,,NorthStar Staff,1,,,2026-03-28 20:30:42,2026-03-28 20:30:42
APT001725,REF002426,PRC0076,ORG022,LOC022,2025-10-27 16:41:41,2025-11-12 16:41:41,Scheduled,,NorthStar Staff,0,,,2025-10-27 16:41:41,2025-10-27 16:41:41
APT001726,REF002427,PRC0049,ORG020,LOC020,2025-08-17 00:47:01,2025-09-15 00:47:01,Scheduled,,NorthStar Staff,0,,,2025-08-17 00:47:01,2025-08-17 00:47:01
APT001727,REF002428,PRC0087,ORG008,LOC008,2025-09-29 18:49:06,2025-10-22 18:49:06,Completed,2025-10-22 19:49:06,NorthStar Staff,1,,,2025-09-29 18:49:06,2025-10-22 19:49:06
APT001728,REF002429,PRC0108,ORG029,LOC029,2025-10-21 19:03:00,2025-11-08 19:03:00,Completed,2025-11-08 20:03:00,NorthStar Staff,0,,,2025-10-21 19:03:00,2025-11-08 20:03:00
APT001729,REF002429,PRC0108,ORG029,LOC029,2025-10-16 19:03:00,2025-11-01 19:03:00,Rescheduled,2025-10-21 19:03:00,Specialist Office,0,Specialist schedule changed,APT001728,2025-10-16 19:03:00,2025-10-21 19:03:00
APT001730,REF002432,PRC0084,ORG030,LOC030,2025-09-24 16:15:42,2025-10-20 16:15:42,Completed,2025-10-20 17:15:42,NorthStar Staff,0,,,2025-09-24 16:15:42,2025-10-20 17:15:42
APT001731,REF002433,PRC0089,ORG010,LOC010,2025-08-31 04:16:32,2025-09-16 04:16:32,Completed,2025-09-16 05:16:32,NorthStar Staff,0,,,2025-08-31 04:16:32,2025-09-16 05:16:32
APT001732,REF002434,PRC0109,ORG030,LOC030,2026-02-12 15:25:58,2026-02-24 15:25:58,Completed,2026-02-24 16:25:58,NorthStar Staff,1,,,2026-02-12 15:25:58,2026-02-24 16:25:58
APT001733,REF002435,PRC0059,ORG030,LOC030,2025-11-18 22:06:22,2025-12-10 22:06:22,Completed,2025-12-10 23:06:22,NorthStar Staff,0,,,2025-11-18 22:06:22,2025-12-10 23:06:22
APT001734,REF002438,PRC0057,ORG028,LOC028,2026-04-24 02:22:18,2026-04-29 02:22:18,Completed,2026-04-29 03:22:18,NorthStar Staff,0,,,2026-04-24 02:22:18,2026-04-29 03:22:18
APT001735,REF002439,PRC0070,ORG016,LOC016,2026-03-09 01:20:46,2026-03-24 01:20:46,Completed,2026-03-24 02:20:46,NorthStar Staff,0,,,2026-03-09 01:20:46,2026-03-24 02:20:46
APT001736,REF002440,PRC0066,ORG012,LOC012,2026-07-13 02:36:00,2026-07-18 02:36:00,Completed,2026-07-18 03:36:00,NorthStar Staff,0,,,2026-07-13 02:36:00,2026-07-18 03:36:00
APT001737,REF002442,PRC0045,ORG016,LOC016,2026-02-09 02:35:33,2026-02-16 02:35:33,Completed,2026-02-16 03:35:33,NorthStar Staff,0,,,2026-02-09 02:35:33,2026-02-16 03:35:33
APT001738,REF002443,PRC0077,ORG023,LOC023,2025-10-24 10:28:00,2025-11-16 10:28:00,Completed,2025-11-16 11:28:00,NorthStar Staff,0,,,2025-10-24 10:28:00,2025-11-16 11:28:00
APT001739,REF002444,PRC0069,ORG015,LOC015,2025-09-14 02:51:09,2025-10-02 02:51:09,Completed,2025-10-02 03:51:09,NorthStar Staff,0,,,2025-09-14 02:51:09,2025-10-02 03:51:09
APT001740,REF002445,PRC0105,ORG026,LOC026,2026-03-31 07:14:58,2026-05-02 07:14:58,Completed,2026-05-02 08:14:58,NorthStar Staff,0,,,2026-03-31 07:14:58,2026-05-02 08:14:58
APT001741,REF002447,PRC0062,ORG008,LOC008,2026-01-31 10:08:21,2026-02-09 10:08:21,Completed,2026-02-09 11:08:21,NorthStar Staff,0,,,2026-01-31 10:08:21,2026-02-09 11:08:21
APT001742,REF002449,PRC0038,ORG009,LOC009,2026-07-06 01:40:58,2026-07-25 01:40:58,Completed,2026-07-25 02:40:58,NorthStar Staff,0,,,2026-07-06 01:40:58,2026-07-25 02:40:58
APT001743,REF002450,PRC0083,ORG029,LOC029,2026-06-22 18:09:38,2026-07-12 18:09:38,Scheduled,,NorthStar Staff,0,,,2026-06-22 18:09:38,2026-06-22 18:09:38
APT001744,REF002451,PRC0054,ORG025,LOC025,2025-09-10 10:12:32,2025-10-01 10:12:32,Completed,2025-10-01 11:12:32,NorthStar Staff,0,,,2025-09-10 10:12:32,2025-10-01 11:12:32
APT001745,REF002452,PRC0106,ORG027,LOC027,2026-02-07 05:36:41,2026-03-06 05:36:41,Completed,2026-03-06 06:36:41,NorthStar Staff,0,,,2026-02-07 05:36:41,2026-03-06 06:36:41
APT001746,REF002453,PRC0104,ORG025,LOC025,2025-11-15 23:31:11,2025-12-09 23:31:11,Completed,2025-12-10 00:31:11,NorthStar Staff,0,,,2025-11-15 23:31:11,2025-12-10 00:31:11
APT001747,REF002455,PRC0088,ORG009,LOC009,2026-06-29 14:26:32,2026-07-15 14:26:32,Completed,2026-07-15 15:26:32,NorthStar Staff,1,,,2026-06-29 14:26:32,2026-07-15 15:26:32
APT001748,REF002457,PRC0094,ORG015,LOC015,2026-05-22 11:44:54,2026-06-09 11:44:54,Completed,2026-06-09 12:44:54,NorthStar Staff,0,,,2026-05-22 11:44:54,2026-06-09 12:44:54
APT001749,REF002458,PRC0070,ORG016,LOC016,2026-01-21 21:42:50,2026-02-20 21:42:50,Completed,2026-02-20 22:42:50,NorthStar Staff,0,,,2026-01-21 21:42:50,2026-02-20 22:42:50
APT001750,REF002459,PRC0038,ORG009,LOC009,2025-11-01 10:25:56,2025-11-30 10:25:56,Completed,2025-11-30 11:25:56,NorthStar Staff,0,,,2025-11-01 10:25:56,2025-11-30 11:25:56
APT001751,REF002460,PRC0089,ORG010,LOC010,2025-08-09 00:10:12,2025-08-23 00:10:12,Scheduled,,NorthStar Staff,0,,,2025-08-09 00:10:12,2025-08-09 00:10:12
APT001752,REF002461,PRC0052,ORG023,LOC023,2025-08-14 23:39:02,2025-09-18 23:39:02,Completed,2025-09-19 00:39:02,NorthStar Staff,0,,,2025-08-14 23:39:02,2025-09-19 00:39:02
APT001753,REF002462,PRC0065,ORG011,LOC011,2025-11-25 08:08:31,2025-11-29 08:08:31,Completed,2025-11-29 09:08:31,NorthStar Staff,1,,,2025-11-25 08:08:31,2025-11-29 09:08:31
APT001754,REF002463,PRC0072,ORG018,LOC018,2025-11-01 22:58:52,2025-11-04 22:58:52,Completed,2025-11-04 23:58:52,NorthStar Staff,0,,,2025-11-01 22:58:52,2025-11-04 23:58:52
APT001755,REF002464,PRC0093,ORG014,LOC014,2025-09-23 13:05:23,2025-09-26 13:05:23,Scheduled,,NorthStar Staff,1,,,2025-09-23 13:05:23,2025-09-23 13:05:23
APT001756,REF002465,PRC0086,ORG007,LOC007,2025-08-30 13:51:01,2025-10-03 13:51:01,Completed,2025-10-03 14:51:01,NorthStar Staff,0,,,2025-08-30 13:51:01,2025-10-03 14:51:01
APT001757,REF002466,PRC0053,ORG024,LOC024,2025-09-05 18:30:56,2025-10-03 18:30:56,Completed,2025-10-03 19:30:56,NorthStar Staff,0,,,2025-09-05 18:30:56,2025-10-03 19:30:56
APT001758,REF002467,PRC0056,ORG027,LOC027,2025-10-30 02:29:45,2025-11-13 02:29:45,Scheduled,,NorthStar Staff,1,,,2025-10-30 02:29:45,2025-10-30 02:29:45
APT001759,REF002468,PRC0079,ORG025,LOC025,2025-10-21 20:42:59,2025-11-16 20:42:59,Scheduled,,NorthStar Staff,0,,,2025-10-21 20:42:59,2025-10-21 20:42:59
APT001760,REF002469,PRC0082,ORG028,LOC028,2026-03-02 19:17:31,2026-03-26 19:17:31,Completed,2026-03-26 20:17:31,NorthStar Staff,0,,,2026-03-02 19:17:31,2026-03-26 20:17:31
APT001761,REF002470,PRC0092,ORG013,LOC013,2025-11-21 20:46:12,2025-12-25 20:46:12,Completed,2025-12-25 21:46:12,NorthStar Staff,0,,,2025-11-21 20:46:12,2025-12-25 21:46:12
APT001762,REF002471,PRC0104,ORG025,LOC025,2025-12-17 17:54:42,2026-01-16 17:54:42,Completed,2026-01-16 18:54:42,NorthStar Staff,0,,,2025-12-17 17:54:42,2026-01-16 18:54:42
APT001763,REF002473,PRC0094,ORG015,LOC015,2025-12-26 09:57:48,2026-01-09 09:57:48,Completed,2026-01-09 10:57:48,NorthStar Staff,0,,,2025-12-26 09:57:48,2026-01-09 10:57:48
APT001764,REF002474,PRC0098,ORG019,LOC019,2025-10-06 18:40:06,2025-10-27 18:40:06,Completed,2025-10-27 19:40:06,NorthStar Staff,0,,,2025-10-06 18:40:06,2025-10-27 19:40:06
APT001765,REF002476,PRC0107,ORG028,LOC028,2025-10-06 06:09:55,2025-10-10 06:09:55,Completed,2025-10-10 07:09:55,NorthStar Staff,1,,,2025-10-06 06:09:55,2025-10-10 07:09:55
APT001766,REF002477,PRC0054,ORG025,LOC025,2025-09-07 16:56:00,2025-09-26 16:56:00,Completed,2025-09-26 17:56:00,NorthStar Staff,0,,,2025-09-07 16:56:00,2025-09-26 17:56:00
APT001767,REF002478,PRC0048,ORG019,LOC019,2025-09-06 02:40:03,2025-09-23 02:40:03,Completed,2025-09-23 03:40:03,NorthStar Staff,0,,,2025-09-06 02:40:03,2025-09-23 03:40:03
APT001768,REF002479,PRC0091,ORG012,LOC012,2026-06-19 21:30:01,2026-07-21 21:30:01,Completed,2026-07-21 22:30:01,NorthStar Staff,1,,,2026-06-19 21:30:01,2026-07-21 22:30:01
APT001769,REF002481,PRC0075,ORG021,LOC021,2025-08-25 17:49:52,2025-09-23 17:49:52,Completed,2025-09-23 18:49:52,NorthStar Staff,0,,,2025-08-25 17:49:52,2025-09-23 18:49:52
APT001770,REF002482,PRC0087,ORG008,LOC008,2025-10-07 15:57:13,2025-11-10 15:57:13,Completed,2025-11-10 16:57:13,NorthStar Staff,0,,,2025-10-07 15:57:13,2025-11-10 16:57:13
APT001771,REF002482,PRC0087,ORG008,LOC008,2025-10-02 15:57:13,2025-11-03 15:57:13,Rescheduled,2025-10-07 15:57:13,Specialist Office,0,Specialist schedule changed,APT001770,2025-10-02 15:57:13,2025-10-07 15:57:13
APT001772,REF002483,PRC0080,ORG026,LOC026,2025-08-27 11:32:24,2025-10-01 11:32:24,Completed,2025-10-01 12:32:24,NorthStar Staff,1,,,2025-08-27 11:32:24,2025-10-01 12:32:24
APT001773,REF002484,PRC0066,ORG012,LOC012,2025-09-22 09:09:55,2025-10-22 09:09:55,Completed,2025-10-22 10:09:55,NorthStar Staff,0,,,2025-09-22 09:09:55,2025-10-22 10:09:55
APT001774,REF002485,PRC0073,ORG019,LOC019,2026-01-29 10:27:59,2026-02-14 10:27:59,Completed,2026-02-14 11:27:59,NorthStar Staff,0,,,2026-01-29 10:27:59,2026-02-14 11:27:59
APT001775,REF002486,PRC0060,ORG031,LOC031,2025-09-18 11:20:45,2025-10-13 11:20:45,Completed,2025-10-13 12:20:45,NorthStar Staff,1,,,2025-09-18 11:20:45,2025-10-13 12:20:45
APT001776,REF002487,PRC0053,ORG024,LOC024,2026-01-17 12:25:22,2026-02-09 12:25:22,Completed,2026-02-09 13:25:22,NorthStar Staff,0,,,2026-01-17 12:25:22,2026-02-09 13:25:22
APT001777,REF002489,PRC0093,ORG014,LOC014,2026-06-30 05:50:42,2026-08-02 05:50:42,Completed,2026-08-02 06:50:42,NorthStar Staff,0,,,2026-06-30 05:50:42,2026-08-02 06:50:42
APT001778,REF002490,PRC0054,ORG025,LOC025,2026-04-06 08:17:26,2026-05-09 08:17:26,Scheduled,,NorthStar Staff,0,,,2026-04-06 08:17:26,2026-04-06 08:17:26
APT001779,REF002494,PRC0053,ORG024,LOC024,2025-10-10 04:49:57,2025-11-02 04:49:57,Completed,2025-11-02 05:49:57,NorthStar Staff,0,,,2025-10-10 04:49:57,2025-11-02 05:49:57
APT001780,REF002496,PRC0094,ORG015,LOC015,2025-09-02 14:31:24,2025-09-07 14:31:24,Completed,2025-09-07 15:31:24,NorthStar Staff,1,,,2025-09-02 14:31:24,2025-09-07 15:31:24
APT001781,REF002498,PRC0057,ORG028,LOC028,2026-06-17 06:15:27,2026-07-14 06:15:27,Completed,2026-07-14 07:15:27,NorthStar Staff,0,,,2026-06-17 06:15:27,2026-07-14 07:15:27
APT001782,REF002499,PRC0084,ORG030,LOC030,2026-06-15 23:09:25,2026-07-02 23:09:25,Completed,2026-07-03 00:09:25,NorthStar Staff,0,,,2026-06-15 23:09:25,2026-07-03 00:09:25
APT001783,REF002500,PRC0067,ORG013,LOC013,2025-09-04 08:38:15,2025-10-06 08:38:15,Completed,2025-10-06 09:38:15,NorthStar Staff,0,,,2025-09-04 08:38:15,2025-10-06 09:38:15
