referral_id,source_referral_id,source_system,patient_id,coverage_id,referring_practitioner_id,referring_organization_id,referring_location_id,specialty_id,destination_practitioner_id,destination_organization_id,current_owner_user_id,source_ordered_at,referral_received_at,clinical_reason,diagnosis_code,priority,current_status,current_queue,current_stage_started_at,service_level_due_at,initial_validation_completed_at,first_outreach_at,first_scheduled_at,first_completed_appointment_at,first_report_received_at,closed_at,closure_category,closure_reason,created_at,updated_at
REF000001,EHR-REF0000001,NorthStar EHR,PAT001943,COV001943,PRC0021,ORG003,LOC003,SPC010,PRC0055,ORG026,USR012,2026-06-29 02:02:51,2026-06-30 02:02:51,Synthetic evaluation request for General Surgery,Z25.0,Routine,Outreach in Progress,Outreach Follow-Up,2026-07-04 17:02:51,2026-07-07 17:02:51,2026-07-02 02:02:51,2026-07-02 00:02:51,,,,,,,2026-06-30 02:02:51,2026-07-04 17:02:51
REF000002,EHR-REF0000002,NorthStar EHR,PAT001738,COV001738,PRC0033,ORG003,LOC003,SPC006,PRC0051,ORG022,,2026-03-27 00:11:14,2026-03-27 06:11:14,Synthetic evaluation request for Orthopedics,Z16.9,Routine,Closed—Completed,,2026-04-11 07:11:14,,2026-03-31 01:11:14,2026-03-28 16:11:14,2026-03-29 00:11:14,2026-04-20 00:11:14,2026-04-25 00:11:14,2026-04-26 13:11:14,Completed,,2026-03-27 06:11:14,2026-04-26 13:11:14
REF000003,EHR-REF0000003,NorthStar EHR,PAT001670,COV001670,PRC0002,ORG002,LOC002,SPC007,PRC0052,ORG023,,2026-03-05 17:44:30,2026-03-06 13:44:30,Synthetic evaluation request for Otolaryngology,Z38.0,Routine,Closed—Completed,,2026-03-20 11:44:30,,2026-03-09 23:44:30,2026-03-11 12:44:30,2026-03-13 01:44:30,2026-03-16 01:44:30,2026-03-19 01:44:30,2026-03-20 05:44:30,Completed,,2026-03-06 13:44:30,2026-03-20 05:44:30
REF000004,EHR-REF0000004,NorthStar EHR,PAT001454,COV001454,PRC0003,ORG003,LOC003,SPC001,PRC0061,ORG007,USR002,2025-11-04 10:20:27,2025-11-04 14:20:27,Synthetic evaluation request for Cardiology,Z28.2,Routine,Needs Information,Needs Information,2025-11-06 03:20:27,2025-11-09 03:20:27,,,,,,,,,2025-11-04 14:20:27,2025-11-06 03:20:27
REF000005,EHR-REF0000005,NorthStar EHR,PAT001982,COV001982,PRC0011,ORG005,LOC005,SPC010,PRC0055,ORG026,,2026-05-24 18:59:08,2026-05-24 19:59:08,Synthetic evaluation request for General Surgery,Z13.7,Routine,Closed—Completed,,2026-06-01 10:59:08,,2026-05-28 19:59:08,2026-05-25 21:59:08,2026-05-26 14:59:08,2026-06-22 14:59:08,2026-06-27 14:59:08,2026-06-28 19:59:08,Completed,,2026-05-24 19:59:08,2026-06-28 19:59:08
REF000006,EHR-REF0000006,NorthStar EHR,PAT000608,COV000608,PRC0003,ORG003,LOC003,SPC010,PRC0080,ORG026,,2026-03-12 21:13:43,2026-03-13 01:13:43,Synthetic evaluation request for General Surgery,Z70.7,Routine,Closed—Completed,,2026-03-20 01:13:43,,2026-03-14 01:13:43,2026-03-17 20:13:43,2026-03-18 09:13:43,2026-03-23 09:13:43,2026-03-24 09:13:43,2026-03-25 05:13:43,Completed,,2026-03-13 01:13:43,2026-03-25 05:13:43
REF000007,EHR-REF0000007,NorthStar EHR,PAT000363,COV000363,PRC0003,ORG003,LOC003,SPC006,PRC0051,ORG022,,2025-08-07 01:24:00,2025-08-07 09:24:00,Synthetic evaluation request for Orthopedics,Z73.4,Routine,Closed—Not Completed,,2025-08-12 15:24:00,,2025-08-10 09:24:00,2025-08-08 11:24:00,,,,2025-08-12 15:24:00,Not Completed,Duplicate Referral,2025-08-07 09:24:00,2025-08-12 15:24:00
REF000008,EHR-REF0000008,NorthStar EHR,PAT000765,COV000765,PRC0004,ORG004,LOC004,SPC002,PRC0047,ORG018,,2025-10-10 08:58:58,2025-10-11 04:58:58,Synthetic evaluation request for Dermatology,Z87.8,Routine,Closed—Completed,,2025-10-24 22:58:58,,2025-10-15 01:58:58,2025-10-15 10:58:58,2025-10-15 20:58:58,2025-10-31 20:58:58,2025-11-09 20:58:58,2025-11-10 18:58:58,Completed,,2025-10-11 04:58:58,2025-11-10 18:58:58
REF000009,EHR-REF0000009,NorthStar EHR,PAT000443,COV000443,PRC0031,ORG001,LOC001,SPC004,PRC0084,ORG030,USR005,2025-10-07 01:53:40,2025-10-07 06:53:40,Synthetic evaluation request for Gastroenterology,Z85.6,Routine,Completed—Report Pending,Report Pending,2025-10-18 14:53:40,2025-10-21 14:53:40,2025-10-09 19:53:40,2025-10-09 15:53:40,2025-10-11 10:53:40,2025-10-21 10:53:40,,,,,2025-10-07 06:53:40,2025-10-18 14:53:40
REF000010,EHR-REF0000010,NorthStar EHR,PAT000198,COV000198,PRC0029,ORG005,LOC005,SPC010,PRC0080,ORG026,,2025-09-29 15:33:31,2025-09-29 21:33:31,Synthetic evaluation request for General Surgery,Z39.7,Routine,Closed—Completed,,2025-10-09 23:33:31,,2025-10-01 01:33:31,2025-10-02 09:33:31,2025-10-02 21:33:31,2025-10-14 21:33:31,2025-10-18 21:33:31,2025-10-19 21:33:31,Completed,,2025-09-29 21:33:31,2025-10-19 21:33:31
REF000011,EHR-REF0000011,NorthStar EHR,PAT000559,COV000559,PRC0016,ORG004,LOC004,SPC010,PRC0105,ORG026,,2025-08-17 07:51:06,2025-08-17 14:51:06,Synthetic evaluation request for General Surgery,Z46.5,Routine,Closed—Completed,,2025-09-01 09:51:06,,2025-08-21 03:51:06,2025-08-22 10:51:06,2025-08-23 08:51:06,2025-09-02 08:51:06,2025-09-07 08:51:06,2025-09-08 05:51:06,Completed,,2025-08-17 14:51:06,2025-09-08 05:51:06
REF000012,EHR-REF0000012,NorthStar EHR,PAT001605,COV001605,PRC0022,ORG004,LOC004,SPC002,PRC0057,ORG028,USR012,2026-05-07 19:08:15,2026-05-08 04:08:15,Synthetic evaluation request for Dermatology,Z66.1,Routine,Outreach in Progress,Outreach Follow-Up,2026-05-14 10:08:15,2026-05-17 10:08:15,2026-05-11 17:08:15,2026-05-08 20:08:15,,,,,,,2026-05-08 04:08:15,2026-05-14 10:08:15
REF000013,EHR-REF0000013,NorthStar EHR,PAT000787,COV000787,PRC0009,ORG003,LOC003,SPC009,PRC0069,ORG015,,2025-08-23 00:23:51,2025-08-23 04:23:51,Synthetic evaluation request for Rheumatology,Z70.0,Routine,Closed—Not Completed,,2025-08-28 04:23:51,,2025-08-24 03:23:51,2025-08-25 14:23:51,,,,2025-08-28 04:23:51,Not Completed,No Longer Clinically Indicated,2025-08-23 04:23:51,2025-08-28 04:23:51
REF000014,EHR-REF0000014,NorthStar EHR,PAT001399,COV001399,PRC0011,ORG005,LOC005,SPC010,PRC0055,ORG026,,2025-11-15 08:50:37,2025-11-15 18:50:37,Synthetic evaluation request for General Surgery,Z49.3,Routine,Closed—Completed,,2025-11-27 00:50:37,,2025-11-19 08:50:37,2025-11-16 23:50:37,2025-11-17 12:50:37,2025-11-22 12:50:37,2025-11-30 12:50:37,2025-12-01 19:50:37,Completed,,2025-11-15 18:50:37,2025-12-01 19:50:37
REF000015,EHR-REF0000015,NorthStar EHR,PAT001645,COV001645,PRC0013,ORG001,LOC001,SPC004,PRC0064,ORG010,,2026-04-10 12:40:34,2026-04-11 12:40:34,Synthetic evaluation request for Gastroenterology,Z71.9,Routine,Closed—Completed,,2026-04-20 12:40:34,,2026-04-12 16:40:34,2026-04-13 09:40:34,2026-04-15 04:40:34,2026-05-05 04:40:34,2026-05-14 04:40:34,2026-05-14 22:40:34,Completed,,2026-04-11 12:40:34,2026-05-14 22:40:34
REF000016,EHR-REF0000016,NorthStar EHR,PAT001638,COV001638,PRC0005,ORG005,LOC005,SPC008,PRC0103,ORG024,,2025-11-15 18:04:10,2025-11-15 19:04:10,Synthetic evaluation request for Pulmonology,Z62.0,Routine,Closed—Completed,,2025-11-23 08:04:10,,2025-11-16 11:04:10,2025-11-19 08:04:10,2025-11-20 11:04:10,2025-12-13 11:04:10,2025-12-16 11:04:10,2025-12-16 21:04:10,Completed,,2025-11-15 19:04:10,2025-12-16 21:04:10
REF000017,EHR-REF0000017,NorthStar EHR,PAT001359,COV001359,PRC0031,ORG001,LOC001,SPC006,PRC0076,ORG022,,2026-01-18 17:29:45,2026-01-19 09:29:45,Synthetic evaluation request for Orthopedics,Z41.4,Routine,Closed—Not Completed,,2026-01-26 03:29:45,,2026-01-22 10:29:45,2026-01-23 22:29:45,,,,2026-01-26 03:29:45,Not Completed,Unable to Contact After Protocol,2026-01-19 09:29:45,2026-01-26 03:29:45
REF000018,EHR-REF0000018,NorthStar EHR,PAT001934,COV001934,PRC0001,ORG001,LOC001,SPC006,PRC0041,ORG012,USR003,2026-01-11 06:36:55,2026-01-11 07:36:55,Synthetic evaluation request for Orthopedics,Z46.6,Routine,Ready for Outreach,Ready for Outreach,2026-01-13 00:36:55,2026-01-16 00:36:55,2026-01-13 00:36:55,,,,,,,,2026-01-11 07:36:55,2026-01-13 00:36:55
REF000019,EHR-REF0000019,NorthStar EHR,PAT001466,COV001466,PRC0023,ORG005,LOC005,SPC002,PRC0082,ORG028,,2026-01-03 23:15:28,2026-01-04 13:15:28,Synthetic evaluation request for Dermatology,Z28.5,Routine,Closed—Completed,,2026-01-15 08:15:28,,2026-01-07 09:15:28,2026-01-06 16:15:28,2026-01-07 20:15:28,2026-02-03 20:15:28,2026-02-10 20:15:28,2026-02-11 14:15:28,Completed,,2026-01-04 13:15:28,2026-02-11 14:15:28
REF000020,EHR-REF0000020,NorthStar EHR,PAT000403,COV000403,PRC0032,ORG002,LOC002,SPC008,PRC0053,ORG024,,2026-05-12 14:42:42,2026-05-13 10:42:42,Synthetic evaluation request for Pulmonology,Z28.9,Routine,Closed—Completed,,2026-05-21 21:42:42,,2026-05-15 15:42:42,2026-05-14 05:42:42,2026-05-16 04:42:42,2026-06-14 04:42:42,2026-06-21 04:42:42,2026-06-22 17:42:42,Completed,,2026-05-13 10:42:42,2026-06-22 17:42:42
REF000021,EHR-REF0000021,NorthStar EHR,PAT001840,COV001840,PRC0003,ORG003,LOC003,SPC006,PRC0051,ORG022,,2025-10-20 16:21:49,2025-10-21 09:21:49,Synthetic evaluation request for Orthopedics,Z57.7,Routine,Closed—Completed,,2025-11-01 12:21:49,,2025-10-24 10:21:49,2025-10-26 03:21:49,2025-10-27 14:21:49,2025-11-17 14:21:49,2025-11-22 14:21:49,2025-11-23 08:21:49,Completed,,2025-10-21 09:21:49,2025-11-23 08:21:49
REF000022,EHR-REF0000022,NorthStar EHR,PAT000379,COV000379,PRC0035,ORG005,LOC005,SPC004,PRC0089,ORG010,,2026-07-06 08:48:02,2026-07-07 05:48:02,Synthetic evaluation request for Gastroenterology,Z62.7,Routine,Closed—Completed,,2026-07-16 19:48:02,,2026-07-11 01:48:02,2026-07-09 11:48:02,2026-07-10 11:48:02,2026-08-08 11:48:02,2026-08-15 11:48:02,2026-08-16 04:48:02,Completed,,2026-07-07 05:48:02,2026-08-16 04:48:02
REF000023,EHR-REF0000023,NorthStar EHR,PAT001077,COV001077,PRC0020,ORG002,LOC002,SPC010,PRC0055,ORG026,,2026-06-15 21:48:09,2026-06-16 14:48:09,Synthetic evaluation request for General Surgery,Z57.1,Routine,Closed—Not Completed,,2026-06-21 23:48:09,,2026-06-18 05:48:09,2026-06-18 23:48:09,,,,2026-06-21 23:48:09,Not Completed,No Longer Clinically Indicated,2026-06-16 14:48:09,2026-06-21 23:48:09
REF000024,EHR-REF0000024,NorthStar EHR,PAT001292,COV001292,PRC0001,ORG001,LOC001,SPC009,PRC0079,ORG025,,2025-10-10 23:28:44,2025-10-11 18:28:44,Synthetic evaluation request for Rheumatology,Z83.3,Routine,Closed—Completed,,2025-10-25 00:28:44,,2025-10-14 22:28:44,2025-10-13 03:28:44,2025-10-14 21:28:44,2025-11-05 21:28:44,2025-11-15 21:28:44,2025-11-16 21:28:44,Completed,,2025-10-11 18:28:44,2025-11-16 21:28:44
REF000025,EHR-REF0000025,NorthStar EHR,PAT000605,COV000605,PRC0034,ORG004,LOC004,SPC001,PRC0036,ORG007,,2025-10-26 19:52:47,2025-10-27 08:52:47,Synthetic evaluation request for Cardiology,Z53.8,Routine,Closed—Completed,,2025-11-06 18:52:47,,2025-10-30 00:52:47,2025-10-30 23:52:47,2025-11-01 21:52:47,2025-11-24 21:52:47,2025-12-01 21:52:47,2025-12-03 08:52:47,Completed,,2025-10-27 08:52:47,2025-12-03 08:52:47
REF000026,EHR-REF0000026,NorthStar EHR,PAT000039,COV000039,PRC0027,ORG003,LOC003,SPC009,PRC0044,ORG015,USR005,2026-03-21 13:11:43,2026-03-22 10:11:43,Synthetic evaluation request for Rheumatology,Z86.5,Routine,Scheduled,Appointment Verification,2026-03-26 03:11:43,2026-03-29 03:11:43,2026-03-23 00:11:43,2026-03-25 09:11:43,2026-03-25 22:11:43,,,,,,2026-03-22 10:11:43,2026-03-26 03:11:43
REF000027,EHR-REF0000027,NorthStar EHR,PAT001503,COV001503,PRC0018,ORG006,LOC006,SPC004,PRC0049,ORG020,,2026-02-24 10:46:35,2026-02-24 20:46:35,Synthetic evaluation request for Gastroenterology,Z89.6,Routine,Closed—Completed,,2026-03-06 15:46:35,,2026-02-26 04:46:35,2026-02-28 22:46:35,2026-03-02 08:46:35,2026-03-16 08:46:35,2026-03-21 08:46:35,2026-03-22 05:46:35,Completed,,2026-02-24 20:46:35,2026-03-22 05:46:35
REF000028,EHR-REF0000028,NorthStar EHR,PAT001860,COV001860,PRC0019,ORG001,LOC001,SPC003,PRC0088,ORG009,,2025-09-16 18:02:04,2025-09-17 14:02:04,Synthetic evaluation request for Endocrinology,Z45.2,Routine,Closed—Completed,,2025-09-26 04:02:04,,2025-09-19 20:02:04,2025-09-20 04:02:04,2025-09-21 01:02:04,2025-10-08 01:02:04,2025-10-15 01:02:04,2025-10-16 02:02:04,Completed,,2025-09-17 14:02:04,2025-10-16 02:02:04
REF000029,EHR-REF0000029,NorthStar EHR,PAT001776,COV001776,PRC0018,ORG006,LOC006,SPC006,PRC0091,ORG012,,2026-01-10 20:51:35,2026-01-11 04:51:35,Synthetic evaluation request for Orthopedics,Z21.1,Routine,Closed—Completed,,2026-01-26 22:51:35,,2026-01-13 21:51:35,2026-01-14 04:51:35,2026-01-14 12:51:35,2026-02-08 12:51:35,2026-02-12 12:51:35,2026-02-13 03:51:35,Completed,,2026-01-11 04:51:35,2026-02-13 03:51:35
REF000030,EHR-REF0000030,NorthStar EHR,PAT001503,COV001503,PRC0031,ORG001,LOC001,SPC009,PRC0094,ORG015,,2026-04-04 18:23:39,2026-04-04 22:23:39,Synthetic evaluation request for Rheumatology,Z75.2,Routine,Closed—Not Completed,,2026-04-12 11:23:39,,2026-04-07 19:23:39,2026-04-06 19:23:39,,,,2026-04-12 11:23:39,Not Completed,Patient Declined,2026-04-04 22:23:39,2026-04-12 11:23:39
REF000031,EHR-REF0000031,NorthStar EHR,PAT001117,COV001117,PRC0008,ORG002,LOC002,SPC002,PRC0082,ORG028,,2026-06-20 16:04:47,2026-06-20 19:04:47,Synthetic evaluation request for Dermatology,Z67.6,Routine,Closed—Not Completed,,2026-06-22 23:04:47,,2026-06-21 01:04:47,2026-06-25 18:04:47,,,,2026-06-22 23:04:47,Not Completed,Patient Chose Another Provider,2026-06-20 19:04:47,2026-06-22 23:04:47
REF000032,EHR-REF0000032,NorthStar EHR,PAT000580,COV000580,PRC0003,ORG003,LOC003,SPC007,PRC0077,ORG023,,2026-05-25 02:50:42,2026-05-25 22:50:42,Synthetic evaluation request for Otolaryngology,Z16.7,Routine,Closed—Completed,,2026-06-04 16:50:42,,2026-05-27 06:50:42,2026-05-28 06:50:42,2026-05-30 05:50:42,2026-06-15 05:50:42,2026-06-25 05:50:42,2026-06-26 03:50:42,Completed,,2026-05-25 22:50:42,2026-06-26 03:50:42
REF000033,EHR-REF0000033,NorthStar EHR,PAT001543,COV001543,PRC0030,ORG006,LOC006,SPC009,PRC0044,ORG015,,2026-03-25 19:16:09,2026-03-25 21:16:09,Synthetic evaluation request for Rheumatology,Z83.7,Routine,Cancelled,,2026-03-26 16:16:09,,2026-03-26 16:16:09,,,,,2026-03-26 16:16:09,Cancelled,No Longer Clinically Indicated,2026-03-25 21:16:09,2026-03-26 16:16:09
REF000034,EHR-REF0000034,NorthStar EHR,PAT000077,COV000077,PRC0001,ORG001,LOC001,SPC009,PRC0044,ORG015,,2025-11-11 15:14:05,2025-11-12 13:14:05,Synthetic evaluation request for Rheumatology,Z28.3,Routine,Closed—Not Completed,,2025-11-16 06:14:05,,2025-11-13 11:14:05,2025-11-17 11:14:05,,,,2025-11-16 06:14:05,Not Completed,Patient Declined,2025-11-12 13:14:05,2025-11-16 06:14:05
REF000035,EHR-REF0000035,NorthStar EHR,PAT000213,COV000213,PRC0014,ORG002,LOC002,SPC010,PRC0055,ORG026,,2026-03-22 21:02:32,2026-03-23 13:02:32,Synthetic evaluation request for General Surgery,Z14.2,Routine,Closed—Completed,,2026-03-30 14:02:32,,2026-03-23 18:02:32,2026-03-28 00:02:32,2026-03-29 06:02:32,2026-04-20 06:02:32,2026-04-27 06:02:32,2026-04-27 20:02:32,Completed,,2026-03-23 13:02:32,2026-04-27 20:02:32
REF000036,EHR-REF0000036,NorthStar EHR,PAT001938,COV001938,PRC0015,ORG003,LOC003,SPC008,PRC0078,ORG024,USR014,2026-01-06 12:43:13,2026-01-06 17:43:13,Synthetic evaluation request for Pulmonology,Z67.8,Routine,Outreach in Progress,Outreach Follow-Up,2026-01-09 14:43:13,2026-01-12 14:43:13,2026-01-07 21:43:13,2026-01-11 17:43:13,,,,,,,2026-01-06 17:43:13,2026-01-09 14:43:13
REF000037,EHR-REF0000037,NorthStar EHR,PAT000450,COV000450,PRC0017,ORG005,LOC005,SPC002,PRC0082,ORG028,USR008,2025-10-19 14:34:25,2025-10-19 14:34:25,Synthetic evaluation request for Dermatology,Z56.0,Routine,Outreach in Progress,Outreach Follow-Up,2025-10-23 17:34:25,2025-10-26 17:34:25,2025-10-20 07:34:25,2025-10-23 06:34:25,,,,,,,2025-10-19 14:34:25,2025-10-23 17:34:25
REF000038,EHR-REF0000038,NorthStar EHR,PAT001573,COV001573,PRC0004,ORG004,LOC004,SPC004,PRC0084,ORG030,,2026-04-17 18:27:09,2026-04-17 21:27:09,Synthetic evaluation request for Gastroenterology,Z43.5,Routine,Cancelled,,2026-04-20 04:27:09,,2026-04-20 04:27:09,,,,,2026-04-20 04:27:09,Cancelled,Duplicate Referral,2026-04-17 21:27:09,2026-04-20 04:27:09
REF000039,EHR-REF0000039,NorthStar EHR,PAT001468,COV001468,PRC0025,ORG001,LOC001,SPC001,PRC0046,ORG017,,2025-09-02 01:21:24,2025-09-02 23:21:24,Synthetic evaluation request for Cardiology,Z83.8,Routine,Closed—Not Completed,,2025-09-09 00:21:24,,2025-09-04 20:21:24,2025-09-07 05:21:24,,,,2025-09-09 00:21:24,Not Completed,Patient Moved,2025-09-02 23:21:24,2025-09-09 00:21:24
REF000040,EHR-REF0000040,NorthStar EHR,PAT001341,COV001341,PRC0022,ORG004,LOC004,SPC010,PRC0105,ORG026,,2026-05-19 17:08:51,2026-05-19 17:08:51,Synthetic evaluation request for General Surgery,Z54.4,Routine,Closed—Not Completed,,2026-05-25 15:08:51,,2026-05-20 06:08:51,2026-05-21 22:08:51,,,,2026-05-25 15:08:51,Not Completed,Unable to Contact After Protocol,2026-05-19 17:08:51,2026-05-25 15:08:51
REF000041,EHR-REF0000041,NorthStar EHR,PAT000767,COV000767,PRC0025,ORG001,LOC001,SPC008,PRC0053,ORG024,,2025-12-22 07:31:36,2025-12-22 16:31:36,Synthetic evaluation request for Pulmonology,Z52.2,Routine,Closed—Completed,,2026-01-04 06:31:36,,2025-12-24 13:31:36,2025-12-24 10:31:36,2025-12-24 20:31:36,2026-01-17 20:31:36,2026-01-27 20:31:36,2026-01-28 21:31:36,Completed,,2025-12-22 16:31:36,2026-01-28 21:31:36
REF000042,EHR-REF0000042,NorthStar EHR,PAT000030,COV000030,PRC0030,ORG006,LOC006,SPC003,PRC0038,ORG009,USR002,2025-09-28 06:47:09,2025-09-28 10:47:09,Synthetic evaluation request for Endocrinology,Z64.6,Urgent,Scheduled,Appointment Verification,2025-10-06 05:47:09,2025-10-07 05:47:09,2025-10-01 09:47:09,2025-09-30 11:47:09,2025-10-01 15:47:09,,,,,,2025-09-28 10:47:09,2025-10-06 05:47:09
REF000043,EHR-REF0000043,NorthStar EHR,PAT001761,COV001761,PRC0008,ORG002,LOC002,SPC005,PRC0110,ORG031,,2026-06-10 14:06:45,2026-06-11 12:06:45,Synthetic evaluation request for Neurology,Z47.4,Urgent,Closed—Completed,,2026-06-21 03:06:45,,2026-06-14 17:06:45,2026-06-14 23:06:45,2026-06-15 07:06:45,2026-07-07 07:06:45,2026-07-11 07:06:45,2026-07-12 13:06:45,Completed,,2026-06-11 12:06:45,2026-07-12 13:06:45
REF000044,EHR-REF0000044,NorthStar EHR,PAT001335,COV001335,PRC0033,ORG003,LOC003,SPC002,PRC0107,ORG028,,2025-08-24 22:40:59,2025-08-25 17:40:59,Synthetic evaluation request for Dermatology,Z45.9,Routine,Closed—Completed,,2025-09-03 01:40:59,,2025-08-27 03:40:59,2025-08-26 15:40:59,2025-08-28 11:40:59,2025-10-01 11:40:59,2025-10-05 11:40:59,2025-10-06 00:40:59,Completed,,2025-08-25 17:40:59,2025-10-06 00:40:59
REF000045,EHR-REF0000045,NorthStar EHR,PAT001638,COV001638,PRC0006,ORG006,LOC006,SPC007,PRC0102,ORG023,,2026-01-16 03:54:19,2026-01-16 05:54:19,Synthetic evaluation request for Otolaryngology,Z52.7,Routine,Closed—Not Completed,,2026-01-24 23:54:19,,2026-01-19 14:54:19,2026-01-19 21:54:19,,,,2026-01-24 23:54:19,Not Completed,Patient Declined,2026-01-16 05:54:19,2026-01-24 23:54:19
REF000046,EHR-REF0000046,NorthStar EHR,PAT000451,COV000451,PRC0032,ORG002,LOC002,SPC008,PRC0053,ORG024,USR012,2026-03-26 20:33:03,2026-03-26 20:33:03,Synthetic evaluation request for Pulmonology,Z43.3,Routine,Completed—Report Pending,Report Pending,2026-04-03 04:33:03,2026-04-06 04:33:03,2026-03-27 21:33:03,2026-03-30 19:33:03,2026-04-01 13:33:03,2026-04-12 13:33:03,,,,,2026-03-26 20:33:03,2026-04-03 04:33:03
REF000047,EHR-REF0000047,NorthStar EHR,PAT000817,COV000817,PRC0028,ORG004,LOC004,SPC008,PRC0043,ORG014,USR014,2026-02-19 17:04:15,2026-02-20 08:04:15,Synthetic evaluation request for Pulmonology,Z18.5,Routine,Scheduled,Appointment Verification,2026-02-24 07:04:15,2026-02-27 07:04:15,2026-02-21 02:04:15,2026-02-24 10:04:15,2026-02-26 06:04:15,,,,,,2026-02-20 08:04:15,2026-02-24 07:04:15
REF000048,EHR-REF0000048,NorthStar EHR,PAT000198,COV000198,PRC0023,ORG005,LOC005,SPC008,PRC0068,ORG014,,2026-02-04 16:28:00,2026-02-05 02:28:00,Synthetic evaluation request for Pulmonology,Z10.4,Routine,Closed—Not Completed,,2026-02-12 01:28:00,,2026-02-06 20:28:00,2026-02-09 10:28:00,,,,2026-02-12 01:28:00,Not Completed,No Longer Clinically Indicated,2026-02-05 02:28:00,2026-02-12 01:28:00
REF000049,EHR-REF0000049,NorthStar EHR,PAT000335,COV000335,PRC0004,ORG004,LOC004,SPC006,PRC0051,ORG022,,2025-12-02 14:38:56,2025-12-02 22:38:56,Synthetic evaluation request for Orthopedics,Z54.3,Routine,Closed—Not Completed,,2025-12-07 02:38:56,,2025-12-04 13:38:56,2025-12-05 06:38:56,,,,2025-12-07 02:38:56,Not Completed,Patient Moved,2025-12-02 22:38:56,2025-12-07 02:38:56
REF000050,EHR-REF0000050,NorthStar EHR,PAT000577,COV000577,PRC0022,ORG004,LOC004,SPC004,PRC0064,ORG010,USR007,2026-06-16 10:23:25,2026-06-16 16:23:25,Synthetic evaluation request for Gastroenterology,Z51.1,Routine,Received,New Intake,2026-06-16 16:23:25,2026-06-19 16:23:25,,,,,,,,,2026-06-16 16:23:25,2026-06-16 16:23:25
REF000051,EHR-REF0000051,NorthStar EHR,PAT001444,COV001444,PRC0024,ORG006,LOC006,SPC010,PRC0045,ORG016,USR003,2026-05-10 03:24:00,2026-05-10 15:24:00,Synthetic evaluation request for General Surgery,Z21.7,Routine,Needs Information,Needs Information,2026-05-14 00:24:00,2026-05-17 00:24:00,,,,,,,,,2026-05-10 15:24:00,2026-05-14 00:24:00
REF000052,EHR-REF0000052,NorthStar EHR,PAT000513,COV000513,PRC0026,ORG002,LOC002,SPC008,PRC0093,ORG014,USR013,2026-02-28 08:48:49,2026-03-01 02:48:49,Synthetic evaluation request for Pulmonology,Z22.7,Routine,Completed—Report Pending,Report Pending,2026-03-09 04:48:49,2026-03-12 04:48:49,2026-03-04 01:48:49,2026-03-04 12:48:49,2026-03-06 09:48:49,2026-03-29 09:48:49,,,,,2026-03-01 02:48:49,2026-03-09 04:48:49
REF000053,EHR-REF0000053,NorthStar EHR,PAT000125,COV000125,PRC0032,ORG002,LOC002,SPC009,PRC0104,ORG025,,2026-04-21 06:50:37,2026-04-21 06:50:37,Synthetic evaluation request for Rheumatology,Z41.3,Routine,Closed—Completed,,2026-05-04 00:50:37,,2026-04-22 20:50:37,2026-04-23 14:50:37,2026-04-24 12:50:37,2026-05-20 12:50:37,2026-05-29 12:50:37,2026-05-30 05:50:37,Completed,,2026-04-21 06:50:37,2026-05-30 05:50:37
REF000054,EHR-REF0000054,NorthStar EHR,PAT001030,COV001030,PRC0024,ORG006,LOC006,SPC008,PRC0103,ORG024,,2025-11-26 20:50:33,2025-11-27 18:50:33,Synthetic evaluation request for Pulmonology,Z87.7,Routine,Closed—Completed,,2025-12-08 13:50:33,,2025-11-29 02:50:33,2025-11-28 22:50:33,2025-11-29 08:50:33,2025-12-14 08:50:33,2025-12-20 08:50:33,2025-12-21 14:50:33,Completed,,2025-11-27 18:50:33,2025-12-21 14:50:33
REF000055,EHR-REF0000055,NorthStar EHR,PAT001745,COV001745,PRC0014,ORG002,LOC002,SPC010,PRC0105,ORG026,,2026-05-07 16:37:03,2026-05-08 12:37:03,Synthetic evaluation request for General Surgery,Z75.4,Routine,Closed—Completed,,2026-05-18 02:37:03,,2026-05-09 14:37:03,2026-05-10 19:37:03,2026-05-12 13:37:03,2026-06-13 13:37:03,2026-06-18 13:37:03,2026-06-19 16:37:03,Completed,,2026-05-08 12:37:03,2026-06-19 16:37:03
REF000056,EHR-REF0000056,NorthStar EHR,PAT001062,COV001062,PRC0034,ORG004,LOC004,SPC002,PRC0072,ORG018,USR013,2025-10-14 18:02:06,2025-10-14 23:02:06,Synthetic evaluation request for Dermatology,Z55.9,Urgent,Completed—Report Pending,Report Pending,2025-10-26 12:02:06,2025-10-27 12:02:06,2025-10-17 22:02:06,2025-10-16 06:02:06,2025-10-17 06:02:06,2025-11-21 06:02:06,,,,,2025-10-14 23:02:06,2025-10-26 12:02:06
REF000057,EHR-REF0000057,NorthStar EHR,PAT000865,COV000865,PRC0030,ORG006,LOC006,SPC008,PRC0043,ORG014,,2026-07-10 05:45:46,2026-07-10 05:45:46,Synthetic evaluation request for Pulmonology,Z61.2,Routine,Closed—Completed,,2026-07-25 05:45:46,,2026-07-14 03:45:46,2026-07-12 14:45:46,2026-07-14 07:45:46,2026-08-10 07:45:46,2026-08-16 07:45:46,2026-08-17 02:45:46,Completed,,2026-07-10 05:45:46,2026-08-17 02:45:46
REF000058,EHR-REF0000058,NorthStar EHR,PAT000284,COV000284,PRC0021,ORG003,LOC003,SPC009,PRC0104,ORG025,USR011,2026-04-15 05:40:12,2026-04-16 00:40:12,Synthetic evaluation request for Rheumatology,Z24.7,Routine,Needs Information,Needs Information,2026-04-19 05:40:12,2026-04-22 05:40:12,,,,,,,,,2026-04-16 00:40:12,2026-04-19 05:40:12
REF000059,EHR-REF0000059,NorthStar EHR,PAT000251,COV000251,PRC0011,ORG005,LOC005,SPC003,PRC0038,ORG009,,2025-10-24 12:18:13,2025-10-24 22:18:13,Synthetic evaluation request for Endocrinology,Z51.9,Routine,Closed—Completed,,2025-11-02 02:18:13,,2025-10-27 00:18:13,2025-10-29 07:18:13,2025-10-30 15:18:13,2025-11-25 15:18:13,2025-11-30 15:18:13,2025-12-02 04:18:13,Completed,,2025-10-24 22:18:13,2025-12-02 04:18:13
REF000060,EHR-REF0000060,NorthStar EHR,PAT001867,COV001867,PRC0002,ORG002,LOC002,SPC005,PRC0085,ORG031,USR002,2026-03-17 19:58:43,2026-03-18 04:58:43,Synthetic evaluation request for Neurology,Z38.2,Routine,Scheduled,Appointment Verification,2026-03-23 22:58:43,2026-03-26 22:58:43,2026-03-18 21:58:43,2026-03-19 06:58:43,2026-03-19 19:58:43,,,,,,2026-03-18 04:58:43,2026-03-23 22:58:43
REF000061,EHR-REF0000061,NorthStar EHR,PAT001822,COV001822,PRC0026,ORG002,LOC002,SPC001,PRC0096,ORG017,,2025-08-16 01:22:01,2025-08-16 01:22:01,Synthetic evaluation request for Cardiology,Z18.0,Routine,Cancelled,,2025-08-19 22:22:01,,2025-08-19 22:22:01,,,,,2025-08-19 22:22:01,Cancelled,No Longer Clinically Indicated,2025-08-16 01:22:01,2025-08-19 22:22:01
REF000062,EHR-REF0000062,NorthStar EHR,PAT000414,COV000414,PRC0009,ORG003,LOC003,SPC005,PRC0050,ORG021,USR014,2026-06-01 17:43:48,2026-06-01 18:43:48,Synthetic evaluation request for Neurology,Z81.3,Routine,Outreach in Progress,Outreach Follow-Up,2026-06-03 19:43:48,2026-06-06 19:43:48,2026-06-02 13:43:48,2026-06-06 10:43:48,,,,,,,2026-06-01 18:43:48,2026-06-03 19:43:48
REF000063,EHR-REF0000063,NorthStar EHR,PAT001200,COV001200,PRC0006,ORG006,LOC006,SPC003,PRC0038,ORG009,,2026-03-08 16:29:38,2026-03-08 20:29:38,Synthetic evaluation request for Endocrinology,Z47.1,Routine,Closed—Completed,,2026-03-16 07:29:38,,2026-03-09 00:29:38,2026-03-09 18:29:38,2026-03-11 17:29:38,2026-04-15 17:29:38,2026-04-20 17:29:38,2026-04-21 19:29:38,Completed,,2026-03-08 20:29:38,2026-04-21 19:29:38
REF000064,EHR-REF0000064,NorthStar EHR,PAT000403,COV000403,PRC0030,ORG006,LOC006,SPC008,PRC0043,ORG014,,2025-12-02 02:57:05,2025-12-02 06:57:05,Synthetic evaluation request for Pulmonology,Z66.2,Routine,Closed—Completed,,2025-12-09 18:57:05,,2025-12-04 20:57:05,2025-12-07 05:57:05,2025-12-08 06:57:05,2025-12-23 06:57:05,2026-01-01 06:57:05,2026-01-02 06:57:05,Completed,,2025-12-02 06:57:05,2026-01-02 06:57:05
REF000065,EHR-REF0000065,NorthStar EHR,PAT001395,COV001395,PRC0013,ORG001,LOC001,SPC007,PRC0102,ORG023,,2026-02-01 16:23:53,2026-02-02 00:23:53,Synthetic evaluation request for Otolaryngology,Z27.6,Routine,Closed—Completed,,2026-02-12 10:23:53,,2026-02-05 12:23:53,2026-02-05 15:23:53,2026-02-07 12:23:53,2026-03-14 12:23:53,2026-03-23 12:23:53,2026-03-24 22:23:53,Completed,,2026-02-02 00:23:53,2026-03-24 22:23:53
REF000066,EHR-REF0000066,NorthStar EHR,PAT000784,COV000784,PRC0015,ORG003,LOC003,SPC008,PRC0053,ORG024,USR010,2026-03-24 15:26:22,2026-03-25 06:26:22,Synthetic evaluation request for Pulmonology,Z81.5,Routine,Scheduled,Appointment Verification,2026-03-30 03:26:22,2026-04-02 03:26:22,2026-03-27 03:26:22,2026-03-29 23:26:22,2026-03-31 14:26:22,,,,,,2026-03-25 06:26:22,2026-03-30 03:26:22
REF000067,EHR-REF0000067,NorthStar EHR,PAT001078,COV001078,PRC0005,ORG005,LOC005,SPC009,PRC0079,ORG025,,2025-09-30 23:37:59,2025-10-01 02:37:59,Synthetic evaluation request for Rheumatology,Z85.3,Routine,Closed—Not Completed,,2025-10-07 13:37:59,,2025-10-01 21:37:59,2025-10-05 22:37:59,,,,2025-10-07 13:37:59,Not Completed,Unable to Contact After Protocol,2025-10-01 02:37:59,2025-10-07 13:37:59
REF000068,EHR-REF0000068,NorthStar EHR,PAT001984,COV001984,PRC0024,ORG006,LOC006,SPC002,PRC0097,ORG018,,2026-03-13 15:53:38,2026-03-14 10:53:38,Synthetic evaluation request for Dermatology,Z34.5,Routine,Closed—Completed,,2026-03-26 20:53:38,,2026-03-15 15:53:38,2026-03-18 16:53:38,2026-03-19 00:53:38,2026-04-13 00:53:38,2026-04-23 00:53:38,2026-04-24 14:53:38,Completed,,2026-03-14 10:53:38,2026-04-24 14:53:38
REF000069,EHR-REF0000069,NorthStar EHR,PAT001505,COV001505,PRC0013,ORG001,LOC001,SPC007,PRC0067,ORG013,,2026-02-06 02:23:43,2026-02-06 10:23:43,Synthetic evaluation request for Otolaryngology,Z78.7,Routine,Closed—Completed,,2026-02-20 08:23:43,,2026-02-09 06:23:43,2026-02-07 07:23:43,2026-02-09 03:23:43,2026-02-22 03:23:43,2026-02-25 03:23:43,2026-02-25 20:23:43,Completed,,2026-02-06 10:23:43,2026-02-25 20:23:43
REF000070,EHR-REF0000070,NorthStar EHR,PAT000124,COV000124,PRC0011,ORG005,LOC005,SPC010,PRC0105,ORG026,USR013,2026-04-04 01:39:27,2026-04-04 08:39:27,Synthetic evaluation request for General Surgery,Z20.6,Routine,Received,New Intake,2026-04-04 08:39:27,2026-04-07 08:39:27,,,,,,,,,2026-04-04 08:39:27,2026-04-04 08:39:27
REF000071,EHR-REF0000071,NorthStar EHR,PAT001076,COV001076,PRC0031,ORG001,LOC001,SPC009,PRC0069,ORG015,,2026-01-14 07:01:56,2026-01-15 01:01:56,Synthetic evaluation request for Rheumatology,Z59.3,Routine,Cancelled,,2026-01-17 22:01:56,,2026-01-17 22:01:56,,,,,2026-01-17 22:01:56,Cancelled,No Longer Clinically Indicated,2026-01-15 01:01:56,2026-01-17 22:01:56
REF000072,EHR-REF0000072,NorthStar EHR,PAT001915,COV001915,PRC0002,ORG002,LOC002,SPC002,PRC0047,ORG018,,2026-05-30 08:51:44,2026-05-30 17:51:44,Synthetic evaluation request for Dermatology,Z68.0,Routine,Closed—Not Completed,,2026-06-04 12:51:44,,2026-06-01 06:51:44,2026-06-03 21:51:44,,,,2026-06-04 12:51:44,Not Completed,No Longer Clinically Indicated,2026-05-30 17:51:44,2026-06-04 12:51:44
REF000073,EHR-REF0000073,NorthStar EHR,PAT000038,COV000038,PRC0002,ORG002,LOC002,SPC001,PRC0081,ORG027,,2025-08-23 14:38:16,2025-08-24 02:38:16,Synthetic evaluation request for Cardiology,Z16.8,Routine,Closed—Completed,,2025-09-01 18:38:16,,2025-08-25 18:38:16,2025-08-27 23:38:16,2025-08-28 02:38:16,2025-09-18 02:38:16,2025-09-23 02:38:16,2025-09-24 02:38:16,Completed,,2025-08-24 02:38:16,2025-09-24 02:38:16
REF000074,EHR-REF0000074,NorthStar EHR,PAT000707,COV000707,PRC0021,ORG003,LOC003,SPC001,PRC0071,ORG017,,2025-10-04 17:36:41,2025-10-05 09:36:41,Synthetic evaluation request for Cardiology,Z73.9,Routine,Closed—Not Completed,,2025-10-10 08:36:41,,2025-10-07 08:36:41,2025-10-05 20:36:41,,,,2025-10-10 08:36:41,Not Completed,No Longer Clinically Indicated,2025-10-05 09:36:41,2025-10-10 08:36:41
REF000075,EHR-REF0000075,NorthStar EHR,PAT001644,COV001644,PRC0028,ORG004,LOC004,SPC010,PRC0055,ORG026,,2026-02-28 00:35:30,2026-02-28 17:35:30,Synthetic evaluation request for General Surgery,Z15.4,Urgent,Closed—Completed,,2026-03-13 17:35:30,,2026-03-01 06:35:30,2026-03-04 19:35:30,2026-03-05 04:35:30,2026-03-21 04:35:30,2026-03-29 04:35:30,2026-03-30 03:35:30,Completed,,2026-02-28 17:35:30,2026-03-30 03:35:30
REF000076,EHR-REF0000076,NorthStar EHR,PAT001806,COV001806,PRC0001,ORG001,LOC001,SPC010,PRC0080,ORG026,USR008,2025-12-18 14:54:23,2025-12-18 22:54:23,Synthetic evaluation request for General Surgery,Z15.1,Routine,Received,New Intake,2025-12-18 22:54:23,2025-12-21 22:54:23,,,,,,,,,2025-12-18 22:54:23,2025-12-18 22:54:23
REF000077,EHR-REF0000077,NorthStar EHR,PAT001739,COV001739,PRC0030,ORG006,LOC006,SPC004,PRC0074,ORG020,USR003,2025-12-06 21:25:26,2025-12-06 23:25:26,Synthetic evaluation request for Gastroenterology,Z86.3,Routine,Outreach in Progress,Outreach Follow-Up,2025-12-07 13:25:26,2025-12-10 13:25:26,2025-12-07 03:25:26,2025-12-10 22:25:26,,,,,,,2025-12-06 23:25:26,2025-12-07 13:25:26
REF000078,EHR-REF0000078,NorthStar EHR,PAT000501,COV000501,PRC0028,ORG004,LOC004,SPC010,PRC0095,ORG016,,2026-04-08 16:57:02,2026-04-09 02:57:02,Synthetic evaluation request for General Surgery,Z75.3,Routine,Closed—Completed,,2026-04-16 13:57:02,,2026-04-10 04:57:02,2026-04-12 03:57:02,2026-04-13 02:57:02,2026-04-18 02:57:02,2026-04-22 02:57:02,2026-04-22 20:57:02,Completed,,2026-04-09 02:57:02,2026-04-22 20:57:02
REF000079,EHR-REF0000079,NorthStar EHR,PAT001084,COV001084,PRC0010,ORG004,LOC004,SPC010,PRC0095,ORG016,,2026-07-05 00:11:48,2026-07-05 07:11:48,Synthetic evaluation request for General Surgery,Z41.5,Routine,Closed—Completed,,2026-07-18 14:11:48,,2026-07-07 08:11:48,2026-07-07 05:11:48,2026-07-07 08:11:48,2026-07-11 08:11:48,2026-07-19 08:11:48,2026-07-20 02:11:48,Completed,,2026-07-05 07:11:48,2026-07-20 02:11:48
REF000080,EHR-REF0000080,NorthStar EHR,PAT001299,COV001299,PRC0033,ORG003,LOC003,SPC010,PRC0095,ORG016,USR004,2025-10-08 10:45:18,2025-10-09 01:45:18,Synthetic evaluation request for General Surgery,Z21.5,Routine,Outreach in Progress,Outreach Follow-Up,2025-10-12 10:45:18,2025-10-15 10:45:18,2025-10-11 03:45:18,2025-10-09 19:45:18,,,,,,,2025-10-09 01:45:18,2025-10-12 10:45:18
REF000081,EHR-REF0000081,NorthStar EHR,PAT000811,COV000811,PRC0030,ORG006,LOC006,SPC005,PRC0085,ORG031,,2025-11-22 04:43:49,2025-11-22 23:43:49,Synthetic evaluation request for Neurology,Z21.7,Routine,Closed—Not Completed,,2025-11-29 17:43:49,,2025-11-24 17:43:49,2025-11-25 00:43:49,,,,2025-11-29 17:43:49,Not Completed,Duplicate Referral,2025-11-22 23:43:49,2025-11-29 17:43:49
REF000082,EHR-REF0000082,NorthStar EHR,PAT000773,COV000773,PRC0002,ORG002,LOC002,SPC008,PRC0093,ORG014,USR005,2026-02-12 05:59:33,2026-02-12 06:59:33,Synthetic evaluation request for Pulmonology,Z54.9,Routine,Outreach in Progress,Outreach Follow-Up,2026-02-17 04:59:33,2026-02-20 04:59:33,2026-02-14 09:59:33,2026-02-14 20:59:33,,,,,,,2026-02-12 06:59:33,2026-02-17 04:59:33
REF000083,EHR-REF0000083,NorthStar EHR,PAT001475,COV001475,PRC0003,ORG003,LOC003,SPC003,PRC0058,ORG029,,2025-08-20 09:55:33,2025-08-21 00:55:33,Synthetic evaluation request for Endocrinology,Z16.5,Routine,Cancelled,,2025-08-24 10:55:33,,2025-08-24 10:55:33,,,,,2025-08-24 10:55:33,Cancelled,Duplicate Referral,2025-08-21 00:55:33,2025-08-24 10:55:33
REF000084,EHR-REF0000084,NorthStar EHR,PAT001656,COV001656,PRC0009,ORG003,LOC003,SPC001,PRC0071,ORG017,,2026-01-29 11:57:01,2026-01-29 11:57:01,Synthetic evaluation request for Cardiology,Z33.5,Routine,Closed—Completed,,2026-02-04 14:57:01,,2026-01-31 06:57:01,2026-01-30 19:57:01,2026-02-01 09:57:01,2026-03-08 09:57:01,2026-03-14 09:57:01,2026-03-15 04:57:01,Completed,,2026-01-29 11:57:01,2026-03-15 04:57:01
REF000085,EHR-REF0000085,NorthStar EHR,PAT001786,COV001786,PRC0013,ORG001,LOC001,SPC010,PRC0095,ORG016,,2026-02-24 08:57:44,2026-02-24 14:57:44,Synthetic evaluation request for General Surgery,Z83.2,Routine,Closed—Completed,,2026-03-09 01:57:44,,2026-02-27 15:57:44,2026-02-26 05:57:44,2026-02-27 09:57:44,2026-03-20 09:57:44,2026-03-26 09:57:44,2026-03-27 13:57:44,Completed,,2026-02-24 14:57:44,2026-03-27 13:57:44
REF000086,EHR-REF0000086,NorthStar EHR,PAT000289,COV000289,PRC0002,ORG002,LOC002,SPC002,PRC0072,ORG018,,2026-01-06 08:26:29,2026-01-06 19:26:29,Synthetic evaluation request for Dermatology,Z62.6,Routine,Closed—Completed,,2026-01-12 05:26:29,,2026-01-07 09:26:29,2026-01-11 10:26:29,2026-01-12 08:26:29,2026-01-19 08:26:29,2026-01-28 08:26:29,2026-01-30 04:26:29,Completed,,2026-01-06 19:26:29,2026-01-30 04:26:29
REF000087,EHR-REF0000087,NorthStar EHR,PAT001011,COV001011,PRC0015,ORG003,LOC003,SPC001,PRC0086,ORG007,,2025-08-21 12:33:47,2025-08-22 00:33:47,Synthetic evaluation request for Cardiology,Z29.3,Routine,Closed—Not Completed,,2025-08-26 12:33:47,,2025-08-24 11:33:47,2025-08-22 20:33:47,,,,2025-08-26 12:33:47,Not Completed,Unable to Contact After Protocol,2025-08-22 00:33:47,2025-08-26 12:33:47
REF000088,EHR-REF0000088,NorthStar EHR,PAT001315,COV001315,PRC0029,ORG005,LOC005,SPC003,PRC0098,ORG019,USR004,2026-02-26 06:31:21,2026-02-26 22:31:21,Synthetic evaluation request for Endocrinology,Z11.0,Routine,Needs Information,Needs Information,2026-02-27 18:31:21,2026-03-02 18:31:21,,,,,,,,,2026-02-26 22:31:21,2026-02-27 18:31:21
REF000089,EHR-REF0000089,NorthStar EHR,PAT000310,COV000310,PRC0016,ORG004,LOC004,SPC010,PRC0080,ORG026,USR006,2026-02-04 11:13:40,2026-02-05 09:13:40,Synthetic evaluation request for General Surgery,Z54.2,Urgent,Scheduled,Appointment Verification,2026-02-15 04:13:40,2026-02-16 04:13:40,2026-02-07 17:13:40,2026-02-06 23:13:40,2026-02-07 09:13:40,,,,,,2026-02-05 09:13:40,2026-02-15 04:13:40
REF000090,EHR-REF0000090,NorthStar EHR,PAT001290,COV001290,PRC0006,ORG006,LOC006,SPC010,PRC0045,ORG016,USR011,2025-11-03 22:36:01,2025-11-04 14:36:01,Synthetic evaluation request for General Surgery,Z70.9,Routine,Needs Information,Needs Information,2025-11-07 12:36:01,2025-11-10 12:36:01,,,,,,,,,2025-11-04 14:36:01,2025-11-07 12:36:01
REF000091,EHR-REF0000091,NorthStar EHR,PAT001087,COV001087,PRC0024,ORG006,LOC006,SPC009,PRC0054,ORG025,,2026-05-14 00:00:44,2026-05-14 04:00:44,Synthetic evaluation request for Rheumatology,Z56.4,Routine,Closed—Completed,,2026-05-26 12:00:44,,2026-05-17 14:00:44,2026-05-17 23:00:44,2026-05-18 08:00:44,2026-06-22 08:00:44,2026-06-26 08:00:44,2026-06-27 16:00:44,Completed,,2026-05-14 04:00:44,2026-06-27 16:00:44
REF000092,EHR-REF0000092,NorthStar EHR,PAT000044,COV000044,PRC0022,ORG004,LOC004,SPC003,PRC0098,ORG019,USR007,2026-02-24 23:59:13,2026-02-25 18:59:13,Synthetic evaluation request for Endocrinology,Z27.0,Urgent,Scheduled,Appointment Verification,2026-03-03 23:59:13,2026-03-04 23:59:13,2026-02-26 16:59:13,2026-02-27 11:59:13,2026-03-01 09:59:13,,,,,,2026-02-25 18:59:13,2026-03-03 23:59:13
REF000093,EHR-REF0000093,NorthStar EHR,PAT001326,COV001326,PRC0024,ORG006,LOC006,SPC006,PRC0051,ORG022,USR014,2026-05-30 01:06:16,2026-05-30 18:06:16,Synthetic evaluation request for Orthopedics,Z46.3,Routine,Scheduled,Appointment Verification,2026-06-03 06:06:16,2026-06-06 06:06:16,2026-05-31 03:06:16,2026-06-02 06:06:16,2026-06-04 03:06:16,,,,,,2026-05-30 18:06:16,2026-06-03 06:06:16
REF000094,EHR-REF0000094,NorthStar EHR,PAT000671,COV000671,PRC0031,ORG001,LOC001,SPC010,PRC0095,ORG016,,2025-09-05 02:50:17,2025-09-05 21:50:17,Synthetic evaluation request for General Surgery,Z76.3,Routine,Closed—Completed,,2025-09-10 12:50:17,,2025-09-07 00:50:17,2025-09-10 11:50:17,2025-09-11 10:50:17,2025-09-29 10:50:17,2025-09-30 10:50:17,2025-09-30 14:50:17,Completed,,2025-09-05 21:50:17,2025-09-30 14:50:17
REF000095,EHR-REF0000095,NorthStar EHR,PAT000862,COV000862,PRC0028,ORG004,LOC004,SPC002,PRC0037,ORG008,USR014,2025-11-11 20:41:35,2025-11-12 09:41:35,Synthetic evaluation request for Dermatology,Z69.5,Routine,Scheduled,Appointment Verification,2025-11-17 04:41:35,2025-11-20 04:41:35,2025-11-15 11:41:35,2025-11-13 22:41:35,2025-11-15 10:41:35,,,,,,2025-11-12 09:41:35,2025-11-17 04:41:35
REF000096,EHR-REF0000096,NorthStar EHR,PAT000057,COV000057,PRC0013,ORG001,LOC001,SPC007,PRC0042,ORG013,USR007,2025-09-21 14:29:41,2025-09-21 23:29:41,Synthetic evaluation request for Otolaryngology,Z42.8,Routine,Received,New Intake,2025-09-21 23:29:41,2025-09-24 23:29:41,,,,,,,,,2025-09-21 23:29:41,2025-09-21 23:29:41
REF000097,EHR-REF0000097,NorthStar EHR,PAT001248,COV001248,PRC0029,ORG005,LOC005,SPC002,PRC0047,ORG018,USR005,2026-03-24 22:05:23,2026-03-25 11:05:23,Synthetic evaluation request for Dermatology,Z44.9,Routine,Ready for Outreach,Ready for Outreach,2026-03-29 08:05:23,2026-04-01 08:05:23,2026-03-29 08:05:23,,,,,,,,2026-03-25 11:05:23,2026-03-29 08:05:23
REF000098,EHR-REF0000098,NorthStar EHR,PAT001954,COV001954,PRC0027,ORG003,LOC003,SPC005,PRC0050,ORG021,,2026-06-11 22:03:57,2026-06-12 13:03:57,Synthetic evaluation request for Neurology,Z62.5,Routine,Closed—Not Completed,,2026-06-20 00:03:57,,2026-06-14 01:03:57,2026-06-14 11:03:57,,,,2026-06-20 00:03:57,Not Completed,Duplicate Referral,2026-06-12 13:03:57,2026-06-20 00:03:57
REF000099,EHR-REF0000099,NorthStar EHR,PAT001759,COV001759,PRC0029,ORG005,LOC005,SPC001,PRC0036,ORG007,USR011,2025-11-01 21:59:44,2025-11-02 06:59:44,Synthetic evaluation request for Cardiology,Z20.1,Routine,Ready for Outreach,Ready for Outreach,2025-11-04 12:59:44,2025-11-07 12:59:44,2025-11-04 12:59:44,,,,,,,,2025-11-02 06:59:44,2025-11-04 12:59:44
REF000100,EHR-REF0000100,NorthStar EHR,PAT000716,COV000716,PRC0005,ORG005,LOC005,SPC005,PRC0060,ORG031,USR004,2025-11-23 22:01:30,2025-11-24 13:01:30,Synthetic evaluation request for Neurology,Z45.4,Routine,Scheduled,Appointment Verification,2025-11-28 12:01:30,2025-12-01 12:01:30,2025-11-24 19:01:30,2025-11-26 14:01:30,2025-11-27 15:01:30,,,,,,2025-11-24 13:01:30,2025-11-28 12:01:30
REF000101,EHR-REF0000101,NorthStar EHR,PAT000727,COV000727,PRC0025,ORG001,LOC001,SPC004,PRC0084,ORG030,,2026-02-17 01:20:56,2026-02-17 11:20:56,Synthetic evaluation request for Gastroenterology,Z21.1,Routine,Closed—Completed,,2026-02-27 07:20:56,,2026-02-19 04:20:56,2026-02-21 14:20:56,2026-02-22 03:20:56,2026-03-11 03:20:56,2026-03-20 03:20:56,2026-03-21 09:20:56,Completed,,2026-02-17 11:20:56,2026-03-21 09:20:56
REF000102,EHR-REF0000102,NorthStar EHR,PAT000669,COV000669,PRC0035,ORG005,LOC005,SPC009,PRC0104,ORG025,USR001,2026-06-24 20:33:52,2026-06-25 17:33:52,Synthetic evaluation request for Rheumatology,Z86.1,Routine,Needs Information,Needs Information,2026-06-26 19:33:52,2026-06-29 19:33:52,,,,,,,,,2026-06-25 17:33:52,2026-06-26 19:33:52
REF000103,EHR-REF0000103,NorthStar EHR,PAT000519,COV000519,PRC0020,ORG002,LOC002,SPC008,PRC0053,ORG024,USR012,2026-03-24 23:33:52,2026-03-25 21:33:52,Synthetic evaluation request for Pulmonology,Z30.3,Routine,Needs Information,Needs Information,2026-03-28 23:33:52,2026-03-31 23:33:52,,,,,,,,,2026-03-25 21:33:52,2026-03-28 23:33:52
REF000104,EHR-REF0000104,NorthStar EHR,PAT001917,COV001917,PRC0012,ORG006,LOC006,SPC006,PRC0051,ORG022,USR005,2025-12-18 02:31:40,2025-12-18 06:31:40,Synthetic evaluation request for Orthopedics,Z61.3,Routine,Scheduled,Appointment Verification,2025-12-24 21:31:40,2025-12-27 21:31:40,2025-12-20 01:31:40,2025-12-21 11:31:40,2025-12-23 02:31:40,,,,,,2025-12-18 06:31:40,2025-12-24 21:31:40
REF000105,EHR-REF0000105,NorthStar EHR,PAT001556,COV001556,PRC0010,ORG004,LOC004,SPC010,PRC0080,ORG026,USR003,2026-05-31 23:32:40,2026-06-01 22:32:40,Synthetic evaluation request for General Surgery,Z31.2,Routine,Scheduled,Appointment Verification,2026-06-08 15:32:40,2026-06-11 15:32:40,2026-06-05 17:32:40,2026-06-04 05:32:40,2026-06-05 12:32:40,,,,,,2026-06-01 22:32:40,2026-06-08 15:32:40
REF000106,EHR-REF0000106,NorthStar EHR,PAT000717,COV000717,PRC0021,ORG003,LOC003,SPC005,PRC0090,ORG011,,2026-03-10 03:06:51,2026-03-10 07:06:51,Synthetic evaluation request for Neurology,Z85.7,Routine,Closed—Completed,,2026-03-25 18:06:51,,2026-03-14 06:06:51,2026-03-13 08:06:51,2026-03-14 15:06:51,2026-03-22 15:06:51,2026-03-31 15:06:51,2026-04-01 05:06:51,Completed,,2026-03-10 07:06:51,2026-04-01 05:06:51
REF000107,EHR-REF0000107,NorthStar EHR,PAT000204,COV000204,PRC0018,ORG006,LOC006,SPC007,PRC0102,ORG023,USR001,2025-09-06 15:43:19,2025-09-07 12:43:19,Synthetic evaluation request for Otolaryngology,Z28.8,Routine,Completed—Report Pending,Report Pending,2025-09-17 16:43:19,2025-09-20 16:43:19,2025-09-09 16:43:19,2025-09-08 22:43:19,2025-09-09 16:43:19,2025-10-14 16:43:19,,,,,2025-09-07 12:43:19,2025-09-17 16:43:19
REF000108,EHR-REF0000108,NorthStar EHR,PAT001020,COV001020,PRC0026,ORG002,LOC002,SPC008,PRC0078,ORG024,,2026-04-10 03:07:18,2026-04-10 04:07:18,Synthetic evaluation request for Pulmonology,Z27.3,Routine,Closed—Completed,,2026-04-19 11:07:18,,2026-04-11 03:07:18,2026-04-11 01:07:18,2026-04-11 10:07:18,2026-04-19 10:07:18,2026-04-28 10:07:18,2026-04-29 18:07:18,Completed,,2026-04-10 04:07:18,2026-04-29 18:07:18
REF000109,EHR-REF0000109,NorthStar EHR,PAT001083,COV001083,PRC0006,ORG006,LOC006,SPC010,PRC0055,ORG026,,2026-05-10 14:46:27,2026-05-11 06:46:27,Synthetic evaluation request for General Surgery,Z37.2,Routine,Closed—Completed,,2026-05-22 08:46:27,,2026-05-13 13:46:27,2026-05-12 01:46:27,2026-05-12 07:46:27,2026-05-16 07:46:27,2026-05-21 07:46:27,2026-05-22 12:46:27,Completed,,2026-05-11 06:46:27,2026-05-22 12:46:27
REF000110,EHR-REF0000110,NorthStar EHR,PAT001337,COV001337,PRC0010,ORG004,LOC004,SPC005,PRC0040,ORG011,,2026-06-28 23:13:38,2026-06-29 16:13:38,Synthetic evaluation request for Neurology,Z46.6,Routine,Cancelled,,2026-07-01 04:13:38,,2026-07-01 04:13:38,,,,,2026-07-01 04:13:38,Cancelled,No Longer Clinically Indicated,2026-06-29 16:13:38,2026-07-01 04:13:38
REF000111,EHR-REF0000111,NorthStar EHR,PAT000599,COV000599,PRC0016,ORG004,LOC004,SPC010,PRC0080,ORG026,,2026-04-26 18:36:13,2026-04-26 18:36:13,Synthetic evaluation request for General Surgery,Z47.9,Routine,Closed—Not Completed,,2026-05-01 21:36:13,,2026-04-28 15:36:13,2026-04-28 04:36:13,,,,2026-05-01 21:36:13,Not Completed,Unable to Contact After Protocol,2026-04-26 18:36:13,2026-05-01 21:36:13
REF000112,EHR-REF0000112,NorthStar EHR,PAT000917,COV000917,PRC0035,ORG005,LOC005,SPC005,PRC0090,ORG011,USR014,2026-02-09 19:25:35,2026-02-09 21:25:35,Synthetic evaluation request for Neurology,Z61.7,Routine,Completed—Report Pending,Report Pending,2026-02-19 17:25:35,2026-02-22 17:25:35,2026-02-10 13:25:35,2026-02-11 09:25:35,2026-02-12 03:25:35,2026-03-19 03:25:35,,,,,2026-02-09 21:25:35,2026-02-19 17:25:35
REF000113,EHR-REF0000113,NorthStar EHR,PAT001610,COV001610,PRC0027,ORG003,LOC003,SPC010,PRC0095,ORG016,,2026-02-14 23:25:06,2026-02-15 22:25:06,Synthetic evaluation request for General Surgery,Z52.7,Routine,Closed—Completed,,2026-02-26 14:25:06,,2026-02-16 18:25:06,2026-02-19 20:25:06,2026-02-20 08:25:06,2026-03-17 08:25:06,2026-03-22 08:25:06,2026-03-23 02:25:06,Completed,,2026-02-15 22:25:06,2026-03-23 02:25:06
REF000114,EHR-REF0000114,NorthStar EHR,PAT000835,COV000835,PRC0015,ORG003,LOC003,SPC004,PRC0109,ORG030,USR010,2025-11-30 09:01:28,2025-12-01 07:01:28,Synthetic evaluation request for Gastroenterology,Z69.3,Routine,Outreach in Progress,Outreach Follow-Up,2025-12-05 11:01:28,2025-12-08 11:01:28,2025-12-01 13:01:28,2025-12-05 20:01:28,,,,,,,2025-12-01 07:01:28,2025-12-05 11:01:28
REF000115,EHR-REF0000115,NorthStar EHR,PAT000843,COV000843,PRC0020,ORG002,LOC002,SPC003,PRC0108,ORG029,USR012,2026-03-09 06:07:51,2026-03-09 09:07:51,Synthetic evaluation request for Endocrinology,Z82.9,Routine,Scheduled,Appointment Verification,2026-03-15 09:07:51,2026-03-18 09:07:51,2026-03-13 08:07:51,2026-03-13 19:07:51,2026-03-14 19:07:51,,,,,,2026-03-09 09:07:51,2026-03-15 09:07:51
REF000116,EHR-REF0000116,NorthStar EHR,PAT000167,COV000167,PRC0035,ORG005,LOC005,SPC003,PRC0108,ORG029,USR004,2026-01-16 04:09:26,2026-01-16 04:09:26,Synthetic evaluation request for Endocrinology,Z42.4,Urgent,Received,New Intake,2026-01-16 04:09:26,2026-01-17 04:09:26,,,,,,,,,2026-01-16 04:09:26,2026-01-16 04:09:26
REF000117,EHR-REF0000117,NorthStar EHR,PAT001891,COV001891,PRC0029,ORG005,LOC005,SPC002,PRC0072,ORG018,,2026-02-15 19:39:08,2026-02-16 17:39:08,Synthetic evaluation request for Dermatology,Z69.1,Routine,Closed—Completed,,2026-02-26 00:39:08,,2026-02-20 04:39:08,2026-02-19 17:39:08,2026-02-21 04:39:08,2026-02-27 04:39:08,2026-03-08 04:39:08,2026-03-09 17:39:08,Completed,,2026-02-16 17:39:08,2026-03-09 17:39:08
REF000118,EHR-REF0000118,NorthStar EHR,PAT000996,COV000996,PRC0023,ORG005,LOC005,SPC004,PRC0109,ORG030,,2025-12-15 15:53:05,2025-12-16 02:53:05,Synthetic evaluation request for Gastroenterology,Z40.6,Routine,Closed—Completed,,2025-12-27 19:53:05,,2025-12-20 01:53:05,2025-12-17 20:53:05,2025-12-19 20:53:05,2026-01-12 20:53:05,2026-01-17 20:53:05,2026-01-19 04:53:05,Completed,,2025-12-16 02:53:05,2026-01-19 04:53:05
REF000119,EHR-REF0000119,NorthStar EHR,PAT000153,COV000153,PRC0017,ORG005,LOC005,SPC001,PRC0071,ORG017,,2025-10-05 13:48:35,2025-10-05 15:48:35,Synthetic evaluation request for Cardiology,Z86.4,Urgent,Closed—Completed,,2025-10-18 21:48:35,,2025-10-09 12:48:35,2025-10-10 05:48:35,2025-10-12 00:48:35,2025-11-03 00:48:35,2025-11-13 00:48:35,2025-11-14 14:48:35,Completed,,2025-10-05 15:48:35,2025-11-14 14:48:35
REF000120,EHR-REF0000120,NorthStar EHR,PAT000963,COV000963,PRC0020,ORG002,LOC002,SPC004,PRC0109,ORG030,USR007,2025-08-27 09:50:15,2025-08-28 00:50:15,Synthetic evaluation request for Gastroenterology,Z73.8,Routine,Outreach in Progress,Outreach Follow-Up,2025-09-01 12:50:15,2025-09-04 12:50:15,2025-08-30 18:50:15,2025-09-01 14:50:15,,,,,,,2025-08-28 00:50:15,2025-09-01 12:50:15
REF000121,EHR-REF0000121,NorthStar EHR,PAT000941,COV000941,PRC0016,ORG004,LOC004,SPC005,PRC0100,ORG021,,2026-07-13 11:45:00,2026-07-14 09:45:00,Synthetic evaluation request for Neurology,Z35.6,Routine,Closed—Completed,,2026-07-28 15:45:00,,2026-07-17 18:45:00,2026-07-18 15:45:00,2026-07-20 11:45:00,2026-08-20 11:45:00,2026-08-29 11:45:00,2026-08-30 02:45:00,Completed,,2026-07-14 09:45:00,2026-08-30 02:45:00
REF000122,EHR-REF0000122,NorthStar EHR,PAT000099,COV000099,PRC0002,ORG002,LOC002,SPC003,PRC0098,ORG019,USR008,2026-03-25 09:14:08,2026-03-26 01:14:08,Synthetic evaluation request for Endocrinology,Z78.0,Routine,Scheduled,Appointment Verification,2026-03-31 07:14:08,2026-04-03 07:14:08,2026-03-27 16:14:08,2026-03-28 07:14:08,2026-03-29 12:14:08,,,,,,2026-03-26 01:14:08,2026-03-31 07:14:08
REF000123,EHR-REF0000123,NorthStar EHR,PAT000659,COV000659,PRC0003,ORG003,LOC003,SPC008,PRC0078,ORG024,USR012,2025-12-24 11:08:22,2025-12-25 05:08:22,Synthetic evaluation request for Pulmonology,Z77.3,Routine,Needs Information,Needs Information,2025-12-26 13:08:22,2025-12-29 13:08:22,,,,,,,,,2025-12-25 05:08:22,2025-12-26 13:08:22
REF000124,EHR-REF0000124,NorthStar EHR,PAT001442,COV001442,PRC0008,ORG002,LOC002,SPC002,PRC0062,ORG008,,2026-05-24 07:17:58,2026-05-25 00:17:58,Synthetic evaluation request for Dermatology,Z56.6,Routine,Closed—Completed,,2026-06-04 06:17:58,,2026-05-27 22:17:58,2026-05-27 19:17:58,2026-05-29 01:17:58,2026-06-27 01:17:58,2026-07-07 01:17:58,2026-07-07 21:17:58,Completed,,2026-05-25 00:17:58,2026-07-07 21:17:58
REF000125,EHR-REF0000125,NorthStar EHR,PAT001839,COV001839,PRC0005,ORG005,LOC005,SPC009,PRC0069,ORG015,,2026-06-28 22:44:39,2026-06-28 23:44:39,Synthetic evaluation request for Rheumatology,Z82.2,Routine,Closed—Completed,,2026-07-10 19:44:39,,2026-06-30 23:44:39,2026-07-02 23:44:39,2026-07-04 22:44:39,2026-07-19 22:44:39,2026-07-21 22:44:39,2026-07-22 22:44:39,Completed,,2026-06-28 23:44:39,2026-07-22 22:44:39
REF000126,EHR-REF0000126,NorthStar EHR,PAT001015,COV001015,PRC0018,ORG006,LOC006,SPC006,PRC0101,ORG022,USR004,2026-05-09 17:22:33,2026-05-10 16:22:33,Synthetic evaluation request for Orthopedics,Z29.9,Routine,Ready for Outreach,Ready for Outreach,2026-05-11 19:22:33,2026-05-14 19:22:33,2026-05-11 19:22:33,,,,,,,,2026-05-10 16:22:33,2026-05-11 19:22:33
REF000127,EHR-REF0000127,NorthStar EHR,PAT000637,COV000637,PRC0004,ORG004,LOC004,SPC003,PRC0048,ORG019,,2026-05-11 12:43:42,2026-05-12 07:43:42,Synthetic evaluation request for Endocrinology,Z70.1,Routine,Closed—Completed,,2026-05-26 17:43:42,,2026-05-14 13:43:42,2026-05-16 01:43:42,2026-05-16 10:43:42,2026-06-05 10:43:42,2026-06-09 10:43:42,2026-06-10 15:43:42,Completed,,2026-05-12 07:43:42,2026-06-10 15:43:42
REF000128,EHR-REF0000128,NorthStar EHR,PAT001408,COV001408,PRC0027,ORG003,LOC003,SPC006,PRC0091,ORG012,,2026-07-11 06:15:06,2026-07-11 17:15:06,Synthetic evaluation request for Orthopedics,Z26.5,Routine,Closed—Completed,,2026-07-23 22:15:06,,2026-07-13 17:15:06,2026-07-15 09:15:06,2026-07-17 00:15:06,2026-07-25 00:15:06,2026-08-03 00:15:06,2026-08-03 17:15:06,Completed,,2026-07-11 17:15:06,2026-08-03 17:15:06
REF000129,EHR-REF0000129,NorthStar EHR,PAT000643,COV000643,PRC0005,ORG005,LOC005,SPC003,PRC0073,ORG019,USR012,2025-08-06 20:39:41,2025-08-06 22:39:41,Synthetic evaluation request for Endocrinology,Z43.8,Routine,Needs Information,Needs Information,2025-08-09 01:39:41,2025-08-12 01:39:41,,,,,,,,,2025-08-06 22:39:41,2025-08-09 01:39:41
REF000130,EHR-REF0000130,NorthStar EHR,PAT000570,COV000570,PRC0012,ORG006,LOC006,SPC006,PRC0051,ORG022,USR005,2026-07-07 03:50:27,2026-07-07 15:50:27,Synthetic evaluation request for Orthopedics,Z15.8,Routine,Completed—Report Pending,Report Pending,2026-07-14 20:50:27,2026-07-17 20:50:27,2026-07-09 18:50:27,2026-07-11 02:50:27,2026-07-11 10:50:27,2026-07-27 10:50:27,,,,,2026-07-07 15:50:27,2026-07-14 20:50:27
REF000131,EHR-REF0000131,NorthStar EHR,PAT001632,COV001632,PRC0030,ORG006,LOC006,SPC007,PRC0077,ORG023,,2025-11-17 17:57:40,2025-11-18 08:57:40,Synthetic evaluation request for Otolaryngology,Z66.5,Routine,Closed—Not Completed,,2025-11-27 02:57:40,,2025-11-19 15:57:40,2025-11-22 07:57:40,,,,2025-11-27 02:57:40,Not Completed,Patient Chose Another Provider,2025-11-18 08:57:40,2025-11-27 02:57:40
REF000132,EHR-REF0000132,NorthStar EHR,PAT000987,COV000987,PRC0029,ORG005,LOC005,SPC010,PRC0045,ORG016,USR010,2026-04-11 19:59:54,2026-04-12 17:59:54,Synthetic evaluation request for General Surgery,Z43.1,Routine,Ready for Outreach,Ready for Outreach,2026-04-16 14:59:54,2026-04-19 14:59:54,2026-04-16 14:59:54,,,,,,,,2026-04-12 17:59:54,2026-04-16 14:59:54
REF000133,EHR-REF0000133,NorthStar EHR,PAT000555,COV000555,PRC0013,ORG001,LOC001,SPC005,PRC0050,ORG021,,2025-08-14 20:00:24,2025-08-15 19:00:24,Synthetic evaluation request for Neurology,Z64.9,Routine,Closed—Completed,,2025-08-26 04:00:24,,2025-08-18 23:00:24,2025-08-16 09:00:24,2025-08-17 09:00:24,2025-09-13 09:00:24,2025-09-23 09:00:24,2025-09-23 14:00:24,Completed,,2025-08-15 19:00:24,2025-09-23 14:00:24
REF000134,EHR-REF0000134,NorthStar EHR,PAT001723,COV001723,PRC0001,ORG001,LOC001,SPC004,PRC0109,ORG030,,2025-11-27 13:58:57,2025-11-28 06:58:57,Synthetic evaluation request for Gastroenterology,Z41.6,Urgent,Closed—Completed,,2025-12-09 18:58:57,,2025-11-30 19:58:57,2025-12-01 03:58:57,2025-12-01 05:58:57,2025-12-19 05:58:57,2025-12-29 05:58:57,2025-12-30 07:58:57,Completed,,2025-11-28 06:58:57,2025-12-30 07:58:57
REF000135,EHR-REF0000135,NorthStar EHR,PAT001626,COV001626,PRC0033,ORG003,LOC003,SPC006,PRC0076,ORG022,USR004,2025-12-02 07:58:21,2025-12-03 00:58:21,Synthetic evaluation request for Orthopedics,Z67.9,Urgent,Completed—Report Pending,Report Pending,2025-12-12 04:58:21,2025-12-13 04:58:21,2025-12-06 13:58:21,2025-12-07 08:58:21,2025-12-09 06:58:21,2025-12-29 06:58:21,,,,,2025-12-03 00:58:21,2025-12-12 04:58:21
REF000136,EHR-REF0000136,NorthStar EHR,PAT000956,COV000956,PRC0012,ORG006,LOC006,SPC001,PRC0081,ORG027,USR010,2025-11-13 16:09:40,2025-11-14 10:09:40,Synthetic evaluation request for Cardiology,Z39.9,Urgent,Scheduled,Appointment Verification,2025-11-18 11:09:40,2025-11-19 11:09:40,2025-11-16 07:09:40,2025-11-18 21:09:40,2025-11-20 15:09:40,,,,,,2025-11-14 10:09:40,2025-11-18 11:09:40
REF000137,EHR-REF0000137,NorthStar EHR,PAT000228,COV000228,PRC0004,ORG004,LOC004,SPC002,PRC0037,ORG008,USR004,2026-02-12 17:57:56,2026-02-13 09:57:56,Synthetic evaluation request for Dermatology,Z63.9,Routine,Received,New Intake,2026-02-13 09:57:56,2026-02-16 09:57:56,,,,,,,,,2026-02-13 09:57:56,2026-02-13 09:57:56
REF000138,EHR-REF0000138,NorthStar EHR,PAT000688,COV000688,PRC0010,ORG004,LOC004,SPC002,PRC0107,ORG028,,2025-11-01 04:27:11,2025-11-01 15:27:11,Synthetic evaluation request for Dermatology,Z56.3,Routine,Closed—Completed,,2025-11-15 01:27:11,,2025-11-03 19:27:11,2025-11-04 17:27:11,2025-11-06 07:27:11,2025-11-21 07:27:11,2025-11-24 07:27:11,2025-11-25 05:27:11,Completed,,2025-11-01 15:27:11,2025-11-25 05:27:11
REF000139,EHR-REF0000139,NorthStar EHR,PAT001446,COV001446,PRC0026,ORG002,LOC002,SPC010,PRC0095,ORG016,USR013,2025-09-20 07:48:40,2025-09-20 21:48:40,Synthetic evaluation request for General Surgery,Z70.2,Routine,Needs Information,Needs Information,2025-09-22 04:48:40,2025-09-25 04:48:40,,,,,,,,,2025-09-20 21:48:40,2025-09-22 04:48:40
REF000140,EHR-REF0000140,NorthStar EHR,PAT000235,COV000235,PRC0017,ORG005,LOC005,SPC002,PRC0072,ORG018,USR009,2026-05-25 15:14:43,2026-05-25 23:14:43,Synthetic evaluation request for Dermatology,Z32.2,Routine,Ready for Outreach,Ready for Outreach,2026-05-27 21:14:43,2026-05-30 21:14:43,2026-05-27 21:14:43,,,,,,,,2026-05-25 23:14:43,2026-05-27 21:14:43
REF000141,EHR-REF0000141,NorthStar EHR,PAT001054,COV001054,PRC0026,ORG002,LOC002,SPC003,PRC0073,ORG019,USR006,2026-01-23 04:34:42,2026-01-23 17:34:42,Synthetic evaluation request for Endocrinology,Z36.1,Routine,Scheduled,Appointment Verification,2026-01-29 05:34:42,2026-02-01 05:34:42,2026-01-23 21:34:42,2026-01-27 16:34:42,2026-01-28 21:34:42,,,,,,2026-01-23 17:34:42,2026-01-29 05:34:42
REF000142,EHR-REF0000142,NorthStar EHR,PAT000134,COV000134,PRC0014,ORG002,LOC002,SPC007,PRC0102,ORG023,,2025-10-02 05:24:47,2025-10-03 00:24:47,Synthetic evaluation request for Otolaryngology,Z67.4,Routine,Closed—Completed,,2025-10-14 09:24:47,,2025-10-03 06:24:47,2025-10-05 23:24:47,2025-10-06 04:24:47,2025-10-14 04:24:47,2025-10-20 04:24:47,2025-10-21 04:24:47,Completed,,2025-10-03 00:24:47,2025-10-21 04:24:47
REF000143,EHR-REF0000143,NorthStar EHR,PAT001280,COV001280,PRC0025,ORG001,LOC001,SPC009,PRC0069,ORG015,,2025-11-06 04:25:18,2025-11-06 11:25:18,Synthetic evaluation request for Rheumatology,Z63.1,Routine,Closed—Completed,,2025-11-15 12:25:18,,2025-11-06 20:25:18,2025-11-09 08:25:18,2025-11-10 04:25:18,2025-11-15 04:25:18,2025-11-25 04:25:18,2025-11-27 02:25:18,Completed,,2025-11-06 11:25:18,2025-11-27 02:25:18
REF000144,EHR-REF0000144,NorthStar EHR,PAT000057,COV000057,PRC0023,ORG005,LOC005,SPC007,PRC0052,ORG023,USR012,2026-06-19 18:00:02,2026-06-20 17:00:02,Synthetic evaluation request for Otolaryngology,Z64.0,Routine,Needs Information,Needs Information,2026-06-23 08:00:02,2026-06-26 08:00:02,,,,,,,,,2026-06-20 17:00:02,2026-06-23 08:00:02
REF000145,EHR-REF0000145,NorthStar EHR,PAT001494,COV001494,PRC0015,ORG003,LOC003,SPC009,PRC0054,ORG025,USR014,2026-02-13 10:21:51,2026-02-13 17:21:51,Synthetic evaluation request for Rheumatology,Z80.5,Routine,Outreach in Progress,Outreach Follow-Up,2026-02-16 20:21:51,2026-02-19 20:21:51,2026-02-15 12:21:51,2026-02-15 10:21:51,,,,,,,2026-02-13 17:21:51,2026-02-16 20:21:51
REF000146,EHR-REF0000146,NorthStar EHR,PAT000890,COV000890,PRC0020,ORG002,LOC002,SPC005,PRC0085,ORG031,USR014,2026-04-02 00:59:17,2026-04-02 05:59:17,Synthetic evaluation request for Neurology,Z73.3,Routine,Completed—Report Pending,Report Pending,2026-04-10 02:59:17,2026-04-13 02:59:17,2026-04-03 01:59:17,2026-04-06 15:59:17,2026-04-08 15:59:17,2026-05-03 15:59:17,,,,,2026-04-02 05:59:17,2026-04-10 02:59:17
REF000147,EHR-REF0000147,NorthStar EHR,PAT001354,COV001354,PRC0006,ORG006,LOC006,SPC001,PRC0096,ORG017,,2026-01-28 08:09:44,2026-01-28 17:09:44,Synthetic evaluation request for Cardiology,Z38.2,Routine,Closed—Completed,,2026-02-09 19:09:44,,2026-01-30 07:09:44,2026-01-31 19:09:44,2026-02-01 20:09:44,2026-03-07 20:09:44,2026-03-08 20:09:44,2026-03-10 16:09:44,Completed,,2026-01-28 17:09:44,2026-03-10 16:09:44
REF000148,EHR-REF0000148,NorthStar EHR,PAT001279,COV001279,PRC0030,ORG006,LOC006,SPC009,PRC0094,ORG015,,2026-05-15 14:06:33,2026-05-16 09:06:33,Synthetic evaluation request for Rheumatology,Z81.8,Routine,Closed—Completed,,2026-05-28 08:06:33,,2026-05-18 13:06:33,2026-05-18 10:06:33,2026-05-19 20:06:33,2026-06-17 20:06:33,2026-06-24 20:06:33,2026-06-25 15:06:33,Completed,,2026-05-16 09:06:33,2026-06-25 15:06:33
REF000149,EHR-REF0000149,NorthStar EHR,PAT001095,COV001095,PRC0031,ORG001,LOC001,SPC008,PRC0093,ORG014,,2025-11-25 12:37:37,2025-11-26 08:37:37,Synthetic evaluation request for Pulmonology,Z62.0,Routine,Closed—Not Completed,,2025-11-30 17:37:37,,2025-11-27 01:37:37,2025-12-01 02:37:37,,,,2025-11-30 17:37:37,Not Completed,Patient Moved,2025-11-26 08:37:37,2025-11-30 17:37:37
REF000150,EHR-REF0000150,NorthStar EHR,PAT000554,COV000554,PRC0022,ORG004,LOC004,SPC006,PRC0076,ORG022,,2025-11-05 00:52:04,2025-11-05 23:52:04,Synthetic evaluation request for Orthopedics,Z33.8,Routine,Closed—Completed,,2025-11-15 17:52:04,,2025-11-06 22:52:04,2025-11-07 16:52:04,2025-11-08 03:52:04,2025-11-23 03:52:04,2025-11-28 03:52:04,2025-11-28 22:52:04,Completed,,2025-11-05 23:52:04,2025-11-28 22:52:04
REF000151,EHR-REF0000151,NorthStar EHR,PAT000587,COV000587,PRC0018,ORG006,LOC006,SPC009,PRC0104,ORG025,USR014,2026-04-27 04:45:28,2026-04-27 21:45:28,Synthetic evaluation request for Rheumatology,Z77.3,Routine,Scheduled,Appointment Verification,2026-05-05 07:45:28,2026-05-08 07:45:28,2026-05-01 19:45:28,2026-05-01 10:45:28,2026-05-02 10:45:28,,,,,,2026-04-27 21:45:28,2026-05-05 07:45:28
REF000152,EHR-REF0000152,NorthStar EHR,PAT001318,COV001318,PRC0028,ORG004,LOC004,SPC007,PRC0102,ORG023,USR009,2026-03-20 07:26:47,2026-03-21 01:26:47,Synthetic evaluation request for Otolaryngology,Z84.4,Routine,Completed—Report Pending,Report Pending,2026-03-30 12:26:47,2026-04-02 12:26:47,2026-03-25 00:26:47,2026-03-25 09:26:47,2026-03-27 02:26:47,2026-04-29 02:26:47,,,,,2026-03-21 01:26:47,2026-03-30 12:26:47
REF000153,EHR-REF0000153,NorthStar EHR,PAT000357,COV000357,PRC0023,ORG005,LOC005,SPC006,PRC0041,ORG012,USR003,2026-06-26 19:56:43,2026-06-27 10:56:43,Synthetic evaluation request for Orthopedics,Z20.1,Routine,Scheduled,Appointment Verification,2026-07-04 01:56:43,2026-07-07 01:56:43,2026-06-28 07:56:43,2026-07-01 09:56:43,2026-07-01 22:56:43,,,,,,2026-06-27 10:56:43,2026-07-04 01:56:43
REF000154,EHR-REF0000154,NorthStar EHR,PAT000720,COV000720,PRC0014,ORG002,LOC002,SPC009,PRC0054,ORG025,USR010,2025-08-13 23:58:31,2025-08-14 22:58:31,Synthetic evaluation request for Rheumatology,Z50.8,Urgent,Scheduled,Appointment Verification,2025-08-20 01:58:31,2025-08-21 01:58:31,2025-08-17 18:58:31,2025-08-18 11:58:31,2025-08-19 23:58:31,,,,,,2025-08-14 22:58:31,2025-08-20 01:58:31
REF000155,EHR-REF0000155,NorthStar EHR,PAT001626,COV001626,PRC0019,ORG001,LOC001,SPC006,PRC0051,ORG022,USR006,2026-04-30 00:00:19,2026-04-30 10:00:19,Synthetic evaluation request for Orthopedics,Z58.4,Routine,Scheduled,Appointment Verification,2026-05-04 07:00:19,2026-05-07 07:00:19,2026-05-01 16:00:19,2026-05-04 04:00:19,2026-05-04 18:00:19,,,,,,2026-04-30 10:00:19,2026-05-04 07:00:19
REF000156,EHR-REF0000156,NorthStar EHR,PAT000758,COV000758,PRC0012,ORG006,LOC006,SPC006,PRC0101,ORG022,,2026-04-08 14:43:01,2026-04-09 09:43:01,Synthetic evaluation request for Orthopedics,Z23.4,Urgent,Closed—Completed,,2026-04-18 12:43:01,,2026-04-10 02:43:01,2026-04-12 22:43:01,2026-04-14 14:43:01,2026-05-18 14:43:01,2026-05-19 14:43:01,2026-05-21 04:43:01,Completed,,2026-04-09 09:43:01,2026-05-21 04:43:01
REF000157,EHR-REF0000157,NorthStar EHR,PAT000529,COV000529,PRC0019,ORG001,LOC001,SPC010,PRC0095,ORG016,,2026-01-18 12:22:37,2026-01-18 12:22:37,Synthetic evaluation request for General Surgery,Z37.8,Routine,Closed—Completed,,2026-01-25 05:22:37,,2026-01-18 21:22:37,2026-01-20 09:22:37,2026-01-21 18:22:37,2026-02-06 18:22:37,2026-02-08 18:22:37,2026-02-09 04:22:37,Completed,,2026-01-18 12:22:37,2026-02-09 04:22:37
REF000158,EHR-REF0000158,NorthStar EHR,PAT000844,COV000844,PRC0021,ORG003,LOC003,SPC004,PRC0059,ORG030,USR004,2026-03-15 06:21:55,2026-03-15 09:21:55,Synthetic evaluation request for Gastroenterology,Z65.3,Routine,Completed—Report Pending,Report Pending,2026-03-24 22:21:55,2026-03-27 22:21:55,2026-03-19 01:21:55,2026-03-16 13:21:55,2026-03-17 04:21:55,2026-03-27 04:21:55,,,,,2026-03-15 09:21:55,2026-03-24 22:21:55
REF000159,EHR-REF0000159,NorthStar EHR,PAT001351,COV001351,PRC0007,ORG001,LOC001,SPC002,PRC0072,ORG018,USR004,2026-06-04 23:00:34,2026-06-05 22:00:34,Synthetic evaluation request for Dermatology,Z82.0,Routine,Scheduled,Appointment Verification,2026-06-13 00:00:34,2026-06-16 00:00:34,2026-06-07 22:00:34,2026-06-10 19:00:34,2026-06-12 18:00:34,,,,,,2026-06-05 22:00:34,2026-06-13 00:00:34
REF000160,EHR-REF0000160,NorthStar EHR,PAT000208,COV000208,PRC0004,ORG004,LOC004,SPC008,PRC0093,ORG014,USR012,2025-12-13 01:53:26,2025-12-13 21:53:26,Synthetic evaluation request for Pulmonology,Z31.3,Routine,Scheduled,Appointment Verification,2025-12-23 20:53:26,2025-12-26 20:53:26,2025-12-17 16:53:26,2025-12-16 12:53:26,2025-12-16 22:53:26,,,,,,2025-12-13 21:53:26,2025-12-23 20:53:26
REF000161,EHR-REF0000161,NorthStar EHR,PAT000448,COV000448,PRC0025,ORG001,LOC001,SPC004,PRC0059,ORG030,USR007,2026-02-17 12:22:20,2026-02-17 20:22:20,Synthetic evaluation request for Gastroenterology,Z32.5,Routine,Scheduled,Appointment Verification,2026-02-24 18:22:20,2026-02-27 18:22:20,2026-02-18 23:22:20,2026-02-20 07:22:20,2026-02-21 01:22:20,,,,,,2026-02-17 20:22:20,2026-02-24 18:22:20
REF000162,EHR-REF0000162,NorthStar EHR,PAT001228,COV001228,PRC0020,ORG002,LOC002,SPC004,PRC0064,ORG010,USR014,2025-09-09 19:40:44,2025-09-10 17:40:44,Synthetic evaluation request for Gastroenterology,Z77.8,Routine,Scheduled,Appointment Verification,2025-09-15 09:40:44,2025-09-18 09:40:44,2025-09-13 09:40:44,2025-09-15 12:40:44,2025-09-17 01:40:44,,,,,,2025-09-10 17:40:44,2025-09-15 09:40:44
REF000163,EHR-REF0000163,NorthStar EHR,PAT001001,COV001001,PRC0016,ORG004,LOC004,SPC006,PRC0076,ORG022,,2026-02-27 01:00:54,2026-02-27 05:00:54,Synthetic evaluation request for Orthopedics,Z11.6,Urgent,Closed—Completed,,2026-03-07 01:00:54,,2026-02-28 09:00:54,2026-03-02 03:00:54,2026-03-04 00:00:54,2026-03-13 00:00:54,2026-03-16 00:00:54,2026-03-16 18:00:54,Completed,,2026-02-27 05:00:54,2026-03-16 18:00:54
REF000164,EHR-REF0000164,NorthStar EHR,PAT000149,COV000149,PRC0028,ORG004,LOC004,SPC001,PRC0061,ORG007,,2025-12-27 03:07:05,2025-12-28 02:07:05,Synthetic evaluation request for Cardiology,Z12.8,Urgent,Closed—Completed,,2026-01-04 19:07:05,,2025-12-28 15:07:05,2025-12-30 09:07:05,2025-12-31 19:07:05,2026-01-13 19:07:05,2026-01-21 19:07:05,2026-01-23 03:07:05,Completed,,2025-12-28 02:07:05,2026-01-23 03:07:05
REF000165,EHR-REF0000165,NorthStar EHR,PAT000419,COV000419,PRC0006,ORG006,LOC006,SPC003,PRC0073,ORG019,,2025-12-22 14:27:39,2025-12-23 01:27:39,Synthetic evaluation request for Endocrinology,Z10.4,Routine,Closed—Not Completed,,2025-12-29 10:27:39,,2025-12-23 09:27:39,2025-12-27 16:27:39,,,,2025-12-29 10:27:39,Not Completed,Patient Moved,2025-12-23 01:27:39,2025-12-29 10:27:39
REF000166,EHR-REF0000166,NorthStar EHR,PAT001995,COV001995,PRC0011,ORG005,LOC005,SPC005,PRC0090,ORG011,USR012,2026-01-31 23:39:09,2026-02-01 23:39:09,Synthetic evaluation request for Neurology,Z16.5,Routine,Scheduled,Appointment Verification,2026-02-08 05:39:09,2026-02-11 05:39:09,2026-02-03 07:39:09,2026-02-03 07:39:09,2026-02-03 14:39:09,,,,,,2026-02-01 23:39:09,2026-02-08 05:39:09
REF000167,EHR-REF0000167,NorthStar EHR,PAT000854,COV000854,PRC0029,ORG005,LOC005,SPC008,PRC0093,ORG014,,2026-02-22 19:01:29,2026-02-23 04:01:29,Synthetic evaluation request for Pulmonology,Z26.7,Routine,Closed—Not Completed,,2026-03-02 22:01:29,,2026-02-27 04:01:29,2026-02-23 20:01:29,,,,2026-03-02 22:01:29,Not Completed,Duplicate Referral,2026-02-23 04:01:29,2026-03-02 22:01:29
REF000168,EHR-REF0000168,NorthStar EHR,PAT001028,COV001028,PRC0026,ORG002,LOC002,SPC001,PRC0086,ORG007,USR013,2026-05-16 14:01:22,2026-05-16 16:01:22,Synthetic evaluation request for Cardiology,Z36.8,Urgent,Outreach in Progress,Outreach Follow-Up,2026-05-20 22:01:22,2026-05-21 22:01:22,2026-05-17 19:01:22,2026-05-21 06:01:22,,,,,,,2026-05-16 16:01:22,2026-05-20 22:01:22
REF000169,EHR-REF0000169,NorthStar EHR,PAT000201,COV000201,PRC0004,ORG004,LOC004,SPC004,PRC0084,ORG030,,2025-11-02 19:53:25,2025-11-03 11:53:25,Synthetic evaluation request for Gastroenterology,Z27.8,Routine,Closed—Completed,,2025-11-11 21:53:25,,2025-11-05 10:53:25,2025-11-07 08:53:25,2025-11-08 21:53:25,2025-11-26 21:53:25,2025-12-06 21:53:25,2025-12-07 15:53:25,Completed,,2025-11-03 11:53:25,2025-12-07 15:53:25
REF000170,EHR-REF0000170,NorthStar EHR,PAT001022,COV001022,PRC0016,ORG004,LOC004,SPC002,PRC0047,ORG018,,2025-11-02 03:48:38,2025-11-03 00:48:38,Synthetic evaluation request for Dermatology,Z21.8,Routine,Closed—Completed,,2025-11-09 15:48:38,,2025-11-04 02:48:38,2025-11-06 03:48:38,2025-11-08 02:48:38,2025-11-17 02:48:38,2025-11-26 02:48:38,2025-11-27 05:48:38,Completed,,2025-11-03 00:48:38,2025-11-27 05:48:38
REF000171,EHR-REF0000171,NorthStar EHR,PAT001227,COV001227,PRC0001,ORG001,LOC001,SPC010,PRC0095,ORG016,,2025-10-20 10:06:43,2025-10-20 23:06:43,Synthetic evaluation request for General Surgery,Z50.5,Routine,Closed—Completed,,2025-10-31 12:06:43,,2025-10-23 17:06:43,2025-10-22 03:06:43,2025-10-24 00:06:43,2025-11-26 00:06:43,2025-11-28 00:06:43,2025-11-28 16:06:43,Completed,,2025-10-20 23:06:43,2025-11-28 16:06:43
REF000172,EHR-REF0000172,NorthStar EHR,PAT000861,COV000861,PRC0035,ORG005,LOC005,SPC007,PRC0102,ORG023,,2026-05-17 11:17:20,2026-05-17 22:17:20,Synthetic evaluation request for Otolaryngology,Z71.4,Routine,Closed—Not Completed,,2026-05-24 14:17:20,,2026-05-19 09:17:20,2026-05-21 23:17:20,,,,2026-05-24 14:17:20,Not Completed,Patient Declined,2026-05-17 22:17:20,2026-05-24 14:17:20
REF000173,EHR-REF0000173,NorthStar EHR,PAT000832,COV000832,PRC0003,ORG003,LOC003,SPC009,PRC0104,ORG025,USR007,2026-07-04 21:52:45,2026-07-05 20:52:45,Synthetic evaluation request for Rheumatology,Z78.7,Routine,Received,New Intake,2026-07-05 20:52:45,2026-07-08 20:52:45,,,,,,,,,2026-07-05 20:52:45,2026-07-05 20:52:45
REF000174,EHR-REF0000174,NorthStar EHR,PAT001419,COV001419,PRC0009,ORG003,LOC003,SPC007,PRC0067,ORG013,USR014,2026-04-13 18:55:35,2026-04-14 05:55:35,Synthetic evaluation request for Otolaryngology,Z45.8,Routine,Scheduled,Appointment Verification,2026-04-21 05:55:35,2026-04-24 05:55:35,2026-04-17 18:55:35,2026-04-18 22:55:35,2026-04-20 06:55:35,,,,,,2026-04-14 05:55:35,2026-04-21 05:55:35
REF000175,EHR-REF0000175,NorthStar EHR,PAT000128,COV000128,PRC0011,ORG005,LOC005,SPC007,PRC0077,ORG023,USR009,2025-09-30 18:22:34,2025-10-01 18:22:34,Synthetic evaluation request for Otolaryngology,Z43.4,Routine,Completed—Report Pending,Report Pending,2025-10-08 17:22:34,2025-10-11 17:22:34,2025-10-03 08:22:34,2025-10-03 20:22:34,2025-10-05 12:22:34,2025-10-11 12:22:34,,,,,2025-10-01 18:22:34,2025-10-08 17:22:34
REF000176,EHR-REF0000176,NorthStar EHR,PAT000092,COV000092,PRC0019,ORG001,LOC001,SPC004,PRC0099,ORG020,,2026-04-25 07:18:01,2026-04-25 17:18:01,Synthetic evaluation request for Gastroenterology,Z61.1,Routine,Cancelled,,2026-04-28 15:18:01,,2026-04-28 15:18:01,,,,,2026-04-28 15:18:01,Cancelled,No Longer Clinically Indicated,2026-04-25 17:18:01,2026-04-28 15:18:01
REF000177,EHR-REF0000177,NorthStar EHR,PAT001613,COV001613,PRC0024,ORG006,LOC006,SPC004,PRC0099,ORG020,,2026-06-03 16:15:56,2026-06-04 03:15:56,Synthetic evaluation request for Gastroenterology,Z88.8,Routine,Closed—Completed,,2026-06-11 00:15:56,,2026-06-06 00:15:56,2026-06-07 16:15:56,2026-06-09 10:15:56,2026-07-09 10:15:56,2026-07-12 10:15:56,2026-07-13 11:15:56,Completed,,2026-06-04 03:15:56,2026-07-13 11:15:56
REF000178,EHR-REF0000178,NorthStar EHR,PAT000532,COV000532,PRC0003,ORG003,LOC003,SPC001,PRC0071,ORG017,,2026-02-02 01:48:39,2026-02-02 11:48:39,Synthetic evaluation request for Cardiology,Z82.7,Routine,Closed—Completed,,2026-02-18 04:48:39,,2026-02-05 09:48:39,2026-02-06 05:48:39,2026-02-06 19:48:39,2026-03-06 19:48:39,2026-03-12 19:48:39,2026-03-14 04:48:39,Completed,,2026-02-02 11:48:39,2026-03-14 04:48:39
REF000179,EHR-REF0000179,NorthStar EHR,PAT001362,COV001362,PRC0029,ORG005,LOC005,SPC009,PRC0069,ORG015,,2026-05-08 09:13:37,2026-05-08 12:13:37,Synthetic evaluation request for Rheumatology,Z71.0,Routine,Closed—Completed,,2026-05-18 01:13:37,,2026-05-11 04:13:37,2026-05-11 03:13:37,2026-05-11 12:13:37,2026-05-21 12:13:37,2026-05-27 12:13:37,2026-05-28 14:13:37,Completed,,2026-05-08 12:13:37,2026-05-28 14:13:37
REF000180,EHR-REF0000180,NorthStar EHR,PAT001492,COV001492,PRC0013,ORG001,LOC001,SPC008,PRC0103,ORG024,USR013,2025-08-24 02:15:29,2025-08-24 12:15:29,Synthetic evaluation request for Pulmonology,Z79.8,Routine,Completed—Report Pending,Report Pending,2025-09-03 15:15:29,2025-09-06 15:15:29,2025-08-28 02:15:29,2025-08-29 06:15:29,2025-08-30 16:15:29,2025-09-10 16:15:29,,,,,2025-08-24 12:15:29,2025-09-03 15:15:29
REF000181,EHR-REF0000181,NorthStar EHR,PAT001747,COV001747,PRC0029,ORG005,LOC005,SPC005,PRC0100,ORG021,,2026-01-06 14:05:01,2026-01-06 14:05:01,Synthetic evaluation request for Neurology,Z59.4,Routine,Closed—Completed,,2026-01-14 00:05:01,,2026-01-08 23:05:01,2026-01-08 04:05:01,2026-01-08 17:05:01,2026-02-11 17:05:01,2026-02-12 17:05:01,2026-02-13 07:05:01,Completed,,2026-01-06 14:05:01,2026-02-13 07:05:01
REF000182,EHR-REF0000182,NorthStar EHR,PAT000816,COV000816,PRC0014,ORG002,LOC002,SPC009,PRC0044,ORG015,,2026-06-28 18:28:50,2026-06-29 05:28:50,Synthetic evaluation request for Rheumatology,Z32.2,Routine,Closed—Completed,,2026-07-07 19:28:50,,2026-07-03 00:28:50,2026-07-02 15:28:50,2026-07-03 22:28:50,2026-07-21 22:28:50,2026-07-25 22:28:50,2026-07-26 12:28:50,Completed,,2026-06-29 05:28:50,2026-07-26 12:28:50
REF000183,EHR-REF0000183,NorthStar EHR,PAT000108,COV000108,PRC0006,ORG006,LOC006,SPC005,PRC0100,ORG021,,2026-03-10 13:05:23,2026-03-10 18:05:23,Synthetic evaluation request for Neurology,Z77.2,Routine,Closed—Completed,,2026-03-19 16:05:23,,2026-03-13 16:05:23,2026-03-13 19:05:23,2026-03-14 18:05:23,2026-04-14 18:05:23,2026-04-20 18:05:23,2026-04-21 18:05:23,Completed,,2026-03-10 18:05:23,2026-04-21 18:05:23
REF000184,EHR-REF0000184,NorthStar EHR,PAT000450,COV000450,PRC0004,ORG004,LOC004,SPC009,PRC0094,ORG015,,2026-04-03 07:37:07,2026-04-04 06:37:07,Synthetic evaluation request for Rheumatology,Z87.0,Urgent,Closed—Completed,,2026-04-14 17:37:07,,2026-04-04 22:37:07,2026-04-06 12:37:07,2026-04-07 02:37:07,2026-04-19 02:37:07,2026-04-24 02:37:07,2026-04-24 16:37:07,Completed,,2026-04-04 06:37:07,2026-04-24 16:37:07
REF000185,EHR-REF0000185,NorthStar EHR,PAT000305,COV000305,PRC0030,ORG006,LOC006,SPC009,PRC0094,ORG015,,2026-06-23 09:15:22,2026-06-23 13:15:22,Synthetic evaluation request for Rheumatology,Z24.2,Routine,Closed—Not Completed,,2026-06-30 05:15:22,,2026-06-25 00:15:22,2026-06-27 00:15:22,,,,2026-06-30 05:15:22,Not Completed,No Longer Clinically Indicated,2026-06-23 13:15:22,2026-06-30 05:15:22
REF000186,EHR-REF0000186,NorthStar EHR,PAT001398,COV001398,PRC0030,ORG006,LOC006,SPC006,PRC0091,ORG012,,2026-06-15 10:46:37,2026-06-15 11:46:37,Synthetic evaluation request for Orthopedics,Z31.6,Urgent,Closed—Completed,,2026-06-25 15:46:37,,2026-06-17 12:46:37,2026-06-17 10:46:37,2026-06-19 08:46:37,2026-06-28 08:46:37,2026-07-08 08:46:37,2026-07-09 08:46:37,Completed,,2026-06-15 11:46:37,2026-07-09 08:46:37
REF000187,EHR-REF0000187,NorthStar EHR,PAT000957,COV000957,PRC0015,ORG003,LOC003,SPC003,PRC0098,ORG019,,2026-05-23 05:20:50,2026-05-23 12:20:50,Synthetic evaluation request for Endocrinology,Z60.6,Routine,Closed—Not Completed,,2026-06-02 03:20:50,,2026-05-26 21:20:50,2026-05-27 21:20:50,,,,2026-06-02 03:20:50,Not Completed,Patient Moved,2026-05-23 12:20:50,2026-06-02 03:20:50
REF000188,EHR-REF0000188,NorthStar EHR,PAT001730,COV001730,PRC0006,ORG006,LOC006,SPC001,PRC0096,ORG017,,2025-11-08 09:05:13,2025-11-08 11:05:13,Synthetic evaluation request for Cardiology,Z11.8,Routine,Closed—Completed,,2025-11-24 17:05:13,,2025-11-11 01:05:13,2025-11-11 04:05:13,2025-11-12 09:05:13,2025-12-06 09:05:13,2025-12-14 09:05:13,2025-12-15 23:05:13,Completed,,2025-11-08 11:05:13,2025-12-15 23:05:13
REF000189,EHR-REF0000189,NorthStar EHR,PAT001408,COV001408,PRC0031,ORG001,LOC001,SPC001,PRC0036,ORG007,,2026-04-13 03:48:08,2026-04-13 03:48:08,Synthetic evaluation request for Cardiology,Z70.6,Routine,Closed—Completed,,2026-04-19 20:48:08,,2026-04-14 10:48:08,2026-04-14 13:48:08,2026-04-15 16:48:08,2026-04-30 16:48:08,2026-05-01 16:48:08,2026-05-02 22:48:08,Completed,,2026-04-13 03:48:08,2026-05-02 22:48:08
REF000190,EHR-REF0000190,NorthStar EHR,PAT001197,COV001197,PRC0014,ORG002,LOC002,SPC001,PRC0036,ORG007,,2025-08-31 22:49:09,2025-09-01 04:49:09,Synthetic evaluation request for Cardiology,Z60.2,Routine,Cancelled,,2025-09-04 23:49:09,,2025-09-04 23:49:09,,,,,2025-09-04 23:49:09,Cancelled,No Longer Clinically Indicated,2025-09-01 04:49:09,2025-09-04 23:49:09
REF000191,EHR-REF0000191,NorthStar EHR,PAT000429,COV000429,PRC0023,ORG005,LOC005,SPC002,PRC0057,ORG028,USR014,2025-11-19 10:46:33,2025-11-19 20:46:33,Synthetic evaluation request for Dermatology,Z10.4,Routine,Scheduled,Appointment Verification,2025-11-26 03:46:33,2025-11-29 03:46:33,2025-11-21 01:46:33,2025-11-22 22:46:33,2025-11-24 05:46:33,,,,,,2025-11-19 20:46:33,2025-11-26 03:46:33
REF000192,EHR-REF0000192,NorthStar EHR,PAT000871,COV000871,PRC0003,ORG003,LOC003,SPC010,PRC0095,ORG016,USR014,2025-11-26 16:14:12,2025-11-27 02:14:12,Synthetic evaluation request for General Surgery,Z88.9,Routine,Scheduled,Appointment Verification,2025-12-02 03:14:12,2025-12-05 03:14:12,2025-11-28 12:14:12,2025-11-27 20:14:12,2025-11-28 11:14:12,,,,,,2025-11-27 02:14:12,2025-12-02 03:14:12
REF000193,EHR-REF0000193,NorthStar EHR,PAT001571,COV001571,PRC0024,ORG006,LOC006,SPC004,PRC0049,ORG020,USR010,2026-07-05 08:48:51,2026-07-06 08:48:51,Synthetic evaluation request for Gastroenterology,Z55.5,Routine,Ready for Outreach,Ready for Outreach,2026-07-09 18:48:51,2026-07-12 18:48:51,2026-07-09 18:48:51,,,,,,,,2026-07-06 08:48:51,2026-07-09 18:48:51
REF000194,EHR-REF0000194,NorthStar EHR,PAT001122,COV001122,PRC0025,ORG001,LOC001,SPC003,PRC0058,ORG029,,2026-05-11 23:08:17,2026-05-11 23:08:17,Synthetic evaluation request for Endocrinology,Z53.0,Routine,Closed—Completed,,2026-05-19 20:08:17,,2026-05-13 12:08:17,2026-05-12 17:08:17,2026-05-12 20:08:17,2026-05-30 20:08:17,2026-06-09 20:08:17,2026-06-11 03:08:17,Completed,,2026-05-11 23:08:17,2026-06-11 03:08:17
REF000195,EHR-REF0000195,NorthStar EHR,PAT000125,COV000125,PRC0030,ORG006,LOC006,SPC010,PRC0045,ORG016,USR001,2025-10-09 04:32:52,2025-10-09 06:32:52,Synthetic evaluation request for General Surgery,Z81.5,Routine,Outreach in Progress,Outreach Follow-Up,2025-10-11 07:32:52,2025-10-14 07:32:52,2025-10-10 04:32:52,2025-10-11 13:32:52,,,,,,,2025-10-09 06:32:52,2025-10-11 07:32:52
REF000196,EHR-REF0000196,NorthStar EHR,PAT001408,COV001408,PRC0007,ORG001,LOC001,SPC007,PRC0052,ORG023,,2026-03-27 03:41:14,2026-03-27 04:41:14,Synthetic evaluation request for Otolaryngology,Z23.9,Routine,Closed—Completed,,2026-04-07 07:41:14,,2026-03-30 08:41:14,2026-03-31 11:41:14,2026-03-31 13:41:14,2026-04-20 13:41:14,2026-04-25 13:41:14,2026-04-26 22:41:14,Completed,,2026-03-27 04:41:14,2026-04-26 22:41:14
REF000197,EHR-REF0000197,NorthStar EHR,PAT000916,COV000916,PRC0013,ORG001,LOC001,SPC010,PRC0045,ORG016,,2026-02-04 22:12:05,2026-02-05 01:12:05,Synthetic evaluation request for General Surgery,Z61.8,Routine,Cancelled,,2026-02-06 05:12:05,,2026-02-06 05:12:05,,,,,2026-02-06 05:12:05,Cancelled,Duplicate Referral,2026-02-05 01:12:05,2026-02-06 05:12:05
REF000198,EHR-REF0000198,NorthStar EHR,PAT000416,COV000416,PRC0022,ORG004,LOC004,SPC008,PRC0053,ORG024,,2025-08-12 17:33:53,2025-08-13 16:33:53,Synthetic evaluation request for Pulmonology,Z85.5,Routine,Closed—Completed,,2025-08-19 23:33:53,,2025-08-15 16:33:53,2025-08-14 08:33:53,2025-08-14 14:33:53,2025-09-17 14:33:53,2025-09-21 14:33:53,2025-09-22 06:33:53,Completed,,2025-08-13 16:33:53,2025-09-22 06:33:53
REF000199,EHR-REF0000199,NorthStar EHR,PAT001756,COV001756,PRC0006,ORG006,LOC006,SPC002,PRC0082,ORG028,,2026-06-14 17:10:40,2026-06-15 16:10:40,Synthetic evaluation request for Dermatology,Z10.4,Routine,Closed—Completed,,2026-06-25 07:10:40,,2026-06-17 09:10:40,2026-06-16 07:10:40,2026-06-16 11:10:40,2026-07-06 11:10:40,2026-07-09 11:10:40,2026-07-10 06:10:40,Completed,,2026-06-15 16:10:40,2026-07-10 06:10:40
REF000200,EHR-REF0000200,NorthStar EHR,PAT000576,COV000576,PRC0030,ORG006,LOC006,SPC010,PRC0105,ORG026,,2025-11-26 09:58:20,2025-11-26 15:58:20,Synthetic evaluation request for General Surgery,Z71.0,Routine,Cancelled,,2025-11-28 19:58:20,,2025-11-28 19:58:20,,,,,2025-11-28 19:58:20,Cancelled,No Longer Clinically Indicated,2025-11-26 15:58:20,2025-11-28 19:58:20
REF000201,EHR-REF0000201,NorthStar EHR,PAT001418,COV001418,PRC0023,ORG005,LOC005,SPC010,PRC0070,ORG016,USR005,2026-01-02 20:57:24,2026-01-02 20:57:24,Synthetic evaluation request for General Surgery,Z88.2,Routine,Outreach in Progress,Outreach Follow-Up,2026-01-08 04:57:24,2026-01-11 04:57:24,2026-01-06 11:57:24,2026-01-03 07:57:24,,,,,,,2026-01-02 20:57:24,2026-01-08 04:57:24
REF000202,EHR-REF0000202,NorthStar EHR,PAT001598,COV001598,PRC0010,ORG004,LOC004,SPC005,PRC0065,ORG011,USR011,2026-03-20 03:36:53,2026-03-20 03:36:53,Synthetic evaluation request for Neurology,Z24.5,Urgent,Completed—Report Pending,Report Pending,2026-03-29 07:36:53,2026-03-30 07:36:53,2026-03-23 08:36:53,2026-03-21 08:36:53,2026-03-23 04:36:53,2026-04-21 04:36:53,,,,,2026-03-20 03:36:53,2026-03-29 07:36:53
REF000203,EHR-REF0000203,NorthStar EHR,PAT001725,COV001725,PRC0026,ORG002,LOC002,SPC004,PRC0109,ORG030,,2025-12-20 14:52:56,2025-12-21 14:52:56,Synthetic evaluation request for Gastroenterology,Z26.8,Routine,Closed—Completed,,2026-01-04 07:52:56,,2025-12-24 00:52:56,2025-12-25 07:52:56,2025-12-26 00:52:56,2026-01-07 00:52:56,2026-01-17 00:52:56,2026-01-18 04:52:56,Completed,,2025-12-21 14:52:56,2026-01-18 04:52:56
REF000204,EHR-REF0000204,NorthStar EHR,PAT000678,COV000678,PRC0001,ORG001,LOC001,SPC007,PRC0092,ORG013,USR004,2026-04-19 11:33:48,2026-04-19 20:33:48,Synthetic evaluation request for Otolaryngology,Z13.8,Routine,Completed—Report Pending,Report Pending,2026-04-26 07:33:48,2026-04-29 07:33:48,2026-04-20 02:33:48,2026-04-23 13:33:48,2026-04-23 19:33:48,2026-05-13 19:33:48,,,,,2026-04-19 20:33:48,2026-04-26 07:33:48
REF000205,EHR-REF0000205,NorthStar EHR,PAT000206,COV000206,PRC0013,ORG001,LOC001,SPC001,PRC0056,ORG027,,2025-11-22 21:17:08,2025-11-23 21:17:08,Synthetic evaluation request for Cardiology,Z21.0,Routine,Closed—Completed,,2025-12-04 17:17:08,,2025-11-25 16:17:08,2025-11-28 14:17:08,2025-11-29 10:17:08,2025-12-24 10:17:08,2025-12-27 10:17:08,2025-12-28 07:17:08,Completed,,2025-11-23 21:17:08,2025-12-28 07:17:08
REF000206,EHR-REF0000206,NorthStar EHR,PAT001521,COV001521,PRC0022,ORG004,LOC004,SPC001,PRC0106,ORG027,USR008,2025-11-11 05:03:52,2025-11-12 05:03:52,Synthetic evaluation request for Cardiology,Z32.8,Routine,Completed—Report Pending,Report Pending,2025-11-24 20:03:52,2025-11-27 20:03:52,2025-11-15 18:03:52,2025-11-13 17:03:52,2025-11-15 06:03:52,2025-12-13 06:03:52,,,,,2025-11-12 05:03:52,2025-11-24 20:03:52
REF000207,EHR-REF0000207,NorthStar EHR,PAT000646,COV000646,PRC0008,ORG002,LOC002,SPC002,PRC0082,ORG028,,2025-12-18 03:03:04,2025-12-18 05:03:04,Synthetic evaluation request for Dermatology,Z79.8,Routine,Closed—Not Completed,,2025-12-26 19:03:04,,2025-12-21 21:03:04,2025-12-22 01:03:04,,,,2025-12-26 19:03:04,Not Completed,Insurance or Access Barrier,2025-12-18 05:03:04,2025-12-26 19:03:04
REF000208,EHR-REF0000208,NorthStar EHR,PAT000185,COV000185,PRC0023,ORG005,LOC005,SPC005,PRC0100,ORG021,,2026-04-06 04:43:51,2026-04-06 11:43:51,Synthetic evaluation request for Neurology,Z87.4,Routine,Closed—Completed,,2026-04-15 19:43:51,,2026-04-09 10:43:51,2026-04-09 08:43:51,2026-04-09 20:43:51,2026-04-13 20:43:51,2026-04-21 20:43:51,2026-04-22 10:43:51,Completed,,2026-04-06 11:43:51,2026-04-22 10:43:51
REF000209,EHR-REF0000209,NorthStar EHR,PAT000412,COV000412,PRC0012,ORG006,LOC006,SPC007,PRC0067,ORG013,,2025-11-07 11:04:19,2025-11-07 20:04:19,Synthetic evaluation request for Otolaryngology,Z19.3,Routine,Closed—Completed,,2025-11-21 23:04:19,,2025-11-10 10:04:19,2025-11-09 14:04:19,2025-11-10 15:04:19,2025-11-17 15:04:19,2025-11-23 15:04:19,2025-11-25 02:04:19,Completed,,2025-11-07 20:04:19,2025-11-25 02:04:19
REF000210,EHR-REF0000210,NorthStar EHR,PAT000476,COV000476,PRC0035,ORG005,LOC005,SPC006,PRC0076,ORG022,,2025-08-06 22:41:32,2025-08-07 10:41:32,Synthetic evaluation request for Orthopedics,Z41.2,Routine,Closed—Completed,,2025-08-17 14:41:32,,2025-08-08 06:41:32,2025-08-07 22:41:32,2025-08-08 22:41:32,2025-08-21 22:41:32,2025-08-29 22:41:32,2025-08-30 16:41:32,Completed,,2025-08-07 10:41:32,2025-08-30 16:41:32
REF000211,EHR-REF0000211,NorthStar EHR,PAT000215,COV000215,PRC0013,ORG001,LOC001,SPC009,PRC0079,ORG025,,2026-03-04 04:38:47,2026-03-04 11:38:47,Synthetic evaluation request for Rheumatology,Z30.9,Routine,Closed—Completed,,2026-03-14 22:38:47,,2026-03-07 07:38:47,2026-03-06 16:38:47,2026-03-08 15:38:47,2026-03-28 15:38:47,2026-03-29 15:38:47,2026-03-30 13:38:47,Completed,,2026-03-04 11:38:47,2026-03-30 13:38:47
REF000212,EHR-REF0000212,NorthStar EHR,PAT001319,COV001319,PRC0004,ORG004,LOC004,SPC010,PRC0070,ORG016,USR012,2025-09-10 01:29:00,2025-09-10 08:29:00,Synthetic evaluation request for General Surgery,Z26.9,Urgent,Ready for Outreach,Ready for Outreach,2025-09-12 19:29:00,2025-09-13 19:29:00,2025-09-12 19:29:00,,,,,,,,2025-09-10 08:29:00,2025-09-12 19:29:00
REF000213,EHR-REF0000213,NorthStar EHR,PAT001108,COV001108,PRC0014,ORG002,LOC002,SPC005,PRC0075,ORG021,,2026-05-02 18:00:12,2026-05-03 14:00:12,Synthetic evaluation request for Neurology,Z51.5,Routine,Closed—Completed,,2026-05-12 06:00:12,,2026-05-04 04:00:12,2026-05-06 02:00:12,2026-05-07 11:00:12,2026-05-23 11:00:12,2026-05-30 11:00:12,2026-05-31 07:00:12,Completed,,2026-05-03 14:00:12,2026-05-31 07:00:12
REF000214,EHR-REF0000214,NorthStar EHR,PAT000227,COV000227,PRC0006,ORG006,LOC006,SPC006,PRC0076,ORG022,,2026-01-29 16:00:40,2026-01-30 08:00:40,Synthetic evaluation request for Orthopedics,Z65.9,Routine,Closed—Completed,,2026-02-07 20:00:40,,2026-02-02 11:00:40,2026-02-03 23:00:40,2026-02-05 09:00:40,2026-02-14 09:00:40,2026-02-19 09:00:40,2026-02-20 04:00:40,Completed,,2026-01-30 08:00:40,2026-02-20 04:00:40
REF000215,EHR-REF0000215,NorthStar EHR,PAT001420,COV001420,PRC0034,ORG004,LOC004,SPC001,PRC0106,ORG027,,2026-01-27 12:32:25,2026-01-27 17:32:25,Synthetic evaluation request for Cardiology,Z54.2,Routine,Cancelled,,2026-01-28 13:32:25,,2026-01-28 13:32:25,,,,,2026-01-28 13:32:25,Cancelled,No Longer Clinically Indicated,2026-01-27 17:32:25,2026-01-28 13:32:25
REF000216,EHR-REF0000216,NorthStar EHR,PAT000212,COV000212,PRC0003,ORG003,LOC003,SPC010,PRC0080,ORG026,,2026-04-23 02:21:36,2026-04-23 18:21:36,Synthetic evaluation request for General Surgery,Z54.1,Urgent,Closed—Completed,,2026-05-03 13:21:36,,2026-04-26 03:21:36,2026-04-26 01:21:36,2026-04-26 03:21:36,2026-05-04 03:21:36,2026-05-12 03:21:36,2026-05-12 15:21:36,Completed,,2026-04-23 18:21:36,2026-05-12 15:21:36
REF000217,EHR-REF0000217,NorthStar EHR,PAT000753,COV000753,PRC0007,ORG001,LOC001,SPC001,PRC0106,ORG027,,2025-11-07 13:34:50,2025-11-07 15:34:50,Synthetic evaluation request for Cardiology,Z84.2,Routine,Closed—Completed,,2025-11-16 08:34:50,,2025-11-09 04:34:50,2025-11-08 00:34:50,2025-11-09 18:34:50,2025-11-28 18:34:50,2025-12-04 18:34:50,2025-12-05 15:34:50,Completed,,2025-11-07 15:34:50,2025-12-05 15:34:50
REF000218,EHR-REF0000218,NorthStar EHR,PAT001979,COV001979,PRC0029,ORG005,LOC005,SPC007,PRC0067,ORG013,,2025-10-03 23:40:33,2025-10-04 04:40:33,Synthetic evaluation request for Otolaryngology,Z51.6,Routine,Closed—Completed,,2025-10-14 22:40:33,,2025-10-06 10:40:33,2025-10-05 17:40:33,2025-10-06 22:40:33,2025-10-24 22:40:33,2025-10-31 22:40:33,2025-11-01 22:40:33,Completed,,2025-10-04 04:40:33,2025-11-01 22:40:33
REF000219,EHR-REF0000219,NorthStar EHR,PAT001091,COV001091,PRC0003,ORG003,LOC003,SPC008,PRC0043,ORG014,USR014,2026-06-26 12:18:06,2026-06-27 06:18:06,Synthetic evaluation request for Pulmonology,Z13.6,Routine,Completed—Report Pending,Report Pending,2026-07-05 12:18:06,2026-07-08 12:18:06,2026-07-01 04:18:06,2026-06-30 08:18:06,2026-06-30 20:18:06,2026-07-28 20:18:06,,,,,2026-06-27 06:18:06,2026-07-05 12:18:06
REF000220,EHR-REF0000220,NorthStar EHR,PAT000288,COV000288,PRC0025,ORG001,LOC001,SPC009,PRC0104,ORG025,USR004,2026-02-22 13:38:04,2026-02-22 23:38:04,Synthetic evaluation request for Rheumatology,Z64.8,Routine,Needs Information,Needs Information,2026-02-25 16:38:04,2026-02-28 16:38:04,,,,,,,,,2026-02-22 23:38:04,2026-02-25 16:38:04
REF000221,EHR-REF0000221,NorthStar EHR,PAT001627,COV001627,PRC0014,ORG002,LOC002,SPC007,PRC0067,ORG013,,2026-04-20 03:44:55,2026-04-20 13:44:55,Synthetic evaluation request for Otolaryngology,Z53.2,Routine,Closed—Completed,,2026-04-26 13:44:55,,2026-04-21 22:44:55,2026-04-21 08:44:55,2026-04-22 20:44:55,2026-05-24 20:44:55,2026-06-01 20:44:55,2026-06-03 00:44:55,Completed,,2026-04-20 13:44:55,2026-06-03 00:44:55
REF000222,EHR-REF0000222,NorthStar EHR,PAT000940,COV000940,PRC0011,ORG005,LOC005,SPC006,PRC0051,ORG022,USR003,2025-09-21 08:26:03,2025-09-22 01:26:03,Synthetic evaluation request for Orthopedics,Z34.1,Routine,Scheduled,Appointment Verification,2025-09-28 18:26:03,2025-10-01 18:26:03,2025-09-24 11:26:03,2025-09-26 05:26:03,2025-09-27 14:26:03,,,,,,2025-09-22 01:26:03,2025-09-28 18:26:03
REF000223,EHR-REF0000223,NorthStar EHR,PAT000909,COV000909,PRC0013,ORG001,LOC001,SPC008,PRC0078,ORG024,USR004,2026-05-26 19:45:24,2026-05-27 05:45:24,Synthetic evaluation request for Pulmonology,Z55.0,Routine,Completed—Report Pending,Report Pending,2026-06-03 02:45:24,2026-06-06 02:45:24,2026-05-29 22:45:24,2026-05-31 11:45:24,2026-06-02 03:45:24,2026-06-28 03:45:24,,,,,2026-05-27 05:45:24,2026-06-03 02:45:24
REF000224,EHR-REF0000224,NorthStar EHR,PAT000066,COV000066,PRC0001,ORG001,LOC001,SPC007,PRC0077,ORG023,USR011,2026-06-29 14:27:58,2026-06-29 19:27:58,Synthetic evaluation request for Otolaryngology,Z78.3,Routine,Ready for Outreach,Ready for Outreach,2026-07-03 06:27:58,2026-07-06 06:27:58,2026-07-03 06:27:58,,,,,,,,2026-06-29 19:27:58,2026-07-03 06:27:58
REF000225,EHR-REF0000225,NorthStar EHR,PAT000759,COV000759,PRC0019,ORG001,LOC001,SPC006,PRC0041,ORG012,USR002,2026-01-20 02:35:05,2026-01-20 18:35:05,Synthetic evaluation request for Orthopedics,Z59.4,Routine,Outreach in Progress,Outreach Follow-Up,2026-01-26 11:35:05,2026-01-29 11:35:05,2026-01-23 13:35:05,2026-01-22 19:35:05,,,,,,,2026-01-20 18:35:05,2026-01-26 11:35:05
REF000226,EHR-REF0000226,NorthStar EHR,PAT000795,COV000795,PRC0028,ORG004,LOC004,SPC004,PRC0049,ORG020,,2026-01-21 12:02:14,2026-01-22 00:02:14,Synthetic evaluation request for Gastroenterology,Z45.3,Routine,Closed—Completed,,2026-02-04 09:02:14,,2026-01-24 23:02:14,2026-01-23 11:02:14,2026-01-24 21:02:14,2026-01-29 21:02:14,2026-02-07 21:02:14,2026-02-08 17:02:14,Completed,,2026-01-22 00:02:14,2026-02-08 17:02:14
REF000227,EHR-REF0000227,NorthStar EHR,PAT000188,COV000188,PRC0015,ORG003,LOC003,SPC001,PRC0081,ORG027,,2026-07-11 01:38:57,2026-07-11 18:38:57,Synthetic evaluation request for Cardiology,Z61.1,Routine,Closed—Completed,,2026-07-19 23:38:57,,2026-07-14 02:38:57,2026-07-15 14:38:57,2026-07-17 08:38:57,2026-07-26 08:38:57,2026-07-28 08:38:57,2026-07-29 04:38:57,Completed,,2026-07-11 18:38:57,2026-07-29 04:38:57
REF000228,EHR-REF0000228,NorthStar EHR,PAT000370,COV000370,PRC0001,ORG001,LOC001,SPC001,PRC0106,ORG027,,2026-07-04 02:39:13,2026-07-04 17:39:13,Synthetic evaluation request for Cardiology,Z46.0,Routine,Closed—Completed,,2026-07-10 08:39:13,,2026-07-06 06:39:13,2026-07-08 17:39:13,2026-07-09 17:39:13,2026-07-31 17:39:13,2026-08-06 17:39:13,2026-08-07 07:39:13,Completed,,2026-07-04 17:39:13,2026-08-07 07:39:13
REF000229,EHR-REF0000229,NorthStar EHR,PAT000365,COV000365,PRC0007,ORG001,LOC001,SPC008,PRC0053,ORG024,USR014,2025-08-24 18:22:41,2025-08-24 23:22:41,Synthetic evaluation request for Pulmonology,Z65.0,Routine,Scheduled,Appointment Verification,2025-08-30 20:22:41,2025-09-02 20:22:41,2025-08-26 11:22:41,2025-08-28 16:22:41,2025-08-29 15:22:41,,,,,,2025-08-24 23:22:41,2025-08-30 20:22:41
REF000230,EHR-REF0000230,NorthStar EHR,PAT001283,COV001283,PRC0032,ORG002,LOC002,SPC008,PRC0078,ORG024,USR014,2026-06-15 12:04:59,2026-06-16 11:04:59,Synthetic evaluation request for Pulmonology,Z50.9,Routine,Ready for Outreach,Ready for Outreach,2026-06-20 02:04:59,2026-06-23 02:04:59,2026-06-20 02:04:59,,,,,,,,2026-06-16 11:04:59,2026-06-20 02:04:59
REF000231,EHR-REF0000231,NorthStar EHR,PAT001297,COV001297,PRC0029,ORG005,LOC005,SPC004,PRC0059,ORG030,,2025-09-13 14:55:14,2025-09-14 03:55:14,Synthetic evaluation request for Gastroenterology,Z56.4,Routine,Closed—Completed,,2025-09-21 11:55:14,,2025-09-15 05:55:14,2025-09-15 16:55:14,2025-09-15 19:55:14,2025-10-07 19:55:14,2025-10-10 19:55:14,2025-10-12 10:55:14,Completed,,2025-09-14 03:55:14,2025-10-12 10:55:14
REF000232,EHR-REF0000232,NorthStar EHR,PAT001993,COV001993,PRC0015,ORG003,LOC003,SPC005,PRC0065,ORG011,USR005,2025-09-30 12:20:05,2025-10-01 10:20:05,Synthetic evaluation request for Neurology,Z62.8,Urgent,Outreach in Progress,Outreach Follow-Up,2025-10-02 22:20:05,2025-10-03 22:20:05,2025-10-02 18:20:05,2025-10-06 09:20:05,,,,,,,2025-10-01 10:20:05,2025-10-02 22:20:05
REF000233,EHR-REF0000233,NorthStar EHR,PAT001061,COV001061,PRC0011,ORG005,LOC005,SPC010,PRC0045,ORG016,USR005,2026-05-30 03:46:08,2026-05-30 16:46:08,Synthetic evaluation request for General Surgery,Z43.9,Routine,Ready for Outreach,Ready for Outreach,2026-06-02 05:46:08,2026-06-05 05:46:08,2026-06-02 05:46:08,,,,,,,,2026-05-30 16:46:08,2026-06-02 05:46:08
REF000234,EHR-REF0000234,NorthStar EHR,PAT000052,COV000052,PRC0023,ORG005,LOC005,SPC006,PRC0041,ORG012,USR001,2026-04-22 18:15:44,2026-04-23 07:15:44,Synthetic evaluation request for Orthopedics,Z28.1,Routine,Scheduled,Appointment Verification,2026-04-30 10:15:44,2026-05-03 10:15:44,2026-04-26 13:15:44,2026-04-24 07:15:44,2026-04-25 19:15:44,,,,,,2026-04-23 07:15:44,2026-04-30 10:15:44
REF000235,EHR-REF0000235,NorthStar EHR,PAT000722,COV000722,PRC0008,ORG002,LOC002,SPC008,PRC0093,ORG014,,2026-06-18 20:16:00,2026-06-19 20:16:00,Synthetic evaluation request for Pulmonology,Z13.2,Routine,Closed—Completed,,2026-06-28 02:16:00,,2026-06-22 00:16:00,2026-06-24 18:16:00,2026-06-25 02:16:00,2026-07-30 02:16:00,2026-08-01 02:16:00,2026-08-02 00:16:00,Completed,,2026-06-19 20:16:00,2026-08-02 00:16:00
REF000236,EHR-REF0000236,NorthStar EHR,PAT001010,COV001010,PRC0002,ORG002,LOC002,SPC002,PRC0082,ORG028,USR008,2025-11-07 07:30:06,2025-11-08 03:30:06,Synthetic evaluation request for Dermatology,Z67.0,Routine,Completed—Report Pending,Report Pending,2025-11-16 01:30:06,2025-11-19 01:30:06,2025-11-08 20:30:06,2025-11-11 11:30:06,2025-11-11 14:30:06,2025-12-07 14:30:06,,,,,2025-11-08 03:30:06,2025-11-16 01:30:06
REF000237,EHR-REF0000237,NorthStar EHR,PAT000447,COV000447,PRC0007,ORG001,LOC001,SPC001,PRC0086,ORG007,,2025-12-19 16:43:40,2025-12-20 10:43:40,Synthetic evaluation request for Cardiology,Z41.0,Routine,Closed—Completed,,2025-12-27 10:43:40,,2025-12-23 03:43:40,2025-12-22 05:43:40,2025-12-22 18:43:40,2026-01-02 18:43:40,2026-01-08 18:43:40,2026-01-09 12:43:40,Completed,,2025-12-20 10:43:40,2026-01-09 12:43:40
REF000238,EHR-REF0000238,NorthStar EHR,PAT001094,COV001094,PRC0022,ORG004,LOC004,SPC010,PRC0070,ORG016,,2026-02-24 07:36:38,2026-02-24 08:36:38,Synthetic evaluation request for General Surgery,Z50.5,Urgent,Cancelled,,2026-02-28 00:36:38,,2026-02-28 00:36:38,,,,,2026-02-28 00:36:38,Cancelled,No Longer Clinically Indicated,2026-02-24 08:36:38,2026-02-28 00:36:38
REF000239,EHR-REF0000239,NorthStar EHR,PAT001233,COV001233,PRC0018,ORG006,LOC006,SPC009,PRC0044,ORG015,USR014,2026-01-07 23:11:00,2026-01-08 17:11:00,Synthetic evaluation request for Rheumatology,Z47.3,Routine,Scheduled,Appointment Verification,2026-01-15 17:11:00,2026-01-18 17:11:00,2026-01-11 17:11:00,2026-01-12 16:11:00,2026-01-13 14:11:00,,,,,,2026-01-08 17:11:00,2026-01-15 17:11:00
REF000240,EHR-REF0000240,NorthStar EHR,PAT000292,COV000292,PRC0003,ORG003,LOC003,SPC007,PRC0042,ORG013,,2026-07-06 10:06:21,2026-07-06 23:06:21,Synthetic evaluation request for Otolaryngology,Z51.7,Urgent,Closed—Completed,,2026-07-20 06:06:21,,2026-07-09 16:06:21,2026-07-10 14:06:21,2026-07-11 14:06:21,2026-07-21 14:06:21,2026-07-23 14:06:21,2026-07-24 21:06:21,Completed,,2026-07-06 23:06:21,2026-07-24 21:06:21
REF000241,EHR-REF0000241,NorthStar EHR,PAT001238,COV001238,PRC0002,ORG002,LOC002,SPC010,PRC0080,ORG026,USR001,2026-03-20 05:56:19,2026-03-20 17:56:19,Synthetic evaluation request for General Surgery,Z31.2,Urgent,Outreach in Progress,Outreach Follow-Up,2026-03-28 12:56:19,2026-03-29 12:56:19,2026-03-24 13:56:19,2026-03-22 17:56:19,,,,,,,2026-03-20 17:56:19,2026-03-28 12:56:19
REF000242,EHR-REF0000242,NorthStar EHR,PAT001960,COV001960,PRC0029,ORG005,LOC005,SPC003,PRC0058,ORG029,USR008,2025-10-02 16:43:31,2025-10-03 08:43:31,Synthetic evaluation request for Endocrinology,Z33.5,Routine,Scheduled,Appointment Verification,2025-10-10 04:43:31,2025-10-13 04:43:31,2025-10-06 00:43:31,2025-10-05 22:43:31,2025-10-06 09:43:31,,,,,,2025-10-03 08:43:31,2025-10-10 04:43:31
REF000243,EHR-REF0000243,NorthStar EHR,PAT001322,COV001322,PRC0015,ORG003,LOC003,SPC004,PRC0039,ORG010,USR013,2026-02-17 18:21:37,2026-02-18 04:21:37,Synthetic evaluation request for Gastroenterology,Z83.3,Routine,Scheduled,Appointment Verification,2026-02-24 13:21:37,2026-02-27 13:21:37,2026-02-18 10:21:37,2026-02-18 15:21:37,2026-02-19 19:21:37,,,,,,2026-02-18 04:21:37,2026-02-24 13:21:37
REF000244,EHR-REF0000244,NorthStar EHR,PAT000382,COV000382,PRC0034,ORG004,LOC004,SPC009,PRC0044,ORG015,,2026-04-11 09:49:13,2026-04-11 20:49:13,Synthetic evaluation request for Rheumatology,Z89.3,Urgent,Closed—Completed,,2026-04-22 00:49:13,,2026-04-12 18:49:13,2026-04-13 17:49:13,2026-04-14 22:49:13,2026-05-17 22:49:13,2026-05-25 22:49:13,2026-05-27 03:49:13,Completed,,2026-04-11 20:49:13,2026-05-27 03:49:13
REF000245,EHR-REF0000245,NorthStar EHR,PAT001793,COV001793,PRC0001,ORG001,LOC001,SPC004,PRC0084,ORG030,,2026-06-23 11:05:09,2026-06-24 02:05:09,Synthetic evaluation request for Gastroenterology,Z50.5,Routine,Closed—Completed,,2026-06-29 07:05:09,,2026-06-25 12:05:09,2026-06-24 12:05:09,2026-06-25 06:05:09,2026-07-02 06:05:09,2026-07-11 06:05:09,2026-07-12 00:05:09,Completed,,2026-06-24 02:05:09,2026-07-12 00:05:09
REF000246,EHR-REF0000246,NorthStar EHR,PAT001956,COV001956,PRC0020,ORG002,LOC002,SPC008,PRC0068,ORG014,USR009,2025-08-13 03:41:33,2025-08-13 10:41:33,Synthetic evaluation request for Pulmonology,Z78.6,Routine,Scheduled,Appointment Verification,2025-08-22 01:41:33,2025-08-25 01:41:33,2025-08-16 09:41:33,2025-08-16 16:41:33,2025-08-18 12:41:33,,,,,,2025-08-13 10:41:33,2025-08-22 01:41:33
REF000247,EHR-REF0000247,NorthStar EHR,PAT000167,COV000167,PRC0023,ORG005,LOC005,SPC005,PRC0090,ORG011,,2025-12-02 23:35:21,2025-12-03 15:35:21,Synthetic evaluation request for Neurology,Z19.6,Urgent,Closed—Completed,,2025-12-10 22:35:21,,2025-12-05 19:35:21,2025-12-04 11:35:21,2025-12-05 20:35:21,2025-12-29 20:35:21,2026-01-04 20:35:21,2026-01-05 11:35:21,Completed,,2025-12-03 15:35:21,2026-01-05 11:35:21
REF000248,EHR-REF0000248,NorthStar EHR,PAT000203,COV000203,PRC0010,ORG004,LOC004,SPC009,PRC0094,ORG015,USR010,2026-06-13 21:19:33,2026-06-13 23:19:33,Synthetic evaluation request for Rheumatology,Z88.2,Routine,Scheduled,Appointment Verification,2026-06-21 10:19:33,2026-06-24 10:19:33,2026-06-17 14:19:33,2026-06-14 23:19:33,2026-06-16 13:19:33,,,,,,2026-06-13 23:19:33,2026-06-21 10:19:33
REF000249,EHR-REF0000249,NorthStar EHR,PAT001150,COV001150,PRC0015,ORG003,LOC003,SPC003,PRC0083,ORG029,USR014,2025-09-02 08:19:44,2025-09-03 02:19:44,Synthetic evaluation request for Endocrinology,Z33.2,Routine,Received,New Intake,2025-09-03 02:19:44,2025-09-06 02:19:44,,,,,,,,,2025-09-03 02:19:44,2025-09-03 02:19:44
REF000250,EHR-REF0000250,NorthStar EHR,PAT001555,COV001555,PRC0024,ORG006,LOC006,SPC003,PRC0038,ORG009,,2025-09-02 12:58:37,2025-09-02 15:58:37,Synthetic evaluation request for Endocrinology,Z45.5,Routine,Closed—Not Completed,,2025-09-09 10:58:37,,2025-09-03 19:58:37,2025-09-06 00:58:37,,,,2025-09-09 10:58:37,Not Completed,No Longer Clinically Indicated,2025-09-02 15:58:37,2025-09-09 10:58:37
REF000251,EHR-REF0000251,NorthStar EHR,PAT000697,COV000697,PRC0032,ORG002,LOC002,SPC002,PRC0072,ORG018,USR009,2025-11-14 22:58:27,2025-11-15 03:58:27,Synthetic evaluation request for Dermatology,Z26.3,Routine,Completed—Report Pending,Report Pending,2025-11-21 14:58:27,2025-11-24 14:58:27,2025-11-15 16:58:27,2025-11-19 21:58:27,2025-11-20 12:58:27,2025-12-16 12:58:27,,,,,2025-11-15 03:58:27,2025-11-21 14:58:27
REF000252,EHR-REF0000252,NorthStar EHR,PAT000689,COV000689,PRC0018,ORG006,LOC006,SPC007,PRC0052,ORG023,,2026-06-05 09:53:36,2026-06-05 13:53:36,Synthetic evaluation request for Otolaryngology,Z29.2,Routine,Closed—Completed,,2026-06-14 11:53:36,,2026-06-08 20:53:36,2026-06-07 06:53:36,2026-06-08 00:53:36,2026-07-02 00:53:36,2026-07-04 00:53:36,2026-07-05 13:53:36,Completed,,2026-06-05 13:53:36,2026-07-05 13:53:36
REF000253,EHR-REF0000253,NorthStar EHR,PAT000559,COV000559,PRC0002,ORG002,LOC002,SPC001,PRC0086,ORG007,USR008,2025-12-08 21:02:57,2025-12-09 14:02:57,Synthetic evaluation request for Cardiology,Z19.6,Routine,Needs Information,Needs Information,2025-12-11 01:02:57,2025-12-14 01:02:57,,,,,,,,,2025-12-09 14:02:57,2025-12-11 01:02:57
REF000254,EHR-REF0000254,NorthStar EHR,PAT000225,COV000225,PRC0030,ORG006,LOC006,SPC005,PRC0065,ORG011,USR011,2026-05-07 20:36:30,2026-05-08 01:36:30,Synthetic evaluation request for Neurology,Z43.3,Routine,Scheduled,Appointment Verification,2026-05-10 17:36:30,2026-05-13 17:36:30,2026-05-09 01:36:30,2026-05-09 09:36:30,2026-05-09 13:36:30,,,,,,2026-05-08 01:36:30,2026-05-10 17:36:30
REF000255,EHR-REF0000255,NorthStar EHR,PAT000828,COV000828,PRC0033,ORG003,LOC003,SPC009,PRC0094,ORG015,,2026-02-11 17:27:06,2026-02-12 01:27:06,Synthetic evaluation request for Rheumatology,Z56.8,Routine,Cancelled,,2026-02-13 08:27:06,,2026-02-13 08:27:06,,,,,2026-02-13 08:27:06,Cancelled,Duplicate Referral,2026-02-12 01:27:06,2026-02-13 08:27:06
REF000256,EHR-REF0000256,NorthStar EHR,PAT000575,COV000575,PRC0007,ORG001,LOC001,SPC010,PRC0045,ORG016,USR009,2026-06-14 17:49:57,2026-06-15 03:49:57,Synthetic evaluation request for General Surgery,Z77.9,Urgent,Scheduled,Appointment Verification,2026-06-22 09:49:57,2026-06-23 09:49:57,2026-06-19 02:49:57,2026-06-19 21:49:57,2026-06-21 15:49:57,,,,,,2026-06-15 03:49:57,2026-06-22 09:49:57
REF000257,EHR-REF0000257,NorthStar EHR,PAT001822,COV001822,PRC0020,ORG002,LOC002,SPC007,PRC0102,ORG023,USR005,2025-11-16 20:12:51,2025-11-17 05:12:51,Synthetic evaluation request for Otolaryngology,Z38.8,Routine,Received,New Intake,2025-11-17 05:12:51,2025-11-20 05:12:51,,,,,,,,,2025-11-17 05:12:51,2025-11-17 05:12:51
REF000258,EHR-REF0000258,NorthStar EHR,PAT001714,COV001714,PRC0009,ORG003,LOC003,SPC010,PRC0080,ORG026,,2025-08-26 16:54:04,2025-08-27 01:54:04,Synthetic evaluation request for General Surgery,Z12.6,Routine,Closed—Completed,,2025-09-12 10:54:04,,2025-08-30 14:54:04,2025-08-30 19:54:04,2025-09-01 18:54:04,2025-09-08 18:54:04,2025-09-13 18:54:04,2025-09-14 05:54:04,Completed,,2025-08-27 01:54:04,2025-09-14 05:54:04
REF000259,EHR-REF0000259,NorthStar EHR,PAT000042,COV000042,PRC0033,ORG003,LOC003,SPC009,PRC0104,ORG025,,2025-12-13 08:33:22,2025-12-13 23:33:22,Synthetic evaluation request for Rheumatology,Z17.8,Routine,Closed—Completed,,2025-12-28 20:33:22,,2025-12-17 07:33:22,2025-12-14 11:33:22,2025-12-15 23:33:22,2025-12-27 23:33:22,2025-12-28 23:33:22,2025-12-29 16:33:22,Completed,,2025-12-13 23:33:22,2025-12-29 16:33:22
REF000260,EHR-REF0000260,NorthStar EHR,PAT000061,COV000061,PRC0002,ORG002,LOC002,SPC004,PRC0099,ORG020,,2026-04-25 09:23:39,2026-04-25 15:23:39,Synthetic evaluation request for Gastroenterology,Z73.0,Routine,Closed—Completed,,2026-05-03 00:23:39,,2026-04-27 05:23:39,2026-04-27 02:23:39,2026-04-27 23:23:39,2026-05-31 23:23:39,2026-06-06 23:23:39,2026-06-08 14:23:39,Completed,,2026-04-25 15:23:39,2026-06-08 14:23:39
REF000261,EHR-REF0000261,NorthStar EHR,PAT000334,COV000334,PRC0022,ORG004,LOC004,SPC009,PRC0094,ORG015,USR002,2025-10-19 09:02:09,2025-10-20 02:02:09,Synthetic evaluation request for Rheumatology,Z47.5,Routine,Completed—Report Pending,Report Pending,2025-10-24 23:02:09,2025-10-27 23:02:09,2025-10-20 13:02:09,2025-10-23 07:02:09,2025-10-23 11:02:09,2025-11-13 11:02:09,,,,,2025-10-20 02:02:09,2025-10-24 23:02:09
REF000262,EHR-REF0000262,NorthStar EHR,PAT000617,COV000617,PRC0006,ORG006,LOC006,SPC006,PRC0066,ORG012,USR008,2026-02-13 08:19:10,2026-02-13 18:19:10,Synthetic evaluation request for Orthopedics,Z83.8,Routine,Scheduled,Appointment Verification,2026-02-21 16:19:10,2026-02-24 16:19:10,2026-02-14 13:19:10,2026-02-14 07:19:10,2026-02-15 21:19:10,,,,,,2026-02-13 18:19:10,2026-02-21 16:19:10
REF000263,EHR-REF0000263,NorthStar EHR,PAT001894,COV001894,PRC0003,ORG003,LOC003,SPC009,PRC0044,ORG015,,2026-07-08 03:30:18,2026-07-08 21:30:18,Synthetic evaluation request for Rheumatology,Z56.3,Routine,Closed—Completed,,2026-07-23 08:30:18,,2026-07-11 23:30:18,2026-07-13 01:30:18,2026-07-13 18:30:18,2026-08-14 18:30:18,2026-08-24 18:30:18,2026-08-25 16:30:18,Completed,,2026-07-08 21:30:18,2026-08-25 16:30:18
REF000264,EHR-REF0000264,NorthStar EHR,PAT000577,COV000577,PRC0032,ORG002,LOC002,SPC010,PRC0070,ORG016,USR002,2026-06-02 00:11:32,2026-06-02 16:11:32,Synthetic evaluation request for General Surgery,Z25.6,Routine,Scheduled,Appointment Verification,2026-06-08 13:11:32,2026-06-11 13:11:32,2026-06-05 17:11:32,2026-06-05 01:11:32,2026-06-05 14:11:32,,,,,,2026-06-02 16:11:32,2026-06-08 13:11:32
REF000265,EHR-REF0000265,NorthStar EHR,PAT001349,COV001349,PRC0024,ORG006,LOC006,SPC010,PRC0055,ORG026,USR012,2025-11-29 20:26:17,2025-11-29 23:26:17,Synthetic evaluation request for General Surgery,Z38.2,Routine,Outreach in Progress,Outreach Follow-Up,2025-12-03 02:26:17,2025-12-06 02:26:17,2025-12-02 07:26:17,2025-12-02 15:26:17,,,,,,,2025-11-29 23:26:17,2025-12-03 02:26:17
REF000266,EHR-REF0000266,NorthStar EHR,PAT000421,COV000421,PRC0028,ORG004,LOC004,SPC009,PRC0104,ORG025,USR005,2025-12-11 17:41:02,2025-12-12 05:41:02,Synthetic evaluation request for Rheumatology,Z61.2,Routine,Completed—Report Pending,Report Pending,2025-12-22 08:41:02,2025-12-25 08:41:02,2025-12-15 21:41:02,2025-12-14 22:41:02,2025-12-15 05:41:02,2025-12-26 05:41:02,,,,,2025-12-12 05:41:02,2025-12-22 08:41:02
REF000267,EHR-REF0000267,NorthStar EHR,PAT000633,COV000633,PRC0012,ORG006,LOC006,SPC009,PRC0054,ORG025,,2025-08-09 06:43:36,2025-08-09 10:43:36,Synthetic evaluation request for Rheumatology,Z87.4,Routine,Closed—Completed,,2025-08-22 01:43:36,,2025-08-13 07:43:36,2025-08-11 16:43:36,2025-08-13 00:43:36,2025-09-10 00:43:36,2025-09-16 00:43:36,2025-09-17 00:43:36,Completed,,2025-08-09 10:43:36,2025-09-17 00:43:36
REF000268,EHR-REF0000268,NorthStar EHR,PAT000533,COV000533,PRC0032,ORG002,LOC002,SPC004,PRC0099,ORG020,,2026-06-12 09:32:44,2026-06-12 11:32:44,Synthetic evaluation request for Gastroenterology,Z89.4,Routine,Closed—Completed,,2026-06-18 23:32:44,,2026-06-14 08:32:44,2026-06-14 22:32:44,2026-06-16 00:32:44,2026-07-02 00:32:44,2026-07-03 00:32:44,2026-07-04 02:32:44,Completed,,2026-06-12 11:32:44,2026-07-04 02:32:44
REF000269,EHR-REF0000269,NorthStar EHR,PAT000301,COV000301,PRC0034,ORG004,LOC004,SPC006,PRC0091,ORG012,,2025-11-29 13:58:32,2025-11-30 10:58:32,Synthetic evaluation request for Orthopedics,Z71.2,Routine,Closed—Completed,,2025-12-11 03:58:32,,2025-12-01 15:58:32,2025-12-03 03:58:32,2025-12-04 04:58:32,2025-12-20 04:58:32,2025-12-22 04:58:32,2025-12-23 14:58:32,Completed,,2025-11-30 10:58:32,2025-12-23 14:58:32
REF000270,EHR-REF0000270,NorthStar EHR,PAT001822,COV001822,PRC0013,ORG001,LOC001,SPC005,PRC0050,ORG021,,2026-06-13 03:17:08,2026-06-13 08:17:08,Synthetic evaluation request for Neurology,Z78.5,Routine,Closed—Completed,,2026-06-23 05:17:08,,2026-06-15 20:17:08,2026-06-14 12:17:08,2026-06-16 07:17:08,2026-06-25 07:17:08,2026-07-03 07:17:08,2026-07-04 07:17:08,Completed,,2026-06-13 08:17:08,2026-07-04 07:17:08
REF000271,EHR-REF0000271,NorthStar EHR,PAT000396,COV000396,PRC0024,ORG006,LOC006,SPC010,PRC0055,ORG026,,2026-05-15 23:46:30,2026-05-15 23:46:30,Synthetic evaluation request for General Surgery,Z17.5,Urgent,Closed—Completed,,2026-05-25 13:46:30,,2026-05-19 03:46:30,2026-05-19 17:46:30,2026-05-20 21:46:30,2026-06-23 21:46:30,2026-06-27 21:46:30,2026-06-28 16:46:30,Completed,,2026-05-15 23:46:30,2026-06-28 16:46:30
REF000272,EHR-REF0000272,NorthStar EHR,PAT000122,COV000122,PRC0023,ORG005,LOC005,SPC009,PRC0044,ORG015,USR009,2026-05-25 02:45:11,2026-05-25 02:45:11,Synthetic evaluation request for Rheumatology,Z14.5,Routine,Needs Information,Needs Information,2026-05-28 17:45:11,2026-05-31 17:45:11,,,,,,,,,2026-05-25 02:45:11,2026-05-28 17:45:11
REF000273,EHR-REF0000273,NorthStar EHR,PAT001902,COV001902,PRC0005,ORG005,LOC005,SPC004,PRC0074,ORG020,,2025-11-02 21:59:43,2025-11-03 16:59:43,Synthetic evaluation request for Gastroenterology,Z53.4,Routine,Closed—Not Completed,,2025-11-08 08:59:43,,2025-11-05 23:59:43,2025-11-08 15:59:43,,,,2025-11-08 08:59:43,Not Completed,No Longer Clinically Indicated,2025-11-03 16:59:43,2025-11-08 08:59:43
REF000274,EHR-REF0000274,NorthStar EHR,PAT000445,COV000445,PRC0004,ORG004,LOC004,SPC007,PRC0067,ORG013,,2026-04-26 14:41:28,2026-04-26 16:41:28,Synthetic evaluation request for Otolaryngology,Z12.8,Routine,Closed—Completed,,2026-05-11 03:41:28,,2026-04-29 21:41:28,2026-04-28 04:41:28,2026-04-28 23:41:28,2026-05-03 23:41:28,2026-05-04 23:41:28,2026-05-05 21:41:28,Completed,,2026-04-26 16:41:28,2026-05-05 21:41:28
REF000275,EHR-REF0000275,NorthStar EHR,PAT000522,COV000522,PRC0003,ORG003,LOC003,SPC007,PRC0102,ORG023,,2025-09-13 20:52:42,2025-09-14 05:52:42,Synthetic evaluation request for Otolaryngology,Z58.2,Routine,Closed—Completed,,2025-09-24 03:52:42,,2025-09-17 05:52:42,2025-09-17 18:52:42,2025-09-19 13:52:42,2025-10-16 13:52:42,2025-10-19 13:52:42,2025-10-20 04:52:42,Completed,,2025-09-14 05:52:42,2025-10-20 04:52:42
REF000276,EHR-REF0000276,NorthStar EHR,PAT001680,COV001680,PRC0015,ORG003,LOC003,SPC009,PRC0079,ORG025,,2026-03-22 04:10:49,2026-03-23 02:10:49,Synthetic evaluation request for Rheumatology,Z60.5,Routine,Closed—Completed,,2026-04-05 09:10:49,,2026-03-25 13:10:49,2026-03-26 15:10:49,2026-03-26 19:10:49,2026-04-08 19:10:49,2026-04-18 19:10:49,2026-04-19 17:10:49,Completed,,2026-03-23 02:10:49,2026-04-19 17:10:49
REF000277,EHR-REF0000277,NorthStar EHR,PAT001880,COV001880,PRC0021,ORG003,LOC003,SPC001,PRC0071,ORG017,USR007,2026-06-16 22:41:43,2026-06-17 08:41:43,Synthetic evaluation request for Cardiology,Z28.2,Routine,Scheduled,Appointment Verification,2026-06-24 06:41:43,2026-06-27 06:41:43,2026-06-18 10:41:43,2026-06-18 19:41:43,2026-06-19 15:41:43,,,,,,2026-06-17 08:41:43,2026-06-24 06:41:43
REF000278,EHR-REF0000278,NorthStar EHR,PAT000556,COV000556,PRC0017,ORG005,LOC005,SPC003,PRC0073,ORG019,USR008,2025-09-12 00:05:25,2025-09-12 03:05:25,Synthetic evaluation request for Endocrinology,Z36.6,Routine,Outreach in Progress,Outreach Follow-Up,2025-09-18 13:05:25,2025-09-21 13:05:25,2025-09-15 10:05:25,2025-09-12 18:05:25,,,,,,,2025-09-12 03:05:25,2025-09-18 13:05:25
REF000279,EHR-REF0000279,NorthStar EHR,PAT000468,COV000468,PRC0007,ORG001,LOC001,SPC008,PRC0043,ORG014,,2026-02-08 16:21:36,2026-02-09 03:21:36,Synthetic evaluation request for Pulmonology,Z67.0,Routine,Closed—Completed,,2026-02-20 03:21:36,,2026-02-12 01:21:36,2026-02-09 19:21:36,2026-02-11 18:21:36,2026-02-15 18:21:36,2026-02-20 18:21:36,2026-02-22 07:21:36,Completed,,2026-02-09 03:21:36,2026-02-22 07:21:36
REF000280,EHR-REF0000280,NorthStar EHR,PAT000415,COV000415,PRC0005,ORG005,LOC005,SPC002,PRC0087,ORG008,USR009,2026-02-17 02:24:10,2026-02-17 07:24:10,Synthetic evaluation request for Dermatology,Z65.8,Urgent,Scheduled,Appointment Verification,2026-02-23 11:24:10,2026-02-24 11:24:10,2026-02-20 12:24:10,2026-02-18 18:24:10,2026-02-20 10:24:10,,,,,,2026-02-17 07:24:10,2026-02-23 11:24:10
REF000281,EHR-REF0000281,NorthStar EHR,PAT001316,COV001316,PRC0024,ORG006,LOC006,SPC008,PRC0043,ORG014,,2026-03-11 22:50:52,2026-03-12 15:50:52,Synthetic evaluation request for Pulmonology,Z77.0,Routine,Closed—Completed,,2026-03-18 19:50:52,,2026-03-14 07:50:52,2026-03-17 00:50:52,2026-03-18 02:50:52,2026-04-15 02:50:52,2026-04-21 02:50:52,2026-04-21 10:50:52,Completed,,2026-03-12 15:50:52,2026-04-21 10:50:52
REF000282,EHR-REF0000282,NorthStar EHR,PAT000024,COV000024,PRC0010,ORG004,LOC004,SPC008,PRC0068,ORG014,,2026-01-27 11:47:28,2026-01-27 20:47:28,Synthetic evaluation request for Pulmonology,Z44.7,Routine,Closed—Completed,,2026-02-04 10:47:28,,2026-01-29 12:47:28,2026-02-01 11:47:28,2026-02-01 20:47:28,2026-02-09 20:47:28,2026-02-14 20:47:28,2026-02-16 00:47:28,Completed,,2026-01-27 20:47:28,2026-02-16 00:47:28
REF000283,EHR-REF0000283,NorthStar EHR,PAT000272,COV000272,PRC0008,ORG002,LOC002,SPC009,PRC0094,ORG015,USR001,2026-05-13 23:01:37,2026-05-14 15:01:37,Synthetic evaluation request for Rheumatology,Z46.4,Urgent,Outreach in Progress,Outreach Follow-Up,2026-05-19 08:01:37,2026-05-20 08:01:37,2026-05-18 14:01:37,2026-05-19 08:01:37,,,,,,,2026-05-14 15:01:37,2026-05-19 08:01:37
REF000284,EHR-REF0000284,NorthStar EHR,PAT000199,COV000199,PRC0035,ORG005,LOC005,SPC010,PRC0055,ORG026,USR004,2026-05-05 05:04:32,2026-05-05 07:04:32,Synthetic evaluation request for General Surgery,Z55.3,Routine,Outreach in Progress,Outreach Follow-Up,2026-05-08 00:04:32,2026-05-11 00:04:32,2026-05-07 11:04:32,2026-05-06 18:04:32,,,,,,,2026-05-05 07:04:32,2026-05-08 00:04:32
REF000285,EHR-REF0000285,NorthStar EHR,PAT000651,COV000651,PRC0004,ORG004,LOC004,SPC006,PRC0066,ORG012,USR008,2025-08-06 09:39:55,2025-08-06 11:39:55,Synthetic evaluation request for Orthopedics,Z28.2,Routine,Scheduled,Appointment Verification,2025-08-16 17:39:55,2025-08-19 17:39:55,2025-08-10 08:39:55,2025-08-10 10:39:55,2025-08-12 08:39:55,,,,,,2025-08-06 11:39:55,2025-08-16 17:39:55
REF000286,EHR-REF0000286,NorthStar EHR,PAT001518,COV001518,PRC0010,ORG004,LOC004,SPC002,PRC0107,ORG028,,2025-08-20 21:34:38,2025-08-21 20:34:38,Synthetic evaluation request for Dermatology,Z10.9,Routine,Closed—Completed,,2025-09-01 13:34:38,,2025-08-25 04:34:38,2025-08-22 10:34:38,2025-08-23 18:34:38,2025-09-03 18:34:38,2025-09-06 18:34:38,2025-09-07 22:34:38,Completed,,2025-08-21 20:34:38,2025-09-07 22:34:38
REF000287,EHR-REF0000287,NorthStar EHR,PAT000745,COV000745,PRC0008,ORG002,LOC002,SPC007,PRC0077,ORG023,,2026-02-04 15:03:32,2026-02-05 02:03:32,Synthetic evaluation request for Otolaryngology,Z16.2,Routine,Closed—Completed,,2026-02-13 12:03:32,,2026-02-06 10:03:32,2026-02-09 14:03:32,2026-02-11 09:03:32,2026-02-14 09:03:32,2026-02-17 09:03:32,2026-02-18 13:03:32,Completed,,2026-02-05 02:03:32,2026-02-18 13:03:32
REF000288,EHR-REF0000288,NorthStar EHR,PAT001998,COV001998,PRC0035,ORG005,LOC005,SPC001,PRC0106,ORG027,USR001,2026-05-12 14:02:27,2026-05-13 08:02:27,Synthetic evaluation request for Cardiology,Z58.9,Routine,Scheduled,Appointment Verification,2026-05-23 10:02:27,2026-05-26 10:02:27,2026-05-16 00:02:27,2026-05-17 21:02:27,2026-05-18 04:02:27,,,,,,2026-05-13 08:02:27,2026-05-23 10:02:27
REF000289,EHR-REF0000289,NorthStar EHR,PAT001189,COV001189,PRC0025,ORG001,LOC001,SPC004,PRC0064,ORG010,,2026-06-24 16:01:56,2026-06-25 08:01:56,Synthetic evaluation request for Gastroenterology,Z58.8,Routine,Closed—Completed,,2026-07-03 12:01:56,,2026-06-27 17:01:56,2026-06-28 16:01:56,2026-06-30 14:01:56,2026-07-03 14:01:56,2026-07-09 14:01:56,2026-07-10 18:01:56,Completed,,2026-06-25 08:01:56,2026-07-10 18:01:56
REF000290,EHR-REF0000290,NorthStar EHR,PAT000143,COV000143,PRC0024,ORG006,LOC006,SPC001,PRC0036,ORG007,USR009,2025-12-16 02:46:07,2025-12-17 01:46:07,Synthetic evaluation request for Cardiology,Z87.3,Routine,Outreach in Progress,Outreach Follow-Up,2025-12-21 13:46:07,2025-12-24 13:46:07,2025-12-18 09:46:07,2025-12-18 12:46:07,,,,,,,2025-12-17 01:46:07,2025-12-21 13:46:07
REF000291,EHR-REF0000291,NorthStar EHR,PAT000291,COV000291,PRC0026,ORG002,LOC002,SPC009,PRC0079,ORG025,,2025-08-15 13:46:36,2025-08-16 03:46:36,Synthetic evaluation request for Rheumatology,Z22.6,Routine,Closed—Completed,,2025-08-24 23:46:36,,2025-08-19 19:46:36,2025-08-18 19:46:36,2025-08-20 09:46:36,2025-09-07 09:46:36,2025-09-12 09:46:36,2025-09-13 02:46:36,Completed,,2025-08-16 03:46:36,2025-09-13 02:46:36
REF000292,EHR-REF0000292,NorthStar EHR,PAT001683,COV001683,PRC0028,ORG004,LOC004,SPC004,PRC0089,ORG010,USR004,2025-12-29 17:29:38,2025-12-29 18:29:38,Synthetic evaluation request for Gastroenterology,Z52.8,Routine,Outreach in Progress,Outreach Follow-Up,2025-12-30 19:29:38,2026-01-02 19:29:38,2025-12-30 04:29:38,2025-12-31 21:29:38,,,,,,,2025-12-29 18:29:38,2025-12-30 19:29:38
REF000293,EHR-REF0000293,NorthStar EHR,PAT000552,COV000552,PRC0013,ORG001,LOC001,SPC008,PRC0043,ORG014,USR002,2026-01-20 08:16:06,2026-01-20 12:16:06,Synthetic evaluation request for Pulmonology,Z19.1,Routine,Scheduled,Appointment Verification,2026-01-24 21:16:06,2026-01-27 21:16:06,2026-01-22 00:16:06,2026-01-21 19:16:06,2026-01-23 17:16:06,,,,,,2026-01-20 12:16:06,2026-01-24 21:16:06
REF000294,EHR-REF0000294,NorthStar EHR,PAT001786,COV001786,PRC0013,ORG001,LOC001,SPC004,PRC0049,ORG020,,2026-02-25 15:27:31,2026-02-26 15:27:31,Synthetic evaluation request for Gastroenterology,Z20.0,Routine,Closed—Completed,,2026-03-09 22:27:31,,2026-03-01 00:27:31,2026-03-01 14:27:31,2026-03-02 08:27:31,2026-03-23 08:27:31,2026-03-31 08:27:31,2026-03-31 20:27:31,Completed,,2026-02-26 15:27:31,2026-03-31 20:27:31
REF000295,EHR-REF0000295,NorthStar EHR,PAT001414,COV001414,PRC0021,ORG003,LOC003,SPC008,PRC0078,ORG024,,2026-01-17 17:12:55,2026-01-17 21:12:55,Synthetic evaluation request for Pulmonology,Z69.5,Routine,Closed—Not Completed,,2026-01-26 07:12:55,,2026-01-20 13:12:55,2026-01-19 07:12:55,,,,2026-01-26 07:12:55,Not Completed,Unable to Contact After Protocol,2026-01-17 21:12:55,2026-01-26 07:12:55
REF000296,EHR-REF0000296,NorthStar EHR,PAT000414,COV000414,PRC0011,ORG005,LOC005,SPC002,PRC0057,ORG028,,2026-03-04 04:05:23,2026-03-04 05:05:23,Synthetic evaluation request for Dermatology,Z36.4,Routine,Closed—Completed,,2026-03-13 06:05:23,,2026-03-05 08:05:23,2026-03-09 00:05:23,2026-03-09 10:05:23,2026-03-29 10:05:23,2026-04-06 10:05:23,2026-04-07 18:05:23,Completed,,2026-03-04 05:05:23,2026-04-07 18:05:23
REF000297,EHR-REF0000297,NorthStar EHR,PAT001436,COV001436,PRC0005,ORG005,LOC005,SPC006,PRC0101,ORG022,,2025-09-03 21:25:15,2025-09-03 23:25:15,Synthetic evaluation request for Orthopedics,Z48.4,Routine,Closed—Completed,,2025-09-11 22:25:15,,2025-09-04 19:25:15,2025-09-07 14:25:15,2025-09-07 17:25:15,2025-09-30 17:25:15,2025-10-08 17:25:15,2025-10-09 17:25:15,Completed,,2025-09-03 23:25:15,2025-10-09 17:25:15
REF000298,EHR-REF0000298,NorthStar EHR,PAT001239,COV001239,PRC0019,ORG001,LOC001,SPC010,PRC0070,ORG016,USR003,2026-03-16 19:53:52,2026-03-17 17:53:52,Synthetic evaluation request for General Surgery,Z11.8,Routine,Needs Information,Needs Information,2026-03-20 04:53:52,2026-03-23 04:53:52,,,,,,,,,2026-03-17 17:53:52,2026-03-20 04:53:52
REF000299,EHR-REF0000299,NorthStar EHR,PAT001972,COV001972,PRC0028,ORG004,LOC004,SPC006,PRC0091,ORG012,,2025-08-21 03:08:42,2025-08-21 15:08:42,Synthetic evaluation request for Orthopedics,Z34.1,Routine,Closed—Completed,,2025-09-04 07:08:42,,2025-08-22 00:08:42,2025-08-23 12:08:42,2025-08-24 22:08:42,2025-09-24 22:08:42,2025-10-01 22:08:42,2025-10-03 01:08:42,Completed,,2025-08-21 15:08:42,2025-10-03 01:08:42
REF000300,EHR-REF0000300,NorthStar EHR,PAT001471,COV001471,PRC0021,ORG003,LOC003,SPC003,PRC0048,ORG019,USR007,2025-09-14 13:55:43,2025-09-14 17:55:43,Synthetic evaluation request for Endocrinology,Z10.0,Routine,Outreach in Progress,Outreach Follow-Up,2025-09-17 03:55:43,2025-09-20 03:55:43,2025-09-15 12:55:43,2025-09-16 20:55:43,,,,,,,2025-09-14 17:55:43,2025-09-17 03:55:43
REF000301,EHR-REF0000301,NorthStar EHR,PAT001809,COV001809,PRC0029,ORG005,LOC005,SPC005,PRC0050,ORG021,,2026-02-05 05:04:58,2026-02-05 09:04:58,Synthetic evaluation request for Neurology,Z31.4,Urgent,Closed—Completed,,2026-02-14 09:04:58,,2026-02-05 23:04:58,2026-02-06 04:04:58,2026-02-06 09:04:58,2026-02-25 09:04:58,2026-03-07 09:04:58,2026-03-09 00:04:58,Completed,,2026-02-05 09:04:58,2026-03-09 00:04:58
REF000302,EHR-REF0000302,NorthStar EHR,PAT001990,COV001990,PRC0019,ORG001,LOC001,SPC003,PRC0038,ORG009,,2025-09-18 21:47:52,2025-09-19 13:47:52,Synthetic evaluation request for Endocrinology,Z71.0,Routine,Closed—Completed,,2025-09-26 14:47:52,,2025-09-19 18:47:52,2025-09-21 06:47:52,2025-09-21 19:47:52,2025-10-13 19:47:52,2025-10-22 19:47:52,2025-10-23 09:47:52,Completed,,2025-09-19 13:47:52,2025-10-23 09:47:52
REF000303,EHR-REF0000303,NorthStar EHR,PAT000227,COV000227,PRC0003,ORG003,LOC003,SPC009,PRC0044,ORG015,,2025-09-08 14:14:27,2025-09-09 12:14:27,Synthetic evaluation request for Rheumatology,Z50.3,Routine,Closed—Completed,,2025-09-16 23:14:27,,2025-09-10 18:14:27,2025-09-10 18:14:27,2025-09-11 05:14:27,2025-09-16 05:14:27,2025-09-24 05:14:27,2025-09-25 20:14:27,Completed,,2025-09-09 12:14:27,2025-09-25 20:14:27
REF000304,EHR-REF0000304,NorthStar EHR,PAT001677,COV001677,PRC0012,ORG006,LOC006,SPC002,PRC0097,ORG018,USR005,2026-07-11 13:05:27,2026-07-11 23:05:27,Synthetic evaluation request for Dermatology,Z57.7,Routine,Scheduled,Appointment Verification,2026-07-18 19:05:27,2026-07-21 19:05:27,2026-07-12 15:05:27,2026-07-13 09:05:27,2026-07-14 10:05:27,,,,,,2026-07-11 23:05:27,2026-07-18 19:05:27
REF000305,EHR-REF0000305,NorthStar EHR,PAT001855,COV001855,PRC0009,ORG003,LOC003,SPC002,PRC0037,ORG008,,2025-09-21 06:29:26,2025-09-21 12:29:26,Synthetic evaluation request for Dermatology,Z86.9,Routine,Closed—Completed,,2025-10-02 12:29:26,,2025-09-22 16:29:26,2025-09-23 08:29:26,2025-09-24 22:29:26,2025-10-27 22:29:26,2025-11-03 22:29:26,2025-11-04 10:29:26,Completed,,2025-09-21 12:29:26,2025-11-04 10:29:26
REF000306,EHR-REF0000306,NorthStar EHR,PAT000751,COV000751,PRC0012,ORG006,LOC006,SPC010,PRC0105,ORG026,,2025-10-03 07:30:54,2025-10-04 04:30:54,Synthetic evaluation request for General Surgery,Z13.6,Routine,Closed—Completed,,2025-10-11 00:30:54,,2025-10-04 23:30:54,2025-10-04 16:30:54,2025-10-05 11:30:54,2025-11-09 11:30:54,2025-11-10 11:30:54,2025-11-11 01:30:54,Completed,,2025-10-04 04:30:54,2025-11-11 01:30:54
REF000307,EHR-REF0000307,NorthStar EHR,PAT001774,COV001774,PRC0027,ORG003,LOC003,SPC010,PRC0055,ORG026,,2025-12-01 04:58:43,2025-12-01 20:58:43,Synthetic evaluation request for General Surgery,Z79.4,Routine,Closed—Completed,,2025-12-13 14:58:43,,2025-12-02 03:58:43,2025-12-06 13:58:43,2025-12-08 13:58:43,2025-12-17 13:58:43,2025-12-26 13:58:43,2025-12-27 13:58:43,Completed,,2025-12-01 20:58:43,2025-12-27 13:58:43
REF000308,EHR-REF0000308,NorthStar EHR,PAT000325,COV000325,PRC0026,ORG002,LOC002,SPC001,PRC0071,ORG017,USR012,2026-01-03 18:52:34,2026-01-04 10:52:34,Synthetic evaluation request for Cardiology,Z76.1,Routine,Scheduled,Appointment Verification,2026-01-10 12:52:34,2026-01-13 12:52:34,2026-01-04 18:52:34,2026-01-06 08:52:34,2026-01-07 19:52:34,,,,,,2026-01-04 10:52:34,2026-01-10 12:52:34
REF000309,EHR-REF0000309,NorthStar EHR,PAT000222,COV000222,PRC0031,ORG001,LOC001,SPC008,PRC0068,ORG014,,2026-03-24 04:21:59,2026-03-24 15:21:59,Synthetic evaluation request for Pulmonology,Z33.4,Urgent,Closed—Completed,,2026-04-02 19:21:59,,2026-03-25 11:21:59,2026-03-25 05:21:59,2026-03-26 00:21:59,2026-04-06 00:21:59,2026-04-14 00:21:59,2026-04-14 21:21:59,Completed,,2026-03-24 15:21:59,2026-04-14 21:21:59
REF000310,EHR-REF0000310,NorthStar EHR,PAT001863,COV001863,PRC0005,ORG005,LOC005,SPC009,PRC0094,ORG015,,2026-01-07 23:40:30,2026-01-08 02:40:30,Synthetic evaluation request for Rheumatology,Z11.2,Routine,Closed—Completed,,2026-01-20 02:40:30,,2026-01-10 21:40:30,2026-01-08 14:40:30,2026-01-08 23:40:30,2026-02-05 23:40:30,2026-02-12 23:40:30,2026-02-14 05:40:30,Completed,,2026-01-08 02:40:30,2026-02-14 05:40:30
REF000311,EHR-REF0000311,NorthStar EHR,PAT001957,COV001957,PRC0016,ORG004,LOC004,SPC003,PRC0083,ORG029,,2025-09-12 08:53:38,2025-09-13 03:53:38,Synthetic evaluation request for Endocrinology,Z26.7,Routine,Closed—Completed,,2025-09-25 13:53:38,,2025-09-14 18:53:38,2025-09-15 05:53:38,2025-09-16 04:53:38,2025-10-16 04:53:38,2025-10-24 04:53:38,2025-10-24 13:53:38,Completed,,2025-09-13 03:53:38,2025-10-24 13:53:38
REF000312,EHR-REF0000312,NorthStar EHR,PAT001341,COV001341,PRC0017,ORG005,LOC005,SPC006,PRC0091,ORG012,USR008,2026-03-03 13:06:58,2026-03-04 06:06:58,Synthetic evaluation request for Orthopedics,Z27.1,Routine,Completed—Report Pending,Report Pending,2026-03-13 21:06:58,2026-03-16 21:06:58,2026-03-08 06:06:58,2026-03-07 11:06:58,2026-03-08 02:06:58,2026-04-02 02:06:58,,,,,2026-03-04 06:06:58,2026-03-13 21:06:58
REF000313,EHR-REF0000313,NorthStar EHR,PAT000052,COV000052,PRC0023,ORG005,LOC005,SPC010,PRC0095,ORG016,USR014,2025-12-03 01:24:16,2025-12-03 12:24:16,Synthetic evaluation request for General Surgery,Z82.3,Routine,Scheduled,Appointment Verification,2025-12-09 01:24:16,2025-12-12 01:24:16,2025-12-06 07:24:16,2025-12-05 13:24:16,2025-12-07 13:24:16,,,,,,2025-12-03 12:24:16,2025-12-09 01:24:16
REF000314,EHR-REF0000314,NorthStar EHR,PAT000566,COV000566,PRC0023,ORG005,LOC005,SPC008,PRC0053,ORG024,,2026-03-11 07:19:55,2026-03-11 08:19:55,Synthetic evaluation request for Pulmonology,Z59.3,Urgent,Closed—Completed,,2026-03-23 12:19:55,,2026-03-13 22:19:55,2026-03-15 03:19:55,2026-03-15 13:19:55,2026-04-15 13:19:55,2026-04-21 13:19:55,2026-04-21 22:19:55,Completed,,2026-03-11 08:19:55,2026-04-21 22:19:55
REF000315,EHR-REF0000315,NorthStar EHR,PAT000623,COV000623,PRC0017,ORG005,LOC005,SPC006,PRC0051,ORG022,USR008,2026-04-03 14:12:48,2026-04-03 20:12:48,Synthetic evaluation request for Orthopedics,Z86.6,Routine,Scheduled,Appointment Verification,2026-04-10 16:12:48,2026-04-13 16:12:48,2026-04-06 15:12:48,2026-04-08 10:12:48,2026-04-10 10:12:48,,,,,,2026-04-03 20:12:48,2026-04-10 16:12:48
REF000316,EHR-REF0000316,NorthStar EHR,PAT001935,COV001935,PRC0016,ORG004,LOC004,SPC001,PRC0096,ORG017,,2026-06-26 05:41:19,2026-06-26 12:41:19,Synthetic evaluation request for Cardiology,Z86.9,Routine,Closed—Completed,,2026-07-09 21:41:19,,2026-06-27 21:41:19,2026-06-27 17:41:19,2026-06-28 14:41:19,2026-07-31 14:41:19,2026-08-04 14:41:19,2026-08-05 15:41:19,Completed,,2026-06-26 12:41:19,2026-08-05 15:41:19
REF000317,EHR-REF0000317,NorthStar EHR,PAT001668,COV001668,PRC0002,ORG002,LOC002,SPC003,PRC0048,ORG019,,2026-06-27 15:47:28,2026-06-27 16:47:28,Synthetic evaluation request for Endocrinology,Z43.2,Routine,Closed—Completed,,2026-07-09 09:47:28,,2026-07-01 10:47:28,2026-06-28 05:47:28,2026-06-29 08:47:28,2026-07-29 08:47:28,2026-08-07 08:47:28,2026-08-08 11:47:28,Completed,,2026-06-27 16:47:28,2026-08-08 11:47:28
REF000318,EHR-REF0000318,NorthStar EHR,PAT000334,COV000334,PRC0025,ORG001,LOC001,SPC003,PRC0098,ORG019,,2026-01-05 02:22:54,2026-01-05 18:22:54,Synthetic evaluation request for Endocrinology,Z74.5,Routine,Closed—Not Completed,,2026-01-12 08:22:54,,2026-01-08 13:22:54,2026-01-08 19:22:54,,,,2026-01-12 08:22:54,Not Completed,Unable to Contact After Protocol,2026-01-05 18:22:54,2026-01-12 08:22:54
REF000319,EHR-REF0000319,NorthStar EHR,PAT001178,COV001178,PRC0016,ORG004,LOC004,SPC009,PRC0094,ORG015,,2025-10-26 02:06:03,2025-10-26 10:06:03,Synthetic evaluation request for Rheumatology,Z55.1,Routine,Closed—Completed,,2025-11-05 14:06:03,,2025-10-27 12:06:03,2025-10-29 19:06:03,2025-10-30 08:06:03,2025-11-26 08:06:03,2025-11-29 08:06:03,2025-11-30 18:06:03,Completed,,2025-10-26 10:06:03,2025-11-30 18:06:03
REF000320,EHR-REF0000320,NorthStar EHR,PAT001631,COV001631,PRC0020,ORG002,LOC002,SPC002,PRC0057,ORG028,,2026-04-06 12:01:58,2026-04-07 00:01:58,Synthetic evaluation request for Dermatology,Z58.3,Routine,Closed—Not Completed,,2026-04-14 08:01:58,,2026-04-10 11:01:58,2026-04-09 01:01:58,,,,2026-04-14 08:01:58,Not Completed,Insurance or Access Barrier,2026-04-07 00:01:58,2026-04-14 08:01:58
REF000321,EHR-REF0000321,NorthStar EHR,PAT000283,COV000283,PRC0018,ORG006,LOC006,SPC004,PRC0074,ORG020,,2026-05-25 15:42:29,2026-05-25 18:42:29,Synthetic evaluation request for Gastroenterology,Z12.0,Routine,Closed—Completed,,2026-06-01 22:42:29,,2026-05-27 02:42:29,2026-05-27 20:42:29,2026-05-29 07:42:29,2026-06-19 07:42:29,2026-06-27 07:42:29,2026-06-28 08:42:29,Completed,,2026-05-25 18:42:29,2026-06-28 08:42:29
REF000322,EHR-REF0000322,NorthStar EHR,PAT000467,COV000467,PRC0021,ORG003,LOC003,SPC006,PRC0066,ORG012,,2026-06-09 18:54:24,2026-06-10 10:54:24,Synthetic evaluation request for Orthopedics,Z68.7,Routine,Closed—Completed,,2026-06-24 10:54:24,,2026-06-13 11:54:24,2026-06-14 16:54:24,2026-06-16 08:54:24,2026-06-23 08:54:24,2026-06-29 08:54:24,2026-06-30 03:54:24,Completed,,2026-06-10 10:54:24,2026-06-30 03:54:24
REF000323,EHR-REF0000323,NorthStar EHR,PAT000371,COV000371,PRC0018,ORG006,LOC006,SPC003,PRC0098,ORG019,,2025-11-23 13:16:50,2025-11-24 08:16:50,Synthetic evaluation request for Endocrinology,Z71.8,Routine,Closed—Not Completed,,2025-11-28 06:16:50,,2025-11-27 19:16:50,2025-11-26 21:16:50,,,,2025-11-28 06:16:50,Not Completed,Insurance or Access Barrier,2025-11-24 08:16:50,2025-11-28 06:16:50
REF000324,EHR-REF0000324,NorthStar EHR,PAT001586,COV001586,PRC0010,ORG004,LOC004,SPC003,PRC0038,ORG009,,2026-05-09 14:53:41,2026-05-10 14:53:41,Synthetic evaluation request for Endocrinology,Z84.3,Routine,Closed—Not Completed,,2026-05-14 02:53:41,,2026-05-11 03:53:41,2026-05-13 10:53:41,,,,2026-05-14 02:53:41,Not Completed,No Longer Clinically Indicated,2026-05-10 14:53:41,2026-05-14 02:53:41
REF000325,EHR-REF0000325,NorthStar EHR,PAT000726,COV000726,PRC0018,ORG006,LOC006,SPC007,PRC0077,ORG023,USR009,2025-10-16 09:06:20,2025-10-16 21:06:20,Synthetic evaluation request for Otolaryngology,Z15.2,Routine,Completed—Report Pending,Report Pending,2025-10-22 11:06:20,2025-10-25 11:06:20,2025-10-17 05:06:20,2025-10-20 02:06:20,2025-10-21 04:06:20,2025-10-29 04:06:20,,,,,2025-10-16 21:06:20,2025-10-22 11:06:20
REF000326,EHR-REF0000326,NorthStar EHR,PAT001491,COV001491,PRC0035,ORG005,LOC005,SPC008,PRC0093,ORG014,USR013,2025-11-17 03:00:41,2025-11-17 10:00:41,Synthetic evaluation request for Pulmonology,Z15.6,Routine,Scheduled,Appointment Verification,2025-11-22 22:00:41,2025-11-25 22:00:41,2025-11-19 04:00:41,2025-11-20 14:00:41,2025-11-21 17:00:41,,,,,,2025-11-17 10:00:41,2025-11-22 22:00:41
REF000327,EHR-REF0000327,NorthStar EHR,PAT001237,COV001237,PRC0011,ORG005,LOC005,SPC008,PRC0053,ORG024,,2026-02-27 19:32:36,2026-02-28 06:32:36,Synthetic evaluation request for Pulmonology,Z73.9,Urgent,Closed—Not Completed,,2026-03-06 08:32:36,,2026-03-03 23:32:36,2026-03-02 07:32:36,,,,2026-03-06 08:32:36,Not Completed,Duplicate Referral,2026-02-28 06:32:36,2026-03-06 08:32:36
REF000328,EHR-REF0000328,NorthStar EHR,PAT000802,COV000802,PRC0013,ORG001,LOC001,SPC009,PRC0094,ORG015,USR013,2025-12-05 10:39:38,2025-12-05 10:39:38,Synthetic evaluation request for Rheumatology,Z71.8,Routine,Received,New Intake,2025-12-05 10:39:38,2025-12-08 10:39:38,,,,,,,,,2025-12-05 10:39:38,2025-12-05 10:39:38
REF000329,EHR-REF0000329,NorthStar EHR,PAT001368,COV001368,PRC0011,ORG005,LOC005,SPC005,PRC0050,ORG021,USR008,2026-02-13 21:26:53,2026-02-14 16:26:53,Synthetic evaluation request for Neurology,Z42.6,Urgent,Outreach in Progress,Outreach Follow-Up,2026-02-19 10:26:53,2026-02-20 10:26:53,2026-02-18 02:26:53,2026-02-17 06:26:53,,,,,,,2026-02-14 16:26:53,2026-02-19 10:26:53
REF000330,EHR-REF0000330,NorthStar EHR,PAT001846,COV001846,PRC0007,ORG001,LOC001,SPC006,PRC0051,ORG022,,2025-08-17 20:40:14,2025-08-18 14:40:14,Synthetic evaluation request for Orthopedics,Z48.4,Urgent,Closed—Completed,,2025-08-27 08:40:14,,2025-08-20 04:40:14,2025-08-22 02:40:14,2025-08-22 10:40:14,2025-09-12 10:40:14,2025-09-17 10:40:14,2025-09-18 12:40:14,Completed,,2025-08-18 14:40:14,2025-09-18 12:40:14
REF000331,EHR-REF0000331,NorthStar EHR,PAT000757,COV000757,PRC0018,ORG006,LOC006,SPC008,PRC0053,ORG024,,2026-01-26 03:57:18,2026-01-26 15:57:18,Synthetic evaluation request for Pulmonology,Z72.2,Routine,Closed—Not Completed,,2026-02-03 11:57:18,,2026-01-29 08:57:18,2026-01-30 01:57:18,,,,2026-02-03 11:57:18,Not Completed,Patient Moved,2026-01-26 15:57:18,2026-02-03 11:57:18
REF000332,EHR-REF0000332,NorthStar EHR,PAT000398,COV000398,PRC0006,ORG006,LOC006,SPC009,PRC0069,ORG015,,2025-08-01 18:55:51,2025-08-02 03:55:51,Synthetic evaluation request for Rheumatology,Z19.3,Routine,Closed—Completed,,2025-08-10 22:55:51,,2025-08-03 11:55:51,2025-08-05 22:55:51,2025-08-07 09:55:51,2025-08-28 09:55:51,2025-09-03 09:55:51,2025-09-04 06:55:51,Completed,,2025-08-02 03:55:51,2025-09-04 06:55:51
REF000333,EHR-REF0000333,NorthStar EHR,PAT000656,COV000656,PRC0006,ORG006,LOC006,SPC005,PRC0075,ORG021,USR008,2026-02-10 07:02:01,2026-02-10 17:02:01,Synthetic evaluation request for Neurology,Z80.8,Routine,Scheduled,Appointment Verification,2026-02-16 03:02:01,2026-02-19 03:02:01,2026-02-12 21:02:01,2026-02-13 00:02:01,2026-02-13 18:02:01,,,,,,2026-02-10 17:02:01,2026-02-16 03:02:01
REF000334,EHR-REF0000334,NorthStar EHR,PAT001221,COV001221,PRC0020,ORG002,LOC002,SPC002,PRC0072,ORG018,USR011,2025-12-28 21:08:41,2025-12-29 07:08:41,Synthetic evaluation request for Dermatology,Z15.7,Routine,Ready for Outreach,Ready for Outreach,2025-12-29 14:08:41,2026-01-01 14:08:41,2025-12-29 14:08:41,,,,,,,,2025-12-29 07:08:41,2025-12-29 14:08:41
REF000335,EHR-REF0000335,NorthStar EHR,PAT000731,COV000731,PRC0022,ORG004,LOC004,SPC004,PRC0089,ORG010,,2025-09-13 06:35:01,2025-09-14 03:35:01,Synthetic evaluation request for Gastroenterology,Z68.9,Routine,Closed—Completed,,2025-09-27 09:35:01,,2025-09-17 12:35:01,2025-09-15 23:35:01,2025-09-17 00:35:01,2025-10-18 00:35:01,2025-10-25 00:35:01,2025-10-26 04:35:01,Completed,,2025-09-14 03:35:01,2025-10-26 04:35:01
REF000336,EHR-REF0000336,NorthStar EHR,PAT000397,COV000397,PRC0016,ORG004,LOC004,SPC003,PRC0098,ORG019,USR002,2026-06-21 08:08:53,2026-06-21 22:08:53,Synthetic evaluation request for Endocrinology,Z57.2,Routine,Needs Information,Needs Information,2026-06-24 12:08:53,2026-06-27 12:08:53,,,,,,,,,2026-06-21 22:08:53,2026-06-24 12:08:53
REF000337,EHR-REF0000337,NorthStar EHR,PAT001092,COV001092,PRC0005,ORG005,LOC005,SPC005,PRC0050,ORG021,,2026-04-22 18:25:06,2026-04-22 21:25:06,Synthetic evaluation request for Neurology,Z84.6,Routine,Closed—Completed,,2026-05-07 02:25:06,,2026-04-24 14:25:06,2026-04-23 11:25:06,2026-04-25 07:25:06,2026-04-28 07:25:06,2026-05-05 07:25:06,2026-05-06 21:25:06,Completed,,2026-04-22 21:25:06,2026-05-06 21:25:06
REF000338,EHR-REF0000338,NorthStar EHR,PAT000544,COV000544,PRC0002,ORG002,LOC002,SPC003,PRC0098,ORG019,,2026-05-31 08:28:15,2026-06-01 08:28:15,Synthetic evaluation request for Endocrinology,Z67.8,Routine,Closed—Completed,,2026-06-15 17:28:15,,2026-06-04 15:28:15,2026-06-01 20:28:15,2026-06-02 22:28:15,2026-06-13 22:28:15,2026-06-17 22:28:15,2026-06-18 17:28:15,Completed,,2026-06-01 08:28:15,2026-06-18 17:28:15
REF000339,EHR-REF0000339,NorthStar EHR,PAT000461,COV000461,PRC0033,ORG003,LOC003,SPC003,PRC0048,ORG019,,2025-09-28 16:06:46,2025-09-28 17:06:46,Synthetic evaluation request for Endocrinology,Z86.5,Routine,Closed—Not Completed,,2025-10-05 01:06:46,,2025-09-30 13:06:46,2025-10-01 02:06:46,,,,2025-10-05 01:06:46,Not Completed,No Longer Clinically Indicated,2025-09-28 17:06:46,2025-10-05 01:06:46
REF000340,EHR-REF0000340,NorthStar EHR,PAT000867,COV000867,PRC0029,ORG005,LOC005,SPC001,PRC0036,ORG007,,2026-06-26 07:14:33,2026-06-26 07:14:33,Synthetic evaluation request for Cardiology,Z10.5,Routine,Closed—Not Completed,,2026-07-06 17:14:33,,2026-06-29 01:14:33,2026-06-27 13:14:33,,,,2026-07-06 17:14:33,Not Completed,No Longer Clinically Indicated,2026-06-26 07:14:33,2026-07-06 17:14:33
REF000341,EHR-REF0000341,NorthStar EHR,PAT000786,COV000786,PRC0015,ORG003,LOC003,SPC004,PRC0074,ORG020,USR006,2025-09-03 17:49:45,2025-09-04 02:49:45,Synthetic evaluation request for Gastroenterology,Z81.9,Routine,Scheduled,Appointment Verification,2025-09-13 02:49:45,2025-09-16 02:49:45,2025-09-08 00:49:45,2025-09-05 04:49:45,2025-09-06 17:49:45,,,,,,2025-09-04 02:49:45,2025-09-13 02:49:45
REF000342,EHR-REF0000342,NorthStar EHR,PAT000462,COV000462,PRC0001,ORG001,LOC001,SPC006,PRC0076,ORG022,,2025-10-06 15:04:08,2025-10-07 15:04:08,Synthetic evaluation request for Orthopedics,Z87.8,Routine,Closed—Completed,,2025-10-18 04:04:08,,2025-10-08 22:04:08,2025-10-10 12:04:08,2025-10-11 10:04:08,2025-11-09 10:04:08,2025-11-11 10:04:08,2025-11-12 20:04:08,Completed,,2025-10-07 15:04:08,2025-11-12 20:04:08
REF000343,EHR-REF0000343,NorthStar EHR,PAT000810,COV000810,PRC0032,ORG002,LOC002,SPC009,PRC0069,ORG015,,2025-08-06 00:40:36,2025-08-06 03:40:36,Synthetic evaluation request for Rheumatology,Z67.7,Routine,Cancelled,,2025-08-06 13:40:36,,2025-08-06 13:40:36,,,,,2025-08-06 13:40:36,Cancelled,No Longer Clinically Indicated,2025-08-06 03:40:36,2025-08-06 13:40:36
REF000344,EHR-REF0000344,NorthStar EHR,PAT001594,COV001594,PRC0009,ORG003,LOC003,SPC008,PRC0103,ORG024,USR012,2025-12-13 05:07:24,2025-12-14 04:07:24,Synthetic evaluation request for Pulmonology,Z83.3,Urgent,Scheduled,Appointment Verification,2025-12-20 12:07:24,2025-12-21 12:07:24,2025-12-17 02:07:24,2025-12-17 16:07:24,2025-12-18 12:07:24,,,,,,2025-12-14 04:07:24,2025-12-20 12:07:24
REF000345,EHR-REF0000345,NorthStar EHR,PAT001100,COV001100,PRC0022,ORG004,LOC004,SPC001,PRC0046,ORG017,USR003,2026-03-07 17:22:08,2026-03-08 09:22:08,Synthetic evaluation request for Cardiology,Z42.5,Routine,Scheduled,Appointment Verification,2026-03-13 07:22:08,2026-03-16 07:22:08,2026-03-11 17:22:08,2026-03-10 17:22:08,2026-03-11 11:22:08,,,,,,2026-03-08 09:22:08,2026-03-13 07:22:08
REF000346,EHR-REF0000346,NorthStar EHR,PAT000296,COV000296,PRC0012,ORG006,LOC006,SPC010,PRC0070,ORG016,,2026-07-02 22:11:10,2026-07-03 09:11:10,Synthetic evaluation request for General Surgery,Z80.7,Urgent,Closed—Completed,,2026-07-14 23:11:10,,2026-07-06 09:11:10,2026-07-05 09:11:10,2026-07-06 02:11:10,2026-08-01 02:11:10,2026-08-03 02:11:10,2026-08-04 07:11:10,Completed,,2026-07-03 09:11:10,2026-08-04 07:11:10
REF000347,EHR-REF0000347,NorthStar EHR,PAT001354,COV001354,PRC0033,ORG003,LOC003,SPC004,PRC0059,ORG030,USR009,2025-08-07 14:35:04,2025-08-08 04:35:04,Synthetic evaluation request for Gastroenterology,Z29.9,Routine,Outreach in Progress,Outreach Follow-Up,2025-08-10 20:35:04,2025-08-13 20:35:04,2025-08-08 19:35:04,2025-08-13 04:35:04,,,,,,,2025-08-08 04:35:04,2025-08-10 20:35:04
REF000348,EHR-REF0000348,NorthStar EHR,PAT000421,COV000421,PRC0029,ORG005,LOC005,SPC008,PRC0103,ORG024,USR007,2026-02-07 15:02:13,2026-02-08 02:02:13,Synthetic evaluation request for Pulmonology,Z83.4,Routine,Outreach in Progress,Outreach Follow-Up,2026-02-10 03:02:13,2026-02-13 03:02:13,2026-02-09 08:02:13,2026-02-08 19:02:13,,,,,,,2026-02-08 02:02:13,2026-02-10 03:02:13
REF000349,EHR-REF0000349,NorthStar EHR,PAT000051,COV000051,PRC0019,ORG001,LOC001,SPC009,PRC0104,ORG025,USR012,2026-04-02 10:29:02,2026-04-02 21:29:02,Synthetic evaluation request for Rheumatology,Z19.3,Urgent,Outreach in Progress,Outreach Follow-Up,2026-04-04 21:29:02,2026-04-05 21:29:02,2026-04-03 18:29:02,2026-04-07 06:29:02,,,,,,,2026-04-02 21:29:02,2026-04-04 21:29:02
REF000350,EHR-REF0000350,NorthStar EHR,PAT001627,COV001627,PRC0003,ORG003,LOC003,SPC003,PRC0058,ORG029,,2026-02-12 17:31:27,2026-02-13 06:31:27,Synthetic evaluation request for Endocrinology,Z16.3,Routine,Closed—Completed,,2026-02-25 22:31:27,,2026-02-16 14:31:27,2026-02-17 05:31:27,2026-02-19 04:31:27,2026-03-15 04:31:27,2026-03-23 04:31:27,2026-03-24 16:31:27,Completed,,2026-02-13 06:31:27,2026-03-24 16:31:27
REF000351,EHR-REF0000351,NorthStar EHR,PAT001433,COV001433,PRC0033,ORG003,LOC003,SPC003,PRC0048,ORG019,USR003,2026-04-23 06:42:58,2026-04-23 15:42:58,Synthetic evaluation request for Endocrinology,Z81.4,Routine,Completed—Report Pending,Report Pending,2026-05-04 04:42:58,2026-05-07 04:42:58,2026-04-27 04:42:58,2026-04-25 19:42:58,2026-04-26 14:42:58,2026-05-06 14:42:58,,,,,2026-04-23 15:42:58,2026-05-04 04:42:58
REF000352,EHR-REF0000352,NorthStar EHR,PAT001864,COV001864,PRC0032,ORG002,LOC002,SPC002,PRC0047,ORG018,USR005,2026-03-02 07:58:46,2026-03-02 14:58:46,Synthetic evaluation request for Dermatology,Z78.8,Urgent,Needs Information,Needs Information,2026-03-04 12:58:46,2026-03-05 12:58:46,,,,,,,,,2026-03-02 14:58:46,2026-03-04 12:58:46
REF000353,EHR-REF0000353,NorthStar EHR,PAT001097,COV001097,PRC0035,ORG005,LOC005,SPC003,PRC0088,ORG009,,2026-06-10 08:51:48,2026-06-11 01:51:48,Synthetic evaluation request for Endocrinology,Z60.4,Routine,Closed—Not Completed,,2026-06-18 23:51:48,,2026-06-12 01:51:48,2026-06-16 01:51:48,,,,2026-06-18 23:51:48,Not Completed,No Longer Clinically Indicated,2026-06-11 01:51:48,2026-06-18 23:51:48
REF000354,EHR-REF0000354,NorthStar EHR,PAT001223,COV001223,PRC0028,ORG004,LOC004,SPC004,PRC0064,ORG010,,2025-12-27 08:41:01,2025-12-27 09:41:01,Synthetic evaluation request for Gastroenterology,Z70.0,Routine,Closed—Completed,,2026-01-07 16:41:01,,2025-12-30 04:41:01,2025-12-31 02:41:01,2026-01-02 00:41:01,2026-01-28 00:41:01,2026-02-05 00:41:01,2026-02-06 04:41:01,Completed,,2025-12-27 09:41:01,2026-02-06 04:41:01
REF000355,EHR-REF0000355,NorthStar EHR,PAT000905,COV000905,PRC0033,ORG003,LOC003,SPC004,PRC0099,ORG020,USR010,2025-09-28 06:17:00,2025-09-28 16:17:00,Synthetic evaluation request for Gastroenterology,Z10.1,Routine,Outreach in Progress,Outreach Follow-Up,2025-10-04 23:17:00,2025-10-07 23:17:00,2025-10-02 14:17:00,2025-10-02 23:17:00,,,,,,,2025-09-28 16:17:00,2025-10-04 23:17:00
REF000356,EHR-REF0000356,NorthStar EHR,PAT001771,COV001771,PRC0030,ORG006,LOC006,SPC005,PRC0110,ORG031,USR014,2026-04-30 03:13:40,2026-04-30 09:13:40,Synthetic evaluation request for Neurology,Z81.8,Routine,Scheduled,Appointment Verification,2026-05-08 10:13:40,2026-05-11 10:13:40,2026-05-01 02:13:40,2026-05-04 21:13:40,2026-05-05 01:13:40,,,,,,2026-04-30 09:13:40,2026-05-08 10:13:40
REF000357,EHR-REF0000357,NorthStar EHR,PAT001663,COV001663,PRC0017,ORG005,LOC005,SPC001,PRC0106,ORG027,,2026-05-25 20:41:24,2026-05-26 14:41:24,Synthetic evaluation request for Cardiology,Z74.4,Routine,Closed—Completed,,2026-06-08 17:41:24,,2026-05-30 04:41:24,2026-05-27 07:41:24,2026-05-28 13:41:24,2026-06-08 13:41:24,2026-06-16 13:41:24,2026-06-17 11:41:24,Completed,,2026-05-26 14:41:24,2026-06-17 11:41:24
REF000358,EHR-REF0000358,NorthStar EHR,PAT001474,COV001474,PRC0018,ORG006,LOC006,SPC010,PRC0070,ORG016,,2025-12-21 06:20:03,2025-12-22 04:20:03,Synthetic evaluation request for General Surgery,Z26.0,Urgent,Closed—Not Completed,,2025-12-28 01:20:03,,2025-12-24 20:20:03,2025-12-25 06:20:03,,,,2025-12-28 01:20:03,Not Completed,No Longer Clinically Indicated,2025-12-22 04:20:03,2025-12-28 01:20:03
REF000359,EHR-REF0000359,NorthStar EHR,PAT001149,COV001149,PRC0009,ORG003,LOC003,SPC002,PRC0082,ORG028,USR011,2026-02-28 22:07:02,2026-03-01 03:07:02,Synthetic evaluation request for Dermatology,Z25.0,Routine,Scheduled,Appointment Verification,2026-03-06 19:07:02,2026-03-09 19:07:02,2026-03-03 21:07:02,2026-03-03 22:07:02,2026-03-05 07:07:02,,,,,,2026-03-01 03:07:02,2026-03-06 19:07:02
REF000360,EHR-REF0000360,NorthStar EHR,PAT000904,COV000904,PRC0021,ORG003,LOC003,SPC005,PRC0085,ORG031,USR005,2026-07-06 04:30:38,2026-07-06 08:30:38,Synthetic evaluation request for Neurology,Z51.2,Urgent,Scheduled,Appointment Verification,2026-07-10 06:30:38,2026-07-11 06:30:38,2026-07-06 16:30:38,2026-07-08 14:30:38,2026-07-08 21:30:38,,,,,,2026-07-06 08:30:38,2026-07-10 06:30:38
REF000361,EHR-REF0000361,NorthStar EHR,PAT001904,COV001904,PRC0021,ORG003,LOC003,SPC005,PRC0090,ORG011,USR008,2026-06-15 05:24:39,2026-06-15 17:24:39,Synthetic evaluation request for Neurology,Z61.8,Routine,Completed—Report Pending,Report Pending,2026-06-23 05:24:39,2026-06-26 05:24:39,2026-06-19 05:24:39,2026-06-16 10:24:39,2026-06-17 23:24:39,2026-06-29 23:24:39,,,,,2026-06-15 17:24:39,2026-06-23 05:24:39
REF000362,EHR-REF0000362,NorthStar EHR,PAT000880,COV000880,PRC0029,ORG005,LOC005,SPC005,PRC0100,ORG021,USR007,2025-09-22 11:21:08,2025-09-22 12:21:08,Synthetic evaluation request for Neurology,Z84.5,Routine,Outreach in Progress,Outreach Follow-Up,2025-09-27 12:21:08,2025-09-30 12:21:08,2025-09-26 09:21:08,2025-09-27 09:21:08,,,,,,,2025-09-22 12:21:08,2025-09-27 12:21:08
REF000363,EHR-REF0000363,NorthStar EHR,PAT001866,COV001866,PRC0023,ORG005,LOC005,SPC007,PRC0052,ORG023,USR002,2026-03-22 15:14:42,2026-03-22 21:14:42,Synthetic evaluation request for Otolaryngology,Z16.9,Routine,Needs Information,Needs Information,2026-03-23 22:14:42,2026-03-26 22:14:42,,,,,,,,,2026-03-22 21:14:42,2026-03-23 22:14:42
REF000364,EHR-REF0000364,NorthStar EHR,PAT001279,COV001279,PRC0004,ORG004,LOC004,SPC008,PRC0103,ORG024,USR014,2026-02-23 21:52:55,2026-02-23 23:52:55,Synthetic evaluation request for Pulmonology,Z43.0,Routine,Outreach in Progress,Outreach Follow-Up,2026-02-28 08:52:55,2026-03-03 08:52:55,2026-02-26 13:52:55,2026-02-28 05:52:55,,,,,,,2026-02-23 23:52:55,2026-02-28 08:52:55
REF000365,EHR-REF0000365,NorthStar EHR,PAT001199,COV001199,PRC0010,ORG004,LOC004,SPC010,PRC0095,ORG016,USR004,2026-03-06 09:33:40,2026-03-07 00:33:40,Synthetic evaluation request for General Surgery,Z64.9,Routine,Scheduled,Appointment Verification,2026-03-18 03:33:40,2026-03-21 03:33:40,2026-03-10 09:33:40,2026-03-11 00:33:40,2026-03-11 04:33:40,,,,,,2026-03-07 00:33:40,2026-03-18 03:33:40
REF000366,EHR-REF0000366,NorthStar EHR,PAT001911,COV001911,PRC0030,ORG006,LOC006,SPC004,PRC0039,ORG010,USR004,2026-03-16 05:10:10,2026-03-16 23:10:10,Synthetic evaluation request for Gastroenterology,Z43.6,Routine,Outreach in Progress,Outreach Follow-Up,2026-03-20 16:10:10,2026-03-23 16:10:10,2026-03-18 15:10:10,2026-03-17 17:10:10,,,,,,,2026-03-16 23:10:10,2026-03-20 16:10:10
REF000367,EHR-REF0000367,NorthStar EHR,PAT000255,COV000255,PRC0015,ORG003,LOC003,SPC003,PRC0108,ORG029,,2026-04-08 16:10:08,2026-04-08 19:10:08,Synthetic evaluation request for Endocrinology,Z55.5,Routine,Cancelled,,2026-04-11 10:10:08,,2026-04-11 10:10:08,,,,,2026-04-11 10:10:08,Cancelled,Duplicate Referral,2026-04-08 19:10:08,2026-04-11 10:10:08
REF000368,EHR-REF0000368,NorthStar EHR,PAT001949,COV001949,PRC0021,ORG003,LOC003,SPC001,PRC0061,ORG007,,2026-03-22 21:42:23,2026-03-23 07:42:23,Synthetic evaluation request for Cardiology,Z63.4,Routine,Closed—Completed,,2026-03-31 19:42:23,,2026-03-26 15:42:23,2026-03-28 07:42:23,2026-03-29 20:42:23,2026-04-26 20:42:23,2026-05-01 20:42:23,2026-05-03 08:42:23,Completed,,2026-03-23 07:42:23,2026-05-03 08:42:23
REF000369,EHR-REF0000369,NorthStar EHR,PAT001681,COV001681,PRC0016,ORG004,LOC004,SPC007,PRC0042,ORG013,USR006,2026-04-23 05:24:01,2026-04-23 16:24:01,Synthetic evaluation request for Otolaryngology,Z57.1,Urgent,Outreach in Progress,Outreach Follow-Up,2026-05-01 11:24:01,2026-05-02 11:24:01,2026-04-27 13:24:01,2026-04-25 08:24:01,,,,,,,2026-04-23 16:24:01,2026-05-01 11:24:01
REF000370,EHR-REF0000370,NorthStar EHR,PAT001148,COV001148,PRC0011,ORG005,LOC005,SPC004,PRC0059,ORG030,,2026-02-18 21:44:13,2026-02-19 19:44:13,Synthetic evaluation request for Gastroenterology,Z71.5,Routine,Closed—Completed,,2026-02-28 08:44:13,,2026-02-21 11:44:13,2026-02-23 09:44:13,2026-02-23 13:44:13,2026-02-27 13:44:13,2026-03-04 13:44:13,2026-03-05 00:44:13,Completed,,2026-02-19 19:44:13,2026-03-05 00:44:13
REF000371,EHR-REF0000371,NorthStar EHR,PAT000480,COV000480,PRC0025,ORG001,LOC001,SPC010,PRC0105,ORG026,,2026-05-12 13:04:09,2026-05-13 03:04:09,Synthetic evaluation request for General Surgery,Z87.4,Routine,Closed—Completed,,2026-05-27 05:04:09,,2026-05-15 15:04:09,2026-05-16 20:04:09,2026-05-17 04:04:09,2026-06-20 04:04:09,2026-06-25 04:04:09,2026-06-26 06:04:09,Completed,,2026-05-13 03:04:09,2026-06-26 06:04:09
REF000372,EHR-REF0000372,NorthStar EHR,PAT000413,COV000413,PRC0015,ORG003,LOC003,SPC008,PRC0103,ORG024,USR012,2025-11-26 21:05:30,2025-11-27 11:05:30,Synthetic evaluation request for Pulmonology,Z24.3,Routine,Scheduled,Appointment Verification,2025-12-01 11:05:30,2025-12-04 11:05:30,2025-11-29 15:05:30,2025-12-01 18:05:30,2025-12-02 10:05:30,,,,,,2025-11-27 11:05:30,2025-12-01 11:05:30
REF000373,EHR-REF0000373,NorthStar EHR,PAT001508,COV001508,PRC0022,ORG004,LOC004,SPC002,PRC0087,ORG008,USR007,2026-02-09 10:31:22,2026-02-10 01:31:22,Synthetic evaluation request for Dermatology,Z62.1,Routine,Outreach in Progress,Outreach Follow-Up,2026-02-15 01:31:22,2026-02-18 01:31:22,2026-02-11 23:31:22,2026-02-10 14:31:22,,,,,,,2026-02-10 01:31:22,2026-02-15 01:31:22
REF000374,EHR-REF0000374,NorthStar EHR,PAT001550,COV001550,PRC0004,ORG004,LOC004,SPC005,PRC0075,ORG021,,2026-03-11 05:48:31,2026-03-11 11:48:31,Synthetic evaluation request for Neurology,Z39.3,Routine,Closed—Completed,,2026-03-20 11:48:31,,2026-03-14 17:48:31,2026-03-14 16:48:31,2026-03-15 17:48:31,2026-04-03 17:48:31,2026-04-10 17:48:31,2026-04-11 11:48:31,Completed,,2026-03-11 11:48:31,2026-04-11 11:48:31
REF000375,EHR-REF0000375,NorthStar EHR,PAT001847,COV001847,PRC0032,ORG002,LOC002,SPC002,PRC0082,ORG028,,2026-04-09 04:14:45,2026-04-10 01:14:45,Synthetic evaluation request for Dermatology,Z75.7,Urgent,Closed—Not Completed,,2026-04-16 01:14:45,,2026-04-12 04:14:45,2026-04-10 21:14:45,,,,2026-04-16 01:14:45,Not Completed,No Longer Clinically Indicated,2026-04-10 01:14:45,2026-04-16 01:14:45
REF000376,EHR-REF0000376,NorthStar EHR,PAT000835,COV000835,PRC0030,ORG006,LOC006,SPC005,PRC0060,ORG031,,2026-06-23 12:07:26,2026-06-24 07:07:26,Synthetic evaluation request for Neurology,Z80.5,Routine,Closed—Completed,,2026-07-02 05:07:26,,2026-06-25 08:07:26,2026-06-24 21:07:26,2026-06-25 14:07:26,2026-07-29 14:07:26,2026-08-04 14:07:26,2026-08-05 22:07:26,Completed,,2026-06-24 07:07:26,2026-08-05 22:07:26
REF000377,EHR-REF0000377,NorthStar EHR,PAT000573,COV000573,PRC0010,ORG004,LOC004,SPC010,PRC0080,ORG026,USR006,2025-12-25 10:21:42,2025-12-26 07:21:42,Synthetic evaluation request for General Surgery,Z40.3,Urgent,Scheduled,Appointment Verification,2026-01-02 05:21:42,2026-01-03 05:21:42,2025-12-29 01:21:42,2025-12-30 06:21:42,2025-12-31 16:21:42,,,,,,2025-12-26 07:21:42,2026-01-02 05:21:42
REF000378,EHR-REF0000378,NorthStar EHR,PAT000962,COV000962,PRC0022,ORG004,LOC004,SPC007,PRC0052,ORG023,USR002,2026-03-03 05:41:59,2026-03-03 08:41:59,Synthetic evaluation request for Otolaryngology,Z51.9,Urgent,Ready for Outreach,Ready for Outreach,2026-03-06 13:41:59,2026-03-07 13:41:59,2026-03-06 13:41:59,,,,,,,,2026-03-03 08:41:59,2026-03-06 13:41:59
REF000379,EHR-REF0000379,NorthStar EHR,PAT001649,COV001649,PRC0025,ORG001,LOC001,SPC009,PRC0069,ORG015,USR006,2025-09-10 23:58:46,2025-09-11 10:58:46,Synthetic evaluation request for Rheumatology,Z44.0,Routine,Needs Information,Needs Information,2025-09-12 07:58:46,2025-09-15 07:58:46,,,,,,,,,2025-09-11 10:58:46,2025-09-12 07:58:46
REF000380,EHR-REF0000380,NorthStar EHR,PAT001414,COV001414,PRC0020,ORG002,LOC002,SPC001,PRC0056,ORG027,,2025-09-02 07:18:52,2025-09-02 20:18:52,Synthetic evaluation request for Cardiology,Z49.7,Routine,Closed—Completed,,2025-09-08 19:18:52,,2025-09-05 12:18:52,2025-09-03 18:18:52,2025-09-05 10:18:52,2025-09-17 10:18:52,2025-09-20 10:18:52,2025-09-21 01:18:52,Completed,,2025-09-02 20:18:52,2025-09-21 01:18:52
REF000381,EHR-REF0000381,NorthStar EHR,PAT000097,COV000097,PRC0011,ORG005,LOC005,SPC009,PRC0054,ORG025,,2026-06-07 03:32:54,2026-06-07 20:32:54,Synthetic evaluation request for Rheumatology,Z25.6,Routine,Closed—Not Completed,,2026-06-11 10:32:54,,2026-06-09 02:32:54,2026-06-10 14:32:54,,,,2026-06-11 10:32:54,Not Completed,Patient Chose Another Provider,2026-06-07 20:32:54,2026-06-11 10:32:54
REF000382,EHR-REF0000382,NorthStar EHR,PAT001977,COV001977,PRC0001,ORG001,LOC001,SPC009,PRC0094,ORG015,,2025-10-09 00:31:22,2025-10-09 17:31:22,Synthetic evaluation request for Rheumatology,Z71.7,Routine,Closed—Completed,,2025-10-26 03:31:22,,2025-10-13 11:31:22,2025-10-12 06:31:22,2025-10-13 07:31:22,2025-11-01 07:31:22,2025-11-03 07:31:22,2025-11-03 20:31:22,Completed,,2025-10-09 17:31:22,2025-11-03 20:31:22
REF000383,EHR-REF0000383,NorthStar EHR,PAT000497,COV000497,PRC0028,ORG004,LOC004,SPC003,PRC0083,ORG029,USR013,2026-02-19 22:26:36,2026-02-20 05:26:36,Synthetic evaluation request for Endocrinology,Z27.2,Routine,Needs Information,Needs Information,2026-02-24 03:26:36,2026-02-27 03:26:36,,,,,,,,,2026-02-20 05:26:36,2026-02-24 03:26:36
REF000384,EHR-REF0000384,NorthStar EHR,PAT001037,COV001037,PRC0003,ORG003,LOC003,SPC008,PRC0053,ORG024,USR006,2026-02-22 00:37:58,2026-02-22 14:37:58,Synthetic evaluation request for Pulmonology,Z16.0,Routine,Ready for Outreach,Ready for Outreach,2026-02-25 13:37:58,2026-02-28 13:37:58,2026-02-25 13:37:58,,,,,,,,2026-02-22 14:37:58,2026-02-25 13:37:58
REF000385,EHR-REF0000385,NorthStar EHR,PAT000386,COV000386,PRC0025,ORG001,LOC001,SPC006,PRC0041,ORG012,USR010,2025-08-04 14:50:31,2025-08-04 18:50:31,Synthetic evaluation request for Orthopedics,Z14.1,Routine,Scheduled,Appointment Verification,2025-08-08 06:50:31,2025-08-11 06:50:31,2025-08-05 15:50:31,2025-08-07 05:50:31,2025-08-08 22:50:31,,,,,,2025-08-04 18:50:31,2025-08-08 06:50:31
REF000386,EHR-REF0000386,NorthStar EHR,PAT001128,COV001128,PRC0033,ORG003,LOC003,SPC002,PRC0057,ORG028,USR004,2025-12-12 18:21:07,2025-12-13 10:21:07,Synthetic evaluation request for Dermatology,Z43.2,Routine,Completed—Report Pending,Report Pending,2025-12-23 09:21:07,2025-12-26 09:21:07,2025-12-16 10:21:07,2025-12-15 16:21:07,2025-12-17 13:21:07,2025-12-27 13:21:07,,,,,2025-12-13 10:21:07,2025-12-23 09:21:07
REF000387,EHR-REF0000387,NorthStar EHR,PAT000507,COV000507,PRC0015,ORG003,LOC003,SPC007,PRC0042,ORG013,,2026-01-17 06:11:30,2026-01-18 05:11:30,Synthetic evaluation request for Otolaryngology,Z81.6,Urgent,Closed—Completed,,2026-01-25 13:11:30,,2026-01-20 03:11:30,2026-01-22 13:11:30,2026-01-23 07:11:30,2026-02-12 07:11:30,2026-02-16 07:11:30,2026-02-17 08:11:30,Completed,,2026-01-18 05:11:30,2026-02-17 08:11:30
REF000388,EHR-REF0000388,NorthStar EHR,PAT000065,COV000065,PRC0003,ORG003,LOC003,SPC003,PRC0058,ORG029,USR002,2025-12-13 02:41:24,2025-12-13 05:41:24,Synthetic evaluation request for Endocrinology,Z34.3,Urgent,Scheduled,Appointment Verification,2025-12-18 13:41:24,2025-12-19 13:41:24,2025-12-15 02:41:24,2025-12-17 14:41:24,2025-12-18 07:41:24,,,,,,2025-12-13 05:41:24,2025-12-18 13:41:24
REF000389,EHR-REF0000389,NorthStar EHR,PAT000885,COV000885,PRC0016,ORG004,LOC004,SPC005,PRC0060,ORG031,USR001,2026-03-01 07:02:57,2026-03-02 05:02:57,Synthetic evaluation request for Neurology,Z64.2,Routine,Received,New Intake,2026-03-02 05:02:57,2026-03-05 05:02:57,,,,,,,,,2026-03-02 05:02:57,2026-03-02 05:02:57
REF000390,EHR-REF0000390,NorthStar EHR,PAT001105,COV001105,PRC0029,ORG005,LOC005,SPC007,PRC0092,ORG013,,2025-10-27 06:16:10,2025-10-27 22:16:10,Synthetic evaluation request for Otolaryngology,Z13.6,Routine,Closed—Completed,,2025-11-12 23:16:10,,2025-10-31 21:16:10,2025-10-30 05:16:10,2025-10-30 16:16:10,2025-11-13 16:16:10,2025-11-23 16:16:10,2025-11-24 18:16:10,Completed,,2025-10-27 22:16:10,2025-11-24 18:16:10
REF000391,EHR-REF0000391,NorthStar EHR,PAT000051,COV000051,PRC0022,ORG004,LOC004,SPC006,PRC0066,ORG012,USR007,2025-10-18 20:16:30,2025-10-18 22:16:30,Synthetic evaluation request for Orthopedics,Z12.1,Urgent,Scheduled,Appointment Verification,2025-10-23 20:16:30,2025-10-24 20:16:30,2025-10-20 08:16:30,2025-10-22 19:16:30,2025-10-23 22:16:30,,,,,,2025-10-18 22:16:30,2025-10-23 20:16:30
REF000392,EHR-REF0000392,NorthStar EHR,PAT001341,COV001341,PRC0006,ORG006,LOC006,SPC009,PRC0104,ORG025,USR003,2025-11-12 06:38:57,2025-11-12 21:38:57,Synthetic evaluation request for Rheumatology,Z44.6,Routine,Outreach in Progress,Outreach Follow-Up,2025-11-20 07:38:57,2025-11-23 07:38:57,2025-11-16 09:38:57,2025-11-14 01:38:57,,,,,,,2025-11-12 21:38:57,2025-11-20 07:38:57
REF000393,EHR-REF0000393,NorthStar EHR,PAT001070,COV001070,PRC0027,ORG003,LOC003,SPC010,PRC0070,ORG016,,2025-08-04 03:52:30,2025-08-04 06:52:30,Synthetic evaluation request for General Surgery,Z53.6,Urgent,Closed—Completed,,2025-08-18 22:52:30,,2025-08-06 16:52:30,2025-08-07 16:52:30,2025-08-07 23:52:30,2025-08-30 23:52:30,2025-09-09 23:52:30,2025-09-10 19:52:30,Completed,,2025-08-04 06:52:30,2025-09-10 19:52:30
REF000394,EHR-REF0000394,NorthStar EHR,PAT000108,COV000108,PRC0033,ORG003,LOC003,SPC005,PRC0090,ORG011,USR012,2026-06-29 00:00:58,2026-06-29 15:00:58,Synthetic evaluation request for Neurology,Z20.7,Routine,Needs Information,Needs Information,2026-07-03 06:00:58,2026-07-06 06:00:58,,,,,,,,,2026-06-29 15:00:58,2026-07-03 06:00:58
REF000395,EHR-REF0000395,NorthStar EHR,PAT000871,COV000871,PRC0010,ORG004,LOC004,SPC003,PRC0063,ORG009,USR011,2025-09-29 19:56:32,2025-09-30 02:56:32,Synthetic evaluation request for Endocrinology,Z10.4,Routine,Scheduled,Appointment Verification,2025-10-09 12:56:32,2025-10-12 12:56:32,2025-10-02 05:56:32,2025-10-02 17:56:32,2025-10-03 08:56:32,,,,,,2025-09-30 02:56:32,2025-10-09 12:56:32
REF000396,EHR-REF0000396,NorthStar EHR,PAT001329,COV001329,PRC0013,ORG001,LOC001,SPC001,PRC0106,ORG027,USR001,2025-08-02 05:47:11,2025-08-02 15:47:11,Synthetic evaluation request for Cardiology,Z86.5,Routine,Completed—Report Pending,Report Pending,2025-08-08 23:47:11,2025-08-11 23:47:11,2025-08-02 21:47:11,2025-08-06 03:47:11,2025-08-07 05:47:11,2025-09-10 05:47:11,,,,,2025-08-02 15:47:11,2025-08-08 23:47:11
REF000397,EHR-REF0000397,NorthStar EHR,PAT000959,COV000959,PRC0010,ORG004,LOC004,SPC006,PRC0041,ORG012,,2025-09-29 11:23:32,2025-09-29 19:23:32,Synthetic evaluation request for Orthopedics,Z14.2,Routine,Closed—Not Completed,,2025-10-07 22:23:32,,2025-10-03 04:23:32,2025-09-30 21:23:32,,,,2025-10-07 22:23:32,Not Completed,Transferred Care,2025-09-29 19:23:32,2025-10-07 22:23:32
REF000398,EHR-REF0000398,NorthStar EHR,PAT000407,COV000407,PRC0020,ORG002,LOC002,SPC005,PRC0100,ORG021,USR007,2026-03-04 00:49:46,2026-03-04 21:49:46,Synthetic evaluation request for Neurology,Z45.5,Routine,Completed—Report Pending,Report Pending,2026-03-16 12:49:46,2026-03-19 12:49:46,2026-03-07 12:49:46,2026-03-07 06:49:46,2026-03-09 01:49:46,2026-04-06 01:49:46,,,,,2026-03-04 21:49:46,2026-03-16 12:49:46
REF000399,EHR-REF0000399,NorthStar EHR,PAT000775,COV000775,PRC0003,ORG003,LOC003,SPC006,PRC0076,ORG022,,2025-11-09 06:52:15,2025-11-09 16:52:15,Synthetic evaluation request for Orthopedics,Z65.1,Urgent,Cancelled,,2025-11-10 04:52:15,,2025-11-10 04:52:15,,,,,2025-11-10 04:52:15,Cancelled,No Longer Clinically Indicated,2025-11-09 16:52:15,2025-11-10 04:52:15
REF000400,EHR-REF0000400,NorthStar EHR,PAT000086,COV000086,PRC0024,ORG006,LOC006,SPC004,PRC0064,ORG010,,2025-09-28 04:20:42,2025-09-29 00:20:42,Synthetic evaluation request for Gastroenterology,Z22.4,Routine,Closed—Completed,,2025-10-10 23:20:42,,2025-09-30 16:20:42,2025-10-03 00:20:42,2025-10-03 03:20:42,2025-10-24 03:20:42,2025-10-27 03:20:42,2025-10-28 08:20:42,Completed,,2025-09-29 00:20:42,2025-10-28 08:20:42
REF000401,EHR-REF0000401,NorthStar EHR,PAT000558,COV000558,PRC0011,ORG005,LOC005,SPC007,PRC0052,ORG023,,2026-05-19 03:43:09,2026-05-19 19:43:09,Synthetic evaluation request for Otolaryngology,Z43.4,Urgent,Closed—Completed,,2026-05-29 07:43:09,,2026-05-20 17:43:09,2026-05-23 13:43:09,2026-05-23 20:43:09,2026-06-24 20:43:09,2026-06-25 20:43:09,2026-06-27 03:43:09,Completed,,2026-05-19 19:43:09,2026-06-27 03:43:09
REF000402,EHR-REF0000402,NorthStar EHR,PAT001719,COV001719,PRC0022,ORG004,LOC004,SPC008,PRC0093,ORG014,,2026-02-16 13:35:42,2026-02-17 10:35:42,Synthetic evaluation request for Pulmonology,Z62.4,Routine,Closed—Completed,,2026-02-23 17:35:42,,2026-02-18 11:35:42,2026-02-18 02:35:42,2026-02-19 03:35:42,2026-03-12 03:35:42,2026-03-18 03:35:42,2026-03-18 19:35:42,Completed,,2026-02-17 10:35:42,2026-03-18 19:35:42
REF000403,EHR-REF0000403,NorthStar EHR,PAT001636,COV001636,PRC0003,ORG003,LOC003,SPC004,PRC0064,ORG010,USR001,2026-06-02 03:56:14,2026-06-02 10:56:14,Synthetic evaluation request for Gastroenterology,Z59.8,Routine,Ready for Outreach,Ready for Outreach,2026-06-04 04:56:14,2026-06-07 04:56:14,2026-06-04 04:56:14,,,,,,,,2026-06-02 10:56:14,2026-06-04 04:56:14
REF000404,EHR-REF0000404,NorthStar EHR,PAT000380,COV000380,PRC0016,ORG004,LOC004,SPC001,PRC0046,ORG017,USR003,2026-03-26 20:13:41,2026-03-27 10:13:41,Synthetic evaluation request for Cardiology,Z49.7,Routine,Received,New Intake,2026-03-27 10:13:41,2026-03-30 10:13:41,,,,,,,,,2026-03-27 10:13:41,2026-03-27 10:13:41
REF000405,EHR-REF0000405,NorthStar EHR,PAT000466,COV000466,PRC0030,ORG006,LOC006,SPC006,PRC0041,ORG012,USR008,2026-02-18 08:56:14,2026-02-19 05:56:14,Synthetic evaluation request for Orthopedics,Z81.1,Routine,Outreach in Progress,Outreach Follow-Up,2026-02-21 09:56:14,2026-02-24 09:56:14,2026-02-19 19:56:14,2026-02-23 11:56:14,,,,,,,2026-02-19 05:56:14,2026-02-21 09:56:14
REF000406,EHR-REF0000406,NorthStar EHR,PAT001239,COV001239,PRC0014,ORG002,LOC002,SPC010,PRC0080,ORG026,USR014,2025-12-07 13:29:35,2025-12-07 18:29:35,Synthetic evaluation request for General Surgery,Z83.4,Urgent,Needs Information,Needs Information,2025-12-10 12:29:35,2025-12-11 12:29:35,,,,,,,,,2025-12-07 18:29:35,2025-12-10 12:29:35
REF000407,EHR-REF0000407,NorthStar EHR,PAT001336,COV001336,PRC0014,ORG002,LOC002,SPC005,PRC0050,ORG021,USR006,2026-01-25 22:35:56,2026-01-25 23:35:56,Synthetic evaluation request for Neurology,Z13.1,Routine,Scheduled,Appointment Verification,2026-01-30 09:35:56,2026-02-02 09:35:56,2026-01-28 03:35:56,2026-01-29 01:35:56,2026-01-31 01:35:56,,,,,,2026-01-25 23:35:56,2026-01-30 09:35:56
REF000408,EHR-REF0000408,NorthStar EHR,PAT000164,COV000164,PRC0029,ORG005,LOC005,SPC003,PRC0088,ORG009,USR009,2026-07-05 02:20:29,2026-07-05 22:20:29,Synthetic evaluation request for Endocrinology,Z77.1,Routine,Scheduled,Appointment Verification,2026-07-14 10:20:29,2026-07-17 10:20:29,2026-07-09 16:20:29,2026-07-06 08:20:29,2026-07-07 21:20:29,,,,,,2026-07-05 22:20:29,2026-07-14 10:20:29
REF000409,EHR-REF0000409,NorthStar EHR,PAT001275,COV001275,PRC0022,ORG004,LOC004,SPC008,PRC0093,ORG014,,2026-03-17 17:33:00,2026-03-17 19:33:00,Synthetic evaluation request for Pulmonology,Z21.0,Routine,Closed—Completed,,2026-03-28 02:33:00,,2026-03-19 05:33:00,2026-03-18 17:33:00,2026-03-19 10:33:00,2026-04-07 10:33:00,2026-04-08 10:33:00,2026-04-09 23:33:00,Completed,,2026-03-17 19:33:00,2026-04-09 23:33:00
REF000410,EHR-REF0000410,NorthStar EHR,PAT001811,COV001811,PRC0001,ORG001,LOC001,SPC006,PRC0051,ORG022,,2026-05-21 17:47:44,2026-05-21 19:47:44,Synthetic evaluation request for Orthopedics,Z75.8,Urgent,Closed—Not Completed,,2026-05-24 21:47:44,,2026-05-22 21:47:44,2026-05-25 03:47:44,,,,2026-05-24 21:47:44,Not Completed,Patient Declined,2026-05-21 19:47:44,2026-05-24 21:47:44
REF000411,EHR-REF0000411,NorthStar EHR,PAT001987,COV001987,PRC0004,ORG004,LOC004,SPC006,PRC0051,ORG022,USR002,2025-12-05 15:10:10,2025-12-05 22:10:10,Synthetic evaluation request for Orthopedics,Z36.5,Routine,Completed—Report Pending,Report Pending,2025-12-16 23:10:10,2025-12-19 23:10:10,2025-12-07 15:10:10,2025-12-08 12:10:10,2025-12-09 17:10:10,2025-12-14 17:10:10,,,,,2025-12-05 22:10:10,2025-12-16 23:10:10
REF000412,EHR-REF0000412,NorthStar EHR,PAT001762,COV001762,PRC0033,ORG003,LOC003,SPC007,PRC0052,ORG023,,2025-11-17 04:46:50,2025-11-17 15:46:50,Synthetic evaluation request for Otolaryngology,Z41.0,Routine,Closed—Completed,,2025-11-29 21:46:50,,2025-11-18 05:46:50,2025-11-19 01:46:50,2025-11-19 21:46:50,2025-12-01 21:46:50,2025-12-04 21:46:50,2025-12-05 21:46:50,Completed,,2025-11-17 15:46:50,2025-12-05 21:46:50
REF000413,EHR-REF0000413,NorthStar EHR,PAT000013,COV000013,PRC0023,ORG005,LOC005,SPC009,PRC0054,ORG025,,2025-08-09 16:39:32,2025-08-10 02:39:32,Synthetic evaluation request for Rheumatology,Z16.5,Routine,Closed—Completed,,2025-08-21 02:39:32,,2025-08-13 11:39:32,2025-08-12 23:39:32,2025-08-14 22:39:32,2025-08-18 22:39:32,2025-08-19 22:39:32,2025-08-21 06:39:32,Completed,,2025-08-10 02:39:32,2025-08-21 06:39:32
REF000414,EHR-REF0000414,NorthStar EHR,PAT000556,COV000556,PRC0008,ORG002,LOC002,SPC003,PRC0098,ORG019,USR009,2026-06-12 21:13:15,2026-06-13 08:13:15,Synthetic evaluation request for Endocrinology,Z73.9,Urgent,Completed—Report Pending,Report Pending,2026-06-22 20:13:15,2026-06-23 20:13:15,2026-06-13 15:13:15,2026-06-17 05:13:15,2026-06-18 00:13:15,2026-07-07 00:13:15,,,,,2026-06-13 08:13:15,2026-06-22 20:13:15
REF000415,EHR-REF0000415,NorthStar EHR,PAT000022,COV000022,PRC0023,ORG005,LOC005,SPC003,PRC0098,ORG019,,2026-06-08 14:48:21,2026-06-09 07:48:21,Synthetic evaluation request for Endocrinology,Z43.8,Routine,Closed—Completed,,2026-06-18 16:48:21,,2026-06-11 21:48:21,2026-06-12 01:48:21,2026-06-12 09:48:21,2026-07-17 09:48:21,2026-07-26 09:48:21,2026-07-27 17:48:21,Completed,,2026-06-09 07:48:21,2026-07-27 17:48:21
REF000416,EHR-REF0000416,NorthStar EHR,PAT001753,COV001753,PRC0030,ORG006,LOC006,SPC005,PRC0040,ORG011,,2025-08-27 10:14:08,2025-08-28 08:14:08,Synthetic evaluation request for Neurology,Z73.4,Routine,Closed—Completed,,2025-09-09 16:14:08,,2025-08-29 10:14:08,2025-08-29 16:14:08,2025-08-31 02:14:08,2025-09-15 02:14:08,2025-09-19 02:14:08,2025-09-20 05:14:08,Completed,,2025-08-28 08:14:08,2025-09-20 05:14:08
REF000417,EHR-REF0000417,NorthStar EHR,PAT000829,COV000829,PRC0006,ORG006,LOC006,SPC002,PRC0082,ORG028,,2026-01-31 01:09:53,2026-01-31 13:09:53,Synthetic evaluation request for Dermatology,Z42.0,Urgent,Closed—Completed,,2026-02-14 23:09:53,,2026-02-03 18:09:53,2026-02-01 02:09:53,2026-02-02 11:09:53,2026-02-13 11:09:53,2026-02-15 11:09:53,2026-02-16 07:09:53,Completed,,2026-01-31 13:09:53,2026-02-16 07:09:53
REF000418,EHR-REF0000418,NorthStar EHR,PAT001252,COV001252,PRC0023,ORG005,LOC005,SPC006,PRC0066,ORG012,USR008,2026-05-19 04:32:37,2026-05-19 05:32:37,Synthetic evaluation request for Orthopedics,Z43.4,Routine,Outreach in Progress,Outreach Follow-Up,2026-05-24 08:32:37,2026-05-27 08:32:37,2026-05-20 19:32:37,2026-05-20 12:32:37,,,,,,,2026-05-19 05:32:37,2026-05-24 08:32:37
REF000419,EHR-REF0000419,NorthStar EHR,PAT001778,COV001778,PRC0016,ORG004,LOC004,SPC005,PRC0110,ORG031,,2026-03-26 08:51:08,2026-03-27 08:51:08,Synthetic evaluation request for Neurology,Z46.1,Routine,Closed—Completed,,2026-04-06 03:51:08,,2026-03-29 05:51:08,2026-03-28 21:51:08,2026-03-29 06:51:08,2026-04-01 06:51:08,2026-04-11 06:51:08,2026-04-12 07:51:08,Completed,,2026-03-27 08:51:08,2026-04-12 07:51:08
REF000420,EHR-REF0000420,NorthStar EHR,PAT001564,COV001564,PRC0030,ORG006,LOC006,SPC004,PRC0099,ORG020,USR009,2026-03-27 12:28:08,2026-03-27 20:28:08,Synthetic evaluation request for Gastroenterology,Z47.6,Routine,Scheduled,Appointment Verification,2026-04-01 08:28:08,2026-04-04 08:28:08,2026-03-29 03:28:08,2026-04-01 19:28:08,2026-04-02 02:28:08,,,,,,2026-03-27 20:28:08,2026-04-01 08:28:08
REF000421,EHR-REF0000421,NorthStar EHR,PAT001114,COV001114,PRC0020,ORG002,LOC002,SPC002,PRC0062,ORG008,,2025-12-21 22:58:18,2025-12-22 07:58:18,Synthetic evaluation request for Dermatology,Z27.7,Routine,Closed—Completed,,2025-12-31 22:58:18,,2025-12-23 19:58:18,2025-12-26 01:58:18,2025-12-26 19:58:18,2026-01-04 19:58:18,2026-01-06 19:58:18,2026-01-07 23:58:18,Completed,,2025-12-22 07:58:18,2026-01-07 23:58:18
REF000422,EHR-REF0000422,NorthStar EHR,PAT000163,COV000163,PRC0021,ORG003,LOC003,SPC006,PRC0091,ORG012,,2026-07-04 17:17:27,2026-07-05 11:17:27,Synthetic evaluation request for Orthopedics,Z61.7,Routine,Closed—Completed,,2026-07-17 10:17:27,,2026-07-09 09:17:27,2026-07-06 06:17:27,2026-07-07 17:17:27,2026-07-18 17:17:27,2026-07-26 17:17:27,2026-07-27 07:17:27,Completed,,2026-07-05 11:17:27,2026-07-27 07:17:27
REF000423,EHR-REF0000423,NorthStar EHR,PAT001196,COV001196,PRC0015,ORG003,LOC003,SPC002,PRC0087,ORG008,,2025-09-28 01:38:07,2025-09-28 03:38:07,Synthetic evaluation request for Dermatology,Z53.2,Routine,Closed—Not Completed,,2025-10-03 19:38:07,,2025-09-29 19:38:07,2025-10-02 12:38:07,,,,2025-10-03 19:38:07,Not Completed,Patient Declined,2025-09-28 03:38:07,2025-10-03 19:38:07
REF000424,EHR-REF0000424,NorthStar EHR,PAT000896,COV000896,PRC0013,ORG001,LOC001,SPC004,PRC0064,ORG010,,2025-10-23 15:34:56,2025-10-23 17:34:56,Synthetic evaluation request for Gastroenterology,Z53.6,Routine,Closed—Not Completed,,2025-10-27 23:34:56,,2025-10-24 12:34:56,2025-10-24 09:34:56,,,,2025-10-27 23:34:56,Not Completed,No Longer Clinically Indicated,2025-10-23 17:34:56,2025-10-27 23:34:56
REF000425,EHR-REF0000425,NorthStar EHR,PAT000779,COV000779,PRC0035,ORG005,LOC005,SPC009,PRC0079,ORG025,,2026-01-14 04:06:14,2026-01-14 20:06:14,Synthetic evaluation request for Rheumatology,Z39.8,Routine,Closed—Completed,,2026-01-18 03:06:14,,2026-01-15 00:06:14,2026-01-18 05:06:14,2026-01-18 15:06:14,2026-02-11 15:06:14,2026-02-18 15:06:14,2026-02-19 05:06:14,Completed,,2026-01-14 20:06:14,2026-02-19 05:06:14
REF000426,EHR-REF0000426,NorthStar EHR,PAT000732,COV000732,PRC0012,ORG006,LOC006,SPC003,PRC0063,ORG009,USR010,2025-09-27 00:40:14,2025-09-27 22:40:14,Synthetic evaluation request for Endocrinology,Z27.4,Routine,Scheduled,Appointment Verification,2025-10-04 22:40:14,2025-10-07 22:40:14,2025-09-30 14:40:14,2025-10-02 11:40:14,2025-10-04 11:40:14,,,,,,2025-09-27 22:40:14,2025-10-04 22:40:14
REF000427,EHR-REF0000427,NorthStar EHR,PAT000504,COV000504,PRC0024,ORG006,LOC006,SPC007,PRC0092,ORG013,,2025-12-29 14:16:26,2025-12-30 04:16:26,Synthetic evaluation request for Otolaryngology,Z46.4,Routine,Closed—Completed,,2026-01-11 17:16:26,,2026-01-02 10:16:26,2026-01-02 06:16:26,2026-01-04 04:16:26,2026-01-17 04:16:26,2026-01-27 04:16:26,2026-01-27 23:16:26,Completed,,2025-12-30 04:16:26,2026-01-27 23:16:26
REF000428,EHR-REF0000428,NorthStar EHR,PAT000963,COV000963,PRC0008,ORG002,LOC002,SPC003,PRC0063,ORG009,USR003,2025-11-18 20:33:00,2025-11-19 20:33:00,Synthetic evaluation request for Endocrinology,Z36.9,Routine,Outreach in Progress,Outreach Follow-Up,2025-11-24 13:33:00,2025-11-27 13:33:00,2025-11-23 17:33:00,2025-11-23 10:33:00,,,,,,,2025-11-19 20:33:00,2025-11-24 13:33:00
REF000429,EHR-REF0000429,NorthStar EHR,PAT000328,COV000328,PRC0004,ORG004,LOC004,SPC007,PRC0077,ORG023,USR004,2026-05-26 17:56:01,2026-05-27 04:56:01,Synthetic evaluation request for Otolaryngology,Z55.9,Routine,Completed—Report Pending,Report Pending,2026-06-05 13:56:01,2026-06-08 13:56:01,2026-05-30 18:56:01,2026-05-27 22:56:01,2026-05-28 00:56:01,2026-07-01 00:56:01,,,,,2026-05-27 04:56:01,2026-06-05 13:56:01
REF000430,EHR-REF0000430,NorthStar EHR,PAT001078,COV001078,PRC0033,ORG003,LOC003,SPC005,PRC0075,ORG021,USR010,2026-01-28 19:46:14,2026-01-29 10:46:14,Synthetic evaluation request for Neurology,Z75.7,Routine,Needs Information,Needs Information,2026-02-01 18:46:14,2026-02-04 18:46:14,,,,,,,,,2026-01-29 10:46:14,2026-02-01 18:46:14
REF000431,EHR-REF0000431,NorthStar EHR,PAT000791,COV000791,PRC0017,ORG005,LOC005,SPC007,PRC0092,ORG013,,2026-04-26 13:02:48,2026-04-27 00:02:48,Synthetic evaluation request for Otolaryngology,Z79.7,Routine,Closed—Completed,,2026-05-05 21:02:48,,2026-04-28 15:02:48,2026-04-30 17:02:48,2026-05-02 04:02:48,2026-05-07 04:02:48,2026-05-13 04:02:48,2026-05-13 19:02:48,Completed,,2026-04-27 00:02:48,2026-05-13 19:02:48
REF000432,EHR-REF0000432,NorthStar EHR,PAT000070,COV000070,PRC0032,ORG002,LOC002,SPC005,PRC0090,ORG011,,2025-12-26 04:48:59,2025-12-26 16:48:59,Synthetic evaluation request for Neurology,Z52.5,Routine,Closed—Completed,,2026-01-02 09:48:59,,2025-12-29 03:48:59,2025-12-30 16:48:59,2025-12-31 01:48:59,2026-01-17 01:48:59,2026-01-20 01:48:59,2026-01-21 19:48:59,Completed,,2025-12-26 16:48:59,2026-01-21 19:48:59
REF000433,EHR-REF0000433,NorthStar EHR,PAT001243,COV001243,PRC0003,ORG003,LOC003,SPC010,PRC0080,ORG026,USR006,2025-12-26 11:10:00,2025-12-26 23:10:00,Synthetic evaluation request for General Surgery,Z60.8,Urgent,Needs Information,Needs Information,2025-12-27 11:10:00,2025-12-28 11:10:00,,,,,,,,,2025-12-26 23:10:00,2025-12-27 11:10:00
REF000434,EHR-REF0000434,NorthStar EHR,PAT000279,COV000279,PRC0009,ORG003,LOC003,SPC003,PRC0058,ORG029,USR005,2026-05-28 21:39:10,2026-05-29 00:39:10,Synthetic evaluation request for Endocrinology,Z27.0,Urgent,Completed—Report Pending,Report Pending,2026-06-08 23:39:10,2026-06-09 23:39:10,2026-06-01 20:39:10,2026-05-29 17:39:10,2026-05-29 23:39:10,2026-06-08 23:39:10,,,,,2026-05-29 00:39:10,2026-06-08 23:39:10
REF000435,EHR-REF0000435,NorthStar EHR,PAT000985,COV000985,PRC0008,ORG002,LOC002,SPC006,PRC0041,ORG012,USR008,2026-02-06 00:06:43,2026-02-06 05:06:43,Synthetic evaluation request for Orthopedics,Z25.4,Urgent,Scheduled,Appointment Verification,2026-02-14 18:06:43,2026-02-15 18:06:43,2026-02-09 23:06:43,2026-02-09 01:06:43,2026-02-10 00:06:43,,,,,,2026-02-06 05:06:43,2026-02-14 18:06:43
REF000436,EHR-REF0000436,NorthStar EHR,PAT000702,COV000702,PRC0006,ORG006,LOC006,SPC005,PRC0075,ORG021,,2026-03-24 20:31:53,2026-03-25 15:31:53,Synthetic evaluation request for Neurology,Z22.8,Routine,Closed—Completed,,2026-04-04 02:31:53,,2026-03-28 08:31:53,2026-03-27 18:31:53,2026-03-28 20:31:53,2026-04-20 20:31:53,2026-04-30 20:31:53,2026-05-01 14:31:53,Completed,,2026-03-25 15:31:53,2026-05-01 14:31:53
REF000437,EHR-REF0000437,NorthStar EHR,PAT001738,COV001738,PRC0014,ORG002,LOC002,SPC001,PRC0106,ORG027,,2025-09-01 15:14:41,2025-09-02 14:14:41,Synthetic evaluation request for Cardiology,Z49.6,Routine,Closed—Completed,,2025-09-07 02:14:41,,2025-09-02 18:14:41,2025-09-06 19:14:41,2025-09-07 23:14:41,2025-10-12 23:14:41,2025-10-17 23:14:41,2025-10-18 12:14:41,Completed,,2025-09-02 14:14:41,2025-10-18 12:14:41
REF000438,EHR-REF0000438,NorthStar EHR,PAT001359,COV001359,PRC0014,ORG002,LOC002,SPC001,PRC0061,ORG007,,2025-11-06 02:22:25,2025-11-06 10:22:25,Synthetic evaluation request for Cardiology,Z83.3,Routine,Closed—Completed,,2025-11-13 13:22:25,,2025-11-07 11:22:25,2025-11-08 10:22:25,2025-11-09 00:22:25,2025-12-09 00:22:25,2025-12-17 00:22:25,2025-12-17 19:22:25,Completed,,2025-11-06 10:22:25,2025-12-17 19:22:25
REF000439,EHR-REF0000439,NorthStar EHR,PAT001151,COV001151,PRC0004,ORG004,LOC004,SPC010,PRC0105,ORG026,,2025-12-12 03:37:21,2025-12-12 20:37:21,Synthetic evaluation request for General Surgery,Z88.7,Routine,Closed—Completed,,2025-12-19 17:37:21,,2025-12-13 16:37:21,2025-12-14 18:37:21,2025-12-16 14:37:21,2026-01-16 14:37:21,2026-01-22 14:37:21,2026-01-23 09:37:21,Completed,,2025-12-12 20:37:21,2026-01-23 09:37:21
REF000440,EHR-REF0000440,NorthStar EHR,PAT001105,COV001105,PRC0031,ORG001,LOC001,SPC004,PRC0089,ORG010,USR004,2025-09-17 17:12:49,2025-09-17 22:12:49,Synthetic evaluation request for Gastroenterology,Z32.3,Routine,Completed—Report Pending,Report Pending,2025-09-23 01:12:49,2025-09-26 01:12:49,2025-09-18 05:12:49,2025-09-21 16:12:49,2025-09-21 19:12:49,2025-10-07 19:12:49,,,,,2025-09-17 22:12:49,2025-09-23 01:12:49
REF000441,EHR-REF0000441,NorthStar EHR,PAT001695,COV001695,PRC0009,ORG003,LOC003,SPC004,PRC0059,ORG030,USR004,2025-12-08 14:56:35,2025-12-08 19:56:35,Synthetic evaluation request for Gastroenterology,Z68.5,Routine,Outreach in Progress,Outreach Follow-Up,2025-12-12 12:56:35,2025-12-15 12:56:35,2025-12-10 23:56:35,2025-12-12 16:56:35,,,,,,,2025-12-08 19:56:35,2025-12-12 12:56:35
REF000442,EHR-REF0000442,NorthStar EHR,PAT001628,COV001628,PRC0015,ORG003,LOC003,SPC010,PRC0055,ORG026,,2025-12-11 16:24:03,2025-12-12 12:24:03,Synthetic evaluation request for General Surgery,Z48.0,Routine,Closed—Completed,,2025-12-22 15:24:03,,2025-12-13 14:24:03,2025-12-16 04:24:03,2025-12-16 17:24:03,2025-12-25 17:24:03,2026-01-02 17:24:03,2026-01-03 23:24:03,Completed,,2025-12-12 12:24:03,2026-01-03 23:24:03
REF000443,EHR-REF0000443,NorthStar EHR,PAT001302,COV001302,PRC0012,ORG006,LOC006,SPC006,PRC0066,ORG012,USR007,2026-01-11 19:01:59,2026-01-11 19:01:59,Synthetic evaluation request for Orthopedics,Z41.8,Routine,Received,New Intake,2026-01-11 19:01:59,2026-01-14 19:01:59,,,,,,,,,2026-01-11 19:01:59,2026-01-11 19:01:59
REF000444,EHR-REF0000444,NorthStar EHR,PAT001136,COV001136,PRC0021,ORG003,LOC003,SPC002,PRC0037,ORG008,,2026-05-25 10:40:14,2026-05-25 15:40:14,Synthetic evaluation request for Dermatology,Z22.8,Routine,Closed—Completed,,2026-06-07 05:40:14,,2026-05-26 23:40:14,2026-05-30 03:40:14,2026-05-31 10:40:14,2026-06-11 10:40:14,2026-06-15 10:40:14,2026-06-17 03:40:14,Completed,,2026-05-25 15:40:14,2026-06-17 03:40:14
REF000445,EHR-REF0000445,NorthStar EHR,PAT001568,COV001568,PRC0030,ORG006,LOC006,SPC003,PRC0098,ORG019,,2026-04-30 15:04:09,2026-05-01 06:04:09,Synthetic evaluation request for Endocrinology,Z88.4,Routine,Closed—Not Completed,,2026-05-09 18:04:09,,2026-05-01 23:04:09,2026-05-04 04:04:09,,,,2026-05-09 18:04:09,Not Completed,Patient Chose Another Provider,2026-05-01 06:04:09,2026-05-09 18:04:09
REF000446,EHR-REF0000446,NorthStar EHR,PAT000969,COV000969,PRC0026,ORG002,LOC002,SPC006,PRC0041,ORG012,,2026-07-03 13:30:15,2026-07-04 08:30:15,Synthetic evaluation request for Orthopedics,Z74.7,Routine,Closed—Not Completed,,2026-07-09 18:30:15,,2026-07-05 03:30:15,2026-07-05 06:30:15,,,,2026-07-09 18:30:15,Not Completed,No Longer Clinically Indicated,2026-07-04 08:30:15,2026-07-09 18:30:15
REF000447,EHR-REF0000447,NorthStar EHR,PAT001803,COV001803,PRC0003,ORG003,LOC003,SPC006,PRC0066,ORG012,USR004,2026-05-13 21:42:16,2026-05-14 19:42:16,Synthetic evaluation request for Orthopedics,Z46.7,Routine,Scheduled,Appointment Verification,2026-05-19 04:42:16,2026-05-22 04:42:16,2026-05-15 15:42:16,2026-05-17 03:42:16,2026-05-17 07:42:16,,,,,,2026-05-14 19:42:16,2026-05-19 04:42:16
REF000448,EHR-REF0000448,NorthStar EHR,PAT000347,COV000347,PRC0021,ORG003,LOC003,SPC007,PRC0092,ORG013,,2025-12-23 03:30:26,2025-12-23 21:30:26,Synthetic evaluation request for Otolaryngology,Z79.2,Routine,Closed—Completed,,2026-01-03 22:30:26,,2025-12-25 06:30:26,2025-12-28 03:30:26,2025-12-28 22:30:26,2026-01-21 22:30:26,2026-01-28 22:30:26,2026-01-29 16:30:26,Completed,,2025-12-23 21:30:26,2026-01-29 16:30:26
REF000449,EHR-REF0000449,NorthStar EHR,PAT000084,COV000084,PRC0004,ORG004,LOC004,SPC003,PRC0098,ORG019,USR004,2025-09-16 13:18:50,2025-09-16 21:18:50,Synthetic evaluation request for Endocrinology,Z67.2,Urgent,Completed—Report Pending,Report Pending,2025-09-27 06:18:50,2025-09-28 06:18:50,2025-09-19 13:18:50,2025-09-18 16:18:50,2025-09-19 00:18:50,2025-10-19 00:18:50,,,,,2025-09-16 21:18:50,2025-09-27 06:18:50
REF000450,EHR-REF0000450,NorthStar EHR,PAT000103,COV000103,PRC0007,ORG001,LOC001,SPC007,PRC0042,ORG013,USR014,2025-12-26 05:52:22,2025-12-26 17:52:22,Synthetic evaluation request for Otolaryngology,Z89.5,Routine,Needs Information,Needs Information,2025-12-29 14:52:22,2026-01-01 14:52:22,,,,,,,,,2025-12-26 17:52:22,2025-12-29 14:52:22
REF000451,EHR-REF0000451,NorthStar EHR,PAT001124,COV001124,PRC0010,ORG004,LOC004,SPC009,PRC0069,ORG015,USR003,2026-05-21 09:04:16,2026-05-21 09:04:16,Synthetic evaluation request for Rheumatology,Z63.3,Routine,Ready for Outreach,Ready for Outreach,2026-05-22 09:04:16,2026-05-25 09:04:16,2026-05-22 09:04:16,,,,,,,,2026-05-21 09:04:16,2026-05-22 09:04:16
REF000452,EHR-REF0000452,NorthStar EHR,PAT000878,COV000878,PRC0035,ORG005,LOC005,SPC002,PRC0037,ORG008,USR008,2026-06-20 20:46:02,2026-06-21 18:46:02,Synthetic evaluation request for Dermatology,Z81.0,Urgent,Scheduled,Appointment Verification,2026-06-24 09:46:02,2026-06-25 09:46:02,2026-06-23 12:46:02,2026-06-23 14:46:02,2026-06-24 10:46:02,,,,,,2026-06-21 18:46:02,2026-06-24 09:46:02
REF000453,EHR-REF0000453,NorthStar EHR,PAT000297,COV000297,PRC0011,ORG005,LOC005,SPC007,PRC0102,ORG023,,2026-04-26 17:29:25,2026-04-27 07:29:25,Synthetic evaluation request for Otolaryngology,Z78.5,Routine,Closed—Not Completed,,2026-04-30 23:29:25,,2026-04-29 09:29:25,2026-04-29 07:29:25,,,,2026-04-30 23:29:25,Not Completed,Insurance or Access Barrier,2026-04-27 07:29:25,2026-04-30 23:29:25
REF000454,EHR-REF0000454,NorthStar EHR,PAT000261,COV000261,PRC0002,ORG002,LOC002,SPC002,PRC0072,ORG018,,2026-02-09 09:17:59,2026-02-10 00:17:59,Synthetic evaluation request for Dermatology,Z47.1,Routine,Closed—Completed,,2026-02-21 04:17:59,,2026-02-12 07:17:59,2026-02-10 23:17:59,2026-02-12 08:17:59,2026-03-14 08:17:59,2026-03-15 08:17:59,2026-03-16 12:17:59,Completed,,2026-02-10 00:17:59,2026-03-16 12:17:59
REF000455,EHR-REF0000455,NorthStar EHR,PAT001366,COV001366,PRC0011,ORG005,LOC005,SPC002,PRC0057,ORG028,,2026-06-12 11:18:48,2026-06-12 21:18:48,Synthetic evaluation request for Dermatology,Z75.7,Routine,Closed—Completed,,2026-06-19 16:18:48,,2026-06-14 23:18:48,2026-06-16 18:18:48,2026-06-18 13:18:48,2026-07-15 13:18:48,2026-07-17 13:18:48,2026-07-18 09:18:48,Completed,,2026-06-12 21:18:48,2026-07-18 09:18:48
REF000456,EHR-REF0000456,NorthStar EHR,PAT001880,COV001880,PRC0018,ORG006,LOC006,SPC009,PRC0094,ORG015,USR011,2025-12-09 02:38:44,2025-12-09 19:38:44,Synthetic evaluation request for Rheumatology,Z32.5,Routine,Ready for Outreach,Ready for Outreach,2025-12-13 12:38:44,2025-12-16 12:38:44,2025-12-13 12:38:44,,,,,,,,2025-12-09 19:38:44,2025-12-13 12:38:44
REF000457,EHR-REF0000457,NorthStar EHR,PAT000309,COV000309,PRC0004,ORG004,LOC004,SPC008,PRC0068,ORG014,,2026-01-23 11:39:48,2026-01-23 21:39:48,Synthetic evaluation request for Pulmonology,Z45.1,Routine,Closed—Completed,,2026-02-03 18:39:48,,2026-01-25 19:39:48,2026-01-26 03:39:48,2026-01-27 16:39:48,2026-01-31 16:39:48,2026-02-08 16:39:48,2026-02-08 23:39:48,Completed,,2026-01-23 21:39:48,2026-02-08 23:39:48
REF000458,EHR-REF0000458,NorthStar EHR,PAT000462,COV000462,PRC0018,ORG006,LOC006,SPC009,PRC0079,ORG025,,2025-10-03 15:40:25,2025-10-04 12:40:25,Synthetic evaluation request for Rheumatology,Z51.7,Routine,Closed—Completed,,2025-10-18 03:40:25,,2025-10-06 23:40:25,2025-10-09 00:40:25,2025-10-10 01:40:25,2025-10-21 01:40:25,2025-10-23 01:40:25,2025-10-24 07:40:25,Completed,,2025-10-04 12:40:25,2025-10-24 07:40:25
REF000459,EHR-REF0000459,NorthStar EHR,PAT000205,COV000205,PRC0027,ORG003,LOC003,SPC003,PRC0073,ORG019,USR007,2026-06-08 03:00:49,2026-06-08 20:00:49,Synthetic evaluation request for Endocrinology,Z88.3,Routine,Scheduled,Appointment Verification,2026-06-15 12:00:49,2026-06-18 12:00:49,2026-06-12 12:00:49,2026-06-11 03:00:49,2026-06-12 07:00:49,,,,,,2026-06-08 20:00:49,2026-06-15 12:00:49
REF000460,EHR-REF0000460,NorthStar EHR,PAT000268,COV000268,PRC0021,ORG003,LOC003,SPC004,PRC0089,ORG010,USR003,2026-01-04 07:15:51,2026-01-04 18:15:51,Synthetic evaluation request for Gastroenterology,Z47.0,Routine,Scheduled,Appointment Verification,2026-01-09 19:15:51,2026-01-12 19:15:51,2026-01-05 19:15:51,2026-01-07 06:15:51,2026-01-07 22:15:51,,,,,,2026-01-04 18:15:51,2026-01-09 19:15:51
REF000461,EHR-REF0000461,NorthStar EHR,PAT001619,COV001619,PRC0018,ORG006,LOC006,SPC008,PRC0103,ORG024,,2026-06-19 00:59:24,2026-06-19 16:59:24,Synthetic evaluation request for Pulmonology,Z89.3,Routine,Cancelled,,2026-06-23 11:59:24,,2026-06-23 11:59:24,,,,,2026-06-23 11:59:24,Cancelled,Duplicate Referral,2026-06-19 16:59:24,2026-06-23 11:59:24
REF000462,EHR-REF0000462,NorthStar EHR,PAT000426,COV000426,PRC0025,ORG001,LOC001,SPC004,PRC0064,ORG010,,2025-10-02 08:21:25,2025-10-02 18:21:25,Synthetic evaluation request for Gastroenterology,Z35.3,Routine,Closed—Completed,,2025-10-15 09:21:25,,2025-10-06 00:21:25,2025-10-03 07:21:25,2025-10-04 07:21:25,2025-10-27 07:21:25,2025-11-05 07:21:25,2025-11-06 21:21:25,Completed,,2025-10-02 18:21:25,2025-11-06 21:21:25
REF000463,EHR-REF0000463,NorthStar EHR,PAT001131,COV001131,PRC0020,ORG002,LOC002,SPC005,PRC0060,ORG031,USR007,2026-05-15 13:23:25,2026-05-16 06:23:25,Synthetic evaluation request for Neurology,Z58.0,Routine,Scheduled,Appointment Verification,2026-05-21 13:23:25,2026-05-24 13:23:25,2026-05-17 13:23:25,2026-05-16 16:23:25,2026-05-17 22:23:25,,,,,,2026-05-16 06:23:25,2026-05-21 13:23:25
REF000464,EHR-REF0000464,NorthStar EHR,PAT000664,COV000664,PRC0007,ORG001,LOC001,SPC006,PRC0041,ORG012,USR008,2026-06-23 18:55:14,2026-06-24 11:55:14,Synthetic evaluation request for Orthopedics,Z73.2,Routine,Scheduled,Appointment Verification,2026-06-29 01:55:14,2026-07-02 01:55:14,2026-06-24 17:55:14,2026-06-27 05:55:14,2026-06-28 08:55:14,,,,,,2026-06-24 11:55:14,2026-06-29 01:55:14
REF000465,EHR-REF0000465,NorthStar EHR,PAT001987,COV001987,PRC0003,ORG003,LOC003,SPC005,PRC0075,ORG021,USR011,2025-08-18 15:30:23,2025-08-19 03:30:23,Synthetic evaluation request for Neurology,Z13.1,Routine,Outreach in Progress,Outreach Follow-Up,2025-08-23 07:30:23,2025-08-26 07:30:23,2025-08-19 16:30:23,2025-08-20 10:30:23,,,,,,,2025-08-19 03:30:23,2025-08-23 07:30:23
REF000466,EHR-REF0000466,NorthStar EHR,PAT001733,COV001733,PRC0019,ORG001,LOC001,SPC009,PRC0104,ORG025,,2026-03-01 00:50:55,2026-03-01 10:50:55,Synthetic evaluation request for Rheumatology,Z89.3,Routine,Closed—Completed,,2026-03-10 18:50:55,,2026-03-03 05:50:55,2026-03-06 09:50:55,2026-03-07 11:50:55,2026-03-29 11:50:55,2026-04-08 11:50:55,2026-04-09 11:50:55,Completed,,2026-03-01 10:50:55,2026-04-09 11:50:55
REF000467,EHR-REF0000467,NorthStar EHR,PAT000848,COV000848,PRC0033,ORG003,LOC003,SPC002,PRC0047,ORG018,USR001,2025-08-28 12:41:57,2025-08-28 13:41:57,Synthetic evaluation request for Dermatology,Z53.1,Routine,Outreach in Progress,Outreach Follow-Up,2025-08-30 00:41:57,2025-09-02 00:41:57,2025-08-28 17:41:57,2025-09-01 14:41:57,,,,,,,2025-08-28 13:41:57,2025-08-30 00:41:57
REF000468,EHR-REF0000468,NorthStar EHR,PAT000621,COV000621,PRC0011,ORG005,LOC005,SPC001,PRC0071,ORG017,USR008,2026-06-23 01:40:44,2026-06-23 02:40:44,Synthetic evaluation request for Cardiology,Z57.0,Routine,Outreach in Progress,Outreach Follow-Up,2026-06-25 09:40:44,2026-06-28 09:40:44,2026-06-23 12:40:44,2026-06-23 13:40:44,,,,,,,2026-06-23 02:40:44,2026-06-25 09:40:44
REF000469,EHR-REF0000469,NorthStar EHR,PAT000244,COV000244,PRC0013,ORG001,LOC001,SPC003,PRC0073,ORG019,,2026-01-17 00:44:04,2026-01-17 15:44:04,Synthetic evaluation request for Endocrinology,Z76.1,Routine,Closed—Completed,,2026-01-28 14:44:04,,2026-01-19 14:44:04,2026-01-20 02:44:04,2026-01-22 02:44:04,2026-02-17 02:44:04,2026-02-26 02:44:04,2026-02-27 09:44:04,Completed,,2026-01-17 15:44:04,2026-02-27 09:44:04
REF000470,EHR-REF0000470,NorthStar EHR,PAT001756,COV001756,PRC0008,ORG002,LOC002,SPC005,PRC0065,ORG011,,2025-11-07 05:25:28,2025-11-08 00:25:28,Synthetic evaluation request for Neurology,Z67.8,Routine,Closed—Completed,,2025-11-18 07:25:28,,2025-11-09 00:25:28,2025-11-12 02:25:28,2025-11-12 06:25:28,2025-12-11 06:25:28,2025-12-12 06:25:28,2025-12-12 22:25:28,Completed,,2025-11-08 00:25:28,2025-12-12 22:25:28
REF000471,EHR-REF0000471,NorthStar EHR,PAT001676,COV001676,PRC0030,ORG006,LOC006,SPC003,PRC0098,ORG019,USR004,2025-10-31 02:06:50,2025-10-31 09:06:50,Synthetic evaluation request for Endocrinology,Z39.4,Routine,Outreach in Progress,Outreach Follow-Up,2025-11-02 22:06:50,2025-11-05 22:06:50,2025-11-01 06:06:50,2025-11-04 01:06:50,,,,,,,2025-10-31 09:06:50,2025-11-02 22:06:50
REF000472,EHR-REF0000472,NorthStar EHR,PAT001216,COV001216,PRC0034,ORG004,LOC004,SPC007,PRC0067,ORG013,,2026-06-26 08:13:03,2026-06-26 08:13:03,Synthetic evaluation request for Otolaryngology,Z72.4,Routine,Closed—Completed,,2026-07-10 08:13:03,,2026-06-29 10:13:03,2026-06-27 13:13:03,2026-06-27 19:13:03,2026-07-18 19:13:03,2026-07-25 19:13:03,2026-07-27 07:13:03,Completed,,2026-06-26 08:13:03,2026-07-27 07:13:03
REF000473,EHR-REF0000473,NorthStar EHR,PAT001142,COV001142,PRC0009,ORG003,LOC003,SPC005,PRC0040,ORG011,,2026-03-22 06:58:43,2026-03-22 17:58:43,Synthetic evaluation request for Neurology,Z56.6,Urgent,Closed—Not Completed,,2026-03-27 07:58:43,,2026-03-23 06:58:43,2026-03-24 01:58:43,,,,2026-03-27 07:58:43,Not Completed,Patient Declined,2026-03-22 17:58:43,2026-03-27 07:58:43
REF000474,EHR-REF0000474,NorthStar EHR,PAT000877,COV000877,PRC0027,ORG003,LOC003,SPC002,PRC0047,ORG018,,2026-03-29 20:10:08,2026-03-30 16:10:08,Synthetic evaluation request for Dermatology,Z17.4,Urgent,Closed—Completed,,2026-04-10 00:10:08,,2026-04-01 18:10:08,2026-04-02 12:10:08,2026-04-03 16:10:08,2026-04-11 16:10:08,2026-04-16 16:10:08,2026-04-18 01:10:08,Completed,,2026-03-30 16:10:08,2026-04-18 01:10:08
REF000475,EHR-REF0000475,NorthStar EHR,PAT000223,COV000223,PRC0026,ORG002,LOC002,SPC004,PRC0084,ORG030,,2025-11-28 10:43:24,2025-11-28 12:43:24,Synthetic evaluation request for Gastroenterology,Z37.2,Routine,Closed—Completed,,2025-12-07 20:43:24,,2025-11-29 19:43:24,2025-11-30 21:43:24,2025-12-01 05:43:24,2025-12-18 05:43:24,2025-12-24 05:43:24,2025-12-25 09:43:24,Completed,,2025-11-28 12:43:24,2025-12-25 09:43:24
REF000476,EHR-REF0000476,NorthStar EHR,PAT000655,COV000655,PRC0011,ORG005,LOC005,SPC006,PRC0051,ORG022,,2026-04-24 22:06:42,2026-04-25 02:06:42,Synthetic evaluation request for Orthopedics,Z86.3,Routine,Closed—Completed,,2026-05-07 09:06:42,,2026-04-26 08:06:42,2026-04-27 18:06:42,2026-04-29 00:06:42,2026-05-23 00:06:42,2026-05-30 00:06:42,2026-05-30 21:06:42,Completed,,2026-04-25 02:06:42,2026-05-30 21:06:42
REF000477,EHR-REF0000477,NorthStar EHR,PAT001110,COV001110,PRC0033,ORG003,LOC003,SPC002,PRC0062,ORG008,USR002,2026-06-10 03:27:50,2026-06-10 11:27:50,Synthetic evaluation request for Dermatology,Z67.6,Routine,Completed—Report Pending,Report Pending,2026-06-18 09:27:50,2026-06-21 09:27:50,2026-06-13 03:27:50,2026-06-13 02:27:50,2026-06-14 22:27:50,2026-06-20 22:27:50,,,,,2026-06-10 11:27:50,2026-06-18 09:27:50
REF000478,EHR-REF0000478,NorthStar EHR,PAT001581,COV001581,PRC0010,ORG004,LOC004,SPC008,PRC0093,ORG014,,2025-11-12 18:42:25,2025-11-12 18:42:25,Synthetic evaluation request for Pulmonology,Z67.8,Routine,Closed—Completed,,2025-11-23 23:42:25,,2025-11-14 16:42:25,2025-11-17 08:42:25,2025-11-19 08:42:25,2025-12-13 08:42:25,2025-12-21 08:42:25,2025-12-22 08:42:25,Completed,,2025-11-12 18:42:25,2025-12-22 08:42:25
REF000479,EHR-REF0000479,NorthStar EHR,PAT000308,COV000308,PRC0023,ORG005,LOC005,SPC008,PRC0068,ORG014,,2025-08-29 09:46:04,2025-08-29 13:46:04,Synthetic evaluation request for Pulmonology,Z85.9,Routine,Closed—Not Completed,,2025-09-04 12:46:04,,2025-09-02 05:46:04,2025-08-31 17:46:04,,,,2025-09-04 12:46:04,Not Completed,Patient Chose Another Provider,2025-08-29 13:46:04,2025-09-04 12:46:04
REF000480,EHR-REF0000480,NorthStar EHR,PAT001867,COV001867,PRC0030,ORG006,LOC006,SPC008,PRC0093,ORG014,USR011,2026-05-23 12:49:41,2026-05-24 06:49:41,Synthetic evaluation request for Pulmonology,Z79.9,Routine,Scheduled,Appointment Verification,2026-05-28 17:49:41,2026-05-31 17:49:41,2026-05-24 18:49:41,2026-05-27 16:49:41,2026-05-28 15:49:41,,,,,,2026-05-24 06:49:41,2026-05-28 17:49:41
REF000481,EHR-REF0000481,NorthStar EHR,PAT001331,COV001331,PRC0029,ORG005,LOC005,SPC003,PRC0088,ORG009,,2026-03-27 06:22:23,2026-03-27 14:22:23,Synthetic evaluation request for Endocrinology,Z51.8,Routine,Closed—Completed,,2026-04-07 18:22:23,,2026-03-31 11:22:23,2026-04-01 11:22:23,2026-04-03 04:22:23,2026-04-26 04:22:23,2026-05-01 04:22:23,2026-05-02 10:22:23,Completed,,2026-03-27 14:22:23,2026-05-02 10:22:23
REF000482,EHR-REF0000482,NorthStar EHR,PAT001922,COV001922,PRC0006,ORG006,LOC006,SPC002,PRC0107,ORG028,USR012,2025-12-15 11:35:15,2025-12-15 12:35:15,Synthetic evaluation request for Dermatology,Z22.9,Routine,Outreach in Progress,Outreach Follow-Up,2025-12-19 12:35:15,2025-12-22 12:35:15,2025-12-18 06:35:15,2025-12-16 17:35:15,,,,,,,2025-12-15 12:35:15,2025-12-19 12:35:15
REF000483,EHR-REF0000483,NorthStar EHR,PAT000480,COV000480,PRC0022,ORG004,LOC004,SPC005,PRC0050,ORG021,,2026-03-25 10:17:37,2026-03-25 20:17:37,Synthetic evaluation request for Neurology,Z28.4,Routine,Closed—Completed,,2026-04-03 18:17:37,,2026-03-27 08:17:37,2026-03-28 07:17:37,2026-03-29 07:17:37,2026-04-18 07:17:37,2026-04-28 07:17:37,2026-04-30 05:17:37,Completed,,2026-03-25 20:17:37,2026-04-30 05:17:37
REF000484,EHR-REF0000484,NorthStar EHR,PAT001201,COV001201,PRC0019,ORG001,LOC001,SPC010,PRC0055,ORG026,,2025-12-19 18:54:27,2025-12-20 13:54:27,Synthetic evaluation request for General Surgery,Z63.6,Routine,Closed—Completed,,2025-12-31 19:54:27,,2025-12-23 01:54:27,2025-12-25 13:54:27,2025-12-26 22:54:27,2025-12-29 22:54:27,2026-01-06 22:54:27,2026-01-08 06:54:27,Completed,,2025-12-20 13:54:27,2026-01-08 06:54:27
REF000485,EHR-REF0000485,NorthStar EHR,PAT000985,COV000985,PRC0010,ORG004,LOC004,SPC009,PRC0069,ORG015,,2025-11-05 00:31:27,2025-11-05 20:31:27,Synthetic evaluation request for Rheumatology,Z84.5,Routine,Closed—Completed,,2025-11-15 03:31:27,,2025-11-08 06:31:27,2025-11-06 07:31:27,2025-11-07 15:31:27,2025-12-01 15:31:27,2025-12-06 15:31:27,2025-12-06 22:31:27,Completed,,2025-11-05 20:31:27,2025-12-06 22:31:27
REF000486,EHR-REF0000486,NorthStar EHR,PAT001328,COV001328,PRC0027,ORG003,LOC003,SPC007,PRC0092,ORG013,USR004,2025-08-04 14:24:24,2025-08-04 23:24:24,Synthetic evaluation request for Otolaryngology,Z15.8,Routine,Completed—Report Pending,Report Pending,2025-08-17 06:24:24,2025-08-20 06:24:24,2025-08-07 00:24:24,2025-08-08 23:24:24,2025-08-10 23:24:24,2025-09-13 23:24:24,,,,,2025-08-04 23:24:24,2025-08-17 06:24:24
REF000487,EHR-REF0000487,NorthStar EHR,PAT001399,COV001399,PRC0029,ORG005,LOC005,SPC004,PRC0074,ORG020,,2025-11-06 15:40:48,2025-11-07 10:40:48,Synthetic evaluation request for Gastroenterology,Z10.0,Routine,Closed—Not Completed,,2025-11-11 18:40:48,,2025-11-07 15:40:48,2025-11-08 02:40:48,,,,2025-11-11 18:40:48,Not Completed,No Longer Clinically Indicated,2025-11-07 10:40:48,2025-11-11 18:40:48
REF000488,EHR-REF0000488,NorthStar EHR,PAT001875,COV001875,PRC0021,ORG003,LOC003,SPC010,PRC0095,ORG016,,2025-09-17 19:18:18,2025-09-17 22:18:18,Synthetic evaluation request for General Surgery,Z73.8,Routine,Closed—Completed,,2025-09-27 05:18:18,,2025-09-19 02:18:18,2025-09-21 06:18:18,2025-09-21 17:18:18,2025-09-29 17:18:18,2025-10-04 17:18:18,2025-10-05 20:18:18,Completed,,2025-09-17 22:18:18,2025-10-05 20:18:18
REF000489,EHR-REF0000489,NorthStar EHR,PAT001204,COV001204,PRC0008,ORG002,LOC002,SPC009,PRC0079,ORG025,,2026-06-06 13:07:53,2026-06-06 20:07:53,Synthetic evaluation request for Rheumatology,Z58.2,Routine,Closed—Completed,,2026-06-16 02:07:53,,2026-06-07 18:07:53,2026-06-11 16:07:53,2026-06-13 09:07:53,2026-07-09 09:07:53,2026-07-13 09:07:53,2026-07-14 10:07:53,Completed,,2026-06-06 20:07:53,2026-07-14 10:07:53
REF000490,EHR-REF0000490,NorthStar EHR,PAT000665,COV000665,PRC0006,ORG006,LOC006,SPC004,PRC0084,ORG030,,2025-10-28 00:58:15,2025-10-28 08:58:15,Synthetic evaluation request for Gastroenterology,Z74.2,Urgent,Closed—Completed,,2025-11-09 08:58:15,,2025-10-29 08:58:15,2025-11-02 08:58:15,2025-11-02 13:58:15,2025-12-05 13:58:15,2025-12-14 13:58:15,2025-12-15 15:58:15,Completed,,2025-10-28 08:58:15,2025-12-15 15:58:15
REF000491,EHR-REF0000491,NorthStar EHR,PAT000938,COV000938,PRC0024,ORG006,LOC006,SPC006,PRC0101,ORG022,USR002,2025-08-05 13:31:36,2025-08-06 03:31:36,Synthetic evaluation request for Orthopedics,Z13.9,Routine,Outreach in Progress,Outreach Follow-Up,2025-08-12 01:31:36,2025-08-15 01:31:36,2025-08-08 19:31:36,2025-08-09 11:31:36,,,,,,,2025-08-06 03:31:36,2025-08-12 01:31:36
REF000492,EHR-REF0000492,NorthStar EHR,PAT000325,COV000325,PRC0027,ORG003,LOC003,SPC008,PRC0068,ORG014,,2025-09-07 08:56:25,2025-09-08 01:56:25,Synthetic evaluation request for Pulmonology,Z17.4,Routine,Closed—Completed,,2025-09-20 15:56:25,,2025-09-11 01:56:25,2025-09-12 20:56:25,2025-09-13 18:56:25,2025-09-21 18:56:25,2025-09-23 18:56:25,2025-09-24 17:56:25,Completed,,2025-09-08 01:56:25,2025-09-24 17:56:25
REF000493,EHR-REF0000493,NorthStar EHR,PAT000063,COV000063,PRC0006,ORG006,LOC006,SPC009,PRC0069,ORG015,,2026-02-09 15:57:11,2026-02-10 10:57:11,Synthetic evaluation request for Rheumatology,Z26.1,Routine,Closed—Not Completed,,2026-02-19 21:57:11,,2026-02-12 21:57:11,2026-02-13 20:57:11,,,,2026-02-19 21:57:11,Not Completed,Patient Declined,2026-02-10 10:57:11,2026-02-19 21:57:11
REF000494,EHR-REF0000494,NorthStar EHR,PAT000484,COV000484,PRC0034,ORG004,LOC004,SPC010,PRC0105,ORG026,USR008,2025-08-19 08:05:18,2025-08-20 00:05:18,Synthetic evaluation request for General Surgery,Z70.7,Routine,Completed—Report Pending,Report Pending,2025-08-28 05:05:18,2025-08-31 05:05:18,2025-08-21 10:05:18,2025-08-21 03:05:18,2025-08-22 13:05:18,2025-09-07 13:05:18,,,,,2025-08-20 00:05:18,2025-08-28 05:05:18
REF000495,EHR-REF0000495,NorthStar EHR,PAT001495,COV001495,PRC0002,ORG002,LOC002,SPC004,PRC0074,ORG020,,2025-10-03 02:18:02,2025-10-03 03:18:02,Synthetic evaluation request for Gastroenterology,Z34.2,Urgent,Closed—Completed,,2025-10-10 11:18:02,,2025-10-04 13:18:02,2025-10-04 20:18:02,2025-10-06 06:18:02,2025-11-08 06:18:02,2025-11-15 06:18:02,2025-11-16 10:18:02,Completed,,2025-10-03 03:18:02,2025-11-16 10:18:02
REF000496,EHR-REF0000496,NorthStar EHR,PAT000431,COV000431,PRC0015,ORG003,LOC003,SPC004,PRC0049,ORG020,,2026-02-06 14:23:56,2026-02-06 17:23:56,Synthetic evaluation request for Gastroenterology,Z11.5,Routine,Cancelled,,2026-02-08 20:23:56,,2026-02-08 20:23:56,,,,,2026-02-08 20:23:56,Cancelled,No Longer Clinically Indicated,2026-02-06 17:23:56,2026-02-08 20:23:56
REF000497,EHR-REF0000497,NorthStar EHR,PAT001620,COV001620,PRC0021,ORG003,LOC003,SPC004,PRC0089,ORG010,,2026-05-26 11:14:36,2026-05-26 21:14:36,Synthetic evaluation request for Gastroenterology,Z49.2,Routine,Closed—Completed,,2026-06-08 04:14:36,,2026-05-29 12:14:36,2026-05-28 10:14:36,2026-05-29 04:14:36,2026-06-04 04:14:36,2026-06-13 04:14:36,2026-06-13 23:14:36,Completed,,2026-05-26 21:14:36,2026-06-13 23:14:36
REF000498,EHR-REF0000498,NorthStar EHR,PAT001544,COV001544,PRC0013,ORG001,LOC001,SPC003,PRC0088,ORG009,USR008,2025-09-24 00:30:15,2025-09-24 04:30:15,Synthetic evaluation request for Endocrinology,Z82.1,Routine,Scheduled,Appointment Verification,2025-10-02 05:30:15,2025-10-05 05:30:15,2025-09-26 22:30:15,2025-09-26 08:30:15,2025-09-27 04:30:15,,,,,,2025-09-24 04:30:15,2025-10-02 05:30:15
REF000499,EHR-REF0000499,NorthStar EHR,PAT001425,COV001425,PRC0032,ORG002,LOC002,SPC008,PRC0093,ORG014,USR010,2025-12-23 12:30:15,2025-12-23 20:30:15,Synthetic evaluation request for Pulmonology,Z23.4,Routine,Scheduled,Appointment Verification,2025-12-30 18:30:15,2026-01-02 18:30:15,2025-12-26 13:30:15,2025-12-28 07:30:15,2025-12-29 05:30:15,,,,,,2025-12-23 20:30:15,2025-12-30 18:30:15
REF000500,EHR-REF0000500,NorthStar EHR,PAT000546,COV000546,PRC0014,ORG002,LOC002,SPC004,PRC0089,ORG010,,2025-10-21 08:34:01,2025-10-21 11:34:01,Synthetic evaluation request for Gastroenterology,Z38.3,Routine,Closed—Completed,,2025-11-03 15:34:01,,2025-10-24 05:34:01,2025-10-23 18:34:01,2025-10-24 10:34:01,2025-11-19 10:34:01,2025-11-20 10:34:01,2025-11-21 19:34:01,Completed,,2025-10-21 11:34:01,2025-11-21 19:34:01
REF000501,EHR-REF0000501,NorthStar EHR,PAT001582,COV001582,PRC0009,ORG003,LOC003,SPC008,PRC0068,ORG014,USR011,2026-01-04 03:09:59,2026-01-04 09:09:59,Synthetic evaluation request for Pulmonology,Z80.0,Routine,Scheduled,Appointment Verification,2026-01-15 04:09:59,2026-01-18 04:09:59,2026-01-08 00:09:59,2026-01-07 05:09:59,2026-01-08 06:09:59,,,,,,2026-01-04 09:09:59,2026-01-15 04:09:59
REF000502,EHR-REF0000502,NorthStar EHR,PAT001377,COV001377,PRC0018,ORG006,LOC006,SPC010,PRC0045,ORG016,,2025-11-15 01:31:05,2025-11-15 07:31:05,Synthetic evaluation request for General Surgery,Z13.6,Routine,Closed—Completed,,2025-11-23 04:31:05,,2025-11-16 14:31:05,2025-11-17 14:31:05,2025-11-18 11:31:05,2025-11-21 11:31:05,2025-11-26 11:31:05,2025-11-27 12:31:05,Completed,,2025-11-15 07:31:05,2025-11-27 12:31:05
REF000503,EHR-REF0000503,NorthStar EHR,PAT001564,COV001564,PRC0003,ORG003,LOC003,SPC008,PRC0068,ORG014,,2026-02-15 00:35:43,2026-02-15 08:35:43,Synthetic evaluation request for Pulmonology,Z86.1,Routine,Closed—Not Completed,,2026-02-20 16:35:43,,2026-02-16 22:35:43,2026-02-19 01:35:43,,,,2026-02-20 16:35:43,Not Completed,Duplicate Referral,2026-02-15 08:35:43,2026-02-20 16:35:43
REF000504,EHR-REF0000504,NorthStar EHR,PAT000868,COV000868,PRC0012,ORG006,LOC006,SPC005,PRC0050,ORG021,USR009,2026-04-15 10:24:51,2026-04-16 03:24:51,Synthetic evaluation request for Neurology,Z13.4,Routine,Completed—Report Pending,Report Pending,2026-04-25 03:24:51,2026-04-28 03:24:51,2026-04-18 01:24:51,2026-04-19 23:24:51,2026-04-21 02:24:51,2026-04-27 02:24:51,,,,,2026-04-16 03:24:51,2026-04-25 03:24:51
REF000505,EHR-REF0000505,NorthStar EHR,PAT001834,COV001834,PRC0031,ORG001,LOC001,SPC008,PRC0103,ORG024,,2026-03-09 13:46:27,2026-03-09 23:46:27,Synthetic evaluation request for Pulmonology,Z13.9,Routine,Cancelled,,2026-03-13 05:46:27,,2026-03-13 05:46:27,,,,,2026-03-13 05:46:27,Cancelled,No Longer Clinically Indicated,2026-03-09 23:46:27,2026-03-13 05:46:27
REF000506,EHR-REF0000506,NorthStar EHR,PAT000067,COV000067,PRC0021,ORG003,LOC003,SPC002,PRC0047,ORG018,,2026-06-03 22:36:47,2026-06-04 06:36:47,Synthetic evaluation request for Dermatology,Z30.9,Routine,Closed—Completed,,2026-06-17 22:36:47,,2026-06-07 20:36:47,2026-06-08 08:36:47,2026-06-09 16:36:47,2026-06-23 16:36:47,2026-06-24 16:36:47,2026-06-25 02:36:47,Completed,,2026-06-04 06:36:47,2026-06-25 02:36:47
REF000507,EHR-REF0000507,NorthStar EHR,PAT001673,COV001673,PRC0003,ORG003,LOC003,SPC006,PRC0101,ORG022,,2026-05-02 23:10:35,2026-05-03 07:10:35,Synthetic evaluation request for Orthopedics,Z50.7,Routine,Closed—Completed,,2026-05-11 17:10:35,,2026-05-04 17:10:35,2026-05-05 11:10:35,2026-05-05 18:10:35,2026-06-05 18:10:35,2026-06-07 18:10:35,2026-06-08 21:10:35,Completed,,2026-05-03 07:10:35,2026-06-08 21:10:35
REF000508,EHR-REF0000508,NorthStar EHR,PAT001081,COV001081,PRC0018,ORG006,LOC006,SPC005,PRC0110,ORG031,,2026-04-10 06:43:41,2026-04-10 20:43:41,Synthetic evaluation request for Neurology,Z32.3,Routine,Closed—Not Completed,,2026-04-17 05:43:41,,2026-04-11 19:43:41,2026-04-11 22:43:41,,,,2026-04-17 05:43:41,Not Completed,No Longer Clinically Indicated,2026-04-10 20:43:41,2026-04-17 05:43:41
REF000509,EHR-REF0000509,NorthStar EHR,PAT001230,COV001230,PRC0004,ORG004,LOC004,SPC004,PRC0059,ORG030,,2025-10-14 17:55:38,2025-10-15 09:55:38,Synthetic evaluation request for Gastroenterology,Z84.3,Routine,Closed—Completed,,2025-10-21 10:55:38,,2025-10-18 16:55:38,2025-10-17 09:55:38,2025-10-18 13:55:38,2025-11-03 13:55:38,2025-11-12 13:55:38,2025-11-14 03:55:38,Completed,,2025-10-15 09:55:38,2025-11-14 03:55:38
REF000510,EHR-REF0000510,NorthStar EHR,PAT000304,COV000304,PRC0034,ORG004,LOC004,SPC008,PRC0078,ORG024,,2025-09-21 23:12:46,2025-09-22 19:12:46,Synthetic evaluation request for Pulmonology,Z69.0,Routine,Closed—Completed,,2025-10-01 10:12:46,,2025-09-25 20:12:46,2025-09-26 18:12:46,2025-09-27 09:12:46,2025-10-06 09:12:46,2025-10-12 09:12:46,2025-10-13 17:12:46,Completed,,2025-09-22 19:12:46,2025-10-13 17:12:46
REF000511,EHR-REF0000511,NorthStar EHR,PAT000173,COV000173,PRC0004,ORG004,LOC004,SPC010,PRC0055,ORG026,,2026-05-31 10:55:22,2026-05-31 21:55:22,Synthetic evaluation request for General Surgery,Z51.6,Routine,Closed—Completed,,2026-06-08 06:55:22,,2026-06-03 10:55:22,2026-06-05 21:55:22,2026-06-06 17:55:22,2026-06-15 17:55:22,2026-06-21 17:55:22,2026-06-23 11:55:22,Completed,,2026-05-31 21:55:22,2026-06-23 11:55:22
REF000512,EHR-REF0000512,NorthStar EHR,PAT000041,COV000041,PRC0004,ORG004,LOC004,SPC004,PRC0099,ORG020,USR004,2025-12-08 19:37:30,2025-12-09 04:37:30,Synthetic evaluation request for Gastroenterology,Z80.5,Routine,Outreach in Progress,Outreach Follow-Up,2025-12-13 02:37:30,2025-12-16 02:37:30,2025-12-09 15:37:30,2025-12-12 23:37:30,,,,,,,2025-12-09 04:37:30,2025-12-13 02:37:30
REF000513,EHR-REF0000513,NorthStar EHR,PAT001764,COV001764,PRC0008,ORG002,LOC002,SPC005,PRC0075,ORG021,USR009,2026-03-22 08:53:18,2026-03-22 18:53:18,Synthetic evaluation request for Neurology,Z80.3,Routine,Scheduled,Appointment Verification,2026-03-28 16:53:18,2026-03-31 16:53:18,2026-03-25 22:53:18,2026-03-25 15:53:18,2026-03-27 12:53:18,,,,,,2026-03-22 18:53:18,2026-03-28 16:53:18
REF000514,EHR-REF0000514,NorthStar EHR,PAT001889,COV001889,PRC0011,ORG005,LOC005,SPC008,PRC0068,ORG014,,2025-11-14 08:55:03,2025-11-14 10:55:03,Synthetic evaluation request for Pulmonology,Z41.0,Routine,Closed—Completed,,2025-11-27 04:55:03,,2025-11-15 23:55:03,2025-11-17 17:55:03,2025-11-19 16:55:03,2025-12-12 16:55:03,2025-12-13 16:55:03,2025-12-14 22:55:03,Completed,,2025-11-14 10:55:03,2025-12-14 22:55:03
REF000515,EHR-REF0000515,NorthStar EHR,PAT000208,COV000208,PRC0022,ORG004,LOC004,SPC009,PRC0069,ORG015,USR011,2026-06-24 06:41:41,2026-06-24 19:41:41,Synthetic evaluation request for Rheumatology,Z46.0,Routine,Scheduled,Appointment Verification,2026-06-29 21:41:41,2026-07-02 21:41:41,2026-06-25 13:41:41,2026-06-26 12:41:41,2026-06-27 02:41:41,,,,,,2026-06-24 19:41:41,2026-06-29 21:41:41
REF000516,EHR-REF0000516,NorthStar EHR,PAT001260,COV001260,PRC0031,ORG001,LOC001,SPC001,PRC0096,ORG017,,2026-07-03 07:16:58,2026-07-04 04:16:58,Synthetic evaluation request for Cardiology,Z35.9,Routine,Closed—Completed,,2026-07-13 13:16:58,,2026-07-04 08:16:58,2026-07-06 14:16:58,2026-07-08 09:16:58,2026-07-23 09:16:58,2026-08-02 09:16:58,2026-08-03 12:16:58,Completed,,2026-07-04 04:16:58,2026-08-03 12:16:58
REF000517,EHR-REF0000517,NorthStar EHR,PAT000234,COV000234,PRC0007,ORG001,LOC001,SPC003,PRC0038,ORG009,USR009,2026-02-14 22:40:38,2026-02-15 17:40:38,Synthetic evaluation request for Endocrinology,Z25.6,Routine,Outreach in Progress,Outreach Follow-Up,2026-02-18 13:40:38,2026-02-21 13:40:38,2026-02-18 08:40:38,2026-02-19 08:40:38,,,,,,,2026-02-15 17:40:38,2026-02-18 13:40:38
REF000518,EHR-REF0000518,NorthStar EHR,PAT001893,COV001893,PRC0014,ORG002,LOC002,SPC005,PRC0110,ORG031,,2025-11-18 11:33:19,2025-11-19 06:33:19,Synthetic evaluation request for Neurology,Z73.6,Routine,Closed—Completed,,2025-11-29 23:33:19,,2025-11-21 08:33:19,2025-11-21 15:33:19,2025-11-23 03:33:19,2025-12-27 03:33:19,2025-12-30 03:33:19,2025-12-30 19:33:19,Completed,,2025-11-19 06:33:19,2025-12-30 19:33:19
REF000519,EHR-REF0000519,NorthStar EHR,PAT001263,COV001263,PRC0018,ORG006,LOC006,SPC005,PRC0090,ORG011,,2025-11-04 06:23:02,2025-11-04 06:23:02,Synthetic evaluation request for Neurology,Z89.5,Routine,Closed—Completed,,2025-11-12 19:23:02,,2025-11-07 20:23:02,2025-11-06 19:23:02,2025-11-07 05:23:02,2025-11-13 05:23:02,2025-11-19 05:23:02,2025-11-20 07:23:02,Completed,,2025-11-04 06:23:02,2025-11-20 07:23:02
REF000520,EHR-REF0000520,NorthStar EHR,PAT001648,COV001648,PRC0002,ORG002,LOC002,SPC008,PRC0053,ORG024,,2026-05-29 17:49:40,2026-05-29 19:49:40,Synthetic evaluation request for Pulmonology,Z73.6,Routine,Closed—Not Completed,,2026-06-04 21:49:40,,2026-05-31 01:49:40,2026-05-31 09:49:40,,,,2026-06-04 21:49:40,Not Completed,Patient Declined,2026-05-29 19:49:40,2026-06-04 21:49:40
REF000521,EHR-REF0000521,NorthStar EHR,PAT001233,COV001233,PRC0007,ORG001,LOC001,SPC008,PRC0053,ORG024,,2025-12-24 05:04:26,2025-12-24 05:04:26,Synthetic evaluation request for Pulmonology,Z27.1,Urgent,Closed—Completed,,2026-01-02 19:04:26,,2025-12-25 15:04:26,2025-12-25 09:04:26,2025-12-26 05:04:26,2026-01-19 05:04:26,2026-01-26 05:04:26,2026-01-27 14:04:26,Completed,,2025-12-24 05:04:26,2026-01-27 14:04:26
REF000522,EHR-REF0000522,NorthStar EHR,PAT000111,COV000111,PRC0031,ORG001,LOC001,SPC003,PRC0058,ORG029,,2026-02-07 02:02:10,2026-02-07 06:02:10,Synthetic evaluation request for Endocrinology,Z81.2,Routine,Closed—Completed,,2026-02-21 16:02:10,,2026-02-10 14:02:10,2026-02-09 21:02:10,2026-02-11 15:02:10,2026-02-23 15:02:10,2026-02-26 15:02:10,2026-02-28 04:02:10,Completed,,2026-02-07 06:02:10,2026-02-28 04:02:10
REF000523,EHR-REF0000523,NorthStar EHR,PAT000606,COV000606,PRC0021,ORG003,LOC003,SPC007,PRC0052,ORG023,USR008,2025-12-26 12:43:02,2025-12-26 18:43:02,Synthetic evaluation request for Otolaryngology,Z53.3,Routine,Scheduled,Appointment Verification,2026-01-02 13:43:02,2026-01-05 13:43:02,2025-12-29 03:43:02,2025-12-30 05:43:02,2025-12-30 07:43:02,,,,,,2025-12-26 18:43:02,2026-01-02 13:43:02
REF000524,EHR-REF0000524,NorthStar EHR,PAT001337,COV001337,PRC0035,ORG005,LOC005,SPC001,PRC0061,ORG007,USR012,2026-04-15 16:47:26,2026-04-16 16:47:26,Synthetic evaluation request for Cardiology,Z67.4,Routine,Scheduled,Appointment Verification,2026-04-20 08:47:26,2026-04-23 08:47:26,2026-04-18 01:47:26,2026-04-19 02:47:26,2026-04-19 10:47:26,,,,,,2026-04-16 16:47:26,2026-04-20 08:47:26
REF000525,EHR-REF0000525,NorthStar EHR,PAT000631,COV000631,PRC0008,ORG002,LOC002,SPC002,PRC0097,ORG018,USR003,2026-01-31 21:46:14,2026-01-31 22:46:14,Synthetic evaluation request for Dermatology,Z63.3,Routine,Scheduled,Appointment Verification,2026-02-08 16:46:14,2026-02-11 16:46:14,2026-02-01 22:46:14,2026-02-01 11:46:14,2026-02-02 23:46:14,,,,,,2026-01-31 22:46:14,2026-02-08 16:46:14
REF000526,EHR-REF0000526,NorthStar EHR,PAT001993,COV001993,PRC0006,ORG006,LOC006,SPC001,PRC0086,ORG007,,2026-05-15 17:59:44,2026-05-16 02:59:44,Synthetic evaluation request for Cardiology,Z34.3,Routine,Closed—Completed,,2026-05-28 22:59:44,,2026-05-19 21:59:44,2026-05-20 12:59:44,2026-05-22 11:59:44,2026-06-15 11:59:44,2026-06-17 11:59:44,2026-06-18 10:59:44,Completed,,2026-05-16 02:59:44,2026-06-18 10:59:44
REF000527,EHR-REF0000527,NorthStar EHR,PAT001028,COV001028,PRC0019,ORG001,LOC001,SPC001,PRC0061,ORG007,,2026-01-13 02:50:41,2026-01-13 04:50:41,Synthetic evaluation request for Cardiology,Z56.8,Routine,Closed—Completed,,2026-01-24 09:50:41,,2026-01-13 19:50:41,2026-01-17 03:50:41,2026-01-17 21:50:41,2026-02-12 21:50:41,2026-02-20 21:50:41,2026-02-22 07:50:41,Completed,,2026-01-13 04:50:41,2026-02-22 07:50:41
REF000528,EHR-REF0000528,NorthStar EHR,PAT000542,COV000542,PRC0027,ORG003,LOC003,SPC005,PRC0090,ORG011,USR003,2026-05-28 00:53:18,2026-05-28 07:53:18,Synthetic evaluation request for Neurology,Z41.4,Routine,Scheduled,Appointment Verification,2026-05-31 13:53:18,2026-06-03 13:53:18,2026-05-29 11:53:18,2026-05-31 04:53:18,2026-06-01 01:53:18,,,,,,2026-05-28 07:53:18,2026-05-31 13:53:18
REF000529,EHR-REF0000529,NorthStar EHR,PAT001015,COV001015,PRC0033,ORG003,LOC003,SPC002,PRC0107,ORG028,,2026-05-01 03:03:53,2026-05-02 03:03:53,Synthetic evaluation request for Dermatology,Z42.8,Routine,Closed—Completed,,2026-05-14 20:03:53,,2026-05-05 23:03:53,2026-05-06 19:03:53,2026-05-07 17:03:53,2026-05-29 17:03:53,2026-06-02 17:03:53,2026-06-03 17:03:53,Completed,,2026-05-02 03:03:53,2026-06-03 17:03:53
REF000530,EHR-REF0000530,NorthStar EHR,PAT000416,COV000416,PRC0016,ORG004,LOC004,SPC010,PRC0105,ORG026,,2026-06-09 23:27:46,2026-06-09 23:27:46,Synthetic evaluation request for General Surgery,Z73.5,Routine,Closed—Completed,,2026-06-23 10:27:46,,2026-06-11 20:27:46,2026-06-10 15:27:46,2026-06-11 15:27:46,2026-07-10 15:27:46,2026-07-17 15:27:46,2026-07-18 17:27:46,Completed,,2026-06-09 23:27:46,2026-07-18 17:27:46
REF000531,EHR-REF0000531,NorthStar EHR,PAT000411,COV000411,PRC0013,ORG001,LOC001,SPC008,PRC0078,ORG024,USR011,2025-10-14 16:30:40,2025-10-15 06:30:40,Synthetic evaluation request for Pulmonology,Z37.7,Routine,Scheduled,Appointment Verification,2025-10-20 09:30:40,2025-10-23 09:30:40,2025-10-16 19:30:40,2025-10-18 01:30:40,2025-10-18 12:30:40,,,,,,2025-10-15 06:30:40,2025-10-20 09:30:40
REF000532,EHR-REF0000532,NorthStar EHR,PAT000748,COV000748,PRC0012,ORG006,LOC006,SPC008,PRC0068,ORG014,,2026-03-18 00:33:42,2026-03-18 05:33:42,Synthetic evaluation request for Pulmonology,Z62.2,Routine,Closed—Not Completed,,2026-03-23 23:33:42,,2026-03-21 21:33:42,2026-03-20 03:33:42,,,,2026-03-23 23:33:42,Not Completed,Patient Chose Another Provider,2026-03-18 05:33:42,2026-03-23 23:33:42
REF000533,EHR-REF0000533,NorthStar EHR,PAT001325,COV001325,PRC0018,ORG006,LOC006,SPC004,PRC0089,ORG010,,2025-11-05 21:24:12,2025-11-06 03:24:12,Synthetic evaluation request for Gastroenterology,Z35.9,Routine,Closed—Completed,,2025-11-15 13:24:12,,2025-11-09 02:24:12,2025-11-07 03:24:12,2025-11-08 14:24:12,2025-11-27 14:24:12,2025-11-28 14:24:12,2025-11-30 04:24:12,Completed,,2025-11-06 03:24:12,2025-11-30 04:24:12
REF000534,EHR-REF0000534,NorthStar EHR,PAT000815,COV000815,PRC0015,ORG003,LOC003,SPC005,PRC0040,ORG011,USR005,2026-01-22 04:12:47,2026-01-22 06:12:47,Synthetic evaluation request for Neurology,Z47.7,Routine,Scheduled,Appointment Verification,2026-01-26 09:12:47,2026-01-29 09:12:47,2026-01-22 17:12:47,2026-01-22 20:12:47,2026-01-24 05:12:47,,,,,,2026-01-22 06:12:47,2026-01-26 09:12:47
REF000535,EHR-REF0000535,NorthStar EHR,PAT000888,COV000888,PRC0033,ORG003,LOC003,SPC009,PRC0104,ORG025,,2026-05-31 12:39:15,2026-05-31 19:39:15,Synthetic evaluation request for Rheumatology,Z32.4,Routine,Cancelled,,2026-06-04 00:39:15,,2026-06-04 00:39:15,,,,,2026-06-04 00:39:15,Cancelled,Duplicate Referral,2026-05-31 19:39:15,2026-06-04 00:39:15
REF000536,EHR-REF0000536,NorthStar EHR,PAT001008,COV001008,PRC0005,ORG005,LOC005,SPC009,PRC0054,ORG025,USR005,2026-02-02 05:23:26,2026-02-03 00:23:26,Synthetic evaluation request for Rheumatology,Z74.4,Routine,Outreach in Progress,Outreach Follow-Up,2026-02-09 17:23:26,2026-02-12 17:23:26,2026-02-05 22:23:26,2026-02-04 19:23:26,,,,,,,2026-02-03 00:23:26,2026-02-09 17:23:26
REF000537,EHR-REF0000537,NorthStar EHR,PAT001525,COV001525,PRC0025,ORG001,LOC001,SPC010,PRC0055,ORG026,,2026-01-29 08:56:10,2026-01-30 03:56:10,Synthetic evaluation request for General Surgery,Z80.9,Routine,Closed—Completed,,2026-02-07 09:56:10,,2026-01-30 13:56:10,2026-01-30 11:56:10,2026-01-31 14:56:10,2026-03-07 14:56:10,2026-03-08 14:56:10,2026-03-10 03:56:10,Completed,,2026-01-30 03:56:10,2026-03-10 03:56:10
REF000538,EHR-REF0000538,NorthStar EHR,PAT000493,COV000493,PRC0021,ORG003,LOC003,SPC004,PRC0084,ORG030,,2026-06-15 01:57:40,2026-06-16 01:57:40,Synthetic evaluation request for Gastroenterology,Z47.9,Routine,Closed—Completed,,2026-06-23 08:57:40,,2026-06-16 20:57:40,2026-06-18 20:57:40,2026-06-20 11:57:40,2026-07-09 11:57:40,2026-07-12 11:57:40,2026-07-13 09:57:40,Completed,,2026-06-16 01:57:40,2026-07-13 09:57:40
REF000539,EHR-REF0000539,NorthStar EHR,PAT000231,COV000231,PRC0024,ORG006,LOC006,SPC007,PRC0052,ORG023,,2026-03-04 15:25:29,2026-03-04 15:25:29,Synthetic evaluation request for Otolaryngology,Z83.7,Routine,Closed—Completed,,2026-03-18 19:25:29,,2026-03-08 05:25:29,2026-03-09 15:25:29,2026-03-10 13:25:29,2026-04-12 13:25:29,2026-04-15 13:25:29,2026-04-16 21:25:29,Completed,,2026-03-04 15:25:29,2026-04-16 21:25:29
REF000540,EHR-REF0000540,NorthStar EHR,PAT001169,COV001169,PRC0021,ORG003,LOC003,SPC004,PRC0099,ORG020,,2026-07-12 21:01:04,2026-07-13 12:01:04,Synthetic evaluation request for Gastroenterology,Z33.1,Routine,Closed—Completed,,2026-07-25 17:01:04,,2026-07-16 14:01:04,2026-07-15 09:01:04,2026-07-15 13:01:04,2026-08-05 13:01:04,2026-08-13 13:01:04,2026-08-14 15:01:04,Completed,,2026-07-13 12:01:04,2026-08-14 15:01:04
REF000541,EHR-REF0000541,NorthStar EHR,PAT000302,COV000302,PRC0002,ORG002,LOC002,SPC010,PRC0080,ORG026,,2025-11-29 10:50:25,2025-11-29 10:50:25,Synthetic evaluation request for General Surgery,Z75.8,Routine,Closed—Completed,,2025-12-10 09:50:25,,2025-12-03 02:50:25,2025-11-30 18:50:25,2025-12-02 04:50:25,2025-12-10 04:50:25,2025-12-19 04:50:25,2025-12-20 02:50:25,Completed,,2025-11-29 10:50:25,2025-12-20 02:50:25
REF000542,EHR-REF0000542,NorthStar EHR,PAT001572,COV001572,PRC0001,ORG001,LOC001,SPC006,PRC0091,ORG012,,2026-01-24 00:51:43,2026-01-24 23:51:43,Synthetic evaluation request for Orthopedics,Z55.3,Routine,Closed—Completed,,2026-02-05 17:51:43,,2026-01-27 14:51:43,2026-01-28 20:51:43,2026-01-30 13:51:43,2026-02-08 13:51:43,2026-02-13 13:51:43,2026-02-14 12:51:43,Completed,,2026-01-24 23:51:43,2026-02-14 12:51:43
REF000543,EHR-REF0000543,NorthStar EHR,PAT001694,COV001694,PRC0034,ORG004,LOC004,SPC010,PRC0105,ORG026,,2026-02-16 00:22:01,2026-02-16 00:22:01,Synthetic evaluation request for General Surgery,Z88.1,Routine,Closed—Not Completed,,2026-02-20 21:22:01,,2026-02-18 23:22:01,2026-02-17 10:22:01,,,,2026-02-20 21:22:01,Not Completed,Duplicate Referral,2026-02-16 00:22:01,2026-02-20 21:22:01
REF000544,EHR-REF0000544,NorthStar EHR,PAT001667,COV001667,PRC0017,ORG005,LOC005,SPC007,PRC0102,ORG023,,2026-02-07 07:06:36,2026-02-07 09:06:36,Synthetic evaluation request for Otolaryngology,Z65.4,Routine,Closed—Completed,,2026-02-16 10:06:36,,2026-02-09 18:06:36,2026-02-08 08:06:36,2026-02-08 10:06:36,2026-02-24 10:06:36,2026-03-03 10:06:36,2026-03-05 03:06:36,Completed,,2026-02-07 09:06:36,2026-03-05 03:06:36
REF000545,EHR-REF0000545,NorthStar EHR,PAT000497,COV000497,PRC0012,ORG006,LOC006,SPC006,PRC0066,ORG012,,2026-03-13 00:59:44,2026-03-13 04:59:44,Synthetic evaluation request for Orthopedics,Z14.0,Routine,Closed—Completed,,2026-03-25 19:59:44,,2026-03-15 13:59:44,2026-03-15 09:59:44,2026-03-16 03:59:44,2026-03-30 03:59:44,2026-04-06 03:59:44,2026-04-07 14:59:44,Completed,,2026-03-13 04:59:44,2026-04-07 14:59:44
REF000546,EHR-REF0000546,NorthStar EHR,PAT001696,COV001696,PRC0023,ORG005,LOC005,SPC005,PRC0060,ORG031,USR009,2025-10-01 08:49:45,2025-10-01 20:49:45,Synthetic evaluation request for Neurology,Z22.7,Routine,Needs Information,Needs Information,2025-10-02 12:49:45,2025-10-05 12:49:45,,,,,,,,,2025-10-01 20:49:45,2025-10-02 12:49:45
REF000547,EHR-REF0000547,NorthStar EHR,PAT001114,COV001114,PRC0002,ORG002,LOC002,SPC009,PRC0069,ORG015,USR006,2026-06-22 05:57:36,2026-06-22 06:57:36,Synthetic evaluation request for Rheumatology,Z31.1,Routine,Scheduled,Appointment Verification,2026-07-01 11:57:36,2026-07-04 11:57:36,2026-06-24 16:57:36,2026-06-26 00:57:36,2026-06-27 18:57:36,,,,,,2026-06-22 06:57:36,2026-07-01 11:57:36
REF000548,EHR-REF0000548,NorthStar EHR,PAT001698,COV001698,PRC0032,ORG002,LOC002,SPC006,PRC0051,ORG022,USR012,2025-08-10 14:05:34,2025-08-11 09:05:34,Synthetic evaluation request for Orthopedics,Z87.2,Routine,Needs Information,Needs Information,2025-08-14 13:05:34,2025-08-17 13:05:34,,,,,,,,,2025-08-11 09:05:34,2025-08-14 13:05:34
REF000549,EHR-REF0000549,NorthStar EHR,PAT001617,COV001617,PRC0001,ORG001,LOC001,SPC005,PRC0110,ORG031,USR007,2026-04-10 20:23:23,2026-04-11 02:23:23,Synthetic evaluation request for Neurology,Z73.4,Routine,Outreach in Progress,Outreach Follow-Up,2026-04-13 19:23:23,2026-04-16 19:23:23,2026-04-11 09:23:23,2026-04-13 00:23:23,,,,,,,2026-04-11 02:23:23,2026-04-13 19:23:23
REF000550,EHR-REF0000550,NorthStar EHR,PAT001925,COV001925,PRC0006,ORG006,LOC006,SPC010,PRC0080,ORG026,USR002,2025-08-07 18:23:00,2025-08-07 22:23:00,Synthetic evaluation request for General Surgery,Z25.3,Routine,Outreach in Progress,Outreach Follow-Up,2025-08-12 07:23:00,2025-08-15 07:23:00,2025-08-10 07:23:00,2025-08-10 04:23:00,,,,,,,2025-08-07 22:23:00,2025-08-12 07:23:00
REF000551,EHR-REF0000551,NorthStar EHR,PAT000753,COV000753,PRC0031,ORG001,LOC001,SPC006,PRC0051,ORG022,USR013,2026-04-03 02:49:09,2026-04-03 02:49:09,Synthetic evaluation request for Orthopedics,Z67.2,Routine,Scheduled,Appointment Verification,2026-04-09 21:49:09,2026-04-12 21:49:09,2026-04-05 14:49:09,2026-04-07 19:49:09,2026-04-09 02:49:09,,,,,,2026-04-03 02:49:09,2026-04-09 21:49:09
REF000552,EHR-REF0000552,NorthStar EHR,PAT000107,COV000107,PRC0021,ORG003,LOC003,SPC006,PRC0051,ORG022,USR007,2025-10-03 09:39:54,2025-10-03 11:39:54,Synthetic evaluation request for Orthopedics,Z37.6,Urgent,Completed—Report Pending,Report Pending,2025-10-14 01:39:54,2025-10-15 01:39:54,2025-10-06 03:39:54,2025-10-07 19:39:54,2025-10-09 02:39:54,2025-10-20 02:39:54,,,,,2025-10-03 11:39:54,2025-10-14 01:39:54
REF000553,EHR-REF0000553,NorthStar EHR,PAT001706,COV001706,PRC0021,ORG003,LOC003,SPC005,PRC0060,ORG031,USR005,2026-02-09 08:40:42,2026-02-09 21:40:42,Synthetic evaluation request for Neurology,Z60.8,Routine,Completed—Report Pending,Report Pending,2026-02-20 22:40:42,2026-02-23 22:40:42,2026-02-13 09:40:42,2026-02-13 05:40:42,2026-02-13 23:40:42,2026-02-22 23:40:42,,,,,2026-02-09 21:40:42,2026-02-20 22:40:42
REF000554,EHR-REF0000554,NorthStar EHR,PAT001413,COV001413,PRC0008,ORG002,LOC002,SPC006,PRC0091,ORG012,,2025-08-13 23:21:33,2025-08-14 21:21:33,Synthetic evaluation request for Orthopedics,Z76.6,Routine,Closed—Completed,,2025-08-25 16:21:33,,2025-08-16 22:21:33,2025-08-17 06:21:33,2025-08-19 04:21:33,2025-08-26 04:21:33,2025-09-02 04:21:33,2025-09-02 19:21:33,Completed,,2025-08-14 21:21:33,2025-09-02 19:21:33
REF000555,EHR-REF0000555,NorthStar EHR,PAT001742,COV001742,PRC0017,ORG005,LOC005,SPC006,PRC0101,ORG022,,2025-11-19 19:05:34,2025-11-20 07:05:34,Synthetic evaluation request for Orthopedics,Z68.9,Routine,Closed—Not Completed,,2025-11-28 15:05:34,,2025-11-23 08:05:34,2025-11-23 14:05:34,,,,2025-11-28 15:05:34,Not Completed,Insurance or Access Barrier,2025-11-20 07:05:34,2025-11-28 15:05:34
REF000556,EHR-REF0000556,NorthStar EHR,PAT000128,COV000128,PRC0010,ORG004,LOC004,SPC005,PRC0100,ORG021,,2025-08-01 23:45:00,2025-08-02 18:45:00,Synthetic evaluation request for Neurology,Z79.8,Routine,Closed—Not Completed,,2025-08-10 00:45:00,,2025-08-03 18:45:00,2025-08-04 07:45:00,,,,2025-08-10 00:45:00,Not Completed,Unable to Contact After Protocol,2025-08-02 18:45:00,2025-08-10 00:45:00
REF000557,EHR-REF0000557,NorthStar EHR,PAT000582,COV000582,PRC0022,ORG004,LOC004,SPC008,PRC0068,ORG014,USR007,2026-01-05 06:22:36,2026-01-05 17:22:36,Synthetic evaluation request for Pulmonology,Z74.5,Routine,Outreach in Progress,Outreach Follow-Up,2026-01-10 05:22:36,2026-01-13 05:22:36,2026-01-08 13:22:36,2026-01-09 22:22:36,,,,,,,2026-01-05 17:22:36,2026-01-10 05:22:36
REF000558,EHR-REF0000558,NorthStar EHR,PAT001485,COV001485,PRC0034,ORG004,LOC004,SPC002,PRC0047,ORG018,,2025-09-12 15:40:13,2025-09-13 00:40:13,Synthetic evaluation request for Dermatology,Z33.0,Routine,Closed—Completed,,2025-09-24 06:40:13,,2025-09-15 12:40:13,2025-09-14 03:40:13,2025-09-14 13:40:13,2025-10-04 13:40:13,2025-10-12 13:40:13,2025-10-13 11:40:13,Completed,,2025-09-13 00:40:13,2025-10-13 11:40:13
REF000559,EHR-REF0000559,NorthStar EHR,PAT001603,COV001603,PRC0033,ORG003,LOC003,SPC001,PRC0071,ORG017,,2026-05-09 19:23:38,2026-05-10 15:23:38,Synthetic evaluation request for Cardiology,Z42.6,Routine,Closed—Completed,,2026-05-24 00:23:38,,2026-05-11 15:23:38,2026-05-14 18:23:38,2026-05-15 05:23:38,2026-06-04 05:23:38,2026-06-09 05:23:38,2026-06-10 11:23:38,Completed,,2026-05-10 15:23:38,2026-06-10 11:23:38
REF000560,EHR-REF0000560,NorthStar EHR,PAT000291,COV000291,PRC0013,ORG001,LOC001,SPC008,PRC0068,ORG014,,2026-04-03 23:40:06,2026-04-04 13:40:06,Synthetic evaluation request for Pulmonology,Z53.8,Urgent,Closed—Completed,,2026-04-15 21:40:06,,2026-04-07 17:40:06,2026-04-08 02:40:06,2026-04-09 18:40:06,2026-05-13 18:40:06,2026-05-20 18:40:06,2026-05-22 07:40:06,Completed,,2026-04-04 13:40:06,2026-05-22 07:40:06
REF000561,EHR-REF0000561,NorthStar EHR,PAT000558,COV000558,PRC0027,ORG003,LOC003,SPC002,PRC0037,ORG008,,2025-12-15 04:40:09,2025-12-15 07:40:09,Synthetic evaluation request for Dermatology,Z87.7,Routine,Closed—Completed,,2025-12-24 16:40:09,,2025-12-16 04:40:09,2025-12-19 19:40:09,2025-12-20 16:40:09,2026-01-12 16:40:09,2026-01-16 16:40:09,2026-01-17 05:40:09,Completed,,2025-12-15 07:40:09,2026-01-17 05:40:09
REF000562,EHR-REF0000562,NorthStar EHR,PAT001869,COV001869,PRC0025,ORG001,LOC001,SPC004,PRC0039,ORG010,USR011,2026-07-06 22:27:11,2026-07-07 10:27:11,Synthetic evaluation request for Gastroenterology,Z59.1,Routine,Outreach in Progress,Outreach Follow-Up,2026-07-08 12:27:11,2026-07-11 12:27:11,2026-07-07 21:27:11,2026-07-12 09:27:11,,,,,,,2026-07-07 10:27:11,2026-07-08 12:27:11
REF000563,EHR-REF0000563,NorthStar EHR,PAT000394,COV000394,PRC0022,ORG004,LOC004,SPC001,PRC0071,ORG017,,2026-06-01 19:18:57,2026-06-02 14:18:57,Synthetic evaluation request for Cardiology,Z72.3,Routine,Closed—Completed,,2026-06-11 23:18:57,,2026-06-03 19:18:57,2026-06-05 10:18:57,2026-06-05 22:18:57,2026-06-10 22:18:57,2026-06-20 22:18:57,2026-06-22 01:18:57,Completed,,2026-06-02 14:18:57,2026-06-22 01:18:57
REF000564,EHR-REF0000564,NorthStar EHR,PAT001181,COV001181,PRC0024,ORG006,LOC006,SPC010,PRC0080,ORG026,USR014,2026-01-28 00:22:48,2026-01-28 09:22:48,Synthetic evaluation request for General Surgery,Z83.5,Routine,Completed—Report Pending,Report Pending,2026-02-06 20:22:48,2026-02-09 20:22:48,2026-01-31 02:22:48,2026-02-01 06:22:48,2026-02-01 17:22:48,2026-02-11 17:22:48,,,,,2026-01-28 09:22:48,2026-02-06 20:22:48
REF000565,EHR-REF0000565,NorthStar EHR,PAT000649,COV000649,PRC0019,ORG001,LOC001,SPC010,PRC0055,ORG026,USR007,2025-12-12 22:12:43,2025-12-12 23:12:43,Synthetic evaluation request for General Surgery,Z35.2,Routine,Completed—Report Pending,Report Pending,2025-12-17 12:12:43,2025-12-20 12:12:43,2025-12-15 03:12:43,2025-12-15 06:12:43,2025-12-15 08:12:43,2026-01-06 08:12:43,,,,,2025-12-12 23:12:43,2025-12-17 12:12:43
REF000566,EHR-REF0000566,NorthStar EHR,PAT001549,COV001549,PRC0034,ORG004,LOC004,SPC005,PRC0085,ORG031,,2025-12-11 18:35:33,2025-12-12 14:35:33,Synthetic evaluation request for Neurology,Z70.3,Routine,Closed—Not Completed,,2025-12-21 05:35:33,,2025-12-15 10:35:33,2025-12-14 16:35:33,,,,2025-12-21 05:35:33,Not Completed,Patient Moved,2025-12-12 14:35:33,2025-12-21 05:35:33
REF000567,EHR-REF0000567,NorthStar EHR,PAT000973,COV000973,PRC0017,ORG005,LOC005,SPC001,PRC0061,ORG007,,2025-08-27 05:00:12,2025-08-27 06:00:12,Synthetic evaluation request for Cardiology,Z88.1,Routine,Closed—Not Completed,,2025-09-03 04:00:12,,2025-08-28 22:00:12,2025-08-29 13:00:12,,,,2025-09-03 04:00:12,Not Completed,No Longer Clinically Indicated,2025-08-27 06:00:12,2025-09-03 04:00:12
REF000568,EHR-REF0000568,NorthStar EHR,PAT000741,COV000741,PRC0004,ORG004,LOC004,SPC003,PRC0098,ORG019,,2025-08-11 03:59:50,2025-08-11 08:59:50,Synthetic evaluation request for Endocrinology,Z51.0,Routine,Closed—Completed,,2025-08-24 11:59:50,,2025-08-13 02:59:50,2025-08-14 07:59:50,2025-08-14 10:59:50,2025-08-21 10:59:50,2025-08-26 10:59:50,2025-08-27 14:59:50,Completed,,2025-08-11 08:59:50,2025-08-27 14:59:50
REF000569,EHR-REF0000569,NorthStar EHR,PAT001484,COV001484,PRC0012,ORG006,LOC006,SPC002,PRC0072,ORG018,,2026-03-13 17:43:26,2026-03-13 17:43:26,Synthetic evaluation request for Dermatology,Z55.6,Urgent,Closed—Completed,,2026-03-23 16:43:26,,2026-03-15 08:43:26,2026-03-17 21:43:26,2026-03-18 09:43:26,2026-03-24 09:43:26,2026-04-01 09:43:26,2026-04-02 06:43:26,Completed,,2026-03-13 17:43:26,2026-04-02 06:43:26
REF000570,EHR-REF0000570,NorthStar EHR,PAT001467,COV001467,PRC0011,ORG005,LOC005,SPC010,PRC0105,ORG026,,2025-08-07 13:37:58,2025-08-07 19:37:58,Synthetic evaluation request for General Surgery,Z86.7,Routine,Closed—Completed,,2025-08-18 22:37:58,,2025-08-11 11:37:58,2025-08-08 16:37:58,2025-08-09 13:37:58,2025-08-15 13:37:58,2025-08-20 13:37:58,2025-08-21 06:37:58,Completed,,2025-08-07 19:37:58,2025-08-21 06:37:58
REF000571,EHR-REF0000571,NorthStar EHR,PAT001524,COV001524,PRC0004,ORG004,LOC004,SPC005,PRC0075,ORG021,,2025-12-13 13:46:47,2025-12-14 07:46:47,Synthetic evaluation request for Neurology,Z62.2,Routine,Closed—Completed,,2025-12-25 19:46:47,,2025-12-15 20:46:47,2025-12-16 09:46:47,2025-12-17 13:46:47,2026-01-14 13:46:47,2026-01-16 13:46:47,2026-01-17 01:46:47,Completed,,2025-12-14 07:46:47,2026-01-17 01:46:47
REF000572,EHR-REF0000572,NorthStar EHR,PAT001560,COV001560,PRC0006,ORG006,LOC006,SPC002,PRC0107,ORG028,USR012,2026-04-27 21:05:46,2026-04-27 22:05:46,Synthetic evaluation request for Dermatology,Z85.2,Routine,Outreach in Progress,Outreach Follow-Up,2026-05-04 18:05:46,2026-05-07 18:05:46,2026-04-30 23:05:46,2026-04-29 05:05:46,,,,,,,2026-04-27 22:05:46,2026-05-04 18:05:46
REF000573,EHR-REF0000573,NorthStar EHR,PAT000585,COV000585,PRC0011,ORG005,LOC005,SPC002,PRC0097,ORG018,USR001,2025-11-22 06:00:19,2025-11-22 09:00:19,Synthetic evaluation request for Dermatology,Z65.8,Routine,Completed—Report Pending,Report Pending,2025-12-01 11:00:19,2025-12-04 11:00:19,2025-11-25 00:00:19,2025-11-25 04:00:19,2025-11-26 05:00:19,2025-12-13 05:00:19,,,,,2025-11-22 09:00:19,2025-12-01 11:00:19
REF000574,EHR-REF0000574,NorthStar EHR,PAT001885,COV001885,PRC0013,ORG001,LOC001,SPC004,PRC0109,ORG030,,2026-05-25 23:38:32,2026-05-26 11:38:32,Synthetic evaluation request for Gastroenterology,Z26.8,Routine,Closed—Completed,,2026-06-04 17:38:32,,2026-05-29 00:38:32,2026-05-29 19:38:32,2026-05-30 00:38:32,2026-06-04 00:38:32,2026-06-07 00:38:32,2026-06-08 09:38:32,Completed,,2026-05-26 11:38:32,2026-06-08 09:38:32
REF000575,EHR-REF0000575,NorthStar EHR,PAT000241,COV000241,PRC0031,ORG001,LOC001,SPC006,PRC0076,ORG022,USR002,2026-04-18 01:35:31,2026-04-18 18:35:31,Synthetic evaluation request for Orthopedics,Z28.7,Routine,Outreach in Progress,Outreach Follow-Up,2026-04-24 10:35:31,2026-04-27 10:35:31,2026-04-22 01:35:31,2026-04-21 06:35:31,,,,,,,2026-04-18 18:35:31,2026-04-24 10:35:31
REF000576,EHR-REF0000576,NorthStar EHR,PAT000753,COV000753,PRC0004,ORG004,LOC004,SPC010,PRC0045,ORG016,,2026-05-15 18:06:28,2026-05-16 08:06:28,Synthetic evaluation request for General Surgery,Z77.2,Routine,Closed—Completed,,2026-05-29 14:06:28,,2026-05-20 05:06:28,2026-05-21 04:06:28,2026-05-21 17:06:28,2026-06-14 17:06:28,2026-06-22 17:06:28,2026-06-24 05:06:28,Completed,,2026-05-16 08:06:28,2026-06-24 05:06:28
REF000577,EHR-REF0000577,NorthStar EHR,PAT001836,COV001836,PRC0010,ORG004,LOC004,SPC002,PRC0062,ORG008,,2025-12-22 23:46:03,2025-12-23 11:46:03,Synthetic evaluation request for Dermatology,Z46.7,Routine,Closed—Not Completed,,2025-12-29 14:46:03,,2025-12-25 00:46:03,2025-12-26 07:46:03,,,,2025-12-29 14:46:03,Not Completed,Patient Moved,2025-12-23 11:46:03,2025-12-29 14:46:03
REF000578,EHR-REF0000578,NorthStar EHR,PAT000339,COV000339,PRC0025,ORG001,LOC001,SPC001,PRC0061,ORG007,USR011,2026-01-06 03:32:45,2026-01-06 22:32:45,Synthetic evaluation request for Cardiology,Z38.9,Routine,Scheduled,Appointment Verification,2026-01-13 23:32:45,2026-01-16 23:32:45,2026-01-09 08:32:45,2026-01-08 01:32:45,2026-01-08 23:32:45,,,,,,2026-01-06 22:32:45,2026-01-13 23:32:45
REF000579,EHR-REF0000579,NorthStar EHR,PAT000775,COV000775,PRC0015,ORG003,LOC003,SPC007,PRC0042,ORG013,,2026-02-19 14:26:26,2026-02-19 16:26:26,Synthetic evaluation request for Otolaryngology,Z83.7,Urgent,Closed—Completed,,2026-02-27 08:26:26,,2026-02-19 22:26:26,2026-02-23 06:26:26,2026-02-23 14:26:26,2026-03-27 14:26:26,2026-04-01 14:26:26,2026-04-02 19:26:26,Completed,,2026-02-19 16:26:26,2026-04-02 19:26:26
REF000580,EHR-REF0000580,NorthStar EHR,PAT000217,COV000217,PRC0018,ORG006,LOC006,SPC005,PRC0110,ORG031,,2026-03-18 21:56:18,2026-03-19 05:56:18,Synthetic evaluation request for Neurology,Z67.1,Routine,Closed—Completed,,2026-03-30 12:56:18,,2026-03-22 17:56:18,2026-03-21 01:56:18,2026-03-21 12:56:18,2026-04-14 12:56:18,2026-04-24 12:56:18,2026-04-26 06:56:18,Completed,,2026-03-19 05:56:18,2026-04-26 06:56:18
REF000581,EHR-REF0000581,NorthStar EHR,PAT000022,COV000022,PRC0002,ORG002,LOC002,SPC001,PRC0046,ORG017,,2026-03-03 22:42:05,2026-03-04 14:42:05,Synthetic evaluation request for Cardiology,Z29.1,Urgent,Closed—Completed,,2026-03-12 03:42:05,,2026-03-06 14:42:05,2026-03-07 11:42:05,2026-03-08 23:42:05,2026-04-08 23:42:05,2026-04-10 23:42:05,2026-04-11 14:42:05,Completed,,2026-03-04 14:42:05,2026-04-11 14:42:05
REF000582,EHR-REF0000582,NorthStar EHR,PAT001305,COV001305,PRC0023,ORG005,LOC005,SPC009,PRC0054,ORG025,,2026-07-14 15:06:11,2026-07-14 19:06:11,Synthetic evaluation request for Rheumatology,Z33.4,Routine,Closed—Not Completed,,2026-07-22 22:06:11,,2026-07-16 17:06:11,2026-07-18 03:06:11,,,,2026-07-22 22:06:11,Not Completed,Insurance or Access Barrier,2026-07-14 19:06:11,2026-07-22 22:06:11
REF000583,EHR-REF0000583,NorthStar EHR,PAT001512,COV001512,PRC0011,ORG005,LOC005,SPC008,PRC0043,ORG014,,2025-12-31 23:52:42,2026-01-01 13:52:42,Synthetic evaluation request for Pulmonology,Z66.1,Routine,Closed—Completed,,2026-01-15 19:52:42,,2026-01-04 20:52:42,2026-01-02 08:52:42,2026-01-03 21:52:42,2026-01-20 21:52:42,2026-01-27 21:52:42,2026-01-28 17:52:42,Completed,,2026-01-01 13:52:42,2026-01-28 17:52:42
REF000584,EHR-REF0000584,NorthStar EHR,PAT001699,COV001699,PRC0029,ORG005,LOC005,SPC009,PRC0044,ORG015,,2026-03-31 04:15:31,2026-03-31 04:15:31,Synthetic evaluation request for Rheumatology,Z11.6,Routine,Closed—Completed,,2026-04-15 15:15:31,,2026-04-01 15:15:31,2026-04-05 02:15:31,2026-04-05 19:15:31,2026-04-12 19:15:31,2026-04-16 19:15:31,2026-04-18 07:15:31,Completed,,2026-03-31 04:15:31,2026-04-18 07:15:31
REF000585,EHR-REF0000585,NorthStar EHR,PAT001176,COV001176,PRC0028,ORG004,LOC004,SPC005,PRC0110,ORG031,,2025-09-15 23:49:35,2025-09-16 04:49:35,Synthetic evaluation request for Neurology,Z89.7,Routine,Closed—Not Completed,,2025-09-21 06:49:35,,2025-09-16 13:49:35,2025-09-17 06:49:35,,,,2025-09-21 06:49:35,Not Completed,Unable to Contact After Protocol,2025-09-16 04:49:35,2025-09-21 06:49:35
REF000586,EHR-REF0000586,NorthStar EHR,PAT000379,COV000379,PRC0022,ORG004,LOC004,SPC003,PRC0108,ORG029,USR003,2025-10-25 13:34:21,2025-10-25 15:34:21,Synthetic evaluation request for Endocrinology,Z38.3,Routine,Received,New Intake,2025-10-25 15:34:21,2025-10-28 15:34:21,,,,,,,,,2025-10-25 15:34:21,2025-10-25 15:34:21
REF000587,EHR-REF0000587,NorthStar EHR,PAT001260,COV001260,PRC0001,ORG001,LOC001,SPC006,PRC0051,ORG022,,2025-09-15 14:57:33,2025-09-16 03:57:33,Synthetic evaluation request for Orthopedics,Z10.9,Routine,Closed—Completed,,2025-09-26 20:57:33,,2025-09-19 09:57:33,2025-09-18 18:57:33,2025-09-19 05:57:33,2025-10-18 05:57:33,2025-10-20 05:57:33,2025-10-21 11:57:33,Completed,,2025-09-16 03:57:33,2025-10-21 11:57:33
REF000588,EHR-REF0000588,NorthStar EHR,PAT000441,COV000441,PRC0033,ORG003,LOC003,SPC005,PRC0060,ORG031,,2025-12-17 21:51:05,2025-12-18 13:51:05,Synthetic evaluation request for Neurology,Z19.3,Routine,Cancelled,,2025-12-20 20:51:05,,2025-12-20 20:51:05,,,,,2025-12-20 20:51:05,Cancelled,No Longer Clinically Indicated,2025-12-18 13:51:05,2025-12-20 20:51:05
REF000589,EHR-REF0000589,NorthStar EHR,PAT000168,COV000168,PRC0024,ORG006,LOC006,SPC005,PRC0075,ORG021,,2026-01-18 22:41:55,2026-01-19 21:41:55,Synthetic evaluation request for Neurology,Z38.8,Routine,Closed—Completed,,2026-01-26 02:41:55,,2026-01-20 13:41:55,2026-01-22 05:41:55,2026-01-22 19:41:55,2026-02-05 19:41:55,2026-02-09 19:41:55,2026-02-10 14:41:55,Completed,,2026-01-19 21:41:55,2026-02-10 14:41:55
REF000590,EHR-REF0000590,NorthStar EHR,PAT000120,COV000120,PRC0023,ORG005,LOC005,SPC005,PRC0050,ORG021,USR003,2026-03-03 09:50:23,2026-03-03 09:50:23,Synthetic evaluation request for Neurology,Z56.8,Routine,Outreach in Progress,Outreach Follow-Up,2026-03-08 21:50:23,2026-03-11 21:50:23,2026-03-05 02:50:23,2026-03-04 02:50:23,,,,,,,2026-03-03 09:50:23,2026-03-08 21:50:23
REF000591,EHR-REF0000591,NorthStar EHR,PAT001344,COV001344,PRC0010,ORG004,LOC004,SPC001,PRC0036,ORG007,,2026-06-27 06:11:33,2026-06-28 06:11:33,Synthetic evaluation request for Cardiology,Z10.2,Urgent,Closed—Completed,,2026-07-07 07:11:33,,2026-06-30 18:11:33,2026-07-02 03:11:33,2026-07-02 10:11:33,2026-07-12 10:11:33,2026-07-15 10:11:33,2026-07-16 06:11:33,Completed,,2026-06-28 06:11:33,2026-07-16 06:11:33
REF000592,EHR-REF0000592,NorthStar EHR,PAT001194,COV001194,PRC0011,ORG005,LOC005,SPC006,PRC0051,ORG022,,2026-01-13 07:14:25,2026-01-14 03:14:25,Synthetic evaluation request for Orthopedics,Z77.2,Routine,Closed—Completed,,2026-01-23 10:14:25,,2026-01-14 20:14:25,2026-01-17 17:14:25,2026-01-18 08:14:25,2026-02-09 08:14:25,2026-02-13 08:14:25,2026-02-14 05:14:25,Completed,,2026-01-14 03:14:25,2026-02-14 05:14:25
REF000593,EHR-REF0000593,NorthStar EHR,PAT001601,COV001601,PRC0001,ORG001,LOC001,SPC001,PRC0061,ORG007,,2025-09-08 00:50:05,2025-09-08 20:50:05,Synthetic evaluation request for Cardiology,Z80.1,Routine,Closed—Completed,,2025-09-18 08:50:05,,2025-09-11 23:50:05,2025-09-10 00:50:05,2025-09-10 02:50:05,2025-09-14 02:50:05,2025-09-16 02:50:05,2025-09-17 07:50:05,Completed,,2025-09-08 20:50:05,2025-09-17 07:50:05
REF000594,EHR-REF0000594,NorthStar EHR,PAT000925,COV000925,PRC0022,ORG004,LOC004,SPC008,PRC0043,ORG014,USR013,2025-11-25 11:36:45,2025-11-25 13:36:45,Synthetic evaluation request for Pulmonology,Z83.7,Routine,Received,New Intake,2025-11-25 13:36:45,2025-11-28 13:36:45,,,,,,,,,2025-11-25 13:36:45,2025-11-25 13:36:45
REF000595,EHR-REF0000595,NorthStar EHR,PAT001374,COV001374,PRC0002,ORG002,LOC002,SPC002,PRC0057,ORG028,,2026-03-27 07:47:58,2026-03-27 14:47:58,Synthetic evaluation request for Dermatology,Z86.7,Routine,Closed—Completed,,2026-04-05 06:47:58,,2026-03-30 14:47:58,2026-03-28 16:47:58,2026-03-29 13:47:58,2026-05-01 13:47:58,2026-05-07 13:47:58,2026-05-08 16:47:58,Completed,,2026-03-27 14:47:58,2026-05-08 16:47:58
REF000596,EHR-REF0000596,NorthStar EHR,PAT001132,COV001132,PRC0030,ORG006,LOC006,SPC007,PRC0092,ORG013,USR012,2026-02-27 22:00:53,2026-02-28 11:00:53,Synthetic evaluation request for Otolaryngology,Z78.1,Routine,Completed—Report Pending,Report Pending,2026-03-10 05:00:53,2026-03-13 05:00:53,2026-03-01 11:00:53,2026-03-05 01:00:53,2026-03-05 10:00:53,2026-03-30 10:00:53,,,,,2026-02-28 11:00:53,2026-03-10 05:00:53
REF000597,EHR-REF0000597,NorthStar EHR,PAT000236,COV000236,PRC0002,ORG002,LOC002,SPC007,PRC0042,ORG013,,2026-05-09 12:27:56,2026-05-09 20:27:56,Synthetic evaluation request for Otolaryngology,Z27.0,Routine,Closed—Completed,,2026-05-15 20:27:56,,2026-05-10 04:27:56,2026-05-11 11:27:56,2026-05-12 19:27:56,2026-06-03 19:27:56,2026-06-08 19:27:56,2026-06-10 07:27:56,Completed,,2026-05-09 20:27:56,2026-06-10 07:27:56
REF000598,EHR-REF0000598,NorthStar EHR,PAT000183,COV000183,PRC0014,ORG002,LOC002,SPC008,PRC0053,ORG024,,2025-11-30 23:35:59,2025-12-01 06:35:59,Synthetic evaluation request for Pulmonology,Z55.5,Urgent,Closed—Completed,,2025-12-12 08:35:59,,2025-12-02 10:35:59,2025-12-03 17:35:59,2025-12-04 10:35:59,2025-12-12 10:35:59,2025-12-13 10:35:59,2025-12-14 02:35:59,Completed,,2025-12-01 06:35:59,2025-12-14 02:35:59
REF000599,EHR-REF0000599,NorthStar EHR,PAT000718,COV000718,PRC0009,ORG003,LOC003,SPC009,PRC0054,ORG025,,2025-09-09 05:53:22,2025-09-09 16:53:22,Synthetic evaluation request for Rheumatology,Z55.4,Routine,Closed—Completed,,2025-09-23 09:53:22,,2025-09-11 07:53:22,2025-09-12 08:53:22,2025-09-12 16:53:22,2025-09-17 16:53:22,2025-09-19 16:53:22,2025-09-21 11:53:22,Completed,,2025-09-09 16:53:22,2025-09-21 11:53:22
REF000600,EHR-REF0000600,NorthStar EHR,PAT000887,COV000887,PRC0016,ORG004,LOC004,SPC010,PRC0095,ORG016,,2026-05-29 16:47:11,2026-05-29 16:47:11,Synthetic evaluation request for General Surgery,Z79.8,Routine,Closed—Completed,,2026-06-11 13:47:11,,2026-06-01 20:47:11,2026-06-02 04:47:11,2026-06-02 16:47:11,2026-06-30 16:47:11,2026-07-02 16:47:11,2026-07-03 17:47:11,Completed,,2026-05-29 16:47:11,2026-07-03 17:47:11
REF000601,EHR-REF0000601,NorthStar EHR,PAT001543,COV001543,PRC0029,ORG005,LOC005,SPC005,PRC0040,ORG011,,2025-12-05 03:45:58,2025-12-05 16:45:58,Synthetic evaluation request for Neurology,Z58.0,Routine,Closed—Completed,,2025-12-13 17:45:58,,2025-12-08 02:45:58,2025-12-08 07:45:58,2025-12-09 22:45:58,2025-12-21 22:45:58,2025-12-29 22:45:58,2025-12-30 09:45:58,Completed,,2025-12-05 16:45:58,2025-12-30 09:45:58
REF000602,EHR-REF0000602,NorthStar EHR,PAT001276,COV001276,PRC0005,ORG005,LOC005,SPC005,PRC0090,ORG011,,2025-11-08 11:27:34,2025-11-08 20:27:34,Synthetic evaluation request for Neurology,Z61.6,Routine,Closed—Completed,,2025-11-22 11:27:34,,2025-11-12 08:27:34,2025-11-09 19:27:34,2025-11-11 01:27:34,2025-12-11 01:27:34,2025-12-19 01:27:34,2025-12-19 20:27:34,Completed,,2025-11-08 20:27:34,2025-12-19 20:27:34
REF000603,EHR-REF0000603,NorthStar EHR,PAT001617,COV001617,PRC0009,ORG003,LOC003,SPC009,PRC0069,ORG015,USR003,2025-10-01 16:22:03,2025-10-01 19:22:03,Synthetic evaluation request for Rheumatology,Z23.3,Routine,Outreach in Progress,Outreach Follow-Up,2025-10-07 23:22:03,2025-10-10 23:22:03,2025-10-05 13:22:03,2025-10-04 05:22:03,,,,,,,2025-10-01 19:22:03,2025-10-07 23:22:03
REF000604,EHR-REF0000604,NorthStar EHR,PAT000133,COV000133,PRC0026,ORG002,LOC002,SPC001,PRC0086,ORG007,,2025-12-19 01:25:53,2025-12-19 05:25:53,Synthetic evaluation request for Cardiology,Z50.8,Routine,Closed—Completed,,2025-12-29 18:25:53,,2025-12-22 10:25:53,2025-12-23 06:25:53,2025-12-23 10:25:53,2026-01-15 10:25:53,2026-01-21 10:25:53,2026-01-22 04:25:53,Completed,,2025-12-19 05:25:53,2026-01-22 04:25:53
REF000605,EHR-REF0000605,NorthStar EHR,PAT001594,COV001594,PRC0023,ORG005,LOC005,SPC004,PRC0039,ORG010,,2026-06-08 09:35:46,2026-06-08 09:35:46,Synthetic evaluation request for Gastroenterology,Z19.9,Routine,Closed—Completed,,2026-06-19 07:35:46,,2026-06-11 22:35:46,2026-06-12 14:35:46,2026-06-13 12:35:46,2026-07-15 12:35:46,2026-07-23 12:35:46,2026-07-24 09:35:46,Completed,,2026-06-08 09:35:46,2026-07-24 09:35:46
REF000606,EHR-REF0000606,NorthStar EHR,PAT000024,COV000024,PRC0013,ORG001,LOC001,SPC004,PRC0089,ORG010,USR006,2026-02-05 04:36:13,2026-02-05 21:36:13,Synthetic evaluation request for Gastroenterology,Z33.2,Routine,Outreach in Progress,Outreach Follow-Up,2026-02-07 16:36:13,2026-02-10 16:36:13,2026-02-07 04:36:13,2026-02-10 00:36:13,,,,,,,2026-02-05 21:36:13,2026-02-07 16:36:13
REF000607,EHR-REF0000607,NorthStar EHR,PAT000864,COV000864,PRC0004,ORG004,LOC004,SPC006,PRC0041,ORG012,USR003,2026-04-05 11:58:53,2026-04-05 13:58:53,Synthetic evaluation request for Orthopedics,Z46.9,Routine,Outreach in Progress,Outreach Follow-Up,2026-04-11 07:58:53,2026-04-14 07:58:53,2026-04-08 04:58:53,2026-04-09 20:58:53,,,,,,,2026-04-05 13:58:53,2026-04-11 07:58:53
REF000608,EHR-REF0000608,NorthStar EHR,PAT000486,COV000486,PRC0030,ORG006,LOC006,SPC003,PRC0108,ORG029,,2026-01-12 20:40:31,2026-01-13 10:40:31,Synthetic evaluation request for Endocrinology,Z34.3,Routine,Closed—Completed,,2026-01-22 11:40:31,,2026-01-15 11:40:31,2026-01-15 04:40:31,2026-01-17 00:40:31,2026-02-21 00:40:31,2026-02-27 00:40:31,2026-02-28 04:40:31,Completed,,2026-01-13 10:40:31,2026-02-28 04:40:31
REF000609,EHR-REF0000609,NorthStar EHR,PAT001650,COV001650,PRC0012,ORG006,LOC006,SPC009,PRC0044,ORG015,,2026-03-22 14:33:28,2026-03-22 17:33:28,Synthetic evaluation request for Rheumatology,Z80.0,Urgent,Cancelled,,2026-03-23 13:33:28,,2026-03-23 13:33:28,,,,,2026-03-23 13:33:28,Cancelled,Duplicate Referral,2026-03-22 17:33:28,2026-03-23 13:33:28
REF000610,EHR-REF0000610,NorthStar EHR,PAT000601,COV000601,PRC0017,ORG005,LOC005,SPC001,PRC0071,ORG017,,2026-06-19 03:34:47,2026-06-19 06:34:47,Synthetic evaluation request for Cardiology,Z70.9,Routine,Closed—Completed,,2026-06-30 23:34:47,,2026-06-21 18:34:47,2026-06-22 03:34:47,2026-06-22 21:34:47,2026-07-09 21:34:47,2026-07-11 21:34:47,2026-07-13 08:34:47,Completed,,2026-06-19 06:34:47,2026-07-13 08:34:47
REF000611,EHR-REF0000611,NorthStar EHR,PAT000880,COV000880,PRC0032,ORG002,LOC002,SPC005,PRC0040,ORG011,,2025-09-02 07:42:31,2025-09-03 07:42:31,Synthetic evaluation request for Neurology,Z40.0,Routine,Cancelled,,2025-09-05 11:42:31,,2025-09-05 11:42:31,,,,,2025-09-05 11:42:31,Cancelled,Duplicate Referral,2025-09-03 07:42:31,2025-09-05 11:42:31
REF000612,EHR-REF0000612,NorthStar EHR,PAT000890,COV000890,PRC0005,ORG005,LOC005,SPC005,PRC0060,ORG031,,2026-05-13 09:41:42,2026-05-14 02:41:42,Synthetic evaluation request for Neurology,Z61.3,Routine,Closed—Not Completed,,2026-05-18 17:41:42,,2026-05-16 08:41:42,2026-05-18 21:41:42,,,,2026-05-18 17:41:42,Not Completed,Duplicate Referral,2026-05-14 02:41:42,2026-05-18 17:41:42
REF000613,EHR-REF0000613,NorthStar EHR,PAT001857,COV001857,PRC0024,ORG006,LOC006,SPC004,PRC0064,ORG010,USR011,2026-04-20 22:49:40,2026-04-21 01:49:40,Synthetic evaluation request for Gastroenterology,Z29.9,Routine,Outreach in Progress,Outreach Follow-Up,2026-04-27 09:49:40,2026-04-30 09:49:40,2026-04-23 22:49:40,2026-04-24 00:49:40,,,,,,,2026-04-21 01:49:40,2026-04-27 09:49:40
REF000614,EHR-REF0000614,NorthStar EHR,PAT001993,COV001993,PRC0017,ORG005,LOC005,SPC001,PRC0061,ORG007,,2026-05-06 14:31:36,2026-05-06 15:31:36,Synthetic evaluation request for Cardiology,Z65.0,Routine,Closed—Completed,,2026-05-18 07:31:36,,2026-05-07 09:31:36,2026-05-07 05:31:36,2026-05-07 23:31:36,2026-06-04 23:31:36,2026-06-07 23:31:36,2026-06-09 13:31:36,Completed,,2026-05-06 15:31:36,2026-06-09 13:31:36
REF000615,EHR-REF0000615,NorthStar EHR,PAT000752,COV000752,PRC0022,ORG004,LOC004,SPC004,PRC0039,ORG010,USR001,2026-06-30 03:18:54,2026-06-30 11:18:54,Synthetic evaluation request for Gastroenterology,Z73.8,Urgent,Outreach in Progress,Outreach Follow-Up,2026-07-03 19:18:54,2026-07-04 19:18:54,2026-07-01 23:18:54,2026-07-03 09:18:54,,,,,,,2026-06-30 11:18:54,2026-07-03 19:18:54
REF000616,EHR-REF0000616,NorthStar EHR,PAT000638,COV000638,PRC0005,ORG005,LOC005,SPC005,PRC0065,ORG011,,2026-03-29 08:54:29,2026-03-29 21:54:29,Synthetic evaluation request for Neurology,Z76.7,Routine,Closed—Completed,,2026-04-08 07:54:29,,2026-03-31 09:54:29,2026-04-03 20:54:29,2026-04-04 01:54:29,2026-04-07 01:54:29,2026-04-13 01:54:29,2026-04-13 22:54:29,Completed,,2026-03-29 21:54:29,2026-04-13 22:54:29
REF000617,EHR-REF0000617,NorthStar EHR,PAT001580,COV001580,PRC0022,ORG004,LOC004,SPC006,PRC0076,ORG022,,2025-12-06 07:01:59,2025-12-06 14:01:59,Synthetic evaluation request for Orthopedics,Z71.7,Routine,Closed—Completed,,2025-12-19 11:01:59,,2025-12-09 16:01:59,2025-12-10 05:01:59,2025-12-10 09:01:59,2026-01-11 09:01:59,2026-01-17 09:01:59,2026-01-18 10:01:59,Completed,,2025-12-06 14:01:59,2026-01-18 10:01:59
REF000618,EHR-REF0000618,NorthStar EHR,PAT000098,COV000098,PRC0016,ORG004,LOC004,SPC005,PRC0085,ORG031,USR006,2026-05-26 15:37:28,2026-05-27 01:37:28,Synthetic evaluation request for Neurology,Z89.5,Routine,Completed—Report Pending,Report Pending,2026-06-06 00:37:28,2026-06-09 00:37:28,2026-05-27 14:37:28,2026-05-28 03:37:28,2026-05-29 10:37:28,2026-06-06 10:37:28,,,,,2026-05-27 01:37:28,2026-06-06 00:37:28
REF000619,EHR-REF0000619,NorthStar EHR,PAT001483,COV001483,PRC0031,ORG001,LOC001,SPC005,PRC0100,ORG021,USR001,2025-08-01 08:41:28,2025-08-01 12:41:28,Synthetic evaluation request for Neurology,Z87.0,Routine,Ready for Outreach,Ready for Outreach,2025-08-04 20:41:28,2025-08-07 20:41:28,2025-08-04 20:41:28,,,,,,,,2025-08-01 12:41:28,2025-08-04 20:41:28
REF000620,EHR-REF0000620,NorthStar EHR,PAT000150,COV000150,PRC0015,ORG003,LOC003,SPC004,PRC0084,ORG030,,2025-12-03 10:40:00,2025-12-04 06:40:00,Synthetic evaluation request for Gastroenterology,Z14.5,Routine,Closed—Completed,,2025-12-15 06:40:00,,2025-12-05 11:40:00,2025-12-07 15:40:00,2025-12-08 16:40:00,2026-01-04 16:40:00,2026-01-08 16:40:00,2026-01-09 21:40:00,Completed,,2025-12-04 06:40:00,2026-01-09 21:40:00
REF000621,EHR-REF0000621,NorthStar EHR,PAT001260,COV001260,PRC0007,ORG001,LOC001,SPC005,PRC0050,ORG021,USR002,2026-05-01 00:26:33,2026-05-01 10:26:33,Synthetic evaluation request for Neurology,Z40.5,Routine,Scheduled,Appointment Verification,2026-05-08 09:26:33,2026-05-11 09:26:33,2026-05-05 09:26:33,2026-05-02 07:26:33,2026-05-03 22:26:33,,,,,,2026-05-01 10:26:33,2026-05-08 09:26:33
REF000622,EHR-REF0000622,NorthStar EHR,PAT001930,COV001930,PRC0011,ORG005,LOC005,SPC001,PRC0046,ORG017,,2025-11-20 01:43:38,2025-11-20 23:43:38,Synthetic evaluation request for Cardiology,Z37.5,Routine,Closed—Completed,,2025-12-05 11:43:38,,2025-11-22 03:43:38,2025-11-25 23:43:38,2025-11-27 16:43:38,2025-12-26 16:43:38,2026-01-01 16:43:38,2026-01-02 10:43:38,Completed,,2025-11-20 23:43:38,2026-01-02 10:43:38
REF000623,EHR-REF0000623,NorthStar EHR,PAT000543,COV000543,PRC0028,ORG004,LOC004,SPC007,PRC0067,ORG013,USR002,2025-10-10 06:16:53,2025-10-10 13:16:53,Synthetic evaluation request for Otolaryngology,Z50.8,Urgent,Scheduled,Appointment Verification,2025-10-21 09:16:53,2025-10-22 09:16:53,2025-10-14 09:16:53,2025-10-13 15:16:53,2025-10-14 22:16:53,,,,,,2025-10-10 13:16:53,2025-10-21 09:16:53
REF000624,EHR-REF0000624,NorthStar EHR,PAT000318,COV000318,PRC0018,ORG006,LOC006,SPC003,PRC0038,ORG009,,2026-05-04 12:12:11,2026-05-05 11:12:11,Synthetic evaluation request for Endocrinology,Z41.4,Urgent,Closed—Completed,,2026-05-15 23:12:11,,2026-05-08 03:12:11,2026-05-06 01:12:11,2026-05-07 19:12:11,2026-05-15 19:12:11,2026-05-17 19:12:11,2026-05-19 00:12:11,Completed,,2026-05-05 11:12:11,2026-05-19 00:12:11
REF000625,EHR-REF0000625,NorthStar EHR,PAT001180,COV001180,PRC0012,ORG006,LOC006,SPC006,PRC0066,ORG012,USR011,2026-01-02 20:10:06,2026-01-03 20:10:06,Synthetic evaluation request for Orthopedics,Z60.2,Routine,Outreach in Progress,Outreach Follow-Up,2026-01-09 22:10:06,2026-01-12 22:10:06,2026-01-06 18:10:06,2026-01-06 17:10:06,,,,,,,2026-01-03 20:10:06,2026-01-09 22:10:06
REF000626,EHR-REF0000626,NorthStar EHR,PAT000031,COV000031,PRC0029,ORG005,LOC005,SPC004,PRC0074,ORG020,,2026-05-30 02:38:52,2026-05-31 00:38:52,Synthetic evaluation request for Gastroenterology,Z31.2,Routine,Closed—Not Completed,,2026-06-09 16:38:52,,2026-06-03 14:38:52,2026-06-04 07:38:52,,,,2026-06-09 16:38:52,Not Completed,Patient Declined,2026-05-31 00:38:52,2026-06-09 16:38:52
REF000627,EHR-REF0000627,NorthStar EHR,PAT001209,COV001209,PRC0031,ORG001,LOC001,SPC001,PRC0096,ORG017,,2026-01-16 02:50:55,2026-01-16 12:50:55,Synthetic evaluation request for Cardiology,Z85.2,Routine,Closed—Completed,,2026-01-27 08:50:55,,2026-01-17 05:50:55,2026-01-18 08:50:55,2026-01-20 02:50:55,2026-02-10 02:50:55,2026-02-17 02:50:55,2026-02-17 21:50:55,Completed,,2026-01-16 12:50:55,2026-02-17 21:50:55
REF000628,EHR-REF0000628,NorthStar EHR,PAT001565,COV001565,PRC0001,ORG001,LOC001,SPC001,PRC0086,ORG007,,2025-08-20 09:45:49,2025-08-21 06:45:49,Synthetic evaluation request for Cardiology,Z32.9,Routine,Closed—Not Completed,,2025-08-26 18:45:49,,2025-08-23 08:45:49,2025-08-22 12:45:49,,,,2025-08-26 18:45:49,Not Completed,No Longer Clinically Indicated,2025-08-21 06:45:49,2025-08-26 18:45:49
REF000629,EHR-REF0000629,NorthStar EHR,PAT000840,COV000840,PRC0004,ORG004,LOC004,SPC005,PRC0075,ORG021,,2026-04-18 05:36:52,2026-04-18 12:36:52,Synthetic evaluation request for Neurology,Z75.7,Routine,Closed—Completed,,2026-04-28 02:36:52,,2026-04-19 01:36:52,2026-04-21 23:36:52,2026-04-22 18:36:52,2026-05-03 18:36:52,2026-05-04 18:36:52,2026-05-05 18:36:52,Completed,,2026-04-18 12:36:52,2026-05-05 18:36:52
REF000630,EHR-REF0000630,NorthStar EHR,PAT000420,COV000420,PRC0027,ORG003,LOC003,SPC002,PRC0037,ORG008,,2025-12-18 15:18:18,2025-12-18 15:18:18,Synthetic evaluation request for Dermatology,Z81.8,Routine,Closed—Completed,,2025-12-24 18:18:18,,2025-12-18 21:18:18,2025-12-20 09:18:18,2025-12-20 16:18:18,2026-01-06 16:18:18,2026-01-11 16:18:18,2026-01-12 16:18:18,Completed,,2025-12-18 15:18:18,2026-01-12 16:18:18
REF000631,EHR-REF0000631,NorthStar EHR,PAT001624,COV001624,PRC0004,ORG004,LOC004,SPC001,PRC0056,ORG027,USR007,2025-08-12 07:41:37,2025-08-12 14:41:37,Synthetic evaluation request for Cardiology,Z32.1,Routine,Received,New Intake,2025-08-12 14:41:37,2025-08-15 14:41:37,,,,,,,,,2025-08-12 14:41:37,2025-08-12 14:41:37
REF000632,EHR-REF0000632,NorthStar EHR,PAT000508,COV000508,PRC0010,ORG004,LOC004,SPC005,PRC0060,ORG031,,2025-11-15 19:10:18,2025-11-16 01:10:18,Synthetic evaluation request for Neurology,Z45.8,Routine,Closed—Completed,,2025-11-26 17:10:18,,2025-11-17 16:10:18,2025-11-18 17:10:18,2025-11-20 14:10:18,2025-11-28 14:10:18,2025-11-29 14:10:18,2025-11-30 07:10:18,Completed,,2025-11-16 01:10:18,2025-11-30 07:10:18
REF000633,EHR-REF0000633,NorthStar EHR,PAT001462,COV001462,PRC0006,ORG006,LOC006,SPC003,PRC0063,ORG009,,2026-05-12 03:56:29,2026-05-12 14:56:29,Synthetic evaluation request for Endocrinology,Z42.6,Urgent,Closed—Completed,,2026-05-23 20:56:29,,2026-05-15 02:56:29,2026-05-14 18:56:29,2026-05-16 01:56:29,2026-05-30 01:56:29,2026-06-06 01:56:29,2026-06-06 17:56:29,Completed,,2026-05-12 14:56:29,2026-06-06 17:56:29
REF000634,EHR-REF0000634,NorthStar EHR,PAT000989,COV000989,PRC0007,ORG001,LOC001,SPC005,PRC0090,ORG011,USR013,2025-12-24 18:01:42,2025-12-25 04:01:42,Synthetic evaluation request for Neurology,Z75.8,Routine,Ready for Outreach,Ready for Outreach,2025-12-28 13:01:42,2025-12-31 13:01:42,2025-12-28 13:01:42,,,,,,,,2025-12-25 04:01:42,2025-12-28 13:01:42
REF000635,EHR-REF0000635,NorthStar EHR,PAT001026,COV001026,PRC0005,ORG005,LOC005,SPC001,PRC0096,ORG017,,2026-04-08 20:57:40,2026-04-09 19:57:40,Synthetic evaluation request for Cardiology,Z87.8,Urgent,Closed—Completed,,2026-04-22 22:57:40,,2026-04-13 03:57:40,2026-04-11 07:57:40,2026-04-13 04:57:40,2026-05-09 04:57:40,2026-05-10 04:57:40,2026-05-11 17:57:40,Completed,,2026-04-09 19:57:40,2026-05-11 17:57:40
REF000636,EHR-REF0000636,NorthStar EHR,PAT000703,COV000703,PRC0020,ORG002,LOC002,SPC005,PRC0085,ORG031,USR007,2025-11-08 13:13:13,2025-11-08 15:13:13,Synthetic evaluation request for Neurology,Z45.2,Routine,Scheduled,Appointment Verification,2025-11-13 19:13:13,2025-11-16 19:13:13,2025-11-10 23:13:13,2025-11-12 12:13:13,2025-11-13 10:13:13,,,,,,2025-11-08 15:13:13,2025-11-13 19:13:13
REF000637,EHR-REF0000637,NorthStar EHR,PAT000502,COV000502,PRC0015,ORG003,LOC003,SPC006,PRC0041,ORG012,,2026-02-04 22:05:23,2026-02-05 13:05:23,Synthetic evaluation request for Orthopedics,Z78.4,Routine,Closed—Not Completed,,2026-02-11 04:05:23,,2026-02-05 20:05:23,2026-02-09 16:05:23,,,,2026-02-11 04:05:23,Not Completed,No Longer Clinically Indicated,2026-02-05 13:05:23,2026-02-11 04:05:23
REF000638,EHR-REF0000638,NorthStar EHR,PAT001892,COV001892,PRC0034,ORG004,LOC004,SPC008,PRC0043,ORG014,,2026-04-16 15:14:32,2026-04-16 18:14:32,Synthetic evaluation request for Pulmonology,Z79.3,Urgent,Closed—Not Completed,,2026-04-22 20:14:32,,2026-04-19 17:14:32,2026-04-20 07:14:32,,,,2026-04-22 20:14:32,Not Completed,Patient Declined,2026-04-16 18:14:32,2026-04-22 20:14:32
REF000639,EHR-REF0000639,NorthStar EHR,PAT000134,COV000134,PRC0030,ORG006,LOC006,SPC009,PRC0044,ORG015,,2025-08-04 01:12:54,2025-08-04 22:12:54,Synthetic evaluation request for Rheumatology,Z45.4,Urgent,Closed—Completed,,2025-08-14 21:12:54,,2025-08-06 17:12:54,2025-08-09 16:12:54,2025-08-10 13:12:54,2025-09-08 13:12:54,2025-09-14 13:12:54,2025-09-16 04:12:54,Completed,,2025-08-04 22:12:54,2025-09-16 04:12:54
REF000640,EHR-REF0000640,NorthStar EHR,PAT001340,COV001340,PRC0035,ORG005,LOC005,SPC003,PRC0058,ORG029,USR004,2026-05-04 21:25:30,2026-05-05 11:25:30,Synthetic evaluation request for Endocrinology,Z57.4,Routine,Needs Information,Needs Information,2026-05-07 09:25:30,2026-05-10 09:25:30,,,,,,,,,2026-05-05 11:25:30,2026-05-07 09:25:30
REF000641,EHR-REF0000641,NorthStar EHR,PAT001138,COV001138,PRC0019,ORG001,LOC001,SPC008,PRC0068,ORG014,USR003,2025-09-01 18:58:41,2025-09-01 20:58:41,Synthetic evaluation request for Pulmonology,Z75.2,Routine,Outreach in Progress,Outreach Follow-Up,2025-09-04 14:58:41,2025-09-07 14:58:41,2025-09-04 07:58:41,2025-09-03 07:58:41,,,,,,,2025-09-01 20:58:41,2025-09-04 14:58:41
REF000642,EHR-REF0000642,NorthStar EHR,PAT000983,COV000983,PRC0005,ORG005,LOC005,SPC002,PRC0037,ORG008,,2025-10-03 04:23:17,2025-10-03 15:23:17,Synthetic evaluation request for Dermatology,Z68.7,Routine,Closed—Completed,,2025-10-10 20:23:17,,2025-10-06 06:23:17,2025-10-05 08:23:17,2025-10-07 06:23:17,2025-10-24 06:23:17,2025-11-01 06:23:17,2025-11-03 06:23:17,Completed,,2025-10-03 15:23:17,2025-11-03 06:23:17
REF000643,EHR-REF0000643,NorthStar EHR,PAT001801,COV001801,PRC0019,ORG001,LOC001,SPC010,PRC0055,ORG026,,2025-11-08 01:14:55,2025-11-08 07:14:55,Synthetic evaluation request for General Surgery,Z45.7,Routine,Closed—Not Completed,,2025-11-17 11:14:55,,2025-11-11 14:14:55,2025-11-12 10:14:55,,,,2025-11-17 11:14:55,Not Completed,Patient Moved,2025-11-08 07:14:55,2025-11-17 11:14:55
REF000644,EHR-REF0000644,NorthStar EHR,PAT000524,COV000524,PRC0032,ORG002,LOC002,SPC006,PRC0051,ORG022,USR003,2026-04-15 03:34:37,2026-04-15 13:34:37,Synthetic evaluation request for Orthopedics,Z89.9,Routine,Completed—Report Pending,Report Pending,2026-04-26 18:34:37,2026-04-29 18:34:37,2026-04-19 09:34:37,2026-04-17 13:34:37,2026-04-19 07:34:37,2026-05-21 07:34:37,,,,,2026-04-15 13:34:37,2026-04-26 18:34:37
REF000645,EHR-REF0000645,NorthStar EHR,PAT000005,COV000005,PRC0025,ORG001,LOC001,SPC010,PRC0070,ORG016,USR005,2026-06-09 09:06:43,2026-06-10 02:06:43,Synthetic evaluation request for General Surgery,Z21.8,Urgent,Completed—Report Pending,Report Pending,2026-06-19 01:06:43,2026-06-20 01:06:43,2026-06-13 10:06:43,2026-06-13 14:06:43,2026-06-14 01:06:43,2026-06-21 01:06:43,,,,,2026-06-10 02:06:43,2026-06-19 01:06:43
REF000646,EHR-REF0000646,NorthStar EHR,PAT000205,COV000205,PRC0002,ORG002,LOC002,SPC006,PRC0076,ORG022,,2025-10-03 08:10:40,2025-10-03 09:10:40,Synthetic evaluation request for Orthopedics,Z36.3,Routine,Closed—Not Completed,,2025-10-09 16:10:40,,2025-10-04 08:10:40,2025-10-04 17:10:40,,,,2025-10-09 16:10:40,Not Completed,Patient Moved,2025-10-03 09:10:40,2025-10-09 16:10:40
REF000647,EHR-REF0000647,NorthStar EHR,PAT000555,COV000555,PRC0034,ORG004,LOC004,SPC004,PRC0039,ORG010,USR003,2026-01-05 12:00:37,2026-01-05 19:00:37,Synthetic evaluation request for Gastroenterology,Z53.1,Routine,Outreach in Progress,Outreach Follow-Up,2026-01-10 11:00:37,2026-01-13 11:00:37,2026-01-07 20:00:37,2026-01-09 22:00:37,,,,,,,2026-01-05 19:00:37,2026-01-10 11:00:37
REF000648,EHR-REF0000648,NorthStar EHR,PAT000847,COV000847,PRC0032,ORG002,LOC002,SPC003,PRC0038,ORG009,USR001,2025-11-27 07:07:03,2025-11-27 15:07:03,Synthetic evaluation request for Endocrinology,Z78.0,Routine,Completed—Report Pending,Report Pending,2025-12-08 06:07:03,2025-12-11 06:07:03,2025-12-01 01:07:03,2025-12-01 01:07:03,2025-12-02 18:07:03,2025-12-17 18:07:03,,,,,2025-11-27 15:07:03,2025-12-08 06:07:03
REF000649,EHR-REF0000649,NorthStar EHR,PAT001230,COV001230,PRC0017,ORG005,LOC005,SPC002,PRC0057,ORG028,USR003,2025-08-31 03:17:22,2025-08-31 06:17:22,Synthetic evaluation request for Dermatology,Z34.1,Routine,Completed—Report Pending,Report Pending,2025-09-08 20:17:22,2025-09-11 20:17:22,2025-09-01 23:17:22,2025-09-02 19:17:22,2025-09-03 09:17:22,2025-09-29 09:17:22,,,,,2025-08-31 06:17:22,2025-09-08 20:17:22
REF000650,EHR-REF0000650,NorthStar EHR,PAT001605,COV001605,PRC0001,ORG001,LOC001,SPC001,PRC0046,ORG017,,2026-03-06 11:09:43,2026-03-06 14:09:43,Synthetic evaluation request for Cardiology,Z46.5,Routine,Closed—Completed,,2026-03-14 11:09:43,,2026-03-06 23:09:43,2026-03-08 15:09:43,2026-03-09 18:09:43,2026-03-17 18:09:43,2026-03-26 18:09:43,2026-03-27 06:09:43,Completed,,2026-03-06 14:09:43,2026-03-27 06:09:43
REF000651,EHR-REF0000651,NorthStar EHR,PAT001144,COV001144,PRC0011,ORG005,LOC005,SPC010,PRC0105,ORG026,USR001,2025-12-27 17:52:44,2025-12-28 02:52:44,Synthetic evaluation request for General Surgery,Z64.1,Routine,Scheduled,Appointment Verification,2026-01-01 23:52:44,2026-01-04 23:52:44,2025-12-28 23:52:44,2025-12-29 21:52:44,2025-12-31 15:52:44,,,,,,2025-12-28 02:52:44,2026-01-01 23:52:44
REF000652,EHR-REF0000652,NorthStar EHR,PAT000968,COV000968,PRC0001,ORG001,LOC001,SPC008,PRC0103,ORG024,,2026-03-19 19:05:34,2026-03-19 20:05:34,Synthetic evaluation request for Pulmonology,Z12.5,Routine,Closed—Not Completed,,2026-03-29 06:05:34,,2026-03-23 10:05:34,2026-03-23 05:05:34,,,,2026-03-29 06:05:34,Not Completed,Insurance or Access Barrier,2026-03-19 20:05:34,2026-03-29 06:05:34
REF000653,EHR-REF0000653,NorthStar EHR,PAT000696,COV000696,PRC0008,ORG002,LOC002,SPC008,PRC0053,ORG024,,2026-06-04 23:56:24,2026-06-05 20:56:24,Synthetic evaluation request for Pulmonology,Z17.5,Routine,Closed—Completed,,2026-06-18 07:56:24,,2026-06-09 06:56:24,2026-06-08 15:56:24,2026-06-10 01:56:24,2026-06-18 01:56:24,2026-06-27 01:56:24,2026-06-28 07:56:24,Completed,,2026-06-05 20:56:24,2026-06-28 07:56:24
REF000654,EHR-REF0000654,NorthStar EHR,PAT001332,COV001332,PRC0019,ORG001,LOC001,SPC001,PRC0071,ORG017,,2025-08-06 17:12:43,2025-08-07 06:12:43,Synthetic evaluation request for Cardiology,Z13.0,Routine,Cancelled,,2025-08-09 23:12:43,,2025-08-09 23:12:43,,,,,2025-08-09 23:12:43,Cancelled,No Longer Clinically Indicated,2025-08-07 06:12:43,2025-08-09 23:12:43
REF000655,EHR-REF0000655,NorthStar EHR,PAT000832,COV000832,PRC0026,ORG002,LOC002,SPC005,PRC0085,ORG031,USR005,2025-11-10 21:54:16,2025-11-11 02:54:16,Synthetic evaluation request for Neurology,Z47.8,Urgent,Needs Information,Needs Information,2025-11-14 19:54:16,2025-11-15 19:54:16,,,,,,,,,2025-11-11 02:54:16,2025-11-14 19:54:16
REF000656,EHR-REF0000656,NorthStar EHR,PAT001411,COV001411,PRC0019,ORG001,LOC001,SPC004,PRC0049,ORG020,,2025-08-11 20:02:32,2025-08-12 00:02:32,Synthetic evaluation request for Gastroenterology,Z45.0,Urgent,Closed—Completed,,2025-08-19 09:02:32,,2025-08-13 04:02:32,2025-08-12 22:02:32,2025-08-13 04:02:32,2025-08-25 04:02:32,2025-08-31 04:02:32,2025-09-01 00:02:32,Completed,,2025-08-12 00:02:32,2025-09-01 00:02:32
REF000657,EHR-REF0000657,NorthStar EHR,PAT001916,COV001916,PRC0015,ORG003,LOC003,SPC005,PRC0050,ORG021,,2026-07-06 20:17:16,2026-07-06 23:17:16,Synthetic evaluation request for Neurology,Z32.1,Routine,Closed—Completed,,2026-07-19 06:17:16,,2026-07-10 16:17:16,2026-07-11 10:17:16,2026-07-12 06:17:16,2026-08-03 06:17:16,2026-08-13 06:17:16,2026-08-13 15:17:16,Completed,,2026-07-06 23:17:16,2026-08-13 15:17:16
REF000658,EHR-REF0000658,NorthStar EHR,PAT000232,COV000232,PRC0003,ORG003,LOC003,SPC003,PRC0038,ORG009,USR010,2025-11-13 06:40:46,2025-11-13 06:40:46,Synthetic evaluation request for Endocrinology,Z61.3,Routine,Scheduled,Appointment Verification,2025-11-17 19:40:46,2025-11-20 19:40:46,2025-11-14 07:40:46,2025-11-14 13:40:46,2025-11-14 17:40:46,,,,,,2025-11-13 06:40:46,2025-11-17 19:40:46
REF000659,EHR-REF0000659,NorthStar EHR,PAT001400,COV001400,PRC0028,ORG004,LOC004,SPC005,PRC0050,ORG021,USR010,2026-02-23 11:23:17,2026-02-23 19:23:17,Synthetic evaluation request for Neurology,Z10.2,Urgent,Scheduled,Appointment Verification,2026-02-28 07:23:17,2026-03-01 07:23:17,2026-02-25 18:23:17,2026-02-26 23:23:17,2026-02-27 13:23:17,,,,,,2026-02-23 19:23:17,2026-02-28 07:23:17
REF000660,EHR-REF0000660,NorthStar EHR,PAT001189,COV001189,PRC0021,ORG003,LOC003,SPC003,PRC0048,ORG019,,2026-06-01 01:19:39,2026-06-01 20:19:39,Synthetic evaluation request for Endocrinology,Z71.2,Routine,Closed—Completed,,2026-06-13 09:19:39,,2026-06-02 10:19:39,2026-06-06 07:19:39,2026-06-07 18:19:39,2026-06-16 18:19:39,2026-06-20 18:19:39,2026-06-22 03:19:39,Completed,,2026-06-01 20:19:39,2026-06-22 03:19:39
REF000661,EHR-REF0000661,NorthStar EHR,PAT000788,COV000788,PRC0034,ORG004,LOC004,SPC009,PRC0104,ORG025,USR011,2026-01-14 06:47:39,2026-01-15 01:47:39,Synthetic evaluation request for Rheumatology,Z17.2,Routine,Scheduled,Appointment Verification,2026-01-20 17:47:39,2026-01-23 17:47:39,2026-01-16 18:47:39,2026-01-16 10:47:39,2026-01-17 22:47:39,,,,,,2026-01-15 01:47:39,2026-01-20 17:47:39
REF000662,EHR-REF0000662,NorthStar EHR,PAT000266,COV000266,PRC0012,ORG006,LOC006,SPC004,PRC0074,ORG020,,2026-01-29 20:25:10,2026-01-29 23:25:10,Synthetic evaluation request for Gastroenterology,Z63.2,Routine,Closed—Not Completed,,2026-02-01 16:25:10,,2026-01-30 22:25:10,2026-02-03 16:25:10,,,,2026-02-01 16:25:10,Not Completed,No Longer Clinically Indicated,2026-01-29 23:25:10,2026-02-01 16:25:10
REF000663,EHR-REF0000663,NorthStar EHR,PAT000544,COV000544,PRC0008,ORG002,LOC002,SPC008,PRC0053,ORG024,,2026-04-01 13:33:52,2026-04-01 13:33:52,Synthetic evaluation request for Pulmonology,Z81.0,Routine,Closed—Completed,,2026-04-14 01:33:52,,2026-04-04 17:33:52,2026-04-03 14:33:52,2026-04-05 06:33:52,2026-05-04 06:33:52,2026-05-10 06:33:52,2026-05-11 13:33:52,Completed,,2026-04-01 13:33:52,2026-05-11 13:33:52
REF000664,EHR-REF0000664,NorthStar EHR,PAT000296,COV000296,PRC0018,ORG006,LOC006,SPC008,PRC0068,ORG014,USR013,2025-11-21 20:29:19,2025-11-22 00:29:19,Synthetic evaluation request for Pulmonology,Z56.0,Routine,Completed—Report Pending,Report Pending,2025-11-29 11:29:19,2025-12-02 11:29:19,2025-11-22 13:29:19,2025-11-26 02:29:19,2025-11-27 19:29:19,2025-12-13 19:29:19,,,,,2025-11-22 00:29:19,2025-11-29 11:29:19
REF000665,EHR-REF0000665,NorthStar EHR,PAT000186,COV000186,PRC0005,ORG005,LOC005,SPC008,PRC0093,ORG014,USR005,2026-05-23 15:59:48,2026-05-24 08:59:48,Synthetic evaluation request for Pulmonology,Z68.9,Routine,Scheduled,Appointment Verification,2026-06-01 15:59:48,2026-06-04 15:59:48,2026-05-27 16:59:48,2026-05-26 16:59:48,2026-05-27 03:59:48,,,,,,2026-05-24 08:59:48,2026-06-01 15:59:48
REF000666,EHR-REF0000666,NorthStar EHR,PAT000069,COV000069,PRC0006,ORG006,LOC006,SPC001,PRC0056,ORG027,,2026-02-10 03:29:05,2026-02-11 01:29:05,Synthetic evaluation request for Cardiology,Z25.3,Routine,Closed—Completed,,2026-02-22 16:29:05,,2026-02-14 17:29:05,2026-02-11 12:29:05,2026-02-12 12:29:05,2026-03-06 12:29:05,2026-03-12 12:29:05,2026-03-13 04:29:05,Completed,,2026-02-11 01:29:05,2026-03-13 04:29:05
REF000667,EHR-REF0000667,NorthStar EHR,PAT001707,COV001707,PRC0009,ORG003,LOC003,SPC006,PRC0091,ORG012,,2025-10-18 04:06:08,2025-10-18 12:06:08,Synthetic evaluation request for Orthopedics,Z88.4,Routine,Closed—Completed,,2025-11-01 09:06:08,,2025-10-21 13:06:08,2025-10-23 00:06:08,2025-10-23 17:06:08,2025-11-12 17:06:08,2025-11-14 17:06:08,2025-11-15 12:06:08,Completed,,2025-10-18 12:06:08,2025-11-15 12:06:08
REF000668,EHR-REF0000668,NorthStar EHR,PAT001221,COV001221,PRC0031,ORG001,LOC001,SPC007,PRC0042,ORG013,,2025-08-10 09:23:48,2025-08-10 23:23:48,Synthetic evaluation request for Otolaryngology,Z46.1,Urgent,Closed—Completed,,2025-08-18 02:23:48,,2025-08-12 00:23:48,2025-08-15 17:23:48,2025-08-16 02:23:48,2025-09-10 02:23:48,2025-09-12 02:23:48,2025-09-13 05:23:48,Completed,,2025-08-10 23:23:48,2025-09-13 05:23:48
REF000669,EHR-REF0000669,NorthStar EHR,PAT001721,COV001721,PRC0019,ORG001,LOC001,SPC009,PRC0079,ORG025,USR011,2025-11-12 20:11:19,2025-11-13 01:11:19,Synthetic evaluation request for Rheumatology,Z21.0,Routine,Outreach in Progress,Outreach Follow-Up,2025-11-16 22:11:19,2025-11-19 22:11:19,2025-11-15 21:11:19,2025-11-17 02:11:19,,,,,,,2025-11-13 01:11:19,2025-11-16 22:11:19
REF000670,EHR-REF0000670,NorthStar EHR,PAT001346,COV001346,PRC0034,ORG004,LOC004,SPC009,PRC0044,ORG015,USR001,2026-02-05 07:33:55,2026-02-05 20:33:55,Synthetic evaluation request for Rheumatology,Z46.2,Routine,Scheduled,Appointment Verification,2026-02-11 16:33:55,2026-02-14 16:33:55,2026-02-09 17:33:55,2026-02-08 07:33:55,2026-02-10 02:33:55,,,,,,2026-02-05 20:33:55,2026-02-11 16:33:55
REF000671,EHR-REF0000671,NorthStar EHR,PAT000790,COV000790,PRC0012,ORG006,LOC006,SPC006,PRC0051,ORG022,USR008,2026-06-13 02:56:44,2026-06-13 11:56:44,Synthetic evaluation request for Orthopedics,Z25.7,Routine,Scheduled,Appointment Verification,2026-06-21 10:56:44,2026-06-24 10:56:44,2026-06-17 01:56:44,2026-06-16 00:56:44,2026-06-17 07:56:44,,,,,,2026-06-13 11:56:44,2026-06-21 10:56:44
REF000672,EHR-REF0000672,NorthStar EHR,PAT001443,COV001443,PRC0030,ORG006,LOC006,SPC004,PRC0089,ORG010,,2025-08-14 23:38:47,2025-08-15 23:38:47,Synthetic evaluation request for Gastroenterology,Z13.8,Routine,Closed—Not Completed,,2025-08-22 03:38:47,,2025-08-17 09:38:47,2025-08-18 08:38:47,,,,2025-08-22 03:38:47,Not Completed,Insurance or Access Barrier,2025-08-15 23:38:47,2025-08-22 03:38:47
REF000673,EHR-REF0000673,NorthStar EHR,PAT000424,COV000424,PRC0016,ORG004,LOC004,SPC009,PRC0054,ORG025,USR010,2025-09-23 00:01:08,2025-09-23 19:01:08,Synthetic evaluation request for Rheumatology,Z52.5,Urgent,Needs Information,Needs Information,2025-09-26 11:01:08,2025-09-27 11:01:08,,,,,,,,,2025-09-23 19:01:08,2025-09-26 11:01:08
REF000674,EHR-REF0000674,NorthStar EHR,PAT000469,COV000469,PRC0022,ORG004,LOC004,SPC004,PRC0064,ORG010,,2026-01-04 11:51:33,2026-01-05 00:51:33,Synthetic evaluation request for Gastroenterology,Z57.7,Routine,Closed—Not Completed,,2026-01-10 08:51:33,,2026-01-06 11:51:33,2026-01-06 14:51:33,,,,2026-01-10 08:51:33,Not Completed,Transferred Care,2026-01-05 00:51:33,2026-01-10 08:51:33
REF000675,EHR-REF0000675,NorthStar EHR,PAT000219,COV000219,PRC0035,ORG005,LOC005,SPC009,PRC0079,ORG025,USR011,2026-04-21 15:00:39,2026-04-21 16:00:39,Synthetic evaluation request for Rheumatology,Z18.5,Routine,Completed—Report Pending,Report Pending,2026-05-01 03:00:39,2026-05-04 03:00:39,2026-04-24 19:00:39,2026-04-23 05:00:39,2026-04-24 08:00:39,2026-05-11 08:00:39,,,,,2026-04-21 16:00:39,2026-05-01 03:00:39
REF000676,EHR-REF0000676,NorthStar EHR,PAT001994,COV001994,PRC0019,ORG001,LOC001,SPC008,PRC0103,ORG024,,2025-09-09 02:51:11,2025-09-09 03:51:11,Synthetic evaluation request for Pulmonology,Z85.4,Urgent,Closed—Completed,,2025-09-18 04:51:11,,2025-09-11 12:51:11,2025-09-13 07:51:11,2025-09-13 13:51:11,2025-10-18 13:51:11,2025-10-23 13:51:11,2025-10-24 16:51:11,Completed,,2025-09-09 03:51:11,2025-10-24 16:51:11
REF000677,EHR-REF0000677,NorthStar EHR,PAT001836,COV001836,PRC0023,ORG005,LOC005,SPC008,PRC0093,ORG014,USR013,2026-07-01 20:06:02,2026-07-02 11:06:02,Synthetic evaluation request for Pulmonology,Z88.6,Routine,Completed—Report Pending,Report Pending,2026-07-14 05:06:02,2026-07-17 05:06:02,2026-07-06 11:06:02,2026-07-06 22:06:02,2026-07-08 15:06:02,2026-08-01 15:06:02,,,,,2026-07-02 11:06:02,2026-07-14 05:06:02
REF000678,EHR-REF0000678,NorthStar EHR,PAT001665,COV001665,PRC0013,ORG001,LOC001,SPC007,PRC0077,ORG023,USR008,2025-12-10 09:34:16,2025-12-10 11:34:16,Synthetic evaluation request for Otolaryngology,Z39.2,Routine,Outreach in Progress,Outreach Follow-Up,2025-12-17 00:34:16,2025-12-20 00:34:16,2025-12-14 08:34:16,2025-12-12 09:34:16,,,,,,,2025-12-10 11:34:16,2025-12-17 00:34:16
REF000679,EHR-REF0000679,NorthStar EHR,PAT000222,COV000222,PRC0005,ORG005,LOC005,SPC010,PRC0095,ORG016,USR005,2026-01-06 04:38:26,2026-01-06 21:38:26,Synthetic evaluation request for General Surgery,Z65.7,Routine,Needs Information,Needs Information,2026-01-07 14:38:26,2026-01-10 14:38:26,,,,,,,,,2026-01-06 21:38:26,2026-01-07 14:38:26
REF000680,EHR-REF0000680,NorthStar EHR,PAT001908,COV001908,PRC0032,ORG002,LOC002,SPC002,PRC0082,ORG028,USR009,2025-12-14 08:27:01,2025-12-15 08:27:01,Synthetic evaluation request for Dermatology,Z33.8,Routine,Outreach in Progress,Outreach Follow-Up,2025-12-19 18:27:01,2025-12-22 18:27:01,2025-12-18 09:27:01,2025-12-17 22:27:01,,,,,,,2025-12-15 08:27:01,2025-12-19 18:27:01
REF000681,EHR-REF0000681,NorthStar EHR,PAT000665,COV000665,PRC0005,ORG005,LOC005,SPC003,PRC0038,ORG009,,2026-04-04 03:52:40,2026-04-04 07:52:40,Synthetic evaluation request for Endocrinology,Z76.6,Routine,Closed—Completed,,2026-04-10 07:52:40,,2026-04-06 07:52:40,2026-04-05 09:52:40,2026-04-06 05:52:40,2026-04-26 05:52:40,2026-05-04 05:52:40,2026-05-05 01:52:40,Completed,,2026-04-04 07:52:40,2026-05-05 01:52:40
REF000682,EHR-REF0000682,NorthStar EHR,PAT000141,COV000141,PRC0014,ORG002,LOC002,SPC002,PRC0047,ORG018,,2025-12-31 00:54:48,2025-12-31 06:54:48,Synthetic evaluation request for Dermatology,Z33.4,Routine,Closed—Completed,,2026-01-11 08:54:48,,2026-01-03 12:54:48,2026-01-02 13:54:48,2026-01-03 00:54:48,2026-01-16 00:54:48,2026-01-24 00:54:48,2026-01-25 07:54:48,Completed,,2025-12-31 06:54:48,2026-01-25 07:54:48
REF000683,EHR-REF0000683,NorthStar EHR,PAT001227,COV001227,PRC0013,ORG001,LOC001,SPC002,PRC0097,ORG018,,2026-04-26 20:09:07,2026-04-27 11:09:07,Synthetic evaluation request for Dermatology,Z44.7,Routine,Closed—Not Completed,,2026-05-07 14:09:07,,2026-04-30 12:09:07,2026-05-02 10:09:07,,,,2026-05-07 14:09:07,Not Completed,Duplicate Referral,2026-04-27 11:09:07,2026-05-07 14:09:07
REF000684,EHR-REF0000684,NorthStar EHR,PAT001207,COV001207,PRC0010,ORG004,LOC004,SPC005,PRC0085,ORG031,,2025-11-11 22:32:03,2025-11-12 20:32:03,Synthetic evaluation request for Neurology,Z27.5,Routine,Closed—Completed,,2025-11-21 21:32:03,,2025-11-15 21:32:03,2025-11-17 01:32:03,2025-11-18 22:32:03,2025-12-21 22:32:03,2025-12-24 22:32:03,2025-12-25 22:32:03,Completed,,2025-11-12 20:32:03,2025-12-25 22:32:03
REF000685,EHR-REF0000685,NorthStar EHR,PAT001647,COV001647,PRC0032,ORG002,LOC002,SPC002,PRC0107,ORG028,USR002,2025-11-18 12:06:33,2025-11-18 22:06:33,Synthetic evaluation request for Dermatology,Z70.7,Routine,Scheduled,Appointment Verification,2025-11-26 11:06:33,2025-11-29 11:06:33,2025-11-20 10:06:33,2025-11-20 03:06:33,2025-11-21 11:06:33,,,,,,2025-11-18 22:06:33,2025-11-26 11:06:33
REF000686,EHR-REF0000686,NorthStar EHR,PAT000707,COV000707,PRC0008,ORG002,LOC002,SPC003,PRC0098,ORG019,,2025-09-22 18:49:14,2025-09-23 01:49:14,Synthetic evaluation request for Endocrinology,Z81.1,Urgent,Closed—Not Completed,,2025-09-28 10:49:14,,2025-09-23 05:49:14,2025-09-24 16:49:14,,,,2025-09-28 10:49:14,Not Completed,Insurance or Access Barrier,2025-09-23 01:49:14,2025-09-28 10:49:14
REF000687,EHR-REF0000687,NorthStar EHR,PAT000391,COV000391,PRC0032,ORG002,LOC002,SPC003,PRC0088,ORG009,,2026-03-18 18:01:52,2026-03-18 18:01:52,Synthetic evaluation request for Endocrinology,Z58.6,Routine,Closed—Completed,,2026-03-31 22:01:52,,2026-03-19 04:01:52,2026-03-19 23:01:52,2026-03-21 02:01:52,2026-04-19 02:01:52,2026-04-28 02:01:52,2026-04-29 04:01:52,Completed,,2026-03-18 18:01:52,2026-04-29 04:01:52
REF000688,EHR-REF0000688,NorthStar EHR,PAT000115,COV000115,PRC0030,ORG006,LOC006,SPC010,PRC0055,ORG026,,2026-04-04 07:36:59,2026-04-04 18:36:59,Synthetic evaluation request for General Surgery,Z36.2,Routine,Closed—Completed,,2026-04-18 14:36:59,,2026-04-07 22:36:59,2026-04-09 06:36:59,2026-04-11 04:36:59,2026-05-13 04:36:59,2026-05-15 04:36:59,2026-05-16 14:36:59,Completed,,2026-04-04 18:36:59,2026-05-16 14:36:59
REF000689,EHR-REF0000689,NorthStar EHR,PAT001285,COV001285,PRC0006,ORG006,LOC006,SPC009,PRC0054,ORG025,USR003,2026-06-02 21:41:17,2026-06-03 14:41:17,Synthetic evaluation request for Rheumatology,Z32.1,Routine,Scheduled,Appointment Verification,2026-06-05 08:41:17,2026-06-08 08:41:17,2026-06-04 02:41:17,2026-06-06 05:41:17,2026-06-06 22:41:17,,,,,,2026-06-03 14:41:17,2026-06-05 08:41:17
REF000690,EHR-REF0000690,NorthStar EHR,PAT001581,COV001581,PRC0016,ORG004,LOC004,SPC001,PRC0096,ORG017,USR013,2025-08-01 17:28:02,2025-08-02 12:28:02,Synthetic evaluation request for Cardiology,Z77.1,Routine,Completed—Report Pending,Report Pending,2025-08-15 14:28:02,2025-08-18 14:28:02,2025-08-06 03:28:02,2025-08-05 19:28:02,2025-08-06 10:28:02,2025-08-27 10:28:02,,,,,2025-08-02 12:28:02,2025-08-15 14:28:02
REF000691,EHR-REF0000691,NorthStar EHR,PAT001141,COV001141,PRC0017,ORG005,LOC005,SPC008,PRC0093,ORG014,,2025-11-14 05:55:59,2025-11-14 11:55:59,Synthetic evaluation request for Pulmonology,Z15.5,Routine,Closed—Not Completed,,2025-11-19 13:55:59,,2025-11-16 09:55:59,2025-11-14 23:55:59,,,,2025-11-19 13:55:59,Not Completed,Patient Moved,2025-11-14 11:55:59,2025-11-19 13:55:59
REF000692,EHR-REF0000692,NorthStar EHR,PAT000574,COV000574,PRC0019,ORG001,LOC001,SPC010,PRC0070,ORG016,,2025-12-08 15:18:43,2025-12-09 14:18:43,Synthetic evaluation request for General Surgery,Z24.3,Routine,Closed—Completed,,2025-12-20 00:18:43,,2025-12-12 22:18:43,2025-12-13 07:18:43,2025-12-13 22:18:43,2025-12-17 22:18:43,2025-12-24 22:18:43,2025-12-26 03:18:43,Completed,,2025-12-09 14:18:43,2025-12-26 03:18:43
REF000693,EHR-REF0000693,NorthStar EHR,PAT001720,COV001720,PRC0019,ORG001,LOC001,SPC007,PRC0077,ORG023,,2025-08-16 23:54:43,2025-08-17 01:54:43,Synthetic evaluation request for Otolaryngology,Z88.1,Routine,Closed—Completed,,2025-08-24 10:54:43,,2025-08-20 06:54:43,2025-08-21 08:54:43,2025-08-22 16:54:43,2025-08-31 16:54:43,2025-09-06 16:54:43,2025-09-07 19:54:43,Completed,,2025-08-17 01:54:43,2025-09-07 19:54:43
REF000694,EHR-REF0000694,NorthStar EHR,PAT000375,COV000375,PRC0013,ORG001,LOC001,SPC006,PRC0051,ORG022,,2025-12-17 03:37:29,2025-12-17 18:37:29,Synthetic evaluation request for Orthopedics,Z47.3,Routine,Closed—Completed,,2025-12-27 04:37:29,,2025-12-18 17:37:29,2025-12-19 22:37:29,2025-12-21 04:37:29,2026-01-16 04:37:29,2026-01-19 04:37:29,2026-01-20 19:37:29,Completed,,2025-12-17 18:37:29,2026-01-20 19:37:29
REF000695,EHR-REF0000695,NorthStar EHR,PAT001044,COV001044,PRC0020,ORG002,LOC002,SPC001,PRC0081,ORG027,USR006,2025-08-26 13:57:33,2025-08-27 09:57:33,Synthetic evaluation request for Cardiology,Z13.5,Routine,Scheduled,Appointment Verification,2025-09-02 04:57:33,2025-09-05 04:57:33,2025-08-29 13:57:33,2025-08-28 03:57:33,2025-08-30 01:57:33,,,,,,2025-08-27 09:57:33,2025-09-02 04:57:33
REF000696,EHR-REF0000696,NorthStar EHR,PAT001082,COV001082,PRC0031,ORG001,LOC001,SPC004,PRC0039,ORG010,,2026-07-11 08:29:12,2026-07-11 10:29:12,Synthetic evaluation request for Gastroenterology,Z32.4,Routine,Cancelled,,2026-07-13 16:29:12,,2026-07-13 16:29:12,,,,,2026-07-13 16:29:12,Cancelled,Duplicate Referral,2026-07-11 10:29:12,2026-07-13 16:29:12
REF000697,EHR-REF0000697,NorthStar EHR,PAT001915,COV001915,PRC0013,ORG001,LOC001,SPC010,PRC0095,ORG016,USR009,2026-01-31 15:30:49,2026-02-01 06:30:49,Synthetic evaluation request for General Surgery,Z78.0,Routine,Completed—Report Pending,Report Pending,2026-02-10 00:30:49,2026-02-13 00:30:49,2026-02-01 23:30:49,2026-02-04 07:30:49,2026-02-04 09:30:49,2026-03-08 09:30:49,,,,,2026-02-01 06:30:49,2026-02-10 00:30:49
REF000698,EHR-REF0000698,NorthStar EHR,PAT000886,COV000886,PRC0009,ORG003,LOC003,SPC007,PRC0042,ORG013,,2026-06-15 05:49:55,2026-06-15 11:49:55,Synthetic evaluation request for Otolaryngology,Z19.9,Routine,Closed—Completed,,2026-06-24 18:49:55,,2026-06-16 15:49:55,2026-06-18 22:49:55,2026-06-20 01:49:55,2026-07-10 01:49:55,2026-07-14 01:49:55,2026-07-15 08:49:55,Completed,,2026-06-15 11:49:55,2026-07-15 08:49:55
REF000699,EHR-REF0000699,NorthStar EHR,PAT000507,COV000507,PRC0026,ORG002,LOC002,SPC004,PRC0074,ORG020,,2025-09-13 20:08:38,2025-09-14 12:08:38,Synthetic evaluation request for Gastroenterology,Z64.4,Routine,Closed—Completed,,2025-09-25 17:08:38,,2025-09-17 17:08:38,2025-09-17 14:08:38,2025-09-19 04:08:38,2025-10-23 04:08:38,2025-10-24 04:08:38,2025-10-24 19:08:38,Completed,,2025-09-14 12:08:38,2025-10-24 19:08:38
REF000700,EHR-REF0000700,NorthStar EHR,PAT001886,COV001886,PRC0023,ORG005,LOC005,SPC002,PRC0037,ORG008,,2026-01-24 07:31:58,2026-01-24 23:31:58,Synthetic evaluation request for Dermatology,Z20.5,Urgent,Cancelled,,2026-01-28 19:31:58,,2026-01-28 19:31:58,,,,,2026-01-28 19:31:58,Cancelled,Duplicate Referral,2026-01-24 23:31:58,2026-01-28 19:31:58
REF000701,EHR-REF0000701,NorthStar EHR,PAT000380,COV000380,PRC0014,ORG002,LOC002,SPC002,PRC0047,ORG018,,2025-11-30 05:14:58,2025-11-30 23:14:58,Synthetic evaluation request for Dermatology,Z32.7,Urgent,Closed—Completed,,2025-12-10 03:14:58,,2025-12-01 16:14:58,2025-12-04 16:14:58,2025-12-06 03:14:58,2025-12-24 03:14:58,2025-12-31 03:14:58,2026-01-01 05:14:58,Completed,,2025-11-30 23:14:58,2026-01-01 05:14:58
REF000702,EHR-REF0000702,NorthStar EHR,PAT000358,COV000358,PRC0035,ORG005,LOC005,SPC008,PRC0093,ORG014,,2026-02-25 22:50:02,2026-02-26 14:50:02,Synthetic evaluation request for Pulmonology,Z35.9,Routine,Closed—Completed,,2026-03-11 18:50:02,,2026-03-02 13:50:02,2026-02-28 08:50:02,2026-03-01 16:50:02,2026-03-18 16:50:02,2026-03-25 16:50:02,2026-03-26 09:50:02,Completed,,2026-02-26 14:50:02,2026-03-26 09:50:02
REF000703,EHR-REF0000703,NorthStar EHR,PAT001664,COV001664,PRC0008,ORG002,LOC002,SPC001,PRC0061,ORG007,USR007,2025-10-19 16:35:51,2025-10-19 23:35:51,Synthetic evaluation request for Cardiology,Z12.2,Urgent,Ready for Outreach,Ready for Outreach,2025-10-23 21:35:51,2025-10-24 21:35:51,2025-10-23 21:35:51,,,,,,,,2025-10-19 23:35:51,2025-10-23 21:35:51
REF000704,EHR-REF0000704,NorthStar EHR,PAT000125,COV000125,PRC0016,ORG004,LOC004,SPC003,PRC0073,ORG019,,2026-02-18 08:34:27,2026-02-18 22:34:27,Synthetic evaluation request for Endocrinology,Z61.0,Routine,Closed—Completed,,2026-02-28 14:34:27,,2026-02-22 03:34:27,2026-02-19 14:34:27,2026-02-19 22:34:27,2026-03-24 22:34:27,2026-03-29 22:34:27,2026-03-30 10:34:27,Completed,,2026-02-18 22:34:27,2026-03-30 10:34:27
REF000705,EHR-REF0000705,NorthStar EHR,PAT001822,COV001822,PRC0031,ORG001,LOC001,SPC003,PRC0088,ORG009,,2026-01-29 07:11:02,2026-01-29 22:11:02,Synthetic evaluation request for Endocrinology,Z52.2,Routine,Closed—Completed,,2026-02-09 22:11:02,,2026-02-02 09:11:02,2026-01-30 23:11:02,2026-01-31 22:11:02,2026-03-04 22:11:02,2026-03-09 22:11:02,2026-03-10 21:11:02,Completed,,2026-01-29 22:11:02,2026-03-10 21:11:02
REF000706,EHR-REF0000706,NorthStar EHR,PAT001099,COV001099,PRC0025,ORG001,LOC001,SPC009,PRC0044,ORG015,,2025-08-20 22:34:50,2025-08-21 01:34:50,Synthetic evaluation request for Rheumatology,Z17.7,Routine,Closed—Completed,,2025-09-01 05:34:50,,2025-08-24 09:34:50,2025-08-22 00:34:50,2025-08-23 05:34:50,2025-08-27 05:34:50,2025-09-04 05:34:50,2025-09-04 22:34:50,Completed,,2025-08-21 01:34:50,2025-09-04 22:34:50
REF000707,EHR-REF0000707,NorthStar EHR,PAT000914,COV000914,PRC0005,ORG005,LOC005,SPC003,PRC0083,ORG029,USR005,2026-02-10 06:53:43,2026-02-10 13:53:43,Synthetic evaluation request for Endocrinology,Z35.5,Routine,Needs Information,Needs Information,2026-02-14 05:53:43,2026-02-17 05:53:43,,,,,,,,,2026-02-10 13:53:43,2026-02-14 05:53:43
REF000708,EHR-REF0000708,NorthStar EHR,PAT001064,COV001064,PRC0032,ORG002,LOC002,SPC001,PRC0056,ORG027,,2025-10-14 02:38:19,2025-10-14 11:38:19,Synthetic evaluation request for Cardiology,Z59.4,Routine,Closed—Completed,,2025-10-24 07:38:19,,2025-10-17 21:38:19,2025-10-18 14:38:19,2025-10-20 03:38:19,2025-11-08 03:38:19,2025-11-17 03:38:19,2025-11-17 21:38:19,Completed,,2025-10-14 11:38:19,2025-11-17 21:38:19
REF000709,EHR-REF0000709,NorthStar EHR,PAT000919,COV000919,PRC0013,ORG001,LOC001,SPC003,PRC0048,ORG019,USR009,2025-08-15 13:23:16,2025-08-16 11:23:16,Synthetic evaluation request for Endocrinology,Z47.2,Routine,Scheduled,Appointment Verification,2025-08-23 05:23:16,2025-08-26 05:23:16,2025-08-18 10:23:16,2025-08-20 18:23:16,2025-08-21 00:23:16,,,,,,2025-08-16 11:23:16,2025-08-23 05:23:16
REF000710,EHR-REF0000710,NorthStar EHR,PAT000348,COV000348,PRC0025,ORG001,LOC001,SPC005,PRC0090,ORG011,,2026-06-23 03:07:53,2026-06-23 17:07:53,Synthetic evaluation request for Neurology,Z41.4,Routine,Closed—Not Completed,,2026-06-30 05:07:53,,2026-06-25 04:07:53,2026-06-24 02:07:53,,,,2026-06-30 05:07:53,Not Completed,Patient Moved,2026-06-23 17:07:53,2026-06-30 05:07:53
REF000711,EHR-REF0000711,NorthStar EHR,PAT001012,COV001012,PRC0016,ORG004,LOC004,SPC010,PRC0070,ORG016,USR013,2026-05-14 04:50:43,2026-05-14 10:50:43,Synthetic evaluation request for General Surgery,Z59.3,Routine,Ready for Outreach,Ready for Outreach,2026-05-14 20:50:43,2026-05-17 20:50:43,2026-05-14 20:50:43,,,,,,,,2026-05-14 10:50:43,2026-05-14 20:50:43
REF000712,EHR-REF0000712,NorthStar EHR,PAT000871,COV000871,PRC0014,ORG002,LOC002,SPC010,PRC0045,ORG016,USR009,2025-12-30 05:22:07,2025-12-30 23:22:07,Synthetic evaluation request for General Surgery,Z68.2,Routine,Outreach in Progress,Outreach Follow-Up,2026-01-04 23:22:07,2026-01-07 23:22:07,2026-01-01 05:22:07,2026-01-01 14:22:07,,,,,,,2025-12-30 23:22:07,2026-01-04 23:22:07
REF000713,EHR-REF0000713,NorthStar EHR,PAT001302,COV001302,PRC0026,ORG002,LOC002,SPC002,PRC0072,ORG018,USR007,2025-11-19 00:17:13,2025-11-19 10:17:13,Synthetic evaluation request for Dermatology,Z79.3,Routine,Scheduled,Appointment Verification,2025-11-23 11:17:13,2025-11-26 11:17:13,2025-11-20 11:17:13,2025-11-20 04:17:13,2025-11-20 20:17:13,,,,,,2025-11-19 10:17:13,2025-11-23 11:17:13
REF000714,EHR-REF0000714,NorthStar EHR,PAT000475,COV000475,PRC0001,ORG001,LOC001,SPC010,PRC0095,ORG016,,2025-08-15 01:35:30,2025-08-15 03:35:30,Synthetic evaluation request for General Surgery,Z70.0,Routine,Closed—Completed,,2025-08-25 14:35:30,,2025-08-18 10:35:30,2025-08-16 21:35:30,2025-08-18 12:35:30,2025-09-07 12:35:30,2025-09-15 12:35:30,2025-09-16 10:35:30,Completed,,2025-08-15 03:35:30,2025-09-16 10:35:30
REF000715,EHR-REF0000715,NorthStar EHR,PAT001151,COV001151,PRC0007,ORG001,LOC001,SPC010,PRC0080,ORG026,USR004,2026-05-27 15:40:40,2026-05-28 08:40:40,Synthetic evaluation request for General Surgery,Z79.2,Urgent,Outreach in Progress,Outreach Follow-Up,2026-06-02 17:40:40,2026-06-03 17:40:40,2026-05-31 00:40:40,2026-05-30 21:40:40,,,,,,,2026-05-28 08:40:40,2026-06-02 17:40:40
REF000716,EHR-REF0000716,NorthStar EHR,PAT000624,COV000624,PRC0023,ORG005,LOC005,SPC008,PRC0093,ORG014,,2026-04-01 09:46:39,2026-04-01 12:46:39,Synthetic evaluation request for Pulmonology,Z64.5,Routine,Closed—Completed,,2026-04-12 11:46:39,,2026-04-05 11:46:39,2026-04-03 01:46:39,2026-04-03 08:46:39,2026-05-06 08:46:39,2026-05-11 08:46:39,2026-05-12 14:46:39,Completed,,2026-04-01 12:46:39,2026-05-12 14:46:39
REF000717,EHR-REF0000717,NorthStar EHR,PAT001251,COV001251,PRC0006,ORG006,LOC006,SPC006,PRC0051,ORG022,,2025-12-12 01:18:07,2025-12-12 12:18:07,Synthetic evaluation request for Orthopedics,Z53.2,Routine,Cancelled,,2025-12-15 14:18:07,,2025-12-15 14:18:07,,,,,2025-12-15 14:18:07,Cancelled,No Longer Clinically Indicated,2025-12-12 12:18:07,2025-12-15 14:18:07
REF000718,EHR-REF0000718,NorthStar EHR,PAT001033,COV001033,PRC0016,ORG004,LOC004,SPC007,PRC0052,ORG023,,2025-08-03 23:58:03,2025-08-04 06:58:03,Synthetic evaluation request for Otolaryngology,Z51.1,Routine,Closed—Not Completed,,2025-08-11 07:58:03,,2025-08-07 22:58:03,2025-08-07 10:58:03,,,,2025-08-11 07:58:03,Not Completed,No Longer Clinically Indicated,2025-08-04 06:58:03,2025-08-11 07:58:03
REF000719,EHR-REF0000719,NorthStar EHR,PAT000062,COV000062,PRC0001,ORG001,LOC001,SPC008,PRC0068,ORG014,,2026-06-08 00:45:03,2026-06-08 20:45:03,Synthetic evaluation request for Pulmonology,Z41.0,Routine,Closed—Not Completed,,2026-06-13 21:45:03,,2026-06-09 03:45:03,2026-06-11 18:45:03,,,,2026-06-13 21:45:03,Not Completed,Insurance or Access Barrier,2026-06-08 20:45:03,2026-06-13 21:45:03
REF000720,EHR-REF0000720,NorthStar EHR,PAT000485,COV000485,PRC0015,ORG003,LOC003,SPC009,PRC0104,ORG025,USR011,2025-10-26 15:32:48,2025-10-27 12:32:48,Synthetic evaluation request for Rheumatology,Z59.8,Routine,Outreach in Progress,Outreach Follow-Up,2025-10-31 21:32:48,2025-11-03 21:32:48,2025-10-28 12:32:48,2025-10-31 08:32:48,,,,,,,2025-10-27 12:32:48,2025-10-31 21:32:48
REF000721,EHR-REF0000721,NorthStar EHR,PAT001644,COV001644,PRC0010,ORG004,LOC004,SPC001,PRC0046,ORG017,,2025-08-16 18:01:36,2025-08-16 21:01:36,Synthetic evaluation request for Cardiology,Z13.5,Routine,Closed—Not Completed,,2025-08-19 16:01:36,,2025-08-17 06:01:36,2025-08-21 02:01:36,,,,2025-08-19 16:01:36,Not Completed,Unable to Contact After Protocol,2025-08-16 21:01:36,2025-08-19 16:01:36
REF000722,EHR-REF0000722,NorthStar EHR,PAT000092,COV000092,PRC0017,ORG005,LOC005,SPC002,PRC0097,ORG018,,2025-09-12 08:54:01,2025-09-12 10:54:01,Synthetic evaluation request for Dermatology,Z27.3,Routine,Closed—Completed,,2025-09-24 15:54:01,,2025-09-16 10:54:01,2025-09-15 21:54:01,2025-09-17 00:54:01,2025-09-25 00:54:01,2025-10-01 00:54:01,2025-10-02 08:54:01,Completed,,2025-09-12 10:54:01,2025-10-02 08:54:01
REF000723,EHR-REF0000723,NorthStar EHR,PAT001146,COV001146,PRC0031,ORG001,LOC001,SPC006,PRC0091,ORG012,USR013,2026-01-13 00:54:53,2026-01-13 00:54:53,Synthetic evaluation request for Orthopedics,Z14.0,Routine,Outreach in Progress,Outreach Follow-Up,2026-01-18 09:54:53,2026-01-21 09:54:53,2026-01-14 18:54:53,2026-01-16 19:54:53,,,,,,,2026-01-13 00:54:53,2026-01-18 09:54:53
REF000724,EHR-REF0000724,NorthStar EHR,PAT000349,COV000349,PRC0031,ORG001,LOC001,SPC008,PRC0078,ORG024,USR006,2025-11-30 14:40:28,2025-12-01 11:40:28,Synthetic evaluation request for Pulmonology,Z13.8,Routine,Scheduled,Appointment Verification,2025-12-08 06:40:28,2025-12-11 06:40:28,2025-12-03 19:40:28,2025-12-06 03:40:28,2025-12-07 22:40:28,,,,,,2025-12-01 11:40:28,2025-12-08 06:40:28
REF000725,EHR-REF0000725,NorthStar EHR,PAT000665,COV000665,PRC0009,ORG003,LOC003,SPC002,PRC0037,ORG008,,2026-03-17 02:33:20,2026-03-17 06:33:20,Synthetic evaluation request for Dermatology,Z46.1,Routine,Closed—Completed,,2026-03-27 18:33:20,,2026-03-18 01:33:20,2026-03-18 05:33:20,2026-03-18 08:33:20,2026-04-06 08:33:20,2026-04-15 08:33:20,2026-04-16 16:33:20,Completed,,2026-03-17 06:33:20,2026-04-16 16:33:20
REF000726,EHR-REF0000726,NorthStar EHR,PAT001367,COV001367,PRC0025,ORG001,LOC001,SPC008,PRC0078,ORG024,USR007,2026-02-13 10:13:53,2026-02-13 11:13:53,Synthetic evaluation request for Pulmonology,Z21.3,Routine,Completed—Report Pending,Report Pending,2026-02-23 16:13:53,2026-02-26 16:13:53,2026-02-17 11:13:53,2026-02-13 21:13:53,2026-02-14 15:13:53,2026-02-20 15:13:53,,,,,2026-02-13 11:13:53,2026-02-23 16:13:53
REF000727,EHR-REF0000727,NorthStar EHR,PAT001091,COV001091,PRC0020,ORG002,LOC002,SPC003,PRC0088,ORG009,,2026-01-27 08:25:12,2026-01-28 04:25:12,Synthetic evaluation request for Endocrinology,Z52.5,Routine,Closed—Completed,,2026-02-07 12:25:12,,2026-01-31 16:25:12,2026-01-31 04:25:12,2026-02-02 04:25:12,2026-02-23 04:25:12,2026-02-27 04:25:12,2026-02-28 15:25:12,Completed,,2026-01-28 04:25:12,2026-02-28 15:25:12
REF000728,EHR-REF0000728,NorthStar EHR,PAT000622,COV000622,PRC0022,ORG004,LOC004,SPC007,PRC0042,ORG013,USR004,2026-01-28 19:39:10,2026-01-29 13:39:10,Synthetic evaluation request for Otolaryngology,Z86.3,Urgent,Scheduled,Appointment Verification,2026-02-05 12:39:10,2026-02-06 12:39:10,2026-01-31 03:39:10,2026-02-02 05:39:10,2026-02-03 19:39:10,,,,,,2026-01-29 13:39:10,2026-02-05 12:39:10
REF000729,EHR-REF0000729,NorthStar EHR,PAT001198,COV001198,PRC0012,ORG006,LOC006,SPC006,PRC0076,ORG022,,2025-11-04 01:29:39,2025-11-04 03:29:39,Synthetic evaluation request for Orthopedics,Z30.5,Routine,Closed—Not Completed,,2025-11-10 05:29:39,,2025-11-06 11:29:39,2025-11-06 10:29:39,,,,2025-11-10 05:29:39,Not Completed,Transferred Care,2025-11-04 03:29:39,2025-11-10 05:29:39
REF000730,EHR-REF0000730,NorthStar EHR,PAT001895,COV001895,PRC0015,ORG003,LOC003,SPC004,PRC0084,ORG030,USR003,2026-02-07 13:54:27,2026-02-07 22:54:27,Synthetic evaluation request for Gastroenterology,Z15.5,Urgent,Scheduled,Appointment Verification,2026-02-12 10:54:27,2026-02-13 10:54:27,2026-02-10 22:54:27,2026-02-08 07:54:27,2026-02-08 17:54:27,,,,,,2026-02-07 22:54:27,2026-02-12 10:54:27
REF000731,EHR-REF0000731,NorthStar EHR,PAT001101,COV001101,PRC0001,ORG001,LOC001,SPC002,PRC0072,ORG018,,2025-10-25 11:33:13,2025-10-26 07:33:13,Synthetic evaluation request for Dermatology,Z69.6,Routine,Closed—Not Completed,,2025-11-01 09:33:13,,2025-10-28 17:33:13,2025-10-29 19:33:13,,,,2025-11-01 09:33:13,Not Completed,Duplicate Referral,2025-10-26 07:33:13,2025-11-01 09:33:13
REF000732,EHR-REF0000732,NorthStar EHR,PAT001787,COV001787,PRC0017,ORG005,LOC005,SPC009,PRC0044,ORG015,USR009,2026-04-17 21:37:12,2026-04-18 03:37:12,Synthetic evaluation request for Rheumatology,Z59.6,Routine,Scheduled,Appointment Verification,2026-04-22 12:37:12,2026-04-25 12:37:12,2026-04-18 14:37:12,2026-04-19 12:37:12,2026-04-20 05:37:12,,,,,,2026-04-18 03:37:12,2026-04-22 12:37:12
REF000733,EHR-REF0000733,NorthStar EHR,PAT000911,COV000911,PRC0028,ORG004,LOC004,SPC002,PRC0037,ORG008,,2026-05-07 21:35:49,2026-05-08 06:35:49,Synthetic evaluation request for Dermatology,Z76.0,Routine,Closed—Completed,,2026-05-21 11:35:49,,2026-05-09 06:35:49,2026-05-09 12:35:49,2026-05-11 06:35:49,2026-06-08 06:35:49,2026-06-18 06:35:49,2026-06-19 13:35:49,Completed,,2026-05-08 06:35:49,2026-06-19 13:35:49
REF000734,EHR-REF0000734,NorthStar EHR,PAT001738,COV001738,PRC0010,ORG004,LOC004,SPC007,PRC0067,ORG013,,2026-06-26 05:42:57,2026-06-26 23:42:57,Synthetic evaluation request for Otolaryngology,Z55.0,Routine,Closed—Completed,,2026-07-08 19:42:57,,2026-06-28 12:42:57,2026-06-30 08:42:57,2026-07-01 18:42:57,2026-07-25 18:42:57,2026-07-31 18:42:57,2026-08-01 14:42:57,Completed,,2026-06-26 23:42:57,2026-08-01 14:42:57
REF000735,EHR-REF0000735,NorthStar EHR,PAT000219,COV000219,PRC0016,ORG004,LOC004,SPC004,PRC0059,ORG030,USR010,2025-12-12 18:20:21,2025-12-13 16:20:21,Synthetic evaluation request for Gastroenterology,Z10.6,Routine,Needs Information,Needs Information,2025-12-14 08:20:21,2025-12-17 08:20:21,,,,,,,,,2025-12-13 16:20:21,2025-12-14 08:20:21
REF000736,EHR-REF0000736,NorthStar EHR,PAT000866,COV000866,PRC0012,ORG006,LOC006,SPC009,PRC0104,ORG025,USR010,2025-10-26 19:07:13,2025-10-27 08:07:13,Synthetic evaluation request for Rheumatology,Z80.6,Routine,Scheduled,Appointment Verification,2025-11-02 12:07:13,2025-11-05 12:07:13,2025-10-27 18:07:13,2025-10-31 23:07:13,2025-11-01 18:07:13,,,,,,2025-10-27 08:07:13,2025-11-02 12:07:13
REF000737,EHR-REF0000737,NorthStar EHR,PAT001333,COV001333,PRC0007,ORG001,LOC001,SPC004,PRC0064,ORG010,USR013,2025-09-20 16:40:10,2025-09-20 16:40:10,Synthetic evaluation request for Gastroenterology,Z14.9,Urgent,Needs Information,Needs Information,2025-09-22 18:40:10,2025-09-23 18:40:10,,,,,,,,,2025-09-20 16:40:10,2025-09-22 18:40:10
REF000738,EHR-REF0000738,NorthStar EHR,PAT001252,COV001252,PRC0025,ORG001,LOC001,SPC002,PRC0062,ORG008,USR007,2025-12-20 09:59:44,2025-12-21 01:59:44,Synthetic evaluation request for Dermatology,Z66.4,Routine,Outreach in Progress,Outreach Follow-Up,2025-12-23 17:59:44,2025-12-26 17:59:44,2025-12-22 13:59:44,2025-12-21 23:59:44,,,,,,,2025-12-21 01:59:44,2025-12-23 17:59:44
REF000739,EHR-REF0000739,NorthStar EHR,PAT000588,COV000588,PRC0034,ORG004,LOC004,SPC006,PRC0041,ORG012,USR008,2025-09-30 13:17:05,2025-10-01 03:17:05,Synthetic evaluation request for Orthopedics,Z48.6,Routine,Scheduled,Appointment Verification,2025-10-07 02:17:05,2025-10-10 02:17:05,2025-10-04 10:17:05,2025-10-03 23:17:05,2025-10-04 03:17:05,,,,,,2025-10-01 03:17:05,2025-10-07 02:17:05
REF000740,EHR-REF0000740,NorthStar EHR,PAT000240,COV000240,PRC0021,ORG003,LOC003,SPC003,PRC0088,ORG009,USR004,2026-04-30 15:54:33,2026-04-30 15:54:33,Synthetic evaluation request for Endocrinology,Z71.6,Routine,Outreach in Progress,Outreach Follow-Up,2026-05-04 12:54:33,2026-05-07 12:54:33,2026-05-02 03:54:33,2026-05-01 09:54:33,,,,,,,2026-04-30 15:54:33,2026-05-04 12:54:33
REF000741,EHR-REF0000741,NorthStar EHR,PAT001842,COV001842,PRC0009,ORG003,LOC003,SPC006,PRC0066,ORG012,,2025-10-26 21:25:02,2025-10-27 04:25:02,Synthetic evaluation request for Orthopedics,Z33.7,Routine,Closed—Completed,,2025-11-06 19:25:02,,2025-10-29 03:25:02,2025-10-27 18:25:02,2025-10-28 06:25:02,2025-11-13 06:25:02,2025-11-21 06:25:02,2025-11-22 01:25:02,Completed,,2025-10-27 04:25:02,2025-11-22 01:25:02
REF000742,EHR-REF0000742,NorthStar EHR,PAT001127,COV001127,PRC0025,ORG001,LOC001,SPC004,PRC0109,ORG030,USR013,2025-11-27 13:44:42,2025-11-28 12:44:42,Synthetic evaluation request for Gastroenterology,Z11.2,Routine,Outreach in Progress,Outreach Follow-Up,2025-12-04 17:44:42,2025-12-07 17:44:42,2025-11-30 23:44:42,2025-11-29 06:44:42,,,,,,,2025-11-28 12:44:42,2025-12-04 17:44:42
REF000743,EHR-REF0000743,NorthStar EHR,PAT001131,COV001131,PRC0010,ORG004,LOC004,SPC006,PRC0041,ORG012,,2026-06-30 13:49:56,2026-07-01 00:49:56,Synthetic evaluation request for Orthopedics,Z87.6,Routine,Closed—Completed,,2026-07-13 17:49:56,,2026-07-04 21:49:56,2026-07-05 16:49:56,2026-07-07 09:49:56,2026-07-15 09:49:56,2026-07-17 09:49:56,2026-07-18 19:49:56,Completed,,2026-07-01 00:49:56,2026-07-18 19:49:56
REF000744,EHR-REF0000744,NorthStar EHR,PAT001716,COV001716,PRC0011,ORG005,LOC005,SPC005,PRC0075,ORG021,,2025-10-27 18:38:03,2025-10-27 19:38:03,Synthetic evaluation request for Neurology,Z30.2,Routine,Closed—Completed,,2025-11-08 07:38:03,,2025-10-30 02:38:03,2025-10-30 13:38:03,2025-11-01 12:38:03,2025-12-04 12:38:03,2025-12-09 12:38:03,2025-12-10 14:38:03,Completed,,2025-10-27 19:38:03,2025-12-10 14:38:03
REF000745,EHR-REF0000745,NorthStar EHR,PAT000395,COV000395,PRC0006,ORG006,LOC006,SPC010,PRC0045,ORG016,USR013,2025-10-12 19:31:32,2025-10-13 06:31:32,Synthetic evaluation request for General Surgery,Z37.8,Routine,Completed—Report Pending,Report Pending,2025-10-18 22:31:32,2025-10-21 22:31:32,2025-10-13 23:31:32,2025-10-14 00:31:32,2025-10-15 04:31:32,2025-10-31 04:31:32,,,,,2025-10-13 06:31:32,2025-10-18 22:31:32
REF000746,EHR-REF0000746,NorthStar EHR,PAT001901,COV001901,PRC0015,ORG003,LOC003,SPC006,PRC0051,ORG022,USR003,2026-04-01 06:18:04,2026-04-01 13:18:04,Synthetic evaluation request for Orthopedics,Z31.7,Routine,Completed—Report Pending,Report Pending,2026-04-10 21:18:04,2026-04-13 21:18:04,2026-04-04 17:18:04,2026-04-03 11:18:04,2026-04-04 00:18:04,2026-04-09 00:18:04,,,,,2026-04-01 13:18:04,2026-04-10 21:18:04
REF000747,EHR-REF0000747,NorthStar EHR,PAT001580,COV001580,PRC0021,ORG003,LOC003,SPC009,PRC0054,ORG025,,2026-04-03 07:41:18,2026-04-03 12:41:18,Synthetic evaluation request for Rheumatology,Z55.1,Routine,Closed—Completed,,2026-04-18 06:41:18,,2026-04-06 10:41:18,2026-04-07 10:41:18,2026-04-08 23:41:18,2026-04-29 23:41:18,2026-05-01 23:41:18,2026-05-03 05:41:18,Completed,,2026-04-03 12:41:18,2026-05-03 05:41:18
REF000748,EHR-REF0000748,NorthStar EHR,PAT000014,COV000014,PRC0027,ORG003,LOC003,SPC009,PRC0069,ORG015,,2026-06-03 09:57:31,2026-06-03 15:57:31,Synthetic evaluation request for Rheumatology,Z74.6,Routine,Closed—Completed,,2026-06-09 10:57:31,,2026-06-05 14:57:31,2026-06-07 04:57:31,2026-06-08 09:57:31,2026-07-08 09:57:31,2026-07-09 09:57:31,2026-07-10 14:57:31,Completed,,2026-06-03 15:57:31,2026-07-10 14:57:31
REF000749,EHR-REF0000749,NorthStar EHR,PAT001206,COV001206,PRC0023,ORG005,LOC005,SPC002,PRC0082,ORG028,USR013,2026-06-16 23:30:59,2026-06-17 09:30:59,Synthetic evaluation request for Dermatology,Z40.9,Routine,Scheduled,Appointment Verification,2026-06-22 04:30:59,2026-06-25 04:30:59,2026-06-18 10:30:59,2026-06-21 21:30:59,2026-06-23 15:30:59,,,,,,2026-06-17 09:30:59,2026-06-22 04:30:59
REF000750,EHR-REF0000750,NorthStar EHR,PAT001384,COV001384,PRC0033,ORG003,LOC003,SPC010,PRC0045,ORG016,,2026-03-09 08:01:37,2026-03-09 12:01:37,Synthetic evaluation request for General Surgery,Z21.0,Routine,Closed—Not Completed,,2026-03-15 14:01:37,,2026-03-12 23:01:37,2026-03-10 21:01:37,,,,2026-03-15 14:01:37,Not Completed,Insurance or Access Barrier,2026-03-09 12:01:37,2026-03-15 14:01:37
REF000751,EHR-REF0000751,NorthStar EHR,PAT000984,COV000984,PRC0012,ORG006,LOC006,SPC006,PRC0091,ORG012,,2025-12-25 09:36:49,2025-12-25 09:36:49,Synthetic evaluation request for Orthopedics,Z70.4,Routine,Closed—Completed,,2026-01-08 04:36:49,,2025-12-27 17:36:49,2025-12-27 20:36:49,2025-12-29 18:36:49,2026-01-08 18:36:49,2026-01-10 18:36:49,2026-01-11 23:36:49,Completed,,2025-12-25 09:36:49,2026-01-11 23:36:49
REF000752,EHR-REF0000752,NorthStar EHR,PAT001609,COV001609,PRC0010,ORG004,LOC004,SPC007,PRC0052,ORG023,,2025-10-30 10:14:53,2025-10-30 10:14:53,Synthetic evaluation request for Otolaryngology,Z81.3,Routine,Closed—Completed,,2025-11-11 23:14:53,,2025-11-03 01:14:53,2025-11-03 01:14:53,2025-11-03 15:14:53,2025-11-25 15:14:53,2025-12-05 15:14:53,2025-12-06 19:14:53,Completed,,2025-10-30 10:14:53,2025-12-06 19:14:53
REF000753,EHR-REF0000753,NorthStar EHR,PAT000121,COV000121,PRC0019,ORG001,LOC001,SPC002,PRC0097,ORG018,USR003,2026-06-06 19:14:03,2026-06-06 19:14:03,Synthetic evaluation request for Dermatology,Z12.9,Routine,Needs Information,Needs Information,2026-06-08 03:14:03,2026-06-11 03:14:03,,,,,,,,,2026-06-06 19:14:03,2026-06-08 03:14:03
REF000754,EHR-REF0000754,NorthStar EHR,PAT001649,COV001649,PRC0028,ORG004,LOC004,SPC004,PRC0049,ORG020,,2025-10-01 17:34:20,2025-10-02 04:34:20,Synthetic evaluation request for Gastroenterology,Z65.8,Routine,Closed—Not Completed,,2025-10-08 01:34:20,,2025-10-03 06:34:20,2025-10-02 21:34:20,,,,2025-10-08 01:34:20,Not Completed,Patient Chose Another Provider,2025-10-02 04:34:20,2025-10-08 01:34:20
REF000755,EHR-REF0000755,NorthStar EHR,PAT000605,COV000605,PRC0016,ORG004,LOC004,SPC001,PRC0086,ORG007,USR011,2025-11-30 12:00:08,2025-12-01 04:00:08,Synthetic evaluation request for Cardiology,Z78.8,Routine,Completed—Report Pending,Report Pending,2025-12-06 15:00:08,2025-12-09 15:00:08,2025-12-01 12:00:08,2025-12-04 11:00:08,2025-12-05 08:00:08,2025-12-18 08:00:08,,,,,2025-12-01 04:00:08,2025-12-06 15:00:08
REF000756,EHR-REF0000756,NorthStar EHR,PAT000968,COV000968,PRC0007,ORG001,LOC001,SPC008,PRC0053,ORG024,,2025-12-23 11:58:40,2025-12-23 16:58:40,Synthetic evaluation request for Pulmonology,Z61.9,Routine,Closed—Completed,,2026-01-03 20:58:40,,2025-12-24 18:58:40,2025-12-24 01:58:40,2025-12-25 19:58:40,2026-01-27 19:58:40,2026-01-29 19:58:40,2026-01-30 11:58:40,Completed,,2025-12-23 16:58:40,2026-01-30 11:58:40
REF000757,EHR-REF0000757,NorthStar EHR,PAT001718,COV001718,PRC0026,ORG002,LOC002,SPC010,PRC0105,ORG026,USR012,2026-01-11 04:02:16,2026-01-12 03:02:16,Synthetic evaluation request for General Surgery,Z58.3,Routine,Completed—Report Pending,Report Pending,2026-01-18 02:02:16,2026-01-21 02:02:16,2026-01-15 09:02:16,2026-01-15 07:02:16,2026-01-17 06:02:16,2026-01-20 06:02:16,,,,,2026-01-12 03:02:16,2026-01-18 02:02:16
REF000758,EHR-REF0000758,NorthStar EHR,PAT001858,COV001858,PRC0002,ORG002,LOC002,SPC002,PRC0097,ORG018,USR014,2026-05-30 11:53:39,2026-05-31 01:53:39,Synthetic evaluation request for Dermatology,Z29.7,Routine,Scheduled,Appointment Verification,2026-06-04 18:53:39,2026-06-07 18:53:39,2026-05-31 21:53:39,2026-06-04 04:53:39,2026-06-05 18:53:39,,,,,,2026-05-31 01:53:39,2026-06-04 18:53:39
REF000759,EHR-REF0000759,NorthStar EHR,PAT001877,COV001877,PRC0027,ORG003,LOC003,SPC006,PRC0066,ORG012,,2026-07-03 08:02:09,2026-07-04 05:02:09,Synthetic evaluation request for Orthopedics,Z65.6,Routine,Closed—Completed,,2026-07-15 01:02:09,,2026-07-08 04:02:09,2026-07-06 13:02:09,2026-07-08 08:02:09,2026-07-15 08:02:09,2026-07-23 08:02:09,2026-07-24 06:02:09,Completed,,2026-07-04 05:02:09,2026-07-24 06:02:09
REF000760,EHR-REF0000760,NorthStar EHR,PAT000215,COV000215,PRC0002,ORG002,LOC002,SPC007,PRC0077,ORG023,,2026-05-15 13:29:40,2026-05-15 16:29:40,Synthetic evaluation request for Otolaryngology,Z75.1,Routine,Closed—Completed,,2026-05-25 03:29:40,,2026-05-17 16:29:40,2026-05-18 14:29:40,2026-05-20 08:29:40,2026-06-20 08:29:40,2026-06-25 08:29:40,2026-06-26 00:29:40,Completed,,2026-05-15 16:29:40,2026-06-26 00:29:40
REF000761,EHR-REF0000761,NorthStar EHR,PAT000438,COV000438,PRC0024,ORG006,LOC006,SPC005,PRC0060,ORG031,,2025-11-13 05:19:57,2025-11-13 16:19:57,Synthetic evaluation request for Neurology,Z35.8,Routine,Closed—Completed,,2025-11-21 12:19:57,,2025-11-16 03:19:57,2025-11-14 09:19:57,2025-11-14 12:19:57,2025-12-07 12:19:57,2025-12-08 12:19:57,2025-12-09 20:19:57,Completed,,2025-11-13 16:19:57,2025-12-09 20:19:57
REF000762,EHR-REF0000762,NorthStar EHR,PAT001597,COV001597,PRC0010,ORG004,LOC004,SPC005,PRC0075,ORG021,,2026-03-16 17:33:22,2026-03-17 14:33:22,Synthetic evaluation request for Neurology,Z46.9,Routine,Closed—Completed,,2026-03-28 15:33:22,,2026-03-18 02:33:22,2026-03-22 08:33:22,2026-03-23 08:33:22,2026-04-03 08:33:22,2026-04-08 08:33:22,2026-04-09 03:33:22,Completed,,2026-03-17 14:33:22,2026-04-09 03:33:22
REF000763,EHR-REF0000763,NorthStar EHR,PAT001069,COV001069,PRC0005,ORG005,LOC005,SPC004,PRC0109,ORG030,USR010,2026-07-11 13:37:39,2026-07-11 19:37:39,Synthetic evaluation request for Gastroenterology,Z42.0,Routine,Scheduled,Appointment Verification,2026-07-16 03:37:39,2026-07-19 03:37:39,2026-07-15 03:37:39,2026-07-14 11:37:39,2026-07-16 01:37:39,,,,,,2026-07-11 19:37:39,2026-07-16 03:37:39
REF000764,EHR-REF0000764,NorthStar EHR,PAT001398,COV001398,PRC0022,ORG004,LOC004,SPC002,PRC0057,ORG028,,2025-12-03 11:34:20,2025-12-03 23:34:20,Synthetic evaluation request for Dermatology,Z33.7,Routine,Closed—Not Completed,,2025-12-11 01:34:20,,2025-12-04 17:34:20,2025-12-05 07:34:20,,,,2025-12-11 01:34:20,Not Completed,Patient Chose Another Provider,2025-12-03 23:34:20,2025-12-11 01:34:20
REF000765,EHR-REF0000765,NorthStar EHR,PAT000288,COV000288,PRC0020,ORG002,LOC002,SPC007,PRC0102,ORG023,,2026-04-22 04:53:32,2026-04-22 21:53:32,Synthetic evaluation request for Otolaryngology,Z56.2,Routine,Closed—Completed,,2026-04-30 10:53:32,,2026-04-24 03:53:32,2026-04-27 13:53:32,2026-04-28 07:53:32,2026-05-02 07:53:32,2026-05-08 07:53:32,2026-05-09 21:53:32,Completed,,2026-04-22 21:53:32,2026-05-09 21:53:32
REF000766,EHR-REF0000766,NorthStar EHR,PAT001337,COV001337,PRC0017,ORG005,LOC005,SPC005,PRC0110,ORG031,,2026-07-15 03:30:07,2026-07-15 07:30:07,Synthetic evaluation request for Neurology,Z25.2,Routine,Closed—Completed,,2026-07-26 05:30:07,,2026-07-16 06:30:07,2026-07-19 19:30:07,2026-07-20 15:30:07,2026-08-12 15:30:07,2026-08-13 15:30:07,2026-08-14 09:30:07,Completed,,2026-07-15 07:30:07,2026-08-14 09:30:07
REF000767,EHR-REF0000767,NorthStar EHR,PAT001381,COV001381,PRC0004,ORG004,LOC004,SPC006,PRC0051,ORG022,USR008,2025-11-27 15:46:42,2025-11-28 12:46:42,Synthetic evaluation request for Orthopedics,Z46.7,Routine,Completed—Report Pending,Report Pending,2025-12-05 08:46:42,2025-12-08 08:46:42,2025-12-01 11:46:42,2025-12-01 02:46:42,2025-12-02 04:46:42,2025-12-21 04:46:42,,,,,2025-11-28 12:46:42,2025-12-05 08:46:42
REF000768,EHR-REF0000768,NorthStar EHR,PAT001815,COV001815,PRC0012,ORG006,LOC006,SPC005,PRC0100,ORG021,USR003,2026-05-19 20:14:40,2026-05-20 15:14:40,Synthetic evaluation request for Neurology,Z55.8,Routine,Needs Information,Needs Information,2026-05-22 13:14:40,2026-05-25 13:14:40,,,,,,,,,2026-05-20 15:14:40,2026-05-22 13:14:40
REF000769,EHR-REF0000769,NorthStar EHR,PAT001800,COV001800,PRC0016,ORG004,LOC004,SPC001,PRC0086,ORG007,,2025-10-16 02:57:58,2025-10-16 03:57:58,Synthetic evaluation request for Cardiology,Z49.0,Routine,Closed—Not Completed,,2025-10-19 21:57:58,,2025-10-16 14:57:58,2025-10-19 10:57:58,,,,2025-10-19 21:57:58,Not Completed,Transferred Care,2025-10-16 03:57:58,2025-10-19 21:57:58
REF000770,EHR-REF0000770,NorthStar EHR,PAT000214,COV000214,PRC0011,ORG005,LOC005,SPC007,PRC0102,ORG023,USR007,2026-06-26 22:16:25,2026-06-27 14:16:25,Synthetic evaluation request for Otolaryngology,Z40.6,Routine,Outreach in Progress,Outreach Follow-Up,2026-07-01 00:16:25,2026-07-04 00:16:25,2026-06-30 11:16:25,2026-06-28 02:16:25,,,,,,,2026-06-27 14:16:25,2026-07-01 00:16:25
REF000771,EHR-REF0000771,NorthStar EHR,PAT001826,COV001826,PRC0008,ORG002,LOC002,SPC009,PRC0044,ORG015,USR014,2025-10-06 09:52:31,2025-10-07 09:52:31,Synthetic evaluation request for Rheumatology,Z83.0,Urgent,Ready for Outreach,Ready for Outreach,2025-10-08 05:52:31,2025-10-09 05:52:31,2025-10-08 05:52:31,,,,,,,,2025-10-07 09:52:31,2025-10-08 05:52:31
REF000772,EHR-REF0000772,NorthStar EHR,PAT000312,COV000312,PRC0014,ORG002,LOC002,SPC003,PRC0048,ORG019,USR003,2026-02-17 01:01:44,2026-02-18 00:01:44,Synthetic evaluation request for Endocrinology,Z71.1,Routine,Scheduled,Appointment Verification,2026-02-23 14:01:44,2026-02-26 14:01:44,2026-02-18 17:01:44,2026-02-19 12:01:44,2026-02-20 01:01:44,,,,,,2026-02-18 00:01:44,2026-02-23 14:01:44
REF000773,EHR-REF0000773,NorthStar EHR,PAT000949,COV000949,PRC0012,ORG006,LOC006,SPC001,PRC0061,ORG007,,2025-08-10 22:27:59,2025-08-11 09:27:59,Synthetic evaluation request for Cardiology,Z43.0,Routine,Closed—Completed,,2025-08-24 12:27:59,,2025-08-12 07:27:59,2025-08-12 08:27:59,2025-08-13 10:27:59,2025-08-31 10:27:59,2025-09-03 10:27:59,2025-09-04 08:27:59,Completed,,2025-08-11 09:27:59,2025-09-04 08:27:59
REF000774,EHR-REF0000774,NorthStar EHR,PAT000630,COV000630,PRC0011,ORG005,LOC005,SPC004,PRC0089,ORG010,,2025-11-25 02:24:43,2025-11-25 10:24:43,Synthetic evaluation request for Gastroenterology,Z23.0,Routine,Closed—Completed,,2025-12-05 03:24:43,,2025-11-26 20:24:43,2025-11-26 04:24:43,2025-11-26 19:24:43,2025-12-19 19:24:43,2025-12-26 19:24:43,2025-12-27 23:24:43,Completed,,2025-11-25 10:24:43,2025-12-27 23:24:43
REF000775,EHR-REF0000775,NorthStar EHR,PAT001442,COV001442,PRC0009,ORG003,LOC003,SPC009,PRC0079,ORG025,USR011,2026-05-05 22:47:14,2026-05-06 12:47:14,Synthetic evaluation request for Rheumatology,Z75.4,Routine,Completed—Report Pending,Report Pending,2026-05-11 15:47:14,2026-05-14 15:47:14,2026-05-06 23:47:14,2026-05-07 05:47:14,2026-05-08 21:47:14,2026-05-24 21:47:14,,,,,2026-05-06 12:47:14,2026-05-11 15:47:14
REF000776,EHR-REF0000776,NorthStar EHR,PAT001245,COV001245,PRC0018,ORG006,LOC006,SPC008,PRC0043,ORG014,,2026-03-01 04:51:09,2026-03-01 17:51:09,Synthetic evaluation request for Pulmonology,Z20.7,Routine,Closed—Not Completed,,2026-03-06 01:51:09,,2026-03-02 12:51:09,2026-03-06 06:51:09,,,,2026-03-06 01:51:09,Not Completed,Patient Moved,2026-03-01 17:51:09,2026-03-06 01:51:09
REF000777,EHR-REF0000777,NorthStar EHR,PAT000417,COV000417,PRC0035,ORG005,LOC005,SPC008,PRC0103,ORG024,,2026-05-14 14:16:04,2026-05-15 06:16:04,Synthetic evaluation request for Pulmonology,Z20.1,Routine,Closed—Completed,,2026-05-28 23:16:04,,2026-05-18 13:16:04,2026-05-17 06:16:04,2026-05-17 12:16:04,2026-06-05 12:16:04,2026-06-07 12:16:04,2026-06-08 10:16:04,Completed,,2026-05-15 06:16:04,2026-06-08 10:16:04
REF000778,EHR-REF0000778,NorthStar EHR,PAT000541,COV000541,PRC0031,ORG001,LOC001,SPC004,PRC0039,ORG010,,2026-07-01 20:06:59,2026-07-01 22:06:59,Synthetic evaluation request for Gastroenterology,Z26.3,Routine,Closed—Not Completed,,2026-07-06 13:06:59,,2026-07-05 20:06:59,2026-07-03 17:06:59,,,,2026-07-06 13:06:59,Not Completed,Patient Moved,2026-07-01 22:06:59,2026-07-06 13:06:59
REF000779,EHR-REF0000779,NorthStar EHR,PAT000631,COV000631,PRC0014,ORG002,LOC002,SPC003,PRC0063,ORG009,USR005,2026-06-15 20:28:01,2026-06-16 06:28:01,Synthetic evaluation request for Endocrinology,Z29.3,Routine,Outreach in Progress,Outreach Follow-Up,2026-06-17 13:28:01,2026-06-20 13:28:01,2026-06-16 17:28:01,2026-06-18 10:28:01,,,,,,,2026-06-16 06:28:01,2026-06-17 13:28:01
REF000780,EHR-REF0000780,NorthStar EHR,PAT001528,COV001528,PRC0028,ORG004,LOC004,SPC007,PRC0052,ORG023,USR005,2025-12-24 17:13:45,2025-12-25 07:13:45,Synthetic evaluation request for Otolaryngology,Z85.2,Routine,Outreach in Progress,Outreach Follow-Up,2026-01-01 19:13:45,2026-01-04 19:13:45,2025-12-29 03:13:45,2025-12-27 09:13:45,,,,,,,2025-12-25 07:13:45,2026-01-01 19:13:45
REF000781,EHR-REF0000781,NorthStar EHR,PAT000837,COV000837,PRC0031,ORG001,LOC001,SPC010,PRC0105,ORG026,,2025-09-18 03:03:44,2025-09-18 18:03:44,Synthetic evaluation request for General Surgery,Z52.0,Routine,Closed—Completed,,2025-09-27 03:03:44,,2025-09-19 21:03:44,2025-09-22 20:03:44,2025-09-23 22:03:44,2025-09-28 22:03:44,2025-10-03 22:03:44,2025-10-05 09:03:44,Completed,,2025-09-18 18:03:44,2025-10-05 09:03:44
REF000782,EHR-REF0000782,NorthStar EHR,PAT000295,COV000295,PRC0003,ORG003,LOC003,SPC001,PRC0036,ORG007,USR012,2025-09-27 17:16:27,2025-09-28 00:16:27,Synthetic evaluation request for Cardiology,Z53.8,Routine,Completed—Report Pending,Report Pending,2025-10-04 00:16:27,2025-10-07 00:16:27,2025-10-01 07:16:27,2025-09-28 16:16:27,2025-09-30 00:16:27,2025-10-22 00:16:27,,,,,2025-09-28 00:16:27,2025-10-04 00:16:27
REF000783,EHR-REF0000783,NorthStar EHR,PAT000075,COV000075,PRC0010,ORG004,LOC004,SPC008,PRC0103,ORG024,USR008,2026-05-03 05:28:26,2026-05-03 23:28:26,Synthetic evaluation request for Pulmonology,Z16.2,Routine,Scheduled,Appointment Verification,2026-05-09 05:28:26,2026-05-12 05:28:26,2026-05-07 05:28:26,2026-05-04 09:28:26,2026-05-05 11:28:26,,,,,,2026-05-03 23:28:26,2026-05-09 05:28:26
REF000784,EHR-REF0000784,NorthStar EHR,PAT000451,COV000451,PRC0026,ORG002,LOC002,SPC001,PRC0071,ORG017,,2026-05-18 15:37:48,2026-05-19 05:37:48,Synthetic evaluation request for Cardiology,Z41.3,Routine,Closed—Completed,,2026-05-31 13:37:48,,2026-05-21 10:37:48,2026-05-20 05:37:48,2026-05-21 07:37:48,2026-06-24 07:37:48,2026-07-02 07:37:48,2026-07-04 02:37:48,Completed,,2026-05-19 05:37:48,2026-07-04 02:37:48
REF000785,EHR-REF0000785,NorthStar EHR,PAT001873,COV001873,PRC0006,ORG006,LOC006,SPC009,PRC0054,ORG025,,2025-08-07 22:26:06,2025-08-08 22:26:06,Synthetic evaluation request for Rheumatology,Z60.6,Routine,Closed—Completed,,2025-08-19 10:26:06,,2025-08-12 16:26:06,2025-08-09 08:26:06,2025-08-11 08:26:06,2025-08-23 08:26:06,2025-08-25 08:26:06,2025-08-26 13:26:06,Completed,,2025-08-08 22:26:06,2025-08-26 13:26:06
REF000786,EHR-REF0000786,NorthStar EHR,PAT001085,COV001085,PRC0031,ORG001,LOC001,SPC005,PRC0110,ORG031,,2025-12-17 16:07:29,2025-12-18 13:07:29,Synthetic evaluation request for Neurology,Z85.1,Routine,Closed—Completed,,2025-12-31 12:07:29,,2025-12-21 13:07:29,2025-12-20 20:07:29,2025-12-22 10:07:29,2025-12-25 10:07:29,2025-12-31 10:07:29,2026-01-01 06:07:29,Completed,,2025-12-18 13:07:29,2026-01-01 06:07:29
REF000787,EHR-REF0000787,NorthStar EHR,PAT000715,COV000715,PRC0030,ORG006,LOC006,SPC007,PRC0092,ORG013,USR002,2026-04-11 17:17:49,2026-04-11 18:17:49,Synthetic evaluation request for Otolaryngology,Z86.5,Routine,Outreach in Progress,Outreach Follow-Up,2026-04-16 09:17:49,2026-04-19 09:17:49,2026-04-13 19:17:49,2026-04-13 11:17:49,,,,,,,2026-04-11 18:17:49,2026-04-16 09:17:49
REF000788,EHR-REF0000788,NorthStar EHR,PAT000663,COV000663,PRC0006,ORG006,LOC006,SPC006,PRC0076,ORG022,,2025-11-24 11:03:03,2025-11-24 13:03:03,Synthetic evaluation request for Orthopedics,Z73.1,Routine,Closed—Completed,,2025-12-05 00:03:03,,2025-11-24 20:03:03,2025-11-27 00:03:03,2025-11-28 08:03:03,2025-12-28 08:03:03,2026-01-03 08:03:03,2026-01-04 12:03:03,Completed,,2025-11-24 13:03:03,2026-01-04 12:03:03
REF000789,EHR-REF0000789,NorthStar EHR,PAT001991,COV001991,PRC0006,ORG006,LOC006,SPC009,PRC0104,ORG025,,2025-09-11 17:24:31,2025-09-11 22:24:31,Synthetic evaluation request for Rheumatology,Z49.4,Routine,Closed—Completed,,2025-09-19 04:24:31,,2025-09-12 09:24:31,2025-09-15 13:24:31,2025-09-15 21:24:31,2025-10-08 21:24:31,2025-10-15 21:24:31,2025-10-16 21:24:31,Completed,,2025-09-11 22:24:31,2025-10-16 21:24:31
REF000790,EHR-REF0000790,NorthStar EHR,PAT000357,COV000357,PRC0035,ORG005,LOC005,SPC009,PRC0069,ORG015,,2025-12-14 05:13:42,2025-12-14 19:13:42,Synthetic evaluation request for Rheumatology,Z75.0,Urgent,Closed—Completed,,2025-12-28 08:13:42,,2025-12-16 00:13:42,2025-12-17 07:13:42,2025-12-17 11:13:42,2026-01-16 11:13:42,2026-01-23 11:13:42,2026-01-24 10:13:42,Completed,,2025-12-14 19:13:42,2026-01-24 10:13:42
REF000791,EHR-REF0000791,NorthStar EHR,PAT000409,COV000409,PRC0007,ORG001,LOC001,SPC003,PRC0083,ORG029,,2026-04-11 06:46:51,2026-04-11 18:46:51,Synthetic evaluation request for Endocrinology,Z57.0,Routine,Closed—Completed,,2026-04-17 19:46:51,,2026-04-12 02:46:51,2026-04-16 17:46:51,2026-04-17 14:46:51,2026-05-13 14:46:51,2026-05-18 14:46:51,2026-05-19 05:46:51,Completed,,2026-04-11 18:46:51,2026-05-19 05:46:51
REF000792,EHR-REF0000792,NorthStar EHR,PAT001810,COV001810,PRC0009,ORG003,LOC003,SPC003,PRC0108,ORG029,,2025-11-02 00:09:52,2025-11-02 11:09:52,Synthetic evaluation request for Endocrinology,Z22.9,Routine,Closed—Completed,,2025-11-12 15:09:52,,2025-11-05 16:09:52,2025-11-07 00:09:52,2025-11-08 23:09:52,2025-11-19 23:09:52,2025-11-20 23:09:52,2025-11-22 07:09:52,Completed,,2025-11-02 11:09:52,2025-11-22 07:09:52
REF000793,EHR-REF0000793,NorthStar EHR,PAT000146,COV000146,PRC0025,ORG001,LOC001,SPC002,PRC0087,ORG008,,2026-02-07 04:36:23,2026-02-07 21:36:23,Synthetic evaluation request for Dermatology,Z48.7,Routine,Closed—Completed,,2026-02-13 09:36:23,,2026-02-09 05:36:23,2026-02-09 07:36:23,2026-02-10 22:36:23,2026-03-03 22:36:23,2026-03-08 22:36:23,2026-03-09 19:36:23,Completed,,2026-02-07 21:36:23,2026-03-09 19:36:23
REF000794,EHR-REF0000794,NorthStar EHR,PAT000325,COV000325,PRC0028,ORG004,LOC004,SPC010,PRC0055,ORG026,,2025-11-25 21:59:13,2025-11-26 09:59:13,Synthetic evaluation request for General Surgery,Z31.0,Routine,Closed—Completed,,2025-12-03 17:59:13,,2025-11-26 15:59:13,2025-11-29 14:59:13,2025-11-30 03:59:13,2025-12-21 03:59:13,2025-12-26 03:59:13,2025-12-26 23:59:13,Completed,,2025-11-26 09:59:13,2025-12-26 23:59:13
REF000795,EHR-REF0000795,NorthStar EHR,PAT000709,COV000709,PRC0029,ORG005,LOC005,SPC002,PRC0062,ORG008,USR014,2025-09-27 23:05:20,2025-09-28 12:05:20,Synthetic evaluation request for Dermatology,Z34.8,Routine,Completed—Report Pending,Report Pending,2025-10-08 23:05:20,2025-10-11 23:05:20,2025-09-29 03:05:20,2025-10-02 01:05:20,2025-10-03 22:05:20,2025-10-28 22:05:20,,,,,2025-09-28 12:05:20,2025-10-08 23:05:20
REF000796,EHR-REF0000796,NorthStar EHR,PAT000446,COV000446,PRC0006,ORG006,LOC006,SPC001,PRC0071,ORG017,USR014,2025-08-30 23:44:26,2025-08-31 21:44:26,Synthetic evaluation request for Cardiology,Z88.7,Routine,Needs Information,Needs Information,2025-09-04 10:44:26,2025-09-07 10:44:26,,,,,,,,,2025-08-31 21:44:26,2025-09-04 10:44:26
REF000797,EHR-REF0000797,NorthStar EHR,PAT000099,COV000099,PRC0024,ORG006,LOC006,SPC002,PRC0087,ORG008,USR013,2026-03-05 01:47:33,2026-03-05 14:47:33,Synthetic evaluation request for Dermatology,Z26.0,Routine,Outreach in Progress,Outreach Follow-Up,2026-03-11 14:47:33,2026-03-14 14:47:33,2026-03-07 18:47:33,2026-03-10 04:47:33,,,,,,,2026-03-05 14:47:33,2026-03-11 14:47:33
REF000798,EHR-REF0000798,NorthStar EHR,PAT001988,COV001988,PRC0021,ORG003,LOC003,SPC004,PRC0059,ORG030,USR003,2026-03-05 02:59:40,2026-03-05 11:59:40,Synthetic evaluation request for Gastroenterology,Z27.9,Routine,Received,New Intake,2026-03-05 11:59:40,2026-03-08 11:59:40,,,,,,,,,2026-03-05 11:59:40,2026-03-05 11:59:40
REF000799,EHR-REF0000799,NorthStar EHR,PAT001572,COV001572,PRC0018,ORG006,LOC006,SPC007,PRC0052,ORG023,,2025-09-13 22:18:22,2025-09-14 02:18:22,Synthetic evaluation request for Otolaryngology,Z75.2,Routine,Closed—Not Completed,,2025-09-17 07:18:22,,2025-09-15 18:18:22,2025-09-15 07:18:22,,,,2025-09-17 07:18:22,Not Completed,Transferred Care,2025-09-14 02:18:22,2025-09-17 07:18:22
REF000800,EHR-REF0000800,NorthStar EHR,PAT001644,COV001644,PRC0032,ORG002,LOC002,SPC009,PRC0079,ORG025,USR012,2025-10-28 01:57:58,2025-10-29 01:57:58,Synthetic evaluation request for Rheumatology,Z71.3,Routine,Completed—Report Pending,Report Pending,2025-11-06 03:57:58,2025-11-09 03:57:58,2025-10-29 11:57:58,2025-10-30 11:57:58,2025-10-31 00:57:58,2025-11-06 00:57:58,,,,,2025-10-29 01:57:58,2025-11-06 03:57:58
REF000801,EHR-REF0000801,NorthStar EHR,PAT001717,COV001717,PRC0019,ORG001,LOC001,SPC005,PRC0050,ORG021,USR006,2025-10-28 09:00:27,2025-10-28 23:00:27,Synthetic evaluation request for Neurology,Z46.1,Routine,Scheduled,Appointment Verification,2025-11-07 13:00:27,2025-11-10 13:00:27,2025-11-01 21:00:27,2025-10-30 22:00:27,2025-10-31 23:00:27,,,,,,2025-10-28 23:00:27,2025-11-07 13:00:27
REF000802,EHR-REF0000802,NorthStar EHR,PAT000660,COV000660,PRC0030,ORG006,LOC006,SPC004,PRC0039,ORG010,,2025-10-25 05:28:18,2025-10-25 13:28:18,Synthetic evaluation request for Gastroenterology,Z68.2,Routine,Closed—Completed,,2025-11-07 10:28:18,,2025-10-27 23:28:18,2025-10-28 14:28:18,2025-10-29 21:28:18,2025-12-03 21:28:18,2025-12-05 21:28:18,2025-12-07 09:28:18,Completed,,2025-10-25 13:28:18,2025-12-07 09:28:18
REF000803,EHR-REF0000803,NorthStar EHR,PAT001647,COV001647,PRC0008,ORG002,LOC002,SPC002,PRC0082,ORG028,,2025-09-12 00:16:21,2025-09-12 18:16:21,Synthetic evaluation request for Dermatology,Z22.9,Urgent,Closed—Completed,,2025-09-19 07:16:21,,2025-09-13 03:16:21,2025-09-17 08:16:21,2025-09-17 17:16:21,2025-10-07 17:16:21,2025-10-15 17:16:21,2025-10-16 16:16:21,Completed,,2025-09-12 18:16:21,2025-10-16 16:16:21
REF000804,EHR-REF0000804,NorthStar EHR,PAT001365,COV001365,PRC0032,ORG002,LOC002,SPC002,PRC0097,ORG018,,2026-02-21 20:10:59,2026-02-22 19:10:59,Synthetic evaluation request for Dermatology,Z17.8,Routine,Closed—Completed,,2026-03-04 20:10:59,,2026-02-23 16:10:59,2026-02-23 23:10:59,2026-02-25 17:10:59,2026-03-18 17:10:59,2026-03-21 17:10:59,2026-03-22 20:10:59,Completed,,2026-02-22 19:10:59,2026-03-22 20:10:59
REF000805,EHR-REF0000805,NorthStar EHR,PAT000504,COV000504,PRC0002,ORG002,LOC002,SPC007,PRC0077,ORG023,USR005,2026-02-23 21:34:48,2026-02-24 14:34:48,Synthetic evaluation request for Otolaryngology,Z65.9,Routine,Scheduled,Appointment Verification,2026-02-28 20:34:48,2026-03-03 20:34:48,2026-02-25 04:34:48,2026-02-26 02:34:48,2026-02-26 09:34:48,,,,,,2026-02-24 14:34:48,2026-02-28 20:34:48
REF000806,EHR-REF0000806,NorthStar EHR,PAT001158,COV001158,PRC0004,ORG004,LOC004,SPC003,PRC0073,ORG019,USR014,2026-06-02 01:02:10,2026-06-02 15:02:10,Synthetic evaluation request for Endocrinology,Z70.7,Routine,Scheduled,Appointment Verification,2026-06-06 19:02:10,2026-06-09 19:02:10,2026-06-03 22:02:10,2026-06-03 06:02:10,2026-06-04 17:02:10,,,,,,2026-06-02 15:02:10,2026-06-06 19:02:10
REF000807,EHR-REF0000807,NorthStar EHR,PAT001804,COV001804,PRC0012,ORG006,LOC006,SPC006,PRC0091,ORG012,,2025-08-24 19:23:33,2025-08-25 08:23:33,Synthetic evaluation request for Orthopedics,Z71.8,Routine,Closed—Completed,,2025-09-03 09:23:33,,2025-08-26 10:23:33,2025-08-26 15:23:33,2025-08-27 21:23:33,2025-09-17 21:23:33,2025-09-21 21:23:33,2025-09-22 23:23:33,Completed,,2025-08-25 08:23:33,2025-09-22 23:23:33
REF000808,EHR-REF0000808,NorthStar EHR,PAT000306,COV000306,PRC0011,ORG005,LOC005,SPC005,PRC0075,ORG021,,2026-01-02 03:06:56,2026-01-03 01:06:56,Synthetic evaluation request for Neurology,Z56.8,Routine,Closed—Completed,,2026-01-10 22:06:56,,2026-01-04 13:06:56,2026-01-04 10:06:56,2026-01-05 23:06:56,2026-01-10 23:06:56,2026-01-14 23:06:56,2026-01-16 12:06:56,Completed,,2026-01-03 01:06:56,2026-01-16 12:06:56
REF000809,EHR-REF0000809,NorthStar EHR,PAT001786,COV001786,PRC0020,ORG002,LOC002,SPC007,PRC0067,ORG013,,2025-09-02 21:42:44,2025-09-03 14:42:44,Synthetic evaluation request for Otolaryngology,Z61.7,Routine,Closed—Completed,,2025-09-15 06:42:44,,2025-09-06 21:42:44,2025-09-05 01:42:44,2025-09-06 18:42:44,2025-10-10 18:42:44,2025-10-17 18:42:44,2025-10-18 21:42:44,Completed,,2025-09-03 14:42:44,2025-10-18 21:42:44
REF000810,EHR-REF0000810,NorthStar EHR,PAT000358,COV000358,PRC0013,ORG001,LOC001,SPC007,PRC0092,ORG013,USR010,2025-12-25 07:53:23,2025-12-26 07:53:23,Synthetic evaluation request for Otolaryngology,Z25.8,Routine,Scheduled,Appointment Verification,2026-01-02 08:53:23,2026-01-05 08:53:23,2025-12-27 09:53:23,2025-12-29 16:53:23,2025-12-30 09:53:23,,,,,,2025-12-26 07:53:23,2026-01-02 08:53:23
REF000811,EHR-REF0000811,NorthStar EHR,PAT001401,COV001401,PRC0034,ORG004,LOC004,SPC002,PRC0097,ORG018,,2025-10-03 02:18:41,2025-10-03 08:18:41,Synthetic evaluation request for Dermatology,Z38.4,Routine,Closed—Completed,,2025-10-15 08:18:41,,2025-10-04 22:18:41,2025-10-04 06:18:41,2025-10-05 23:18:41,2025-10-31 23:18:41,2025-11-05 23:18:41,2025-11-07 04:18:41,Completed,,2025-10-03 08:18:41,2025-11-07 04:18:41
REF000812,EHR-REF0000812,NorthStar EHR,PAT000151,COV000151,PRC0030,ORG006,LOC006,SPC004,PRC0064,ORG010,,2025-12-01 00:38:52,2025-12-01 18:38:52,Synthetic evaluation request for Gastroenterology,Z20.9,Routine,Cancelled,,2025-12-05 13:38:52,,2025-12-05 13:38:52,,,,,2025-12-05 13:38:52,Cancelled,No Longer Clinically Indicated,2025-12-01 18:38:52,2025-12-05 13:38:52
REF000813,EHR-REF0000813,NorthStar EHR,PAT001999,COV001999,PRC0020,ORG002,LOC002,SPC004,PRC0074,ORG020,,2026-07-08 05:21:14,2026-07-08 10:21:14,Synthetic evaluation request for Gastroenterology,Z87.2,Urgent,Closed—Completed,,2026-07-13 15:21:14,,2026-07-09 16:21:14,2026-07-11 13:21:14,2026-07-11 18:21:14,2026-08-07 18:21:14,2026-08-16 18:21:14,2026-08-17 16:21:14,Completed,,2026-07-08 10:21:14,2026-08-17 16:21:14
REF000814,EHR-REF0000814,NorthStar EHR,PAT001337,COV001337,PRC0017,ORG005,LOC005,SPC004,PRC0074,ORG020,,2025-12-31 23:42:46,2026-01-01 18:42:46,Synthetic evaluation request for Gastroenterology,Z33.2,Routine,Cancelled,,2026-01-03 03:42:46,,2026-01-03 03:42:46,,,,,2026-01-03 03:42:46,Cancelled,No Longer Clinically Indicated,2026-01-01 18:42:46,2026-01-03 03:42:46
REF000815,EHR-REF0000815,NorthStar EHR,PAT001779,COV001779,PRC0006,ORG006,LOC006,SPC005,PRC0100,ORG021,,2025-09-23 13:16:45,2025-09-24 06:16:45,Synthetic evaluation request for Neurology,Z48.3,Urgent,Closed—Completed,,2025-10-08 22:16:45,,2025-09-27 13:16:45,2025-09-25 14:16:45,2025-09-27 07:16:45,2025-10-06 07:16:45,2025-10-10 07:16:45,2025-10-11 09:16:45,Completed,,2025-09-24 06:16:45,2025-10-11 09:16:45
REF000816,EHR-REF0000816,NorthStar EHR,PAT001230,COV001230,PRC0024,ORG006,LOC006,SPC001,PRC0046,ORG017,,2026-01-07 00:38:34,2026-01-07 17:38:34,Synthetic evaluation request for Cardiology,Z14.6,Routine,Closed—Not Completed,,2026-01-15 11:38:34,,2026-01-10 18:38:34,2026-01-11 08:38:34,,,,2026-01-15 11:38:34,Not Completed,Insurance or Access Barrier,2026-01-07 17:38:34,2026-01-15 11:38:34
REF000817,EHR-REF0000817,NorthStar EHR,PAT001957,COV001957,PRC0030,ORG006,LOC006,SPC008,PRC0103,ORG024,USR007,2025-12-13 06:45:20,2025-12-13 22:45:20,Synthetic evaluation request for Pulmonology,Z73.2,Routine,Scheduled,Appointment Verification,2025-12-21 21:45:20,2025-12-24 21:45:20,2025-12-15 21:45:20,2025-12-17 00:45:20,2025-12-19 00:45:20,,,,,,2025-12-13 22:45:20,2025-12-21 21:45:20
REF000818,EHR-REF0000818,NorthStar EHR,PAT000275,COV000275,PRC0030,ORG006,LOC006,SPC003,PRC0108,ORG029,,2025-08-30 10:49:54,2025-08-31 03:49:54,Synthetic evaluation request for Endocrinology,Z26.8,Urgent,Closed—Completed,,2025-09-09 15:49:54,,2025-09-03 14:49:54,2025-09-01 09:49:54,2025-09-02 12:49:54,2025-10-01 12:49:54,2025-10-09 12:49:54,2025-10-10 19:49:54,Completed,,2025-08-31 03:49:54,2025-10-10 19:49:54
REF000819,EHR-REF0000819,NorthStar EHR,PAT000321,COV000321,PRC0023,ORG005,LOC005,SPC007,PRC0077,ORG023,,2025-08-12 06:31:01,2025-08-13 01:31:01,Synthetic evaluation request for Otolaryngology,Z41.8,Routine,Closed—Completed,,2025-08-21 14:31:01,,2025-08-13 14:31:01,2025-08-15 03:31:01,2025-08-15 21:31:01,2025-09-08 21:31:01,2025-09-09 21:31:01,2025-09-11 09:31:01,Completed,,2025-08-13 01:31:01,2025-09-11 09:31:01
REF000820,EHR-REF0000820,NorthStar EHR,PAT000228,COV000228,PRC0034,ORG004,LOC004,SPC005,PRC0050,ORG021,USR004,2026-01-10 23:13:31,2026-01-11 12:13:31,Synthetic evaluation request for Neurology,Z64.1,Routine,Completed—Report Pending,Report Pending,2026-01-17 04:13:31,2026-01-20 04:13:31,2026-01-12 01:13:31,2026-01-14 14:13:31,2026-01-15 19:13:31,2026-02-04 19:13:31,,,,,2026-01-11 12:13:31,2026-01-17 04:13:31
REF000821,EHR-REF0000821,NorthStar EHR,PAT000105,COV000105,PRC0019,ORG001,LOC001,SPC001,PRC0071,ORG017,,2026-07-05 17:32:44,2026-07-06 16:32:44,Synthetic evaluation request for Cardiology,Z33.4,Routine,Closed—Not Completed,,2026-07-15 02:32:44,,2026-07-10 02:32:44,2026-07-11 06:32:44,,,,2026-07-15 02:32:44,Not Completed,Transferred Care,2026-07-06 16:32:44,2026-07-15 02:32:44
REF000822,EHR-REF0000822,NorthStar EHR,PAT001204,COV001204,PRC0002,ORG002,LOC002,SPC001,PRC0096,ORG017,USR001,2025-12-21 13:42:59,2025-12-21 21:42:59,Synthetic evaluation request for Cardiology,Z68.2,Routine,Outreach in Progress,Outreach Follow-Up,2025-12-26 00:42:59,2025-12-29 00:42:59,2025-12-22 06:42:59,2025-12-22 09:42:59,,,,,,,2025-12-21 21:42:59,2025-12-26 00:42:59
REF000823,EHR-REF0000823,NorthStar EHR,PAT000536,COV000536,PRC0035,ORG005,LOC005,SPC010,PRC0070,ORG016,,2025-08-11 23:51:19,2025-08-12 10:51:19,Synthetic evaluation request for General Surgery,Z29.3,Routine,Closed—Completed,,2025-08-26 23:51:19,,2025-08-14 18:51:19,2025-08-14 11:51:19,2025-08-15 11:51:19,2025-09-07 11:51:19,2025-09-08 11:51:19,2025-09-09 09:51:19,Completed,,2025-08-12 10:51:19,2025-09-09 09:51:19
REF000824,EHR-REF0000824,NorthStar EHR,PAT000348,COV000348,PRC0033,ORG003,LOC003,SPC004,PRC0059,ORG030,USR001,2026-05-15 11:04:17,2026-05-15 14:04:17,Synthetic evaluation request for Gastroenterology,Z23.8,Urgent,Outreach in Progress,Outreach Follow-Up,2026-05-22 02:04:17,2026-05-23 02:04:17,2026-05-18 11:04:17,2026-05-18 09:04:17,,,,,,,2026-05-15 14:04:17,2026-05-22 02:04:17
REF000825,EHR-REF0000825,NorthStar EHR,PAT001117,COV001117,PRC0025,ORG001,LOC001,SPC005,PRC0090,ORG011,,2025-08-06 10:24:51,2025-08-07 08:24:51,Synthetic evaluation request for Neurology,Z13.5,Routine,Closed—Not Completed,,2025-08-12 07:24:51,,2025-08-09 20:24:51,2025-08-08 16:24:51,,,,2025-08-12 07:24:51,Not Completed,No Longer Clinically Indicated,2025-08-07 08:24:51,2025-08-12 07:24:51
REF000826,EHR-REF0000826,NorthStar EHR,PAT001495,COV001495,PRC0032,ORG002,LOC002,SPC002,PRC0057,ORG028,,2025-08-12 10:33:49,2025-08-12 14:33:49,Synthetic evaluation request for Dermatology,Z60.7,Urgent,Closed—Completed,,2025-08-20 15:33:49,,2025-08-13 18:33:49,2025-08-15 23:33:49,2025-08-17 17:33:49,2025-09-01 17:33:49,2025-09-02 17:33:49,2025-09-03 07:33:49,Completed,,2025-08-12 14:33:49,2025-09-03 07:33:49
REF000827,EHR-REF0000827,NorthStar EHR,PAT000203,COV000203,PRC0024,ORG006,LOC006,SPC010,PRC0080,ORG026,USR011,2025-08-26 12:18:53,2025-08-27 03:18:53,Synthetic evaluation request for General Surgery,Z87.1,Routine,Ready for Outreach,Ready for Outreach,2025-08-28 02:18:53,2025-08-31 02:18:53,2025-08-28 02:18:53,,,,,,,,2025-08-27 03:18:53,2025-08-28 02:18:53
REF000828,EHR-REF0000828,NorthStar EHR,PAT000388,COV000388,PRC0035,ORG005,LOC005,SPC006,PRC0091,ORG012,USR002,2025-11-18 11:17:22,2025-11-19 09:17:22,Synthetic evaluation request for Orthopedics,Z69.8,Routine,Outreach in Progress,Outreach Follow-Up,2025-11-23 14:17:22,2025-11-26 14:17:22,2025-11-21 19:17:22,2025-11-22 22:17:22,,,,,,,2025-11-19 09:17:22,2025-11-23 14:17:22
REF000829,EHR-REF0000829,NorthStar EHR,PAT001546,COV001546,PRC0031,ORG001,LOC001,SPC006,PRC0066,ORG012,,2025-12-06 12:26:41,2025-12-07 01:26:41,Synthetic evaluation request for Orthopedics,Z73.1,Routine,Closed—Completed,,2025-12-17 11:26:41,,2025-12-07 16:26:41,2025-12-08 11:26:41,2025-12-09 11:26:41,2026-01-03 11:26:41,2026-01-10 11:26:41,2026-01-11 04:26:41,Completed,,2025-12-07 01:26:41,2026-01-11 04:26:41
REF000830,EHR-REF0000830,NorthStar EHR,PAT000763,COV000763,PRC0013,ORG001,LOC001,SPC007,PRC0067,ORG013,,2026-07-09 09:10:17,2026-07-10 05:10:17,Synthetic evaluation request for Otolaryngology,Z79.3,Routine,Closed—Not Completed,,2026-07-16 14:10:17,,2026-07-12 08:10:17,2026-07-10 14:10:17,,,,2026-07-16 14:10:17,Not Completed,Patient Moved,2026-07-10 05:10:17,2026-07-16 14:10:17
REF000831,EHR-REF0000831,NorthStar EHR,PAT001589,COV001589,PRC0023,ORG005,LOC005,SPC007,PRC0042,ORG013,,2026-06-27 02:16:47,2026-06-27 14:16:47,Synthetic evaluation request for Otolaryngology,Z14.3,Routine,Closed—Completed,,2026-07-07 21:16:47,,2026-06-30 04:16:47,2026-06-30 20:16:47,2026-07-02 20:16:47,2026-07-09 20:16:47,2026-07-16 20:16:47,2026-07-17 23:16:47,Completed,,2026-06-27 14:16:47,2026-07-17 23:16:47
REF000832,EHR-REF0000832,NorthStar EHR,PAT000536,COV000536,PRC0004,ORG004,LOC004,SPC003,PRC0038,ORG009,,2025-09-15 17:51:10,2025-09-16 09:51:10,Synthetic evaluation request for Endocrinology,Z44.0,Routine,Closed—Completed,,2025-09-25 12:51:10,,2025-09-16 15:51:10,2025-09-21 01:51:10,2025-09-21 13:51:10,2025-10-03 13:51:10,2025-10-13 13:51:10,2025-10-14 18:51:10,Completed,,2025-09-16 09:51:10,2025-10-14 18:51:10
REF000833,EHR-REF0000833,NorthStar EHR,PAT000693,COV000693,PRC0035,ORG005,LOC005,SPC007,PRC0092,ORG013,,2026-01-05 17:13:34,2026-01-06 02:13:34,Synthetic evaluation request for Otolaryngology,Z86.8,Routine,Closed—Completed,,2026-01-14 02:13:34,,2026-01-06 11:13:34,2026-01-08 10:13:34,2026-01-09 02:13:34,2026-01-18 02:13:34,2026-01-22 02:13:34,2026-01-23 10:13:34,Completed,,2026-01-06 02:13:34,2026-01-23 10:13:34
REF000834,EHR-REF0000834,NorthStar EHR,PAT000675,COV000675,PRC0002,ORG002,LOC002,SPC004,PRC0109,ORG030,USR011,2025-08-15 07:57:09,2025-08-16 07:57:09,Synthetic evaluation request for Gastroenterology,Z79.5,Routine,Scheduled,Appointment Verification,2025-08-21 02:57:09,2025-08-24 02:57:09,2025-08-19 21:57:09,2025-08-17 16:57:09,2025-08-18 19:57:09,,,,,,2025-08-16 07:57:09,2025-08-21 02:57:09
REF000835,EHR-REF0000835,NorthStar EHR,PAT001183,COV001183,PRC0021,ORG003,LOC003,SPC008,PRC0103,ORG024,,2026-04-01 01:02:51,2026-04-01 20:02:51,Synthetic evaluation request for Pulmonology,Z38.9,Routine,Closed—Completed,,2026-04-13 20:02:51,,2026-04-04 20:02:51,2026-04-06 13:02:51,2026-04-08 01:02:51,2026-04-17 01:02:51,2026-04-27 01:02:51,2026-04-28 03:02:51,Completed,,2026-04-01 20:02:51,2026-04-28 03:02:51
REF000836,EHR-REF0000836,NorthStar EHR,PAT001253,COV001253,PRC0027,ORG003,LOC003,SPC003,PRC0058,ORG029,USR011,2025-10-01 10:55:49,2025-10-02 04:55:49,Synthetic evaluation request for Endocrinology,Z32.7,Routine,Received,New Intake,2025-10-02 04:55:49,2025-10-05 04:55:49,,,,,,,,,2025-10-02 04:55:49,2025-10-02 04:55:49
REF000837,EHR-REF0000837,NorthStar EHR,PAT001503,COV001503,PRC0011,ORG005,LOC005,SPC002,PRC0097,ORG018,USR005,2025-12-08 05:11:27,2025-12-08 06:11:27,Synthetic evaluation request for Dermatology,Z14.3,Routine,Completed—Report Pending,Report Pending,2025-12-18 04:11:27,2025-12-21 04:11:27,2025-12-11 21:11:27,2025-12-12 16:11:27,2025-12-12 19:11:27,2025-12-15 19:11:27,,,,,2025-12-08 06:11:27,2025-12-18 04:11:27
REF000838,EHR-REF0000838,NorthStar EHR,PAT001636,COV001636,PRC0032,ORG002,LOC002,SPC004,PRC0084,ORG030,USR014,2025-11-17 10:24:41,2025-11-18 05:24:41,Synthetic evaluation request for Gastroenterology,Z17.5,Routine,Received,New Intake,2025-11-18 05:24:41,2025-11-21 05:24:41,,,,,,,,,2025-11-18 05:24:41,2025-11-18 05:24:41
REF000839,EHR-REF0000839,NorthStar EHR,PAT000343,COV000343,PRC0026,ORG002,LOC002,SPC010,PRC0045,ORG016,,2025-08-21 08:39:22,2025-08-21 19:39:22,Synthetic evaluation request for General Surgery,Z16.6,Urgent,Closed—Completed,,2025-09-02 11:39:22,,2025-08-25 16:39:22,2025-08-26 10:39:22,2025-08-27 15:39:22,2025-09-17 15:39:22,2025-09-22 15:39:22,2025-09-23 21:39:22,Completed,,2025-08-21 19:39:22,2025-09-23 21:39:22
REF000840,EHR-REF0000840,NorthStar EHR,PAT000684,COV000684,PRC0028,ORG004,LOC004,SPC007,PRC0092,ORG013,,2026-04-26 02:11:14,2026-04-26 23:11:14,Synthetic evaluation request for Otolaryngology,Z80.2,Routine,Closed—Not Completed,,2026-05-03 00:11:14,,2026-04-29 00:11:14,2026-05-01 18:11:14,,,,2026-05-03 00:11:14,Not Completed,Patient Moved,2026-04-26 23:11:14,2026-05-03 00:11:14
REF000841,EHR-REF0000841,NorthStar EHR,PAT001451,COV001451,PRC0022,ORG004,LOC004,SPC009,PRC0094,ORG015,USR002,2026-01-09 14:46:08,2026-01-09 17:46:08,Synthetic evaluation request for Rheumatology,Z21.9,Routine,Scheduled,Appointment Verification,2026-01-21 11:46:08,2026-01-24 11:46:08,2026-01-13 17:46:08,2026-01-13 23:46:08,2026-01-15 02:46:08,,,,,,2026-01-09 17:46:08,2026-01-21 11:46:08
REF000842,EHR-REF0000842,NorthStar EHR,PAT001129,COV001129,PRC0033,ORG003,LOC003,SPC010,PRC0070,ORG016,,2026-04-21 19:19:58,2026-04-22 17:19:58,Synthetic evaluation request for General Surgery,Z18.1,Routine,Closed—Not Completed,,2026-04-28 15:19:58,,2026-04-23 06:19:58,2026-04-23 22:19:58,,,,2026-04-28 15:19:58,Not Completed,Duplicate Referral,2026-04-22 17:19:58,2026-04-28 15:19:58
REF000843,EHR-REF0000843,NorthStar EHR,PAT001597,COV001597,PRC0015,ORG003,LOC003,SPC005,PRC0040,ORG011,,2025-08-03 02:00:19,2025-08-03 14:00:19,Synthetic evaluation request for Neurology,Z48.5,Routine,Closed—Not Completed,,2025-08-09 00:00:19,,2025-08-04 23:00:19,2025-08-08 09:00:19,,,,2025-08-09 00:00:19,Not Completed,Insurance or Access Barrier,2025-08-03 14:00:19,2025-08-09 00:00:19
REF000844,EHR-REF0000844,NorthStar EHR,PAT000160,COV000160,PRC0021,ORG003,LOC003,SPC003,PRC0088,ORG009,USR010,2026-01-03 15:01:31,2026-01-04 02:01:31,Synthetic evaluation request for Endocrinology,Z87.6,Routine,Scheduled,Appointment Verification,2026-01-09 16:01:31,2026-01-12 16:01:31,2026-01-04 15:01:31,2026-01-07 00:01:31,2026-01-08 05:01:31,,,,,,2026-01-04 02:01:31,2026-01-09 16:01:31
REF000845,EHR-REF0000845,NorthStar EHR,PAT000892,COV000892,PRC0012,ORG006,LOC006,SPC001,PRC0036,ORG007,USR010,2026-05-01 19:52:06,2026-05-02 02:52:06,Synthetic evaluation request for Cardiology,Z29.3,Routine,Scheduled,Appointment Verification,2026-05-08 11:52:06,2026-05-11 11:52:06,2026-05-05 21:52:06,2026-05-03 09:52:06,2026-05-03 19:52:06,,,,,,2026-05-02 02:52:06,2026-05-08 11:52:06
REF000846,EHR-REF0000846,NorthStar EHR,PAT000434,COV000434,PRC0006,ORG006,LOC006,SPC008,PRC0093,ORG014,USR006,2026-06-13 15:05:18,2026-06-14 11:05:18,Synthetic evaluation request for Pulmonology,Z84.1,Routine,Scheduled,Appointment Verification,2026-06-17 14:05:18,2026-06-20 14:05:18,2026-06-14 20:05:18,2026-06-19 06:05:18,2026-06-20 15:05:18,,,,,,2026-06-14 11:05:18,2026-06-17 14:05:18
REF000847,EHR-REF0000847,NorthStar EHR,PAT000322,COV000322,PRC0017,ORG005,LOC005,SPC010,PRC0045,ORG016,USR008,2026-02-07 23:27:01,2026-02-08 09:27:01,Synthetic evaluation request for General Surgery,Z55.5,Routine,Completed—Report Pending,Report Pending,2026-02-17 16:27:01,2026-02-20 16:27:01,2026-02-12 03:27:01,2026-02-10 15:27:01,2026-02-11 04:27:01,2026-02-24 04:27:01,,,,,2026-02-08 09:27:01,2026-02-17 16:27:01
REF000848,EHR-REF0000848,NorthStar EHR,PAT000043,COV000043,PRC0021,ORG003,LOC003,SPC008,PRC0043,ORG014,USR010,2025-12-01 18:03:09,2025-12-01 21:03:09,Synthetic evaluation request for Pulmonology,Z75.3,Routine,Ready for Outreach,Ready for Outreach,2025-12-05 16:03:09,2025-12-08 16:03:09,2025-12-05 16:03:09,,,,,,,,2025-12-01 21:03:09,2025-12-05 16:03:09
REF000849,EHR-REF0000849,NorthStar EHR,PAT001552,COV001552,PRC0026,ORG002,LOC002,SPC008,PRC0103,ORG024,,2026-04-30 02:55:40,2026-04-30 11:55:40,Synthetic evaluation request for Pulmonology,Z67.0,Urgent,Closed—Completed,,2026-05-12 13:55:40,,2026-04-30 22:55:40,2026-04-30 20:55:40,2026-05-02 02:55:40,2026-06-01 02:55:40,2026-06-09 02:55:40,2026-06-10 07:55:40,Completed,,2026-04-30 11:55:40,2026-06-10 07:55:40
REF000850,EHR-REF0000850,NorthStar EHR,PAT001548,COV001548,PRC0007,ORG001,LOC001,SPC009,PRC0094,ORG015,USR011,2026-05-07 18:56:32,2026-05-08 16:56:32,Synthetic evaluation request for Rheumatology,Z70.5,Routine,Outreach in Progress,Outreach Follow-Up,2026-05-10 12:56:32,2026-05-13 12:56:32,2026-05-09 21:56:32,2026-05-10 10:56:32,,,,,,,2026-05-08 16:56:32,2026-05-10 12:56:32
REF000851,EHR-REF0000851,NorthStar EHR,PAT000012,COV000012,PRC0005,ORG005,LOC005,SPC009,PRC0104,ORG025,USR001,2025-08-04 06:37:54,2025-08-04 10:37:54,Synthetic evaluation request for Rheumatology,Z77.5,Routine,Outreach in Progress,Outreach Follow-Up,2025-08-07 19:37:54,2025-08-10 19:37:54,2025-08-07 11:37:54,2025-08-04 22:37:54,,,,,,,2025-08-04 10:37:54,2025-08-07 19:37:54
REF000852,EHR-REF0000852,NorthStar EHR,PAT000034,COV000034,PRC0030,ORG006,LOC006,SPC010,PRC0055,ORG026,USR009,2026-06-30 13:47:00,2026-07-01 04:47:00,Synthetic evaluation request for General Surgery,Z87.7,Routine,Completed—Report Pending,Report Pending,2026-07-04 10:47:00,2026-07-07 10:47:00,2026-07-02 06:47:00,2026-07-01 21:47:00,2026-07-02 04:47:00,2026-07-30 04:47:00,,,,,2026-07-01 04:47:00,2026-07-04 10:47:00
REF000853,EHR-REF0000853,NorthStar EHR,PAT000412,COV000412,PRC0017,ORG005,LOC005,SPC005,PRC0060,ORG031,,2026-02-06 15:51:04,2026-02-07 09:51:04,Synthetic evaluation request for Neurology,Z77.9,Routine,Closed—Not Completed,,2026-02-12 01:51:04,,2026-02-07 23:51:04,2026-02-08 06:51:04,,,,2026-02-12 01:51:04,Not Completed,Unable to Contact After Protocol,2026-02-07 09:51:04,2026-02-12 01:51:04
REF000854,EHR-REF0000854,NorthStar EHR,PAT000716,COV000716,PRC0009,ORG003,LOC003,SPC003,PRC0058,ORG029,,2025-12-27 00:49:56,2025-12-27 01:49:56,Synthetic evaluation request for Endocrinology,Z30.8,Routine,Closed—Completed,,2026-01-05 20:49:56,,2025-12-27 15:49:56,2025-12-29 12:49:56,2025-12-30 16:49:56,2026-01-30 16:49:56,2026-02-02 16:49:56,2026-02-02 22:49:56,Completed,,2025-12-27 01:49:56,2026-02-02 22:49:56
REF000855,EHR-REF0000855,NorthStar EHR,PAT001772,COV001772,PRC0013,ORG001,LOC001,SPC007,PRC0092,ORG013,,2026-03-28 06:09:16,2026-03-28 16:09:16,Synthetic evaluation request for Otolaryngology,Z53.9,Routine,Cancelled,,2026-03-31 16:09:16,,2026-03-31 16:09:16,,,,,2026-03-31 16:09:16,Cancelled,Duplicate Referral,2026-03-28 16:09:16,2026-03-31 16:09:16
REF000856,EHR-REF0000856,NorthStar EHR,PAT000096,COV000096,PRC0030,ORG006,LOC006,SPC003,PRC0048,ORG019,USR008,2026-03-24 22:53:02,2026-03-25 13:53:02,Synthetic evaluation request for Endocrinology,Z33.6,Routine,Outreach in Progress,Outreach Follow-Up,2026-03-28 23:53:02,2026-03-31 23:53:02,2026-03-25 20:53:02,2026-03-27 18:53:02,,,,,,,2026-03-25 13:53:02,2026-03-28 23:53:02
REF000857,EHR-REF0000857,NorthStar EHR,PAT001254,COV001254,PRC0034,ORG004,LOC004,SPC004,PRC0049,ORG020,,2025-08-25 03:52:22,2025-08-26 02:52:22,Synthetic evaluation request for Gastroenterology,Z49.4,Urgent,Closed—Completed,,2025-09-06 07:52:22,,2025-08-28 08:52:22,2025-08-28 00:52:22,2025-08-29 04:52:22,2025-09-13 04:52:22,2025-09-21 04:52:22,2025-09-21 18:52:22,Completed,,2025-08-26 02:52:22,2025-09-21 18:52:22
REF000858,EHR-REF0000858,NorthStar EHR,PAT001352,COV001352,PRC0035,ORG005,LOC005,SPC005,PRC0050,ORG021,USR003,2026-03-02 03:27:49,2026-03-02 21:27:49,Synthetic evaluation request for Neurology,Z74.6,Routine,Outreach in Progress,Outreach Follow-Up,2026-03-10 18:27:49,2026-03-13 18:27:49,2026-03-06 21:27:49,2026-03-05 05:27:49,,,,,,,2026-03-02 21:27:49,2026-03-10 18:27:49
REF000859,EHR-REF0000859,NorthStar EHR,PAT000963,COV000963,PRC0024,ORG006,LOC006,SPC008,PRC0068,ORG014,USR008,2026-03-07 17:20:24,2026-03-08 08:20:24,Synthetic evaluation request for Pulmonology,Z37.2,Routine,Needs Information,Needs Information,2026-03-11 21:20:24,2026-03-14 21:20:24,,,,,,,,,2026-03-08 08:20:24,2026-03-11 21:20:24
REF000860,EHR-REF0000860,NorthStar EHR,PAT000040,COV000040,PRC0016,ORG004,LOC004,SPC005,PRC0110,ORG031,,2025-11-18 21:29:42,2025-11-18 23:29:42,Synthetic evaluation request for Neurology,Z23.7,Routine,Closed—Completed,,2025-12-01 09:29:42,,2025-11-21 20:29:42,2025-11-21 20:29:42,2025-11-22 12:29:42,2025-11-26 12:29:42,2025-11-30 12:29:42,2025-12-01 06:29:42,Completed,,2025-11-18 23:29:42,2025-12-01 06:29:42
REF000861,EHR-REF0000861,NorthStar EHR,PAT001751,COV001751,PRC0014,ORG002,LOC002,SPC002,PRC0057,ORG028,USR006,2026-05-06 04:58:18,2026-05-06 06:58:18,Synthetic evaluation request for Dermatology,Z60.7,Routine,Scheduled,Appointment Verification,2026-05-11 16:58:18,2026-05-14 16:58:18,2026-05-07 03:58:18,2026-05-11 02:58:18,2026-05-11 15:58:18,,,,,,2026-05-06 06:58:18,2026-05-11 16:58:18
REF000862,EHR-REF0000862,NorthStar EHR,PAT001276,COV001276,PRC0027,ORG003,LOC003,SPC005,PRC0075,ORG021,,2026-02-10 13:29:01,2026-02-10 21:29:01,Synthetic evaluation request for Neurology,Z82.9,Routine,Closed—Completed,,2026-02-22 22:29:01,,2026-02-14 13:29:01,2026-02-14 16:29:01,2026-02-15 00:29:01,2026-03-01 00:29:01,2026-03-06 00:29:01,2026-03-07 07:29:01,Completed,,2026-02-10 21:29:01,2026-03-07 07:29:01
REF000863,EHR-REF0000863,NorthStar EHR,PAT000947,COV000947,PRC0009,ORG003,LOC003,SPC005,PRC0075,ORG021,,2025-08-04 16:21:08,2025-08-05 08:21:08,Synthetic evaluation request for Neurology,Z48.1,Routine,Closed—Not Completed,,2025-08-11 02:21:08,,2025-08-06 09:21:08,2025-08-06 14:21:08,,,,2025-08-11 02:21:08,Not Completed,Transferred Care,2025-08-05 08:21:08,2025-08-11 02:21:08
REF000864,EHR-REF0000864,NorthStar EHR,PAT001648,COV001648,PRC0014,ORG002,LOC002,SPC009,PRC0094,ORG015,,2026-06-26 06:10:51,2026-06-27 01:10:51,Synthetic evaluation request for Rheumatology,Z51.9,Routine,Closed—Completed,,2026-07-07 22:10:51,,2026-06-27 10:10:51,2026-06-27 20:10:51,2026-06-29 16:10:51,2026-07-17 16:10:51,2026-07-23 16:10:51,2026-07-25 02:10:51,Completed,,2026-06-27 01:10:51,2026-07-25 02:10:51
REF000865,EHR-REF0000865,NorthStar EHR,PAT001141,COV001141,PRC0001,ORG001,LOC001,SPC008,PRC0103,ORG024,,2025-11-17 05:05:44,2025-11-18 05:05:44,Synthetic evaluation request for Pulmonology,Z18.0,Routine,Closed—Completed,,2025-11-29 23:05:44,,2025-11-21 01:05:44,2025-11-20 13:05:44,2025-11-20 20:05:44,2025-11-25 20:05:44,2025-12-05 20:05:44,2025-12-07 05:05:44,Completed,,2025-11-18 05:05:44,2025-12-07 05:05:44
REF000866,EHR-REF0000866,NorthStar EHR,PAT000826,COV000826,PRC0003,ORG003,LOC003,SPC010,PRC0045,ORG016,USR003,2026-06-14 14:45:09,2026-06-14 16:45:09,Synthetic evaluation request for General Surgery,Z86.2,Urgent,Scheduled,Appointment Verification,2026-06-20 13:45:09,2026-06-21 13:45:09,2026-06-16 04:45:09,2026-06-16 22:45:09,2026-06-17 06:45:09,,,,,,2026-06-14 16:45:09,2026-06-20 13:45:09
REF000867,EHR-REF0000867,NorthStar EHR,PAT000213,COV000213,PRC0029,ORG005,LOC005,SPC006,PRC0076,ORG022,,2025-12-22 04:09:47,2025-12-22 22:09:47,Synthetic evaluation request for Orthopedics,Z27.6,Routine,Closed—Not Completed,,2025-12-29 06:09:47,,2025-12-25 05:09:47,2025-12-23 08:09:47,,,,2025-12-29 06:09:47,Not Completed,Duplicate Referral,2025-12-22 22:09:47,2025-12-29 06:09:47
REF000868,EHR-REF0000868,NorthStar EHR,PAT000818,COV000818,PRC0001,ORG001,LOC001,SPC001,PRC0071,ORG017,,2025-12-05 11:08:44,2025-12-06 01:08:44,Synthetic evaluation request for Cardiology,Z38.2,Routine,Closed—Completed,,2025-12-16 23:08:44,,2025-12-09 12:08:44,2025-12-09 00:08:44,2025-12-10 06:08:44,2025-12-30 06:08:44,2026-01-07 06:08:44,2026-01-08 21:08:44,Completed,,2025-12-06 01:08:44,2026-01-08 21:08:44
REF000869,EHR-REF0000869,NorthStar EHR,PAT001114,COV001114,PRC0034,ORG004,LOC004,SPC008,PRC0053,ORG024,,2026-07-10 08:06:49,2026-07-11 02:06:49,Synthetic evaluation request for Pulmonology,Z45.1,Routine,Closed—Not Completed,,2026-07-20 14:06:49,,2026-07-14 13:06:49,2026-07-15 16:06:49,,,,2026-07-20 14:06:49,Not Completed,Insurance or Access Barrier,2026-07-11 02:06:49,2026-07-20 14:06:49
REF000870,EHR-REF0000870,NorthStar EHR,PAT001368,COV001368,PRC0021,ORG003,LOC003,SPC009,PRC0104,ORG025,,2026-03-22 14:26:03,2026-03-22 23:26:03,Synthetic evaluation request for Rheumatology,Z87.5,Routine,Closed—Completed,,2026-04-04 01:26:03,,2026-03-25 14:26:03,2026-03-27 14:26:03,2026-03-29 13:26:03,2026-04-07 13:26:03,2026-04-11 13:26:03,2026-04-13 02:26:03,Completed,,2026-03-22 23:26:03,2026-04-13 02:26:03
REF000871,EHR-REF0000871,NorthStar EHR,PAT001976,COV001976,PRC0024,ORG006,LOC006,SPC007,PRC0092,ORG013,,2026-06-10 16:09:03,2026-06-10 19:09:03,Synthetic evaluation request for Otolaryngology,Z82.1,Routine,Closed—Completed,,2026-06-22 20:09:03,,2026-06-11 16:09:03,2026-06-11 10:09:03,2026-06-12 19:09:03,2026-07-04 19:09:03,2026-07-05 19:09:03,2026-07-06 08:09:03,Completed,,2026-06-10 19:09:03,2026-07-06 08:09:03
REF000872,EHR-REF0000872,NorthStar EHR,PAT001930,COV001930,PRC0011,ORG005,LOC005,SPC005,PRC0065,ORG011,,2026-05-20 05:52:39,2026-05-20 13:52:39,Synthetic evaluation request for Neurology,Z44.2,Routine,Closed—Completed,,2026-05-30 22:52:39,,2026-05-22 05:52:39,2026-05-23 23:52:39,2026-05-24 22:52:39,2026-06-26 22:52:39,2026-07-03 22:52:39,2026-07-04 13:52:39,Completed,,2026-05-20 13:52:39,2026-07-04 13:52:39
REF000873,EHR-REF0000873,NorthStar EHR,PAT000461,COV000461,PRC0022,ORG004,LOC004,SPC006,PRC0041,ORG012,USR008,2026-01-20 12:19:12,2026-01-20 18:19:12,Synthetic evaluation request for Orthopedics,Z27.2,Routine,Scheduled,Appointment Verification,2026-01-28 08:19:12,2026-01-31 08:19:12,2026-01-23 20:19:12,2026-01-23 04:19:12,2026-01-23 20:19:12,,,,,,2026-01-20 18:19:12,2026-01-28 08:19:12
REF000874,EHR-REF0000874,NorthStar EHR,PAT000849,COV000849,PRC0023,ORG005,LOC005,SPC010,PRC0105,ORG026,USR012,2025-12-22 10:48:34,2025-12-23 08:48:34,Synthetic evaluation request for General Surgery,Z32.0,Urgent,Ready for Outreach,Ready for Outreach,2025-12-26 00:48:34,2025-12-27 00:48:34,2025-12-26 00:48:34,,,,,,,,2025-12-23 08:48:34,2025-12-26 00:48:34
REF000875,EHR-REF0000875,NorthStar EHR,PAT001694,COV001694,PRC0015,ORG003,LOC003,SPC005,PRC0100,ORG021,,2026-03-05 17:43:06,2026-03-06 08:43:06,Synthetic evaluation request for Neurology,Z57.9,Routine,Closed—Completed,,2026-03-22 00:43:06,,2026-03-10 01:43:06,2026-03-09 18:43:06,2026-03-11 06:43:06,2026-04-14 06:43:06,2026-04-24 06:43:06,2026-04-25 08:43:06,Completed,,2026-03-06 08:43:06,2026-04-25 08:43:06
REF000876,EHR-REF0000876,NorthStar EHR,PAT001875,COV001875,PRC0001,ORG001,LOC001,SPC009,PRC0044,ORG015,,2025-11-10 07:18:14,2025-11-10 22:18:14,Synthetic evaluation request for Rheumatology,Z21.6,Routine,Closed—Completed,,2025-11-15 22:18:14,,2025-11-11 21:18:14,2025-11-12 01:18:14,2025-11-12 03:18:14,2025-12-08 03:18:14,2025-12-16 03:18:14,2025-12-16 14:18:14,Completed,,2025-11-10 22:18:14,2025-12-16 14:18:14
REF000877,EHR-REF0000877,NorthStar EHR,PAT001458,COV001458,PRC0004,ORG004,LOC004,SPC006,PRC0066,ORG012,USR008,2025-12-10 20:14:03,2025-12-11 03:14:03,Synthetic evaluation request for Orthopedics,Z61.1,Urgent,Scheduled,Appointment Verification,2025-12-17 18:14:03,2025-12-18 18:14:03,2025-12-14 08:14:03,2025-12-13 19:14:03,2025-12-13 23:14:03,,,,,,2025-12-11 03:14:03,2025-12-17 18:14:03
REF000878,EHR-REF0000878,NorthStar EHR,PAT000900,COV000900,PRC0011,ORG005,LOC005,SPC010,PRC0095,ORG016,,2026-05-25 16:29:24,2026-05-26 03:29:24,Synthetic evaluation request for General Surgery,Z77.6,Routine,Closed—Not Completed,,2026-06-03 21:29:24,,2026-05-30 00:29:24,2026-05-27 14:29:24,,,,2026-06-03 21:29:24,Not Completed,Insurance or Access Barrier,2026-05-26 03:29:24,2026-06-03 21:29:24
REF000879,EHR-REF0000879,NorthStar EHR,PAT001387,COV001387,PRC0030,ORG006,LOC006,SPC001,PRC0056,ORG027,USR005,2025-08-06 16:18:40,2025-08-06 18:18:40,Synthetic evaluation request for Cardiology,Z38.4,Routine,Needs Information,Needs Information,2025-08-09 00:18:40,2025-08-12 00:18:40,,,,,,,,,2025-08-06 18:18:40,2025-08-09 00:18:40
REF000880,EHR-REF0000880,NorthStar EHR,PAT000879,COV000879,PRC0001,ORG001,LOC001,SPC006,PRC0076,ORG022,USR013,2025-09-23 17:20:21,2025-09-24 08:20:21,Synthetic evaluation request for Orthopedics,Z87.7,Urgent,Needs Information,Needs Information,2025-09-26 15:20:21,2025-09-27 15:20:21,,,,,,,,,2025-09-24 08:20:21,2025-09-26 15:20:21
REF000881,EHR-REF0000881,NorthStar EHR,PAT000985,COV000985,PRC0001,ORG001,LOC001,SPC009,PRC0054,ORG025,USR001,2025-12-28 17:14:59,2025-12-28 19:14:59,Synthetic evaluation request for Rheumatology,Z60.3,Routine,Ready for Outreach,Ready for Outreach,2025-12-30 21:14:59,2026-01-02 21:14:59,2025-12-30 21:14:59,,,,,,,,2025-12-28 19:14:59,2025-12-30 21:14:59
REF000882,EHR-REF0000882,NorthStar EHR,PAT001794,COV001794,PRC0019,ORG001,LOC001,SPC006,PRC0076,ORG022,,2026-03-12 04:29:36,2026-03-12 18:29:36,Synthetic evaluation request for Orthopedics,Z60.6,Urgent,Closed—Not Completed,,2026-03-21 13:29:36,,2026-03-15 10:29:36,2026-03-14 19:29:36,,,,2026-03-21 13:29:36,Not Completed,Patient Moved,2026-03-12 18:29:36,2026-03-21 13:29:36
REF000883,EHR-REF0000883,NorthStar EHR,PAT001104,COV001104,PRC0032,ORG002,LOC002,SPC006,PRC0041,ORG012,,2026-06-16 02:15:45,2026-06-17 02:15:45,Synthetic evaluation request for Orthopedics,Z34.0,Routine,Closed—Not Completed,,2026-06-24 07:15:45,,2026-06-17 18:15:45,2026-06-19 21:15:45,,,,2026-06-24 07:15:45,Not Completed,Patient Moved,2026-06-17 02:15:45,2026-06-24 07:15:45
REF000884,EHR-REF0000884,NorthStar EHR,PAT000570,COV000570,PRC0005,ORG005,LOC005,SPC003,PRC0073,ORG019,USR009,2025-10-23 18:46:29,2025-10-24 01:46:29,Synthetic evaluation request for Endocrinology,Z31.1,Routine,Scheduled,Appointment Verification,2025-10-26 08:46:29,2025-10-29 08:46:29,2025-10-25 13:46:29,2025-10-26 17:46:29,2025-10-27 23:46:29,,,,,,2025-10-24 01:46:29,2025-10-26 08:46:29
REF000885,EHR-REF0000885,NorthStar EHR,PAT001700,COV001700,PRC0005,ORG005,LOC005,SPC004,PRC0049,ORG020,USR011,2025-10-07 01:21:05,2025-10-07 21:21:05,Synthetic evaluation request for Gastroenterology,Z83.4,Routine,Received,New Intake,2025-10-07 21:21:05,2025-10-10 21:21:05,,,,,,,,,2025-10-07 21:21:05,2025-10-07 21:21:05
REF000886,EHR-REF0000886,NorthStar EHR,PAT001976,COV001976,PRC0004,ORG004,LOC004,SPC003,PRC0038,ORG009,USR014,2026-06-14 19:28:01,2026-06-15 01:28:01,Synthetic evaluation request for Endocrinology,Z50.8,Routine,Outreach in Progress,Outreach Follow-Up,2026-06-17 12:28:01,2026-06-20 12:28:01,2026-06-16 13:28:01,2026-06-16 17:28:01,,,,,,,2026-06-15 01:28:01,2026-06-17 12:28:01
REF000887,EHR-REF0000887,NorthStar EHR,PAT000693,COV000693,PRC0005,ORG005,LOC005,SPC004,PRC0084,ORG030,,2025-11-04 09:26:06,2025-11-04 19:26:06,Synthetic evaluation request for Gastroenterology,Z36.6,Routine,Closed—Completed,,2025-11-10 00:26:06,,2025-11-05 09:26:06,2025-11-08 07:26:06,2025-11-09 22:26:06,2025-11-16 22:26:06,2025-11-18 22:26:06,2025-11-20 07:26:06,Completed,,2025-11-04 19:26:06,2025-11-20 07:26:06
REF000888,EHR-REF0000888,NorthStar EHR,PAT001106,COV001106,PRC0034,ORG004,LOC004,SPC003,PRC0058,ORG029,USR009,2025-12-02 06:03:12,2025-12-02 09:03:12,Synthetic evaluation request for Endocrinology,Z11.7,Routine,Scheduled,Appointment Verification,2025-12-08 04:03:12,2025-12-11 04:03:12,2025-12-06 01:03:12,2025-12-03 14:03:12,2025-12-04 02:03:12,,,,,,2025-12-02 09:03:12,2025-12-08 04:03:12
REF000889,EHR-REF0000889,NorthStar EHR,PAT001380,COV001380,PRC0028,ORG004,LOC004,SPC009,PRC0104,ORG025,,2025-11-14 17:12:50,2025-11-15 07:12:50,Synthetic evaluation request for Rheumatology,Z82.6,Routine,Closed—Completed,,2025-11-24 07:12:50,,2025-11-16 09:12:50,2025-11-16 19:12:50,2025-11-17 19:12:50,2025-12-06 19:12:50,2025-12-09 19:12:50,2025-12-10 09:12:50,Completed,,2025-11-15 07:12:50,2025-12-10 09:12:50
REF000890,EHR-REF0000890,NorthStar EHR,PAT001145,COV001145,PRC0011,ORG005,LOC005,SPC008,PRC0103,ORG024,USR009,2026-03-17 14:42:30,2026-03-17 22:42:30,Synthetic evaluation request for Pulmonology,Z26.8,Routine,Needs Information,Needs Information,2026-03-19 12:42:30,2026-03-22 12:42:30,,,,,,,,,2026-03-17 22:42:30,2026-03-19 12:42:30
REF000891,EHR-REF0000891,NorthStar EHR,PAT001223,COV001223,PRC0007,ORG001,LOC001,SPC001,PRC0071,ORG017,,2026-06-21 05:33:54,2026-06-21 22:33:54,Synthetic evaluation request for Cardiology,Z52.7,Routine,Closed—Not Completed,,2026-06-27 15:33:54,,2026-06-22 23:33:54,2026-06-23 21:33:54,,,,2026-06-27 15:33:54,Not Completed,Patient Moved,2026-06-21 22:33:54,2026-06-27 15:33:54
REF000892,EHR-REF0000892,NorthStar EHR,PAT001814,COV001814,PRC0001,ORG001,LOC001,SPC004,PRC0064,ORG010,,2026-03-12 22:20:03,2026-03-13 00:20:03,Synthetic evaluation request for Gastroenterology,Z25.4,Routine,Closed—Completed,,2026-03-23 08:20:03,,2026-03-14 00:20:03,2026-03-17 02:20:03,2026-03-18 17:20:03,2026-04-12 17:20:03,2026-04-14 17:20:03,2026-04-16 03:20:03,Completed,,2026-03-13 00:20:03,2026-04-16 03:20:03
REF000893,EHR-REF0000893,NorthStar EHR,PAT001692,COV001692,PRC0004,ORG004,LOC004,SPC006,PRC0066,ORG012,,2025-11-10 12:45:20,2025-11-11 12:45:20,Synthetic evaluation request for Orthopedics,Z43.8,Routine,Closed—Completed,,2025-11-27 00:45:20,,2025-11-14 18:45:20,2025-11-15 20:45:20,2025-11-16 11:45:20,2025-12-18 11:45:20,2025-12-23 11:45:20,2025-12-24 09:45:20,Completed,,2025-11-11 12:45:20,2025-12-24 09:45:20
REF000894,EHR-REF0000894,NorthStar EHR,PAT000952,COV000952,PRC0012,ORG006,LOC006,SPC004,PRC0064,ORG010,,2026-05-12 11:50:43,2026-05-12 20:50:43,Synthetic evaluation request for Gastroenterology,Z22.7,Routine,Closed—Completed,,2026-05-18 10:50:43,,2026-05-13 07:50:43,2026-05-14 06:50:43,2026-05-15 05:50:43,2026-06-08 05:50:43,2026-06-12 05:50:43,2026-06-13 08:50:43,Completed,,2026-05-12 20:50:43,2026-06-13 08:50:43
REF000895,EHR-REF0000895,NorthStar EHR,PAT000698,COV000698,PRC0032,ORG002,LOC002,SPC005,PRC0040,ORG011,USR008,2025-08-17 16:28:51,2025-08-17 22:28:51,Synthetic evaluation request for Neurology,Z71.5,Routine,Scheduled,Appointment Verification,2025-08-22 00:28:51,2025-08-25 00:28:51,2025-08-20 17:28:51,2025-08-19 00:28:51,2025-08-19 18:28:51,,,,,,2025-08-17 22:28:51,2025-08-22 00:28:51
REF000896,EHR-REF0000896,NorthStar EHR,PAT001621,COV001621,PRC0011,ORG005,LOC005,SPC002,PRC0107,ORG028,USR007,2026-01-25 07:24:42,2026-01-26 02:24:42,Synthetic evaluation request for Dermatology,Z47.8,Routine,Scheduled,Appointment Verification,2026-01-30 12:24:42,2026-02-02 12:24:42,2026-01-27 13:24:42,2026-01-27 15:24:42,2026-01-27 18:24:42,,,,,,2026-01-26 02:24:42,2026-01-30 12:24:42
REF000897,EHR-REF0000897,NorthStar EHR,PAT000273,COV000273,PRC0034,ORG004,LOC004,SPC002,PRC0072,ORG018,,2025-10-02 23:08:07,2025-10-03 02:08:07,Synthetic evaluation request for Dermatology,Z75.3,Routine,Closed—Completed,,2025-10-16 08:08:07,,2025-10-06 22:08:07,2025-10-04 10:08:07,2025-10-06 01:08:07,2025-10-26 01:08:07,2025-11-01 01:08:07,2025-11-02 16:08:07,Completed,,2025-10-03 02:08:07,2025-11-02 16:08:07
REF000898,EHR-REF0000898,NorthStar EHR,PAT000095,COV000095,PRC0029,ORG005,LOC005,SPC006,PRC0051,ORG022,,2026-03-01 23:02:08,2026-03-02 21:02:08,Synthetic evaluation request for Orthopedics,Z52.7,Urgent,Closed—Completed,,2026-03-18 11:02:08,,2026-03-04 18:02:08,2026-03-07 17:02:08,2026-03-08 01:02:08,2026-04-11 01:02:08,2026-04-14 01:02:08,2026-04-14 17:02:08,Completed,,2026-03-02 21:02:08,2026-04-14 17:02:08
REF000899,EHR-REF0000899,NorthStar EHR,PAT000839,COV000839,PRC0027,ORG003,LOC003,SPC007,PRC0077,ORG023,,2025-12-20 10:56:56,2025-12-20 19:56:56,Synthetic evaluation request for Otolaryngology,Z72.3,Routine,Closed—Completed,,2025-12-31 14:56:56,,2025-12-23 14:56:56,2025-12-24 21:56:56,2025-12-25 23:56:56,2026-01-22 23:56:56,2026-01-23 23:56:56,2026-01-24 15:56:56,Completed,,2025-12-20 19:56:56,2026-01-24 15:56:56
REF000900,EHR-REF0000900,NorthStar EHR,PAT001156,COV001156,PRC0022,ORG004,LOC004,SPC006,PRC0101,ORG022,USR006,2026-04-11 12:39:01,2026-04-11 23:39:01,Synthetic evaluation request for Orthopedics,Z47.3,Routine,Outreach in Progress,Outreach Follow-Up,2026-04-13 13:39:01,2026-04-16 13:39:01,2026-04-12 05:39:01,2026-04-14 06:39:01,,,,,,,2026-04-11 23:39:01,2026-04-13 13:39:01
REF000901,EHR-REF0000901,NorthStar EHR,PAT000374,COV000374,PRC0016,ORG004,LOC004,SPC004,PRC0039,ORG010,USR009,2025-09-10 07:51:29,2025-09-11 01:51:29,Synthetic evaluation request for Gastroenterology,Z50.8,Routine,Scheduled,Appointment Verification,2025-09-18 03:51:29,2025-09-21 03:51:29,2025-09-14 02:51:29,2025-09-15 00:51:29,2025-09-16 05:51:29,,,,,,2025-09-11 01:51:29,2025-09-18 03:51:29
REF000902,EHR-REF0000902,NorthStar EHR,PAT001861,COV001861,PRC0025,ORG001,LOC001,SPC004,PRC0089,ORG010,,2025-12-08 20:39:29,2025-12-09 11:39:29,Synthetic evaluation request for Gastroenterology,Z78.0,Routine,Closed—Completed,,2025-12-15 15:39:29,,2025-12-10 18:39:29,2025-12-10 08:39:29,2025-12-12 05:39:29,2026-01-16 05:39:29,2026-01-17 05:39:29,2026-01-18 05:39:29,Completed,,2025-12-09 11:39:29,2026-01-18 05:39:29
REF000903,EHR-REF0000903,NorthStar EHR,PAT001080,COV001080,PRC0015,ORG003,LOC003,SPC010,PRC0055,ORG026,,2025-10-31 21:45:41,2025-10-31 21:45:41,Synthetic evaluation request for General Surgery,Z83.3,Routine,Closed—Completed,,2025-11-07 22:45:41,,2025-11-02 15:45:41,2025-11-03 02:45:41,2025-11-04 12:45:41,2025-11-14 12:45:41,2025-11-18 12:45:41,2025-11-19 14:45:41,Completed,,2025-10-31 21:45:41,2025-11-19 14:45:41
REF000904,EHR-REF0000904,NorthStar EHR,PAT001116,COV001116,PRC0021,ORG003,LOC003,SPC005,PRC0040,ORG011,USR005,2026-04-20 21:59:35,2026-04-21 10:59:35,Synthetic evaluation request for Neurology,Z37.4,Routine,Scheduled,Appointment Verification,2026-04-27 15:59:35,2026-04-30 15:59:35,2026-04-23 11:59:35,2026-04-25 06:59:35,2026-04-26 03:59:35,,,,,,2026-04-21 10:59:35,2026-04-27 15:59:35
REF000905,EHR-REF0000905,NorthStar EHR,PAT001618,COV001618,PRC0020,ORG002,LOC002,SPC010,PRC0055,ORG026,,2025-10-12 11:23:15,2025-10-12 14:23:15,Synthetic evaluation request for General Surgery,Z27.3,Urgent,Closed—Completed,,2025-10-22 10:23:15,,2025-10-14 00:23:15,2025-10-15 21:23:15,2025-10-17 13:23:15,2025-11-04 13:23:15,2025-11-10 13:23:15,2025-11-11 03:23:15,Completed,,2025-10-12 14:23:15,2025-11-11 03:23:15
REF000906,EHR-REF0000906,NorthStar EHR,PAT001729,COV001729,PRC0001,ORG001,LOC001,SPC001,PRC0096,ORG017,,2025-08-19 16:15:58,2025-08-20 14:15:58,Synthetic evaluation request for Cardiology,Z14.7,Routine,Closed—Completed,,2025-08-31 08:15:58,,2025-08-23 18:15:58,2025-08-21 20:15:58,2025-08-23 12:15:58,2025-09-26 12:15:58,2025-09-30 12:15:58,2025-10-01 16:15:58,Completed,,2025-08-20 14:15:58,2025-10-01 16:15:58
REF000907,EHR-REF0000907,NorthStar EHR,PAT001823,COV001823,PRC0024,ORG006,LOC006,SPC008,PRC0093,ORG014,,2026-05-03 01:49:06,2026-05-03 16:49:06,Synthetic evaluation request for Pulmonology,Z47.0,Routine,Closed—Not Completed,,2026-05-11 03:49:06,,2026-05-07 07:49:06,2026-05-04 12:49:06,,,,2026-05-11 03:49:06,Not Completed,Transferred Care,2026-05-03 16:49:06,2026-05-11 03:49:06
REF000908,EHR-REF0000908,NorthStar EHR,PAT001962,COV001962,PRC0028,ORG004,LOC004,SPC007,PRC0102,ORG023,,2026-02-01 18:42:46,2026-02-02 08:42:46,Synthetic evaluation request for Otolaryngology,Z32.0,Routine,Closed—Completed,,2026-02-13 06:42:46,,2026-02-04 20:42:46,2026-02-03 07:42:46,2026-02-03 09:42:46,2026-02-06 09:42:46,2026-02-14 09:42:46,2026-02-15 16:42:46,Completed,,2026-02-02 08:42:46,2026-02-15 16:42:46
REF000909,EHR-REF0000909,NorthStar EHR,PAT000839,COV000839,PRC0002,ORG002,LOC002,SPC004,PRC0099,ORG020,,2026-05-19 14:25:33,2026-05-20 03:25:33,Synthetic evaluation request for Gastroenterology,Z14.1,Routine,Closed—Not Completed,,2026-05-26 21:25:33,,2026-05-23 18:25:33,2026-05-24 14:25:33,,,,2026-05-26 21:25:33,Not Completed,Patient Chose Another Provider,2026-05-20 03:25:33,2026-05-26 21:25:33
REF000910,EHR-REF0000910,NorthStar EHR,PAT000307,COV000307,PRC0018,ORG006,LOC006,SPC007,PRC0042,ORG013,,2026-04-09 18:12:50,2026-04-10 12:12:50,Synthetic evaluation request for Otolaryngology,Z30.3,Routine,Closed—Completed,,2026-04-20 20:12:50,,2026-04-13 01:12:50,2026-04-13 08:12:50,2026-04-15 00:12:50,2026-05-08 00:12:50,2026-05-17 00:12:50,2026-05-17 07:12:50,Completed,,2026-04-10 12:12:50,2026-05-17 07:12:50
REF000911,EHR-REF0000911,NorthStar EHR,PAT001333,COV001333,PRC0010,ORG004,LOC004,SPC010,PRC0045,ORG016,,2026-01-25 21:40:18,2026-01-26 18:40:18,Synthetic evaluation request for General Surgery,Z28.7,Routine,Closed—Completed,,2026-02-05 10:40:18,,2026-01-29 16:40:18,2026-01-31 07:40:18,2026-02-01 09:40:18,2026-02-24 09:40:18,2026-03-01 09:40:18,2026-03-02 06:40:18,Completed,,2026-01-26 18:40:18,2026-03-02 06:40:18
REF000912,EHR-REF0000912,NorthStar EHR,PAT001149,COV001149,PRC0009,ORG003,LOC003,SPC007,PRC0077,ORG023,USR009,2025-11-14 19:46:47,2025-11-15 02:46:47,Synthetic evaluation request for Otolaryngology,Z36.8,Routine,Needs Information,Needs Information,2025-11-16 19:46:47,2025-11-19 19:46:47,,,,,,,,,2025-11-15 02:46:47,2025-11-16 19:46:47
REF000913,EHR-REF0000913,NorthStar EHR,PAT001148,COV001148,PRC0034,ORG004,LOC004,SPC007,PRC0052,ORG023,,2026-06-25 02:35:18,2026-06-25 14:35:18,Synthetic evaluation request for Otolaryngology,Z52.3,Routine,Closed—Completed,,2026-07-07 04:35:18,,2026-06-27 23:35:18,2026-06-28 07:35:18,2026-06-30 06:35:18,2026-07-30 06:35:18,2026-08-02 06:35:18,2026-08-03 13:35:18,Completed,,2026-06-25 14:35:18,2026-08-03 13:35:18
REF000914,EHR-REF0000914,NorthStar EHR,PAT000788,COV000788,PRC0029,ORG005,LOC005,SPC002,PRC0087,ORG008,,2026-04-26 09:59:39,2026-04-27 00:59:39,Synthetic evaluation request for Dermatology,Z87.4,Routine,Closed—Completed,,2026-05-03 21:59:39,,2026-04-29 13:59:39,2026-04-28 05:59:39,2026-04-29 08:59:39,2026-05-03 08:59:39,2026-05-04 08:59:39,2026-05-05 07:59:39,Completed,,2026-04-27 00:59:39,2026-05-05 07:59:39
REF000915,EHR-REF0000915,NorthStar EHR,PAT001035,COV001035,PRC0022,ORG004,LOC004,SPC002,PRC0072,ORG018,USR007,2025-10-16 11:42:32,2025-10-16 20:42:32,Synthetic evaluation request for Dermatology,Z58.8,Routine,Completed—Report Pending,Report Pending,2025-10-22 02:42:32,2025-10-25 02:42:32,2025-10-18 08:42:32,2025-10-17 19:42:32,2025-10-18 18:42:32,2025-10-30 18:42:32,,,,,2025-10-16 20:42:32,2025-10-22 02:42:32
REF000916,EHR-REF0000916,NorthStar EHR,PAT001974,COV001974,PRC0014,ORG002,LOC002,SPC008,PRC0053,ORG024,,2026-03-28 19:47:12,2026-03-29 05:47:12,Synthetic evaluation request for Pulmonology,Z14.6,Routine,Closed—Completed,,2026-04-07 19:47:12,,2026-03-31 11:47:12,2026-04-02 06:47:12,2026-04-03 12:47:12,2026-04-09 12:47:12,2026-04-17 12:47:12,2026-04-18 07:47:12,Completed,,2026-03-29 05:47:12,2026-04-18 07:47:12
REF000917,EHR-REF0000917,NorthStar EHR,PAT000471,COV000471,PRC0033,ORG003,LOC003,SPC007,PRC0077,ORG023,,2025-10-20 09:02:22,2025-10-21 05:02:22,Synthetic evaluation request for Otolaryngology,Z36.9,Routine,Closed—Completed,,2025-10-28 13:02:22,,2025-10-24 22:02:22,2025-10-25 10:02:22,2025-10-26 15:02:22,2025-11-20 15:02:22,2025-11-25 15:02:22,2025-11-26 16:02:22,Completed,,2025-10-21 05:02:22,2025-11-26 16:02:22
REF000918,EHR-REF0000918,NorthStar EHR,PAT001728,COV001728,PRC0008,ORG002,LOC002,SPC001,PRC0071,ORG017,,2025-10-18 05:11:59,2025-10-18 16:11:59,Synthetic evaluation request for Cardiology,Z85.0,Routine,Cancelled,,2025-10-21 10:11:59,,2025-10-21 10:11:59,,,,,2025-10-21 10:11:59,Cancelled,No Longer Clinically Indicated,2025-10-18 16:11:59,2025-10-21 10:11:59
REF000919,EHR-REF0000919,NorthStar EHR,PAT000895,COV000895,PRC0025,ORG001,LOC001,SPC001,PRC0106,ORG027,USR012,2026-05-29 03:29:59,2026-05-29 15:29:59,Synthetic evaluation request for Cardiology,Z76.3,Routine,Completed—Report Pending,Report Pending,2026-06-09 07:29:59,2026-06-12 07:29:59,2026-06-01 08:29:59,2026-05-31 23:29:59,2026-06-02 07:29:59,2026-06-09 07:29:59,,,,,2026-05-29 15:29:59,2026-06-09 07:29:59
REF000920,EHR-REF0000920,NorthStar EHR,PAT000049,COV000049,PRC0029,ORG005,LOC005,SPC005,PRC0075,ORG021,,2026-03-05 14:07:00,2026-03-05 18:07:00,Synthetic evaluation request for Neurology,Z82.8,Urgent,Closed—Not Completed,,2026-03-07 13:07:00,,2026-03-05 22:07:00,2026-03-08 14:07:00,,,,2026-03-07 13:07:00,Not Completed,Patient Moved,2026-03-05 18:07:00,2026-03-07 13:07:00
REF000921,EHR-REF0000921,NorthStar EHR,PAT001782,COV001782,PRC0017,ORG005,LOC005,SPC009,PRC0094,ORG015,USR014,2025-09-07 06:44:04,2025-09-07 20:44:04,Synthetic evaluation request for Rheumatology,Z57.6,Urgent,Completed—Report Pending,Report Pending,2025-09-16 04:44:04,2025-09-17 04:44:04,2025-09-09 17:44:04,2025-09-09 00:44:04,2025-09-09 02:44:04,2025-09-24 02:44:04,,,,,2025-09-07 20:44:04,2025-09-16 04:44:04
REF000922,EHR-REF0000922,NorthStar EHR,PAT000776,COV000776,PRC0017,ORG005,LOC005,SPC005,PRC0110,ORG031,,2026-02-14 16:44:32,2026-02-15 14:44:32,Synthetic evaluation request for Neurology,Z52.2,Routine,Closed—Not Completed,,2026-02-22 13:44:32,,2026-02-19 01:44:32,2026-02-18 20:44:32,,,,2026-02-22 13:44:32,Not Completed,Patient Chose Another Provider,2026-02-15 14:44:32,2026-02-22 13:44:32
REF000923,EHR-REF0000923,NorthStar EHR,PAT001186,COV001186,PRC0027,ORG003,LOC003,SPC005,PRC0065,ORG011,USR010,2026-01-28 14:32:11,2026-01-29 00:32:11,Synthetic evaluation request for Neurology,Z25.7,Urgent,Outreach in Progress,Outreach Follow-Up,2026-02-04 12:32:11,2026-02-05 12:32:11,2026-02-01 09:32:11,2026-02-01 01:32:11,,,,,,,2026-01-29 00:32:11,2026-02-04 12:32:11
REF000924,EHR-REF0000924,NorthStar EHR,PAT001631,COV001631,PRC0019,ORG001,LOC001,SPC005,PRC0100,ORG021,,2026-06-18 19:33:50,2026-06-19 05:33:50,Synthetic evaluation request for Neurology,Z23.7,Routine,Closed—Not Completed,,2026-06-27 05:33:50,,2026-06-22 22:33:50,2026-06-19 18:33:50,,,,2026-06-27 05:33:50,Not Completed,Unable to Contact After Protocol,2026-06-19 05:33:50,2026-06-27 05:33:50
REF000925,EHR-REF0000925,NorthStar EHR,PAT000924,COV000924,PRC0030,ORG006,LOC006,SPC009,PRC0079,ORG025,USR009,2026-05-08 09:10:43,2026-05-08 21:10:43,Synthetic evaluation request for Rheumatology,Z81.1,Routine,Outreach in Progress,Outreach Follow-Up,2026-05-12 22:10:43,2026-05-15 22:10:43,2026-05-10 12:10:43,2026-05-13 14:10:43,,,,,,,2026-05-08 21:10:43,2026-05-12 22:10:43
REF000926,EHR-REF0000926,NorthStar EHR,PAT000927,COV000927,PRC0026,ORG002,LOC002,SPC006,PRC0091,ORG012,USR001,2025-11-20 21:27:29,2025-11-21 20:27:29,Synthetic evaluation request for Orthopedics,Z40.2,Routine,Needs Information,Needs Information,2025-11-25 10:27:29,2025-11-28 10:27:29,,,,,,,,,2025-11-21 20:27:29,2025-11-25 10:27:29
REF000927,EHR-REF0000927,NorthStar EHR,PAT001334,COV001334,PRC0009,ORG003,LOC003,SPC004,PRC0039,ORG010,,2025-09-25 20:30:51,2025-09-26 07:30:51,Synthetic evaluation request for Gastroenterology,Z16.9,Routine,Closed—Completed,,2025-10-02 08:30:51,,2025-09-27 03:30:51,2025-10-01 07:30:51,2025-10-01 10:30:51,2025-10-11 10:30:51,2025-10-18 10:30:51,2025-10-19 06:30:51,Completed,,2025-09-26 07:30:51,2025-10-19 06:30:51
REF000928,EHR-REF0000928,NorthStar EHR,PAT001536,COV001536,PRC0025,ORG001,LOC001,SPC004,PRC0074,ORG020,USR007,2025-12-26 16:40:21,2025-12-27 05:40:21,Synthetic evaluation request for Gastroenterology,Z70.3,Urgent,Completed—Report Pending,Report Pending,2026-01-06 16:40:21,2026-01-07 16:40:21,2025-12-31 02:40:21,2025-12-29 03:40:21,2025-12-30 12:40:21,2026-01-22 12:40:21,,,,,2025-12-27 05:40:21,2026-01-06 16:40:21
REF000929,EHR-REF0000929,NorthStar EHR,PAT000199,COV000199,PRC0027,ORG003,LOC003,SPC007,PRC0042,ORG013,,2025-10-09 07:20:04,2025-10-09 22:20:04,Synthetic evaluation request for Otolaryngology,Z88.4,Routine,Closed—Not Completed,,2025-10-14 10:20:04,,2025-10-10 10:20:04,2025-10-13 12:20:04,,,,2025-10-14 10:20:04,Not Completed,Insurance or Access Barrier,2025-10-09 22:20:04,2025-10-14 10:20:04
REF000930,EHR-REF0000930,NorthStar EHR,PAT001746,COV001746,PRC0025,ORG001,LOC001,SPC005,PRC0040,ORG011,,2025-09-30 08:47:05,2025-10-01 08:47:05,Synthetic evaluation request for Neurology,Z55.0,Routine,Closed—Completed,,2025-10-09 14:47:05,,2025-10-01 23:47:05,2025-10-02 09:47:05,2025-10-03 02:47:05,2025-10-20 02:47:05,2025-10-28 02:47:05,2025-10-29 11:47:05,Completed,,2025-10-01 08:47:05,2025-10-29 11:47:05
REF000931,EHR-REF0000931,NorthStar EHR,PAT001815,COV001815,PRC0006,ORG006,LOC006,SPC004,PRC0039,ORG010,,2026-07-03 20:40:21,2026-07-04 16:40:21,Synthetic evaluation request for Gastroenterology,Z77.9,Urgent,Closed—Completed,,2026-07-16 08:40:21,,2026-07-05 18:40:21,2026-07-06 21:40:21,2026-07-08 00:40:21,2026-07-31 00:40:21,2026-08-02 00:40:21,2026-08-02 22:40:21,Completed,,2026-07-04 16:40:21,2026-08-02 22:40:21
REF000932,EHR-REF0000932,NorthStar EHR,PAT001142,COV001142,PRC0004,ORG004,LOC004,SPC001,PRC0061,ORG007,,2026-01-02 06:01:24,2026-01-03 06:01:24,Synthetic evaluation request for Cardiology,Z15.3,Routine,Closed—Completed,,2026-01-14 13:01:24,,2026-01-06 03:01:24,2026-01-06 09:01:24,2026-01-07 10:01:24,2026-02-07 10:01:24,2026-02-14 10:01:24,2026-02-15 12:01:24,Completed,,2026-01-03 06:01:24,2026-02-15 12:01:24
REF000933,EHR-REF0000933,NorthStar EHR,PAT000397,COV000397,PRC0031,ORG001,LOC001,SPC008,PRC0068,ORG014,,2025-12-01 19:39:13,2025-12-01 23:39:13,Synthetic evaluation request for Pulmonology,Z50.7,Routine,Closed—Completed,,2025-12-13 19:39:13,,2025-12-02 07:39:13,2025-12-04 17:39:13,2025-12-05 02:39:13,2026-01-06 02:39:13,2026-01-08 02:39:13,2026-01-09 03:39:13,Completed,,2025-12-01 23:39:13,2026-01-09 03:39:13
REF000934,EHR-REF0000934,NorthStar EHR,PAT001099,COV001099,PRC0035,ORG005,LOC005,SPC005,PRC0050,ORG021,USR013,2026-04-10 17:41:33,2026-04-11 05:41:33,Synthetic evaluation request for Neurology,Z51.5,Urgent,Scheduled,Appointment Verification,2026-04-18 13:41:33,2026-04-19 13:41:33,2026-04-12 14:41:33,2026-04-12 21:41:33,2026-04-13 12:41:33,,,,,,2026-04-11 05:41:33,2026-04-18 13:41:33
REF000935,EHR-REF0000935,NorthStar EHR,PAT001408,COV001408,PRC0021,ORG003,LOC003,SPC002,PRC0072,ORG018,,2026-04-03 09:07:14,2026-04-04 04:07:14,Synthetic evaluation request for Dermatology,Z43.4,Routine,Closed—Completed,,2026-04-12 16:07:14,,2026-04-05 05:07:14,2026-04-06 13:07:14,2026-04-07 05:07:14,2026-05-07 05:07:14,2026-05-13 05:07:14,2026-05-14 06:07:14,Completed,,2026-04-04 04:07:14,2026-05-14 06:07:14
REF000936,EHR-REF0000936,NorthStar EHR,PAT000936,COV000936,PRC0026,ORG002,LOC002,SPC003,PRC0073,ORG019,,2026-01-01 17:39:23,2026-01-02 12:39:23,Synthetic evaluation request for Endocrinology,Z54.7,Urgent,Closed—Completed,,2026-01-16 10:39:23,,2026-01-04 16:39:23,2026-01-03 06:39:23,2026-01-03 17:39:23,2026-01-20 17:39:23,2026-01-21 17:39:23,2026-01-23 05:39:23,Completed,,2026-01-02 12:39:23,2026-01-23 05:39:23
REF000937,EHR-REF0000937,NorthStar EHR,PAT000106,COV000106,PRC0003,ORG003,LOC003,SPC004,PRC0089,ORG010,USR009,2026-02-07 21:12:26,2026-02-08 01:12:26,Synthetic evaluation request for Gastroenterology,Z71.0,Routine,Outreach in Progress,Outreach Follow-Up,2026-02-13 13:12:26,2026-02-16 13:12:26,2026-02-10 21:12:26,2026-02-12 10:12:26,,,,,,,2026-02-08 01:12:26,2026-02-13 13:12:26
REF000938,EHR-REF0000938,NorthStar EHR,PAT001089,COV001089,PRC0025,ORG001,LOC001,SPC007,PRC0077,ORG023,,2026-05-01 06:03:03,2026-05-01 16:03:03,Synthetic evaluation request for Otolaryngology,Z33.4,Routine,Closed—Completed,,2026-05-08 09:03:03,,2026-05-02 23:03:03,2026-05-03 16:03:03,2026-05-04 12:03:03,2026-05-13 12:03:03,2026-05-18 12:03:03,2026-05-19 10:03:03,Completed,,2026-05-01 16:03:03,2026-05-19 10:03:03
REF000939,EHR-REF0000939,NorthStar EHR,PAT001100,COV001100,PRC0006,ORG006,LOC006,SPC005,PRC0110,ORG031,,2025-11-27 11:33:59,2025-11-28 03:33:59,Synthetic evaluation request for Neurology,Z54.3,Routine,Closed—Completed,,2025-12-07 20:33:59,,2025-11-28 10:33:59,2025-11-30 22:33:59,2025-12-01 06:33:59,2025-12-15 06:33:59,2025-12-25 06:33:59,2025-12-25 15:33:59,Completed,,2025-11-28 03:33:59,2025-12-25 15:33:59
REF000940,EHR-REF0000940,NorthStar EHR,PAT001178,COV001178,PRC0013,ORG001,LOC001,SPC001,PRC0081,ORG027,,2026-01-26 11:02:00,2026-01-26 21:02:00,Synthetic evaluation request for Cardiology,Z77.4,Routine,Closed—Not Completed,,2026-02-01 03:02:00,,2026-01-27 23:02:00,2026-01-27 06:02:00,,,,2026-02-01 03:02:00,Not Completed,Patient Moved,2026-01-26 21:02:00,2026-02-01 03:02:00
REF000941,EHR-REF0000941,NorthStar EHR,PAT000903,COV000903,PRC0011,ORG005,LOC005,SPC001,PRC0071,ORG017,USR005,2026-02-26 02:38:16,2026-02-26 19:38:16,Synthetic evaluation request for Cardiology,Z40.3,Routine,Scheduled,Appointment Verification,2026-03-06 02:38:16,2026-03-09 02:38:16,2026-03-01 20:38:16,2026-03-01 07:38:16,2026-03-01 19:38:16,,,,,,2026-02-26 19:38:16,2026-03-06 02:38:16
REF000942,EHR-REF0000942,NorthStar EHR,PAT000866,COV000866,PRC0028,ORG004,LOC004,SPC005,PRC0040,ORG011,,2025-12-05 10:32:39,2025-12-05 15:32:39,Synthetic evaluation request for Neurology,Z77.8,Routine,Closed—Completed,,2025-12-15 16:32:39,,2025-12-06 19:32:39,2025-12-06 08:32:39,2025-12-07 21:32:39,2026-01-09 21:32:39,2026-01-19 21:32:39,2026-01-20 22:32:39,Completed,,2025-12-05 15:32:39,2026-01-20 22:32:39
REF000943,EHR-REF0000943,NorthStar EHR,PAT001013,COV001013,PRC0010,ORG004,LOC004,SPC008,PRC0068,ORG014,USR012,2026-06-16 01:11:25,2026-06-16 06:11:25,Synthetic evaluation request for Pulmonology,Z86.9,Routine,Needs Information,Needs Information,2026-06-16 13:11:25,2026-06-19 13:11:25,,,,,,,,,2026-06-16 06:11:25,2026-06-16 13:11:25
REF000944,EHR-REF0000944,NorthStar EHR,PAT000541,COV000541,PRC0025,ORG001,LOC001,SPC010,PRC0045,ORG016,,2026-06-18 08:42:03,2026-06-19 00:42:03,Synthetic evaluation request for General Surgery,Z57.2,Routine,Closed—Completed,,2026-06-26 10:42:03,,2026-06-21 01:42:03,2026-06-20 11:42:03,2026-06-20 20:42:03,2026-07-20 20:42:03,2026-07-22 20:42:03,2026-07-23 14:42:03,Completed,,2026-06-19 00:42:03,2026-07-23 14:42:03
REF000945,EHR-REF0000945,NorthStar EHR,PAT001570,COV001570,PRC0007,ORG001,LOC001,SPC007,PRC0052,ORG023,,2025-11-27 11:37:39,2025-11-27 22:37:39,Synthetic evaluation request for Otolaryngology,Z54.8,Routine,Closed—Completed,,2025-12-07 17:37:39,,2025-11-29 16:37:39,2025-11-28 17:37:39,2025-11-29 22:37:39,2025-12-16 22:37:39,2025-12-23 22:37:39,2025-12-25 05:37:39,Completed,,2025-11-27 22:37:39,2025-12-25 05:37:39
REF000946,EHR-REF0000946,NorthStar EHR,PAT000682,COV000682,PRC0026,ORG002,LOC002,SPC008,PRC0103,ORG024,,2026-04-07 03:19:46,2026-04-07 23:19:46,Synthetic evaluation request for Pulmonology,Z33.9,Routine,Closed—Completed,,2026-04-16 20:19:46,,2026-04-09 05:19:46,2026-04-12 07:19:46,2026-04-14 05:19:46,2026-05-13 05:19:46,2026-05-21 05:19:46,2026-05-22 03:19:46,Completed,,2026-04-07 23:19:46,2026-05-22 03:19:46
REF000947,EHR-REF0000947,NorthStar EHR,PAT000033,COV000033,PRC0023,ORG005,LOC005,SPC007,PRC0052,ORG023,USR007,2026-04-29 17:48:42,2026-04-29 17:48:42,Synthetic evaluation request for Otolaryngology,Z13.4,Routine,Outreach in Progress,Outreach Follow-Up,2026-05-01 03:48:42,2026-05-04 03:48:42,2026-04-30 06:48:42,2026-05-04 06:48:42,,,,,,,2026-04-29 17:48:42,2026-05-01 03:48:42
REF000948,EHR-REF0000948,NorthStar EHR,PAT000335,COV000335,PRC0029,ORG005,LOC005,SPC010,PRC0070,ORG016,USR010,2026-02-23 13:38:01,2026-02-24 12:38:01,Synthetic evaluation request for General Surgery,Z85.1,Routine,Received,New Intake,2026-02-24 12:38:01,2026-02-27 12:38:01,,,,,,,,,2026-02-24 12:38:01,2026-02-24 12:38:01
REF000949,EHR-REF0000949,NorthStar EHR,PAT001375,COV001375,PRC0013,ORG001,LOC001,SPC007,PRC0102,ORG023,,2025-09-07 20:42:43,2025-09-08 05:42:43,Synthetic evaluation request for Otolaryngology,Z84.8,Routine,Closed—Completed,,2025-09-19 12:42:43,,2025-09-08 16:42:43,2025-09-11 07:42:43,2025-09-12 04:42:43,2025-10-13 04:42:43,2025-10-14 04:42:43,2025-10-15 08:42:43,Completed,,2025-09-08 05:42:43,2025-10-15 08:42:43
REF000950,EHR-REF0000950,NorthStar EHR,PAT001006,COV001006,PRC0034,ORG004,LOC004,SPC003,PRC0098,ORG019,USR007,2026-06-23 07:20:46,2026-06-23 07:20:46,Synthetic evaluation request for Endocrinology,Z44.4,Routine,Scheduled,Appointment Verification,2026-07-02 23:20:46,2026-07-05 23:20:46,2026-06-27 04:20:46,2026-06-24 03:20:46,2026-06-25 13:20:46,,,,,,2026-06-23 07:20:46,2026-07-02 23:20:46
REF000951,EHR-REF0000951,NorthStar EHR,PAT001437,COV001437,PRC0004,ORG004,LOC004,SPC004,PRC0039,ORG010,USR014,2026-02-14 21:46:28,2026-02-15 12:46:28,Synthetic evaluation request for Gastroenterology,Z16.8,Routine,Outreach in Progress,Outreach Follow-Up,2026-02-18 21:46:28,2026-02-21 21:46:28,2026-02-17 18:46:28,2026-02-19 12:46:28,,,,,,,2026-02-15 12:46:28,2026-02-18 21:46:28
REF000952,EHR-REF0000952,NorthStar EHR,PAT001893,COV001893,PRC0011,ORG005,LOC005,SPC009,PRC0094,ORG015,,2026-06-23 05:43:02,2026-06-23 13:43:02,Synthetic evaluation request for Rheumatology,Z76.2,Routine,Closed—Completed,,2026-07-01 03:43:02,,2026-06-23 17:43:02,2026-06-23 21:43:02,2026-06-25 11:43:02,2026-07-30 11:43:02,2026-08-06 11:43:02,2026-08-07 23:43:02,Completed,,2026-06-23 13:43:02,2026-08-07 23:43:02
REF000953,EHR-REF0000953,NorthStar EHR,PAT000989,COV000989,PRC0013,ORG001,LOC001,SPC002,PRC0057,ORG028,,2026-06-11 13:27:29,2026-06-11 23:27:29,Synthetic evaluation request for Dermatology,Z75.0,Routine,Closed—Completed,,2026-06-24 08:27:29,,2026-06-15 10:27:29,2026-06-13 11:27:29,2026-06-14 01:27:29,2026-06-25 01:27:29,2026-07-05 01:27:29,2026-07-06 08:27:29,Completed,,2026-06-11 23:27:29,2026-07-06 08:27:29
REF000954,EHR-REF0000954,NorthStar EHR,PAT001892,COV001892,PRC0014,ORG002,LOC002,SPC003,PRC0058,ORG029,,2026-03-05 13:35:47,2026-03-05 13:35:47,Synthetic evaluation request for Endocrinology,Z49.5,Urgent,Closed—Completed,,2026-03-16 10:35:47,,2026-03-06 12:35:47,2026-03-09 17:35:47,2026-03-11 07:35:47,2026-04-08 07:35:47,2026-04-15 07:35:47,2026-04-16 03:35:47,Completed,,2026-03-05 13:35:47,2026-04-16 03:35:47
REF000955,EHR-REF0000955,NorthStar EHR,PAT001077,COV001077,PRC0015,ORG003,LOC003,SPC009,PRC0054,ORG025,USR006,2025-09-09 20:47:33,2025-09-09 23:47:33,Synthetic evaluation request for Rheumatology,Z72.2,Urgent,Completed—Report Pending,Report Pending,2025-09-17 14:47:33,2025-09-18 14:47:33,2025-09-12 08:47:33,2025-09-11 20:47:33,2025-09-12 21:47:33,2025-09-19 21:47:33,,,,,2025-09-09 23:47:33,2025-09-17 14:47:33
REF000956,EHR-REF0000956,NorthStar EHR,PAT000704,COV000704,PRC0017,ORG005,LOC005,SPC008,PRC0053,ORG024,,2026-01-29 14:52:13,2026-01-29 21:52:13,Synthetic evaluation request for Pulmonology,Z47.9,Routine,Closed—Completed,,2026-02-10 00:52:13,,2026-01-31 05:52:13,2026-02-02 10:52:13,2026-02-02 20:52:13,2026-02-21 20:52:13,2026-02-27 20:52:13,2026-03-01 11:52:13,Completed,,2026-01-29 21:52:13,2026-03-01 11:52:13
REF000957,EHR-REF0000957,NorthStar EHR,PAT000759,COV000759,PRC0015,ORG003,LOC003,SPC002,PRC0037,ORG008,USR006,2025-09-20 17:09:38,2025-09-21 03:09:38,Synthetic evaluation request for Dermatology,Z34.3,Routine,Needs Information,Needs Information,2025-09-24 15:09:38,2025-09-27 15:09:38,,,,,,,,,2025-09-21 03:09:38,2025-09-24 15:09:38
REF000958,EHR-REF0000958,NorthStar EHR,PAT000492,COV000492,PRC0020,ORG002,LOC002,SPC010,PRC0055,ORG026,USR001,2026-01-24 20:02:47,2026-01-24 22:02:47,Synthetic evaluation request for General Surgery,Z73.2,Routine,Outreach in Progress,Outreach Follow-Up,2026-01-28 13:02:47,2026-01-31 13:02:47,2026-01-25 23:02:47,2026-01-26 08:02:47,,,,,,,2026-01-24 22:02:47,2026-01-28 13:02:47
REF000959,EHR-REF0000959,NorthStar EHR,PAT000501,COV000501,PRC0025,ORG001,LOC001,SPC006,PRC0051,ORG022,,2026-01-07 15:00:28,2026-01-07 17:00:28,Synthetic evaluation request for Orthopedics,Z29.0,Routine,Closed—Completed,,2026-01-13 16:00:28,,2026-01-09 14:00:28,2026-01-08 02:00:28,2026-01-08 04:00:28,2026-01-13 04:00:28,2026-01-16 04:00:28,2026-01-17 12:00:28,Completed,,2026-01-07 17:00:28,2026-01-17 12:00:28
REF000960,EHR-REF0000960,NorthStar EHR,PAT000992,COV000992,PRC0028,ORG004,LOC004,SPC002,PRC0047,ORG018,,2025-10-26 12:27:37,2025-10-26 21:27:37,Synthetic evaluation request for Dermatology,Z85.6,Routine,Closed—Completed,,2025-11-04 12:27:37,,2025-10-29 10:27:37,2025-10-27 08:27:37,2025-10-27 12:27:37,2025-11-23 12:27:37,2025-12-03 12:27:37,2025-12-04 21:27:37,Completed,,2025-10-26 21:27:37,2025-12-04 21:27:37
REF000961,EHR-REF0000961,NorthStar EHR,PAT001976,COV001976,PRC0021,ORG003,LOC003,SPC007,PRC0067,ORG013,,2025-11-05 13:28:58,2025-11-06 01:28:58,Synthetic evaluation request for Otolaryngology,Z29.6,Routine,Closed—Completed,,2025-11-15 23:28:58,,2025-11-09 12:28:58,2025-11-07 17:28:58,2025-11-08 23:28:58,2025-11-12 23:28:58,2025-11-15 23:28:58,2025-11-16 16:28:58,Completed,,2025-11-06 01:28:58,2025-11-16 16:28:58
REF000962,EHR-REF0000962,NorthStar EHR,PAT000251,COV000251,PRC0019,ORG001,LOC001,SPC001,PRC0096,ORG017,USR006,2025-12-03 01:44:53,2025-12-03 23:44:53,Synthetic evaluation request for Cardiology,Z79.6,Routine,Scheduled,Appointment Verification,2025-12-10 16:44:53,2025-12-13 16:44:53,2025-12-04 15:44:53,2025-12-04 20:44:53,2025-12-05 08:44:53,,,,,,2025-12-03 23:44:53,2025-12-10 16:44:53
REF000963,EHR-REF0000963,NorthStar EHR,PAT000567,COV000567,PRC0001,ORG001,LOC001,SPC006,PRC0041,ORG012,,2026-07-01 10:46:47,2026-07-01 12:46:47,Synthetic evaluation request for Orthopedics,Z44.2,Routine,Closed—Completed,,2026-07-09 02:46:47,,2026-07-02 17:46:47,2026-07-05 02:46:47,2026-07-06 02:46:47,2026-07-11 02:46:47,2026-07-15 02:46:47,2026-07-15 22:46:47,Completed,,2026-07-01 12:46:47,2026-07-15 22:46:47
REF000964,EHR-REF0000964,NorthStar EHR,PAT000097,COV000097,PRC0027,ORG003,LOC003,SPC007,PRC0102,ORG023,,2026-04-12 11:57:10,2026-04-12 22:57:10,Synthetic evaluation request for Otolaryngology,Z18.1,Routine,Closed—Completed,,2026-04-24 06:57:10,,2026-04-15 13:57:10,2026-04-16 05:57:10,2026-04-16 18:57:10,2026-04-22 18:57:10,2026-04-26 18:57:10,2026-04-27 10:57:10,Completed,,2026-04-12 22:57:10,2026-04-27 10:57:10
REF000965,EHR-REF0000965,NorthStar EHR,PAT001211,COV001211,PRC0029,ORG005,LOC005,SPC003,PRC0038,ORG009,USR009,2025-08-06 21:49:07,2025-08-07 17:49:07,Synthetic evaluation request for Endocrinology,Z33.8,Routine,Ready for Outreach,Ready for Outreach,2025-08-08 01:49:07,2025-08-11 01:49:07,2025-08-08 01:49:07,,,,,,,,2025-08-07 17:49:07,2025-08-08 01:49:07
REF000966,EHR-REF0000966,NorthStar EHR,PAT000837,COV000837,PRC0016,ORG004,LOC004,SPC001,PRC0056,ORG027,,2025-12-28 18:37:43,2025-12-28 23:37:43,Synthetic evaluation request for Cardiology,Z29.5,Routine,Closed—Completed,,2026-01-10 02:37:43,,2025-12-31 21:37:43,2026-01-02 11:37:43,2026-01-03 06:37:43,2026-01-28 06:37:43,2026-02-04 06:37:43,2026-02-05 18:37:43,Completed,,2025-12-28 23:37:43,2026-02-05 18:37:43
REF000967,EHR-REF0000967,NorthStar EHR,PAT000835,COV000835,PRC0011,ORG005,LOC005,SPC009,PRC0054,ORG025,USR013,2025-08-27 04:18:50,2025-08-27 12:18:50,Synthetic evaluation request for Rheumatology,Z62.2,Routine,Needs Information,Needs Information,2025-08-29 08:18:50,2025-09-01 08:18:50,,,,,,,,,2025-08-27 12:18:50,2025-08-29 08:18:50
REF000968,EHR-REF0000968,NorthStar EHR,PAT001954,COV001954,PRC0008,ORG002,LOC002,SPC004,PRC0049,ORG020,USR001,2026-07-08 17:57:21,2026-07-09 12:57:21,Synthetic evaluation request for Gastroenterology,Z76.2,Routine,Completed—Report Pending,Report Pending,2026-07-17 03:57:21,2026-07-20 03:57:21,2026-07-11 18:57:21,2026-07-11 05:57:21,2026-07-11 13:57:21,2026-07-26 13:57:21,,,,,2026-07-09 12:57:21,2026-07-17 03:57:21
REF000969,EHR-REF0000969,NorthStar EHR,PAT000095,COV000095,PRC0007,ORG001,LOC001,SPC002,PRC0057,ORG028,USR007,2026-03-24 13:44:48,2026-03-25 06:44:48,Synthetic evaluation request for Dermatology,Z17.8,Urgent,Scheduled,Appointment Verification,2026-03-31 05:44:48,2026-04-01 05:44:48,2026-03-25 23:44:48,2026-03-28 17:44:48,2026-03-30 15:44:48,,,,,,2026-03-25 06:44:48,2026-03-31 05:44:48
REF000970,EHR-REF0000970,NorthStar EHR,PAT001529,COV001529,PRC0012,ORG006,LOC006,SPC004,PRC0049,ORG020,,2026-05-12 19:36:24,2026-05-13 13:36:24,Synthetic evaluation request for Gastroenterology,Z42.6,Routine,Closed—Completed,,2026-05-23 17:36:24,,2026-05-15 23:36:24,2026-05-14 20:36:24,2026-05-15 11:36:24,2026-06-10 11:36:24,2026-06-12 11:36:24,2026-06-12 23:36:24,Completed,,2026-05-13 13:36:24,2026-06-12 23:36:24
REF000971,EHR-REF0000971,NorthStar EHR,PAT001572,COV001572,PRC0010,ORG004,LOC004,SPC009,PRC0054,ORG025,,2025-12-08 14:29:52,2025-12-08 14:29:52,Synthetic evaluation request for Rheumatology,Z18.2,Routine,Closed—Not Completed,,2025-12-13 22:29:52,,2025-12-10 06:29:52,2025-12-13 09:29:52,,,,2025-12-13 22:29:52,Not Completed,Patient Moved,2025-12-08 14:29:52,2025-12-13 22:29:52
REF000972,EHR-REF0000972,NorthStar EHR,PAT000793,COV000793,PRC0031,ORG001,LOC001,SPC005,PRC0050,ORG021,,2025-08-31 03:35:59,2025-09-01 01:35:59,Synthetic evaluation request for Neurology,Z26.8,Routine,Closed—Completed,,2025-09-15 09:35:59,,2025-09-04 06:35:59,2025-09-01 21:35:59,2025-09-03 18:35:59,2025-09-30 18:35:59,2025-10-07 18:35:59,2025-10-08 23:35:59,Completed,,2025-09-01 01:35:59,2025-10-08 23:35:59
REF000973,EHR-REF0000973,NorthStar EHR,PAT000089,COV000089,PRC0033,ORG003,LOC003,SPC008,PRC0078,ORG024,,2025-11-13 10:33:47,2025-11-14 09:33:47,Synthetic evaluation request for Pulmonology,Z76.3,Routine,Closed—Completed,,2025-11-26 13:33:47,,2025-11-15 11:33:47,2025-11-15 16:33:47,2025-11-16 06:33:47,2025-11-30 06:33:47,2025-12-04 06:33:47,2025-12-05 00:33:47,Completed,,2025-11-14 09:33:47,2025-12-05 00:33:47
REF000974,EHR-REF0000974,NorthStar EHR,PAT000303,COV000303,PRC0015,ORG003,LOC003,SPC008,PRC0078,ORG024,,2026-06-14 23:55:22,2026-06-15 13:55:22,Synthetic evaluation request for Pulmonology,Z59.2,Urgent,Closed—Completed,,2026-06-27 17:55:22,,2026-06-18 02:55:22,2026-06-18 13:55:22,2026-06-18 20:55:22,2026-07-18 20:55:22,2026-07-23 20:55:22,2026-07-24 23:55:22,Completed,,2026-06-15 13:55:22,2026-07-24 23:55:22
REF000975,EHR-REF0000975,NorthStar EHR,PAT000942,COV000942,PRC0019,ORG001,LOC001,SPC008,PRC0068,ORG014,USR003,2026-07-06 10:15:29,2026-07-06 22:15:29,Synthetic evaluation request for Pulmonology,Z16.8,Routine,Ready for Outreach,Ready for Outreach,2026-07-08 06:15:29,2026-07-11 06:15:29,2026-07-08 06:15:29,,,,,,,,2026-07-06 22:15:29,2026-07-08 06:15:29
REF000976,EHR-REF0000976,NorthStar EHR,PAT000184,COV000184,PRC0016,ORG004,LOC004,SPC006,PRC0101,ORG022,,2026-01-31 19:39:53,2026-02-01 16:39:53,Synthetic evaluation request for Orthopedics,Z32.8,Urgent,Closed—Not Completed,,2026-02-07 21:39:53,,2026-02-05 05:39:53,2026-02-02 17:39:53,,,,2026-02-07 21:39:53,Not Completed,Patient Chose Another Provider,2026-02-01 16:39:53,2026-02-07 21:39:53
REF000977,EHR-REF0000977,NorthStar EHR,PAT001805,COV001805,PRC0011,ORG005,LOC005,SPC010,PRC0045,ORG016,USR004,2026-03-11 23:04:43,2026-03-12 14:04:43,Synthetic evaluation request for General Surgery,Z64.8,Routine,Outreach in Progress,Outreach Follow-Up,2026-03-19 01:04:43,2026-03-22 01:04:43,2026-03-16 01:04:43,2026-03-16 23:04:43,,,,,,,2026-03-12 14:04:43,2026-03-19 01:04:43
REF000978,EHR-REF0000978,NorthStar EHR,PAT001737,COV001737,PRC0004,ORG004,LOC004,SPC002,PRC0047,ORG018,,2025-11-08 02:01:47,2025-11-08 06:01:47,Synthetic evaluation request for Dermatology,Z51.8,Routine,Closed—Completed,,2025-11-18 22:01:47,,2025-11-11 09:01:47,2025-11-08 23:01:47,2025-11-10 11:01:47,2025-11-19 11:01:47,2025-11-20 11:01:47,2025-11-21 15:01:47,Completed,,2025-11-08 06:01:47,2025-11-21 15:01:47
REF000979,EHR-REF0000979,NorthStar EHR,PAT000277,COV000277,PRC0034,ORG004,LOC004,SPC008,PRC0053,ORG024,,2025-10-25 03:21:49,2025-10-25 17:21:49,Synthetic evaluation request for Pulmonology,Z71.2,Routine,Closed—Not Completed,,2025-10-27 23:21:49,,2025-10-26 17:21:49,2025-10-28 07:21:49,,,,2025-10-27 23:21:49,Not Completed,Unable to Contact After Protocol,2025-10-25 17:21:49,2025-10-27 23:21:49
REF000980,EHR-REF0000980,NorthStar EHR,PAT000823,COV000823,PRC0002,ORG002,LOC002,SPC010,PRC0070,ORG016,,2025-08-31 10:19:15,2025-09-01 01:19:15,Synthetic evaluation request for General Surgery,Z44.3,Routine,Closed—Completed,,2025-09-10 01:19:15,,2025-09-01 05:19:15,2025-09-05 04:19:15,2025-09-07 00:19:15,2025-09-26 00:19:15,2025-10-03 00:19:15,2025-10-03 15:19:15,Completed,,2025-09-01 01:19:15,2025-10-03 15:19:15
REF000981,EHR-REF0000981,NorthStar EHR,PAT001382,COV001382,PRC0031,ORG001,LOC001,SPC001,PRC0086,ORG007,,2026-05-28 07:27:47,2026-05-28 16:27:47,Synthetic evaluation request for Cardiology,Z10.6,Routine,Closed—Completed,,2026-06-07 19:27:47,,2026-05-30 08:27:47,2026-05-31 01:27:47,2026-06-01 19:27:47,2026-06-27 19:27:47,2026-06-30 19:27:47,2026-07-01 12:27:47,Completed,,2026-05-28 16:27:47,2026-07-01 12:27:47
REF000982,EHR-REF0000982,NorthStar EHR,PAT001408,COV001408,PRC0030,ORG006,LOC006,SPC007,PRC0067,ORG013,,2025-09-19 01:04:11,2025-09-19 15:04:11,Synthetic evaluation request for Otolaryngology,Z26.4,Routine,Cancelled,,2025-09-21 10:04:11,,2025-09-21 10:04:11,,,,,2025-09-21 10:04:11,Cancelled,No Longer Clinically Indicated,2025-09-19 15:04:11,2025-09-21 10:04:11
REF000983,EHR-REF0000983,NorthStar EHR,PAT000018,COV000018,PRC0008,ORG002,LOC002,SPC003,PRC0098,ORG019,USR011,2026-05-24 03:09:24,2026-05-24 06:09:24,Synthetic evaluation request for Endocrinology,Z30.7,Routine,Scheduled,Appointment Verification,2026-05-30 03:09:24,2026-06-02 03:09:24,2026-05-25 16:09:24,2026-05-26 00:09:24,2026-05-26 05:09:24,,,,,,2026-05-24 06:09:24,2026-05-30 03:09:24
REF000984,EHR-REF0000984,NorthStar EHR,PAT001132,COV001132,PRC0008,ORG002,LOC002,SPC007,PRC0102,ORG023,USR003,2025-09-03 06:50:54,2025-09-03 11:50:54,Synthetic evaluation request for Otolaryngology,Z11.8,Routine,Outreach in Progress,Outreach Follow-Up,2025-09-07 06:50:54,2025-09-10 06:50:54,2025-09-05 02:50:54,2025-09-04 04:50:54,,,,,,,2025-09-03 11:50:54,2025-09-07 06:50:54
REF000985,EHR-REF0000985,NorthStar EHR,PAT001246,COV001246,PRC0003,ORG003,LOC003,SPC005,PRC0050,ORG021,,2026-03-29 05:38:27,2026-03-29 13:38:27,Synthetic evaluation request for Neurology,Z12.6,Routine,Closed—Completed,,2026-04-11 07:38:27,,2026-03-31 18:38:27,2026-03-31 13:38:27,2026-04-02 03:38:27,2026-04-25 03:38:27,2026-05-04 03:38:27,2026-05-05 16:38:27,Completed,,2026-03-29 13:38:27,2026-05-05 16:38:27
REF000986,EHR-REF0000986,NorthStar EHR,PAT001574,COV001574,PRC0023,ORG005,LOC005,SPC006,PRC0041,ORG012,,2025-10-16 11:20:09,2025-10-16 13:20:09,Synthetic evaluation request for Orthopedics,Z83.0,Routine,Closed—Completed,,2025-10-27 07:20:09,,2025-10-19 10:20:09,2025-10-18 17:20:09,2025-10-18 23:20:09,2025-10-28 23:20:09,2025-10-30 23:20:09,2025-10-31 21:20:09,Completed,,2025-10-16 13:20:09,2025-10-31 21:20:09
REF000987,EHR-REF0000987,NorthStar EHR,PAT001690,COV001690,PRC0027,ORG003,LOC003,SPC003,PRC0108,ORG029,USR004,2025-11-10 01:07:22,2025-11-10 11:07:22,Synthetic evaluation request for Endocrinology,Z82.3,Routine,Scheduled,Appointment Verification,2025-11-15 04:07:22,2025-11-18 04:07:22,2025-11-13 04:07:22,2025-11-14 01:07:22,2025-11-15 10:07:22,,,,,,2025-11-10 11:07:22,2025-11-15 04:07:22
REF000988,EHR-REF0000988,NorthStar EHR,PAT001514,COV001514,PRC0017,ORG005,LOC005,SPC007,PRC0067,ORG013,,2025-11-27 21:04:27,2025-11-28 00:04:27,Synthetic evaluation request for Otolaryngology,Z81.2,Routine,Closed—Completed,,2025-12-06 11:04:27,,2025-11-28 06:04:27,2025-12-01 05:04:27,2025-12-01 07:04:27,2025-12-11 07:04:27,2025-12-17 07:04:27,2025-12-18 02:04:27,Completed,,2025-11-28 00:04:27,2025-12-18 02:04:27
REF000989,EHR-REF0000989,NorthStar EHR,PAT000350,COV000350,PRC0009,ORG003,LOC003,SPC006,PRC0041,ORG012,USR011,2026-01-04 16:58:52,2026-01-04 17:58:52,Synthetic evaluation request for Orthopedics,Z88.5,Routine,Received,New Intake,2026-01-04 17:58:52,2026-01-07 17:58:52,,,,,,,,,2026-01-04 17:58:52,2026-01-04 17:58:52
REF000990,EHR-REF0000990,NorthStar EHR,PAT001768,COV001768,PRC0008,ORG002,LOC002,SPC004,PRC0099,ORG020,,2026-04-16 00:57:01,2026-04-16 01:57:01,Synthetic evaluation request for Gastroenterology,Z43.9,Urgent,Closed—Completed,,2026-04-23 11:57:01,,2026-04-18 07:57:01,2026-04-16 12:57:01,2026-04-16 19:57:01,2026-04-27 19:57:01,2026-05-07 19:57:01,2026-05-08 07:57:01,Completed,,2026-04-16 01:57:01,2026-05-08 07:57:01
REF000991,EHR-REF0000991,NorthStar EHR,PAT000422,COV000422,PRC0030,ORG006,LOC006,SPC007,PRC0052,ORG023,,2026-02-01 18:05:21,2026-02-02 10:05:21,Synthetic evaluation request for Otolaryngology,Z39.6,Routine,Closed—Not Completed,,2026-02-07 09:05:21,,2026-02-04 11:05:21,2026-02-03 09:05:21,,,,2026-02-07 09:05:21,Not Completed,Unable to Contact After Protocol,2026-02-02 10:05:21,2026-02-07 09:05:21
REF000992,EHR-REF0000992,NorthStar EHR,PAT001911,COV001911,PRC0028,ORG004,LOC004,SPC005,PRC0110,ORG031,,2026-03-12 03:50:57,2026-03-13 00:50:57,Synthetic evaluation request for Neurology,Z71.4,Urgent,Closed—Completed,,2026-03-26 05:50:57,,2026-03-16 01:50:57,2026-03-17 08:50:57,2026-03-19 07:50:57,2026-04-17 07:50:57,2026-04-25 07:50:57,2026-04-26 11:50:57,Completed,,2026-03-13 00:50:57,2026-04-26 11:50:57
REF000993,EHR-REF0000993,NorthStar EHR,PAT001634,COV001634,PRC0033,ORG003,LOC003,SPC009,PRC0044,ORG015,USR011,2025-08-15 16:01:15,2025-08-15 23:01:15,Synthetic evaluation request for Rheumatology,Z38.8,Routine,Scheduled,Appointment Verification,2025-08-22 09:01:15,2025-08-25 09:01:15,2025-08-19 11:01:15,2025-08-18 08:01:15,2025-08-19 07:01:15,,,,,,2025-08-15 23:01:15,2025-08-22 09:01:15
REF000994,EHR-REF0000994,NorthStar EHR,PAT001179,COV001179,PRC0013,ORG001,LOC001,SPC003,PRC0048,ORG019,,2026-03-18 01:37:28,2026-03-18 18:37:28,Synthetic evaluation request for Endocrinology,Z47.0,Routine,Cancelled,,2026-03-20 10:37:28,,2026-03-20 10:37:28,,,,,2026-03-20 10:37:28,Cancelled,No Longer Clinically Indicated,2026-03-18 18:37:28,2026-03-20 10:37:28
REF000995,EHR-REF0000995,NorthStar EHR,PAT000286,COV000286,PRC0035,ORG005,LOC005,SPC010,PRC0070,ORG016,,2026-06-13 03:45:09,2026-06-13 12:45:09,Synthetic evaluation request for General Surgery,Z52.8,Routine,Closed—Completed,,2026-06-28 02:45:09,,2026-06-17 04:45:09,2026-06-17 10:45:09,2026-06-19 03:45:09,2026-06-22 03:45:09,2026-06-25 03:45:09,2026-06-26 15:45:09,Completed,,2026-06-13 12:45:09,2026-06-26 15:45:09
REF000996,EHR-REF0000996,NorthStar EHR,PAT000739,COV000739,PRC0027,ORG003,LOC003,SPC009,PRC0069,ORG015,USR007,2025-09-13 20:16:31,2025-09-14 20:16:31,Synthetic evaluation request for Rheumatology,Z33.5,Routine,Received,New Intake,2025-09-14 20:16:31,2025-09-17 20:16:31,,,,,,,,,2025-09-14 20:16:31,2025-09-14 20:16:31
REF000997,EHR-REF0000997,NorthStar EHR,PAT001133,COV001133,PRC0029,ORG005,LOC005,SPC002,PRC0037,ORG008,,2025-11-01 06:41:54,2025-11-01 11:41:54,Synthetic evaluation request for Dermatology,Z54.1,Urgent,Closed—Completed,,2025-11-05 15:41:54,,2025-11-01 16:41:54,2025-11-02 15:41:54,2025-11-04 09:41:54,2025-11-12 09:41:54,2025-11-14 09:41:54,2025-11-15 03:41:54,Completed,,2025-11-01 11:41:54,2025-11-15 03:41:54
REF000998,EHR-REF0000998,NorthStar EHR,PAT000367,COV000367,PRC0029,ORG005,LOC005,SPC004,PRC0109,ORG030,USR011,2026-02-12 10:00:29,2026-02-12 23:00:29,Synthetic evaluation request for Gastroenterology,Z33.3,Routine,Outreach in Progress,Outreach Follow-Up,2026-02-17 18:00:29,2026-02-20 18:00:29,2026-02-16 21:00:29,2026-02-16 10:00:29,,,,,,,2026-02-12 23:00:29,2026-02-17 18:00:29
REF000999,EHR-REF0000999,NorthStar EHR,PAT001900,COV001900,PRC0002,ORG002,LOC002,SPC007,PRC0067,ORG013,,2025-09-28 09:48:24,2025-09-28 23:48:24,Synthetic evaluation request for Otolaryngology,Z56.1,Routine,Closed—Completed,,2025-10-10 07:48:24,,2025-10-02 11:48:24,2025-10-01 20:48:24,2025-10-03 12:48:24,2025-10-15 12:48:24,2025-10-16 12:48:24,2025-10-17 21:48:24,Completed,,2025-09-28 23:48:24,2025-10-17 21:48:24
REF001000,EHR-REF0001000,NorthStar EHR,PAT000558,COV000558,PRC0009,ORG003,LOC003,SPC007,PRC0077,ORG023,,2026-05-25 11:26:04,2026-05-25 16:26:04,Synthetic evaluation request for Otolaryngology,Z40.4,Routine,Closed—Not Completed,,2026-06-02 16:26:04,,2026-05-27 23:26:04,2026-05-29 08:26:04,,,,2026-06-02 16:26:04,Not Completed,Unable to Contact After Protocol,2026-05-25 16:26:04,2026-06-02 16:26:04
REF001001,EHR-REF0001001,NorthStar EHR,PAT001874,COV001874,PRC0009,ORG003,LOC003,SPC006,PRC0066,ORG012,,2025-11-01 23:06:51,2025-11-02 10:06:51,Synthetic evaluation request for Orthopedics,Z85.2,Routine,Closed—Completed,,2025-11-14 23:06:51,,2025-11-05 20:06:51,2025-11-04 18:06:51,2025-11-05 18:06:51,2025-12-08 18:06:51,2025-12-14 18:06:51,2025-12-15 13:06:51,Completed,,2025-11-02 10:06:51,2025-12-15 13:06:51
REF001002,EHR-REF0001002,NorthStar EHR,PAT000544,COV000544,PRC0011,ORG005,LOC005,SPC008,PRC0068,ORG014,,2025-10-16 07:00:43,2025-10-17 01:00:43,Synthetic evaluation request for Pulmonology,Z33.1,Routine,Closed—Completed,,2025-10-31 03:00:43,,2025-10-21 01:00:43,2025-10-17 23:00:43,2025-10-19 18:00:43,2025-10-30 18:00:43,2025-10-31 18:00:43,2025-11-02 11:00:43,Completed,,2025-10-17 01:00:43,2025-11-02 11:00:43
REF001003,EHR-REF0001003,NorthStar EHR,PAT000337,COV000337,PRC0010,ORG004,LOC004,SPC003,PRC0038,ORG009,USR003,2025-11-15 16:30:39,2025-11-16 03:30:39,Synthetic evaluation request for Endocrinology,Z79.9,Routine,Scheduled,Appointment Verification,2025-11-21 00:30:39,2025-11-24 00:30:39,2025-11-18 05:30:39,2025-11-16 19:30:39,2025-11-18 07:30:39,,,,,,2025-11-16 03:30:39,2025-11-21 00:30:39
REF001004,EHR-REF0001004,NorthStar EHR,PAT000205,COV000205,PRC0002,ORG002,LOC002,SPC009,PRC0094,ORG015,,2026-05-03 23:33:42,2026-05-04 12:33:42,Synthetic evaluation request for Rheumatology,Z69.9,Routine,Closed—Completed,,2026-05-10 23:33:42,,2026-05-06 18:33:42,2026-05-09 08:33:42,2026-05-10 14:33:42,2026-05-29 14:33:42,2026-06-02 14:33:42,2026-06-03 18:33:42,Completed,,2026-05-04 12:33:42,2026-06-03 18:33:42
REF001005,EHR-REF0001005,NorthStar EHR,PAT000692,COV000692,PRC0008,ORG002,LOC002,SPC005,PRC0110,ORG031,,2026-05-08 06:15:05,2026-05-08 23:15:05,Synthetic evaluation request for Neurology,Z72.7,Routine,Closed—Completed,,2026-05-22 00:15:05,,2026-05-12 12:15:05,2026-05-13 03:15:05,2026-05-14 10:15:05,2026-05-20 10:15:05,2026-05-22 10:15:05,2026-05-23 02:15:05,Completed,,2026-05-08 23:15:05,2026-05-23 02:15:05
REF001006,EHR-REF0001006,NorthStar EHR,PAT000915,COV000915,PRC0009,ORG003,LOC003,SPC004,PRC0049,ORG020,USR012,2026-01-17 03:10:39,2026-01-18 03:10:39,Synthetic evaluation request for Gastroenterology,Z72.2,Routine,Outreach in Progress,Outreach Follow-Up,2026-01-25 06:10:39,2026-01-28 06:10:39,2026-01-21 09:10:39,2026-01-22 18:10:39,,,,,,,2026-01-18 03:10:39,2026-01-25 06:10:39
REF001007,EHR-REF0001007,NorthStar EHR,PAT001071,COV001071,PRC0019,ORG001,LOC001,SPC001,PRC0036,ORG007,,2025-10-07 04:55:40,2025-10-07 16:55:40,Synthetic evaluation request for Cardiology,Z67.5,Routine,Closed—Completed,,2025-10-18 13:55:40,,2025-10-08 17:55:40,2025-10-08 18:55:40,2025-10-10 10:55:40,2025-10-14 10:55:40,2025-10-16 10:55:40,2025-10-17 10:55:40,Completed,,2025-10-07 16:55:40,2025-10-17 10:55:40
REF001008,EHR-REF0001008,NorthStar EHR,PAT000089,COV000089,PRC0012,ORG006,LOC006,SPC001,PRC0046,ORG017,,2026-06-15 21:05:03,2026-06-16 16:05:03,Synthetic evaluation request for Cardiology,Z38.9,Routine,Closed—Completed,,2026-06-25 11:05:03,,2026-06-19 13:05:03,2026-06-20 01:05:03,2026-06-20 17:05:03,2026-07-25 17:05:03,2026-07-31 17:05:03,2026-08-01 17:05:03,Completed,,2026-06-16 16:05:03,2026-08-01 17:05:03
REF001009,EHR-REF0001009,NorthStar EHR,PAT000819,COV000819,PRC0016,ORG004,LOC004,SPC004,PRC0089,ORG010,USR014,2026-07-03 10:28:10,2026-07-04 08:28:10,Synthetic evaluation request for Gastroenterology,Z30.9,Routine,Completed—Report Pending,Report Pending,2026-07-12 07:28:10,2026-07-15 07:28:10,2026-07-07 17:28:10,2026-07-06 07:28:10,2026-07-07 03:28:10,2026-07-24 03:28:10,,,,,2026-07-04 08:28:10,2026-07-12 07:28:10
REF001010,EHR-REF0001010,NorthStar EHR,PAT001143,COV001143,PRC0007,ORG001,LOC001,SPC009,PRC0104,ORG025,,2025-10-11 06:19:42,2025-10-11 21:19:42,Synthetic evaluation request for Rheumatology,Z29.2,Urgent,Closed—Completed,,2025-10-20 00:19:42,,2025-10-12 06:19:42,2025-10-13 01:19:42,2025-10-13 07:19:42,2025-11-10 07:19:42,2025-11-15 07:19:42,2025-11-16 21:19:42,Completed,,2025-10-11 21:19:42,2025-11-16 21:19:42
REF001011,EHR-REF0001011,NorthStar EHR,PAT001281,COV001281,PRC0034,ORG004,LOC004,SPC001,PRC0061,ORG007,,2025-08-01 16:52:05,2025-08-02 05:52:05,Synthetic evaluation request for Cardiology,Z25.1,Routine,Closed—Completed,,2025-08-10 15:52:05,,2025-08-03 03:52:05,2025-08-05 08:52:05,2025-08-06 00:52:05,2025-08-10 00:52:05,2025-08-12 00:52:05,2025-08-13 00:52:05,Completed,,2025-08-02 05:52:05,2025-08-13 00:52:05
REF001012,EHR-REF0001012,NorthStar EHR,PAT001204,COV001204,PRC0027,ORG003,LOC003,SPC003,PRC0098,ORG019,,2025-08-15 10:10:58,2025-08-16 06:10:58,Synthetic evaluation request for Endocrinology,Z55.8,Routine,Closed—Not Completed,,2025-08-22 05:10:58,,2025-08-19 02:10:58,2025-08-18 16:10:58,,,,2025-08-22 05:10:58,Not Completed,No Longer Clinically Indicated,2025-08-16 06:10:58,2025-08-22 05:10:58
REF001013,EHR-REF0001013,NorthStar EHR,PAT001076,COV001076,PRC0013,ORG001,LOC001,SPC003,PRC0038,ORG009,,2026-05-02 08:26:27,2026-05-03 03:26:27,Synthetic evaluation request for Endocrinology,Z15.1,Routine,Closed—Completed,,2026-05-12 10:26:27,,2026-05-05 20:26:27,2026-05-05 18:26:27,2026-05-07 08:26:27,2026-06-01 08:26:27,2026-06-08 08:26:27,2026-06-08 14:26:27,Completed,,2026-05-03 03:26:27,2026-06-08 14:26:27
REF001014,EHR-REF0001014,NorthStar EHR,PAT001056,COV001056,PRC0018,ORG006,LOC006,SPC009,PRC0079,ORG025,,2025-10-27 03:18:20,2025-10-27 18:18:20,Synthetic evaluation request for Rheumatology,Z67.1,Routine,Closed—Completed,,2025-11-08 13:18:20,,2025-10-31 01:18:20,2025-10-30 01:18:20,2025-10-30 19:18:20,2025-11-27 19:18:20,2025-12-05 19:18:20,2025-12-07 08:18:20,Completed,,2025-10-27 18:18:20,2025-12-07 08:18:20
REF001015,EHR-REF0001015,NorthStar EHR,PAT001263,COV001263,PRC0020,ORG002,LOC002,SPC003,PRC0038,ORG009,,2026-01-31 17:38:52,2026-02-01 14:38:52,Synthetic evaluation request for Endocrinology,Z72.7,Urgent,Closed—Not Completed,,2026-02-06 10:38:52,,2026-02-02 08:38:52,2026-02-03 09:38:52,,,,2026-02-06 10:38:52,Not Completed,Transferred Care,2026-02-01 14:38:52,2026-02-06 10:38:52
REF001016,EHR-REF0001016,NorthStar EHR,PAT000811,COV000811,PRC0028,ORG004,LOC004,SPC009,PRC0069,ORG015,,2025-12-20 15:19:40,2025-12-21 04:19:40,Synthetic evaluation request for Rheumatology,Z66.2,Routine,Closed—Completed,,2026-01-02 23:19:40,,2025-12-25 01:19:40,2025-12-22 04:19:40,2025-12-22 22:19:40,2026-01-05 22:19:40,2026-01-09 22:19:40,2026-01-10 17:19:40,Completed,,2025-12-21 04:19:40,2026-01-10 17:19:40
REF001017,EHR-REF0001017,NorthStar EHR,PAT000276,COV000276,PRC0017,ORG005,LOC005,SPC005,PRC0110,ORG031,,2026-02-21 16:42:35,2026-02-22 15:42:35,Synthetic evaluation request for Neurology,Z13.9,Urgent,Closed—Not Completed,,2026-02-24 14:42:35,,2026-02-23 07:42:35,2026-02-24 01:42:35,,,,2026-02-24 14:42:35,Not Completed,Duplicate Referral,2026-02-22 15:42:35,2026-02-24 14:42:35
REF001018,EHR-REF0001018,NorthStar EHR,PAT001913,COV001913,PRC0015,ORG003,LOC003,SPC010,PRC0080,ORG026,,2026-06-22 08:55:24,2026-06-23 06:55:24,Synthetic evaluation request for General Surgery,Z61.8,Routine,Closed—Completed,,2026-07-05 01:55:24,,2026-06-27 05:55:24,2026-06-25 10:55:24,2026-06-26 04:55:24,2026-07-14 04:55:24,2026-07-21 04:55:24,2026-07-21 23:55:24,Completed,,2026-06-23 06:55:24,2026-07-21 23:55:24
REF001019,EHR-REF0001019,NorthStar EHR,PAT001479,COV001479,PRC0019,ORG001,LOC001,SPC010,PRC0095,ORG016,,2026-06-05 23:42:08,2026-06-06 21:42:08,Synthetic evaluation request for General Surgery,Z40.5,Urgent,Closed—Completed,,2026-06-16 06:42:08,,2026-06-10 15:42:08,2026-06-11 08:42:08,2026-06-13 04:42:08,2026-07-18 04:42:08,2026-07-21 04:42:08,2026-07-22 01:42:08,Completed,,2026-06-06 21:42:08,2026-07-22 01:42:08
REF001020,EHR-REF0001020,NorthStar EHR,PAT001536,COV001536,PRC0027,ORG003,LOC003,SPC003,PRC0038,ORG009,,2025-08-18 10:07:10,2025-08-19 04:07:10,Synthetic evaluation request for Endocrinology,Z85.4,Urgent,Closed—Completed,,2025-08-31 22:07:10,,2025-08-22 20:07:10,2025-08-20 15:07:10,2025-08-21 13:07:10,2025-09-06 13:07:10,2025-09-11 13:07:10,2025-09-13 00:07:10,Completed,,2025-08-19 04:07:10,2025-09-13 00:07:10
REF001021,EHR-REF0001021,NorthStar EHR,PAT001987,COV001987,PRC0012,ORG006,LOC006,SPC004,PRC0059,ORG030,USR014,2026-01-07 09:55:30,2026-01-07 09:55:30,Synthetic evaluation request for Gastroenterology,Z36.8,Routine,Scheduled,Appointment Verification,2026-01-13 01:55:30,2026-01-16 01:55:30,2026-01-11 04:55:30,2026-01-11 06:55:30,2026-01-13 04:55:30,,,,,,2026-01-07 09:55:30,2026-01-13 01:55:30
REF001022,EHR-REF0001022,NorthStar EHR,PAT001497,COV001497,PRC0013,ORG001,LOC001,SPC009,PRC0104,ORG025,,2025-08-13 04:46:22,2025-08-13 21:46:22,Synthetic evaluation request for Rheumatology,Z28.4,Routine,Cancelled,,2025-08-16 18:46:22,,2025-08-16 18:46:22,,,,,2025-08-16 18:46:22,Cancelled,Duplicate Referral,2025-08-13 21:46:22,2025-08-16 18:46:22
REF001023,EHR-REF0001023,NorthStar EHR,PAT000799,COV000799,PRC0034,ORG004,LOC004,SPC002,PRC0047,ORG018,USR008,2026-05-23 01:19:53,2026-05-23 12:19:53,Synthetic evaluation request for Dermatology,Z82.1,Routine,Completed—Report Pending,Report Pending,2026-06-03 18:19:53,2026-06-06 18:19:53,2026-05-26 10:19:53,2026-05-24 02:19:53,2026-05-24 12:19:53,2026-06-09 12:19:53,,,,,2026-05-23 12:19:53,2026-06-03 18:19:53
REF001024,EHR-REF0001024,NorthStar EHR,PAT001520,COV001520,PRC0019,ORG001,LOC001,SPC009,PRC0079,ORG025,USR013,2026-02-19 07:31:31,2026-02-20 05:31:31,Synthetic evaluation request for Rheumatology,Z78.7,Routine,Outreach in Progress,Outreach Follow-Up,2026-02-22 11:31:31,2026-02-25 11:31:31,2026-02-20 16:31:31,2026-02-23 13:31:31,,,,,,,2026-02-20 05:31:31,2026-02-22 11:31:31
REF001025,EHR-REF0001025,NorthStar EHR,PAT000351,COV000351,PRC0029,ORG005,LOC005,SPC009,PRC0054,ORG025,USR004,2026-01-08 00:20:25,2026-01-08 05:20:25,Synthetic evaluation request for Rheumatology,Z44.5,Routine,Ready for Outreach,Ready for Outreach,2026-01-11 20:20:25,2026-01-14 20:20:25,2026-01-11 20:20:25,,,,,,,,2026-01-08 05:20:25,2026-01-11 20:20:25
REF001026,EHR-REF0001026,NorthStar EHR,PAT001085,COV001085,PRC0028,ORG004,LOC004,SPC007,PRC0102,ORG023,,2026-06-01 12:10:48,2026-06-01 12:10:48,Synthetic evaluation request for Otolaryngology,Z82.7,Routine,Closed—Completed,,2026-06-13 01:10:48,,2026-06-02 14:10:48,2026-06-04 17:10:48,2026-06-05 03:10:48,2026-06-15 03:10:48,2026-06-24 03:10:48,2026-06-24 18:10:48,Completed,,2026-06-01 12:10:48,2026-06-24 18:10:48
REF001027,EHR-REF0001027,NorthStar EHR,PAT001284,COV001284,PRC0005,ORG005,LOC005,SPC002,PRC0107,ORG028,USR012,2025-12-26 06:31:27,2025-12-26 15:31:27,Synthetic evaluation request for Dermatology,Z29.2,Routine,Scheduled,Appointment Verification,2026-01-05 13:31:27,2026-01-08 13:31:27,2025-12-30 14:31:27,2025-12-30 14:31:27,2025-12-30 20:31:27,,,,,,2025-12-26 15:31:27,2026-01-05 13:31:27
REF001028,EHR-REF0001028,NorthStar EHR,PAT001375,COV001375,PRC0011,ORG005,LOC005,SPC010,PRC0095,ORG016,USR011,2026-05-19 21:51:58,2026-05-20 11:51:58,Synthetic evaluation request for General Surgery,Z37.7,Routine,Outreach in Progress,Outreach Follow-Up,2026-05-23 05:51:58,2026-05-26 05:51:58,2026-05-22 07:51:58,2026-05-25 08:51:58,,,,,,,2026-05-20 11:51:58,2026-05-23 05:51:58
REF001029,EHR-REF0001029,NorthStar EHR,PAT001062,COV001062,PRC0023,ORG005,LOC005,SPC003,PRC0088,ORG009,,2026-02-17 13:34:31,2026-02-18 08:34:31,Synthetic evaluation request for Endocrinology,Z29.8,Routine,Closed—Completed,,2026-02-27 16:34:31,,2026-02-20 21:34:31,2026-02-20 01:34:31,2026-02-21 01:34:31,2026-03-12 01:34:31,2026-03-22 01:34:31,2026-03-23 14:34:31,Completed,,2026-02-18 08:34:31,2026-03-23 14:34:31
REF001030,EHR-REF0001030,NorthStar EHR,PAT001937,COV001937,PRC0002,ORG002,LOC002,SPC003,PRC0058,ORG029,USR012,2026-04-28 12:02:12,2026-04-28 14:02:12,Synthetic evaluation request for Endocrinology,Z58.8,Routine,Scheduled,Appointment Verification,2026-05-03 09:02:12,2026-05-06 09:02:12,2026-05-01 01:02:12,2026-05-02 15:02:12,2026-05-04 12:02:12,,,,,,2026-04-28 14:02:12,2026-05-03 09:02:12
REF001031,EHR-REF0001031,NorthStar EHR,PAT001136,COV001136,PRC0015,ORG003,LOC003,SPC010,PRC0105,ORG026,,2025-12-30 20:20:54,2025-12-31 14:20:54,Synthetic evaluation request for General Surgery,Z60.6,Routine,Closed—Completed,,2026-01-09 06:20:54,,2026-01-02 19:20:54,2026-01-03 15:20:54,2026-01-03 18:20:54,2026-01-20 18:20:54,2026-01-26 18:20:54,2026-01-27 07:20:54,Completed,,2025-12-31 14:20:54,2026-01-27 07:20:54
REF001032,EHR-REF0001032,NorthStar EHR,PAT001753,COV001753,PRC0007,ORG001,LOC001,SPC007,PRC0052,ORG023,USR003,2025-12-04 11:22:01,2025-12-04 23:22:01,Synthetic evaluation request for Otolaryngology,Z37.0,Urgent,Scheduled,Appointment Verification,2025-12-09 12:22:01,2025-12-10 12:22:01,2025-12-05 23:22:01,2025-12-06 22:22:01,2025-12-08 16:22:01,,,,,,2025-12-04 23:22:01,2025-12-09 12:22:01
REF001033,EHR-REF0001033,NorthStar EHR,PAT001260,COV001260,PRC0020,ORG002,LOC002,SPC004,PRC0089,ORG010,,2025-10-12 01:28:43,2025-10-12 10:28:43,Synthetic evaluation request for Gastroenterology,Z26.6,Routine,Closed—Completed,,2025-10-22 20:28:43,,2025-10-15 20:28:43,2025-10-16 04:28:43,2025-10-17 23:28:43,2025-10-23 23:28:43,2025-10-24 23:28:43,2025-10-26 06:28:43,Completed,,2025-10-12 10:28:43,2025-10-26 06:28:43
REF001034,EHR-REF0001034,NorthStar EHR,PAT000849,COV000849,PRC0014,ORG002,LOC002,SPC007,PRC0042,ORG013,,2025-12-28 11:13:11,2025-12-29 02:13:11,Synthetic evaluation request for Otolaryngology,Z83.8,Routine,Closed—Completed,,2026-01-05 13:13:11,,2026-01-01 16:13:11,2025-12-31 11:13:11,2026-01-02 09:13:11,2026-01-07 09:13:11,2026-01-15 09:13:11,2026-01-16 09:13:11,Completed,,2025-12-29 02:13:11,2026-01-16 09:13:11
REF001035,EHR-REF0001035,NorthStar EHR,PAT001051,COV001051,PRC0012,ORG006,LOC006,SPC004,PRC0074,ORG020,USR011,2025-11-05 01:39:22,2025-11-05 15:39:22,Synthetic evaluation request for Gastroenterology,Z52.3,Routine,Scheduled,Appointment Verification,2025-11-12 22:39:22,2025-11-15 22:39:22,2025-11-07 15:39:22,2025-11-10 04:39:22,2025-11-11 06:39:22,,,,,,2025-11-05 15:39:22,2025-11-12 22:39:22
REF001036,EHR-REF0001036,NorthStar EHR,PAT000394,COV000394,PRC0012,ORG006,LOC006,SPC004,PRC0084,ORG030,USR001,2025-11-07 22:42:29,2025-11-08 04:42:29,Synthetic evaluation request for Gastroenterology,Z83.1,Routine,Scheduled,Appointment Verification,2025-11-13 10:42:29,2025-11-16 10:42:29,2025-11-11 13:42:29,2025-11-12 11:42:29,2025-11-12 13:42:29,,,,,,2025-11-08 04:42:29,2025-11-13 10:42:29
REF001037,EHR-REF0001037,NorthStar EHR,PAT001793,COV001793,PRC0018,ORG006,LOC006,SPC007,PRC0092,ORG013,,2026-06-13 11:51:19,2026-06-14 01:51:19,Synthetic evaluation request for Otolaryngology,Z63.8,Routine,Closed—Completed,,2026-06-22 09:51:19,,2026-06-14 10:51:19,2026-06-17 14:51:19,2026-06-18 02:51:19,2026-07-22 02:51:19,2026-07-31 02:51:19,2026-07-31 13:51:19,Completed,,2026-06-14 01:51:19,2026-07-31 13:51:19
REF001038,EHR-REF0001038,NorthStar EHR,PAT000715,COV000715,PRC0005,ORG005,LOC005,SPC001,PRC0081,ORG027,,2026-05-09 05:04:37,2026-05-09 08:04:37,Synthetic evaluation request for Cardiology,Z40.6,Routine,Closed—Completed,,2026-05-23 17:04:37,,2026-05-13 07:04:37,2026-05-14 00:04:37,2026-05-14 07:04:37,2026-06-17 07:04:37,2026-06-24 07:04:37,2026-06-24 11:04:37,Completed,,2026-05-09 08:04:37,2026-06-24 11:04:37
REF001039,EHR-REF0001039,NorthStar EHR,PAT001648,COV001648,PRC0024,ORG006,LOC006,SPC005,PRC0090,ORG011,USR014,2026-06-27 09:40:11,2026-06-28 04:40:11,Synthetic evaluation request for Neurology,Z62.9,Urgent,Scheduled,Appointment Verification,2026-07-06 02:40:11,2026-07-07 02:40:11,2026-07-02 00:40:11,2026-07-01 20:40:11,2026-07-01 23:40:11,,,,,,2026-06-28 04:40:11,2026-07-06 02:40:11
REF001040,EHR-REF0001040,NorthStar EHR,PAT001492,COV001492,PRC0013,ORG001,LOC001,SPC001,PRC0061,ORG007,,2026-04-08 21:12:29,2026-04-09 20:12:29,Synthetic evaluation request for Cardiology,Z39.0,Routine,Closed—Completed,,2026-04-18 00:12:29,,2026-04-11 03:12:29,2026-04-13 19:12:29,2026-04-14 09:12:29,2026-05-13 09:12:29,2026-05-20 09:12:29,2026-05-21 07:12:29,Completed,,2026-04-09 20:12:29,2026-05-21 07:12:29
REF001041,EHR-REF0001041,NorthStar EHR,PAT001484,COV001484,PRC0005,ORG005,LOC005,SPC005,PRC0050,ORG021,USR010,2026-02-10 11:48:14,2026-02-10 18:48:14,Synthetic evaluation request for Neurology,Z58.2,Routine,Completed—Report Pending,Report Pending,2026-02-18 14:48:14,2026-02-21 14:48:14,2026-02-14 00:48:14,2026-02-15 02:48:14,2026-02-15 19:48:14,2026-03-02 19:48:14,,,,,2026-02-10 18:48:14,2026-02-18 14:48:14
REF001042,EHR-REF0001042,NorthStar EHR,PAT000270,COV000270,PRC0003,ORG003,LOC003,SPC006,PRC0091,ORG012,USR013,2026-07-08 17:02:11,2026-07-09 14:02:11,Synthetic evaluation request for Orthopedics,Z58.0,Routine,Scheduled,Appointment Verification,2026-07-15 03:02:11,2026-07-18 03:02:11,2026-07-10 10:02:11,2026-07-13 22:02:11,2026-07-15 00:02:11,,,,,,2026-07-09 14:02:11,2026-07-15 03:02:11
REF001043,EHR-REF0001043,NorthStar EHR,PAT001696,COV001696,PRC0032,ORG002,LOC002,SPC007,PRC0042,ORG013,,2026-03-22 04:28:07,2026-03-22 13:28:07,Synthetic evaluation request for Otolaryngology,Z12.1,Routine,Closed—Completed,,2026-04-04 10:28:07,,2026-03-25 02:28:07,2026-03-26 00:28:07,2026-03-28 00:28:07,2026-04-03 00:28:07,2026-04-04 00:28:07,2026-04-04 15:28:07,Completed,,2026-03-22 13:28:07,2026-04-04 15:28:07
REF001044,EHR-REF0001044,NorthStar EHR,PAT001833,COV001833,PRC0035,ORG005,LOC005,SPC010,PRC0045,ORG016,,2025-12-20 20:17:15,2025-12-20 22:17:15,Synthetic evaluation request for General Surgery,Z40.8,Routine,Closed—Completed,,2025-12-31 03:17:15,,2025-12-22 18:17:15,2025-12-21 15:17:15,2025-12-21 23:17:15,2025-12-24 23:17:15,2026-01-03 23:17:15,2026-01-05 08:17:15,Completed,,2025-12-20 22:17:15,2026-01-05 08:17:15
REF001045,EHR-REF0001045,NorthStar EHR,PAT000231,COV000231,PRC0008,ORG002,LOC002,SPC002,PRC0097,ORG018,USR007,2026-06-21 23:10:14,2026-06-22 05:10:14,Synthetic evaluation request for Dermatology,Z34.5,Urgent,Received,New Intake,2026-06-22 05:10:14,2026-06-23 05:10:14,,,,,,,,,2026-06-22 05:10:14,2026-06-22 05:10:14
REF001046,EHR-REF0001046,NorthStar EHR,PAT001144,COV001144,PRC0023,ORG005,LOC005,SPC008,PRC0078,ORG024,USR003,2025-09-26 16:44:43,2025-09-26 21:44:43,Synthetic evaluation request for Pulmonology,Z41.5,Routine,Outreach in Progress,Outreach Follow-Up,2025-09-30 09:44:43,2025-10-03 09:44:43,2025-09-29 06:44:43,2025-10-01 15:44:43,,,,,,,2025-09-26 21:44:43,2025-09-30 09:44:43
REF001047,EHR-REF0001047,NorthStar EHR,PAT000311,COV000311,PRC0030,ORG006,LOC006,SPC001,PRC0056,ORG027,,2025-09-15 04:41:15,2025-09-15 04:41:15,Synthetic evaluation request for Cardiology,Z43.7,Routine,Closed—Completed,,2025-09-27 15:41:15,,2025-09-18 22:41:15,2025-09-18 18:41:15,2025-09-19 12:41:15,2025-09-29 12:41:15,2025-10-04 12:41:15,2025-10-05 10:41:15,Completed,,2025-09-15 04:41:15,2025-10-05 10:41:15
REF001048,EHR-REF0001048,NorthStar EHR,PAT001597,COV001597,PRC0005,ORG005,LOC005,SPC005,PRC0085,ORG031,,2026-01-18 05:02:38,2026-01-18 07:02:38,Synthetic evaluation request for Neurology,Z55.5,Routine,Closed—Completed,,2026-01-28 00:02:38,,2026-01-21 12:02:38,2026-01-21 15:02:38,2026-01-23 11:02:38,2026-01-31 11:02:38,2026-02-03 11:02:38,2026-02-04 03:02:38,Completed,,2026-01-18 07:02:38,2026-02-04 03:02:38
REF001049,EHR-REF0001049,NorthStar EHR,PAT000242,COV000242,PRC0028,ORG004,LOC004,SPC001,PRC0086,ORG007,USR007,2026-06-29 04:05:41,2026-06-29 05:05:41,Synthetic evaluation request for Cardiology,Z33.9,Routine,Scheduled,Appointment Verification,2026-07-04 16:05:41,2026-07-07 16:05:41,2026-06-30 18:05:41,2026-07-02 12:05:41,2026-07-03 06:05:41,,,,,,2026-06-29 05:05:41,2026-07-04 16:05:41
REF001050,EHR-REF0001050,NorthStar EHR,PAT001431,COV001431,PRC0007,ORG001,LOC001,SPC006,PRC0101,ORG022,USR003,2026-06-19 02:35:45,2026-06-19 04:35:45,Synthetic evaluation request for Orthopedics,Z23.3,Routine,Scheduled,Appointment Verification,2026-06-26 12:35:45,2026-06-29 12:35:45,2026-06-22 03:35:45,2026-06-20 13:35:45,2026-06-22 11:35:45,,,,,,2026-06-19 04:35:45,2026-06-26 12:35:45
REF001051,EHR-REF0001051,NorthStar EHR,PAT000793,COV000793,PRC0027,ORG003,LOC003,SPC006,PRC0101,ORG022,,2025-12-24 17:17:26,2025-12-25 13:17:26,Synthetic evaluation request for Orthopedics,Z59.1,Routine,Closed—Completed,,2026-01-05 15:17:26,,2025-12-25 20:17:26,2025-12-30 13:17:26,2025-12-30 19:17:26,2026-01-31 19:17:26,2026-02-08 19:17:26,2026-02-09 16:17:26,Completed,,2025-12-25 13:17:26,2026-02-09 16:17:26
REF001052,EHR-REF0001052,NorthStar EHR,PAT001449,COV001449,PRC0004,ORG004,LOC004,SPC005,PRC0050,ORG021,,2025-10-25 17:54:44,2025-10-25 19:54:44,Synthetic evaluation request for Neurology,Z50.5,Routine,Closed—Completed,,2025-11-06 05:54:44,,2025-10-27 02:54:44,2025-10-29 23:54:44,2025-10-31 15:54:44,2025-11-15 15:54:44,2025-11-25 15:54:44,2025-11-26 20:54:44,Completed,,2025-10-25 19:54:44,2025-11-26 20:54:44
REF001053,EHR-REF0001053,NorthStar EHR,PAT000782,COV000782,PRC0004,ORG004,LOC004,SPC007,PRC0092,ORG013,,2026-03-11 10:08:48,2026-03-12 04:08:48,Synthetic evaluation request for Otolaryngology,Z67.4,Routine,Closed—Completed,,2026-03-22 10:08:48,,2026-03-14 21:08:48,2026-03-15 19:08:48,2026-03-17 17:08:48,2026-04-06 17:08:48,2026-04-11 17:08:48,2026-04-12 15:08:48,Completed,,2026-03-12 04:08:48,2026-04-12 15:08:48
REF001054,EHR-REF0001054,NorthStar EHR,PAT000739,COV000739,PRC0029,ORG005,LOC005,SPC007,PRC0042,ORG013,,2025-08-19 08:58:50,2025-08-20 01:58:50,Synthetic evaluation request for Otolaryngology,Z65.1,Routine,Closed—Completed,,2025-08-29 18:58:50,,2025-08-23 03:58:50,2025-08-23 01:58:50,2025-08-23 14:58:50,2025-09-20 14:58:50,2025-09-27 14:58:50,2025-09-29 04:58:50,Completed,,2025-08-20 01:58:50,2025-09-29 04:58:50
REF001055,EHR-REF0001055,NorthStar EHR,PAT001171,COV001171,PRC0031,ORG001,LOC001,SPC006,PRC0076,ORG022,USR013,2026-03-21 00:43:09,2026-03-21 21:43:09,Synthetic evaluation request for Orthopedics,Z12.3,Routine,Outreach in Progress,Outreach Follow-Up,2026-03-25 07:43:09,2026-03-28 07:43:09,2026-03-23 05:43:09,2026-03-26 16:43:09,,,,,,,2026-03-21 21:43:09,2026-03-25 07:43:09
REF001056,EHR-REF0001056,NorthStar EHR,PAT000734,COV000734,PRC0001,ORG001,LOC001,SPC002,PRC0062,ORG008,,2025-08-26 11:09:01,2025-08-27 10:09:01,Synthetic evaluation request for Dermatology,Z36.4,Routine,Closed—Completed,,2025-09-05 02:09:01,,2025-08-27 14:09:01,2025-08-29 07:09:01,2025-08-31 03:09:01,2025-09-07 03:09:01,2025-09-13 03:09:01,2025-09-14 20:09:01,Completed,,2025-08-27 10:09:01,2025-09-14 20:09:01
REF001057,EHR-REF0001057,NorthStar EHR,PAT001066,COV001066,PRC0004,ORG004,LOC004,SPC009,PRC0054,ORG025,USR007,2026-05-10 01:49:22,2026-05-10 23:49:22,Synthetic evaluation request for Rheumatology,Z46.2,Routine,Received,New Intake,2026-05-10 23:49:22,2026-05-13 23:49:22,,,,,,,,,2026-05-10 23:49:22,2026-05-10 23:49:22
REF001058,EHR-REF0001058,NorthStar EHR,PAT001462,COV001462,PRC0006,ORG006,LOC006,SPC010,PRC0105,ORG026,,2025-11-23 12:23:18,2025-11-23 18:23:18,Synthetic evaluation request for General Surgery,Z48.7,Routine,Closed—Completed,,2025-11-28 18:23:18,,2025-11-25 09:23:18,2025-11-25 06:23:18,2025-11-26 18:23:18,2025-12-06 18:23:18,2025-12-13 18:23:18,2025-12-14 07:23:18,Completed,,2025-11-23 18:23:18,2025-12-14 07:23:18
REF001059,EHR-REF0001059,NorthStar EHR,PAT001981,COV001981,PRC0018,ORG006,LOC006,SPC003,PRC0063,ORG009,,2026-06-05 18:50:20,2026-06-05 20:50:20,Synthetic evaluation request for Endocrinology,Z16.5,Routine,Closed—Not Completed,,2026-06-08 15:50:20,,2026-06-07 02:50:20,2026-06-10 01:50:20,,,,2026-06-08 15:50:20,Not Completed,Patient Declined,2026-06-05 20:50:20,2026-06-08 15:50:20
REF001060,EHR-REF0001060,NorthStar EHR,PAT001242,COV001242,PRC0012,ORG006,LOC006,SPC010,PRC0070,ORG016,,2025-11-15 18:50:23,2025-11-15 22:50:23,Synthetic evaluation request for General Surgery,Z84.2,Routine,Closed—Completed,,2025-11-29 05:50:23,,2025-11-17 17:50:23,2025-11-20 12:50:23,2025-11-22 07:50:23,2025-12-14 07:50:23,2025-12-21 07:50:23,2025-12-21 20:50:23,Completed,,2025-11-15 22:50:23,2025-12-21 20:50:23
REF001061,EHR-REF0001061,NorthStar EHR,PAT000072,COV000072,PRC0010,ORG004,LOC004,SPC005,PRC0090,ORG011,,2026-06-30 04:37:24,2026-07-01 03:37:24,Synthetic evaluation request for Neurology,Z22.3,Routine,Closed—Completed,,2026-07-11 13:37:24,,2026-07-01 22:37:24,2026-07-04 13:37:24,2026-07-06 12:37:24,2026-08-08 12:37:24,2026-08-18 12:37:24,2026-08-19 15:37:24,Completed,,2026-07-01 03:37:24,2026-08-19 15:37:24
REF001062,EHR-REF0001062,NorthStar EHR,PAT001006,COV001006,PRC0030,ORG006,LOC006,SPC005,PRC0090,ORG011,USR012,2025-08-24 08:09:37,2025-08-25 01:09:37,Synthetic evaluation request for Neurology,Z81.3,Routine,Completed—Report Pending,Report Pending,2025-08-31 20:09:37,2025-09-03 20:09:37,2025-08-25 11:09:37,2025-08-29 01:09:37,2025-08-30 02:09:37,2025-09-06 02:09:37,,,,,2025-08-25 01:09:37,2025-08-31 20:09:37
REF001063,EHR-REF0001063,NorthStar EHR,PAT000310,COV000310,PRC0010,ORG004,LOC004,SPC006,PRC0051,ORG022,USR002,2026-02-22 15:42:04,2026-02-23 07:42:04,Synthetic evaluation request for Orthopedics,Z54.7,Urgent,Completed—Report Pending,Report Pending,2026-03-04 20:42:04,2026-03-05 20:42:04,2026-02-27 06:42:04,2026-02-26 21:42:04,2026-02-28 16:42:04,2026-03-25 16:42:04,,,,,2026-02-23 07:42:04,2026-03-04 20:42:04
REF001064,EHR-REF0001064,NorthStar EHR,PAT000969,COV000969,PRC0032,ORG002,LOC002,SPC008,PRC0093,ORG014,,2026-02-20 18:33:07,2026-02-20 23:33:07,Synthetic evaluation request for Pulmonology,Z46.0,Routine,Closed—Completed,,2026-03-04 13:33:07,,2026-02-22 02:33:07,2026-02-21 14:33:07,2026-02-22 08:33:07,2026-03-06 08:33:07,2026-03-12 08:33:07,2026-03-13 11:33:07,Completed,,2026-02-20 23:33:07,2026-03-13 11:33:07
REF001065,EHR-REF0001065,NorthStar EHR,PAT001595,COV001595,PRC0003,ORG003,LOC003,SPC003,PRC0063,ORG009,,2026-06-01 09:43:09,2026-06-01 10:43:09,Synthetic evaluation request for Endocrinology,Z51.0,Routine,Closed—Completed,,2026-06-17 11:43:09,,2026-06-05 09:43:09,2026-06-05 20:43:09,2026-06-06 23:43:09,2026-06-19 23:43:09,2026-06-21 23:43:09,2026-06-23 09:43:09,Completed,,2026-06-01 10:43:09,2026-06-23 09:43:09
REF001066,EHR-REF0001066,NorthStar EHR,PAT000456,COV000456,PRC0029,ORG005,LOC005,SPC009,PRC0044,ORG015,,2026-06-29 00:59:29,2026-06-29 20:59:29,Synthetic evaluation request for Rheumatology,Z39.1,Routine,Closed—Completed,,2026-07-10 08:59:29,,2026-07-03 04:59:29,2026-07-02 02:59:29,2026-07-02 23:59:29,2026-07-19 23:59:29,2026-07-20 23:59:29,2026-07-21 05:59:29,Completed,,2026-06-29 20:59:29,2026-07-21 05:59:29
REF001067,EHR-REF0001067,NorthStar EHR,PAT000932,COV000932,PRC0030,ORG006,LOC006,SPC001,PRC0106,ORG027,,2026-06-13 08:38:37,2026-06-13 13:38:37,Synthetic evaluation request for Cardiology,Z72.4,Routine,Closed—Completed,,2026-06-27 12:38:37,,2026-06-16 07:38:37,2026-06-16 22:38:37,2026-06-18 12:38:37,2026-06-21 12:38:37,2026-06-23 12:38:37,2026-06-24 20:38:37,Completed,,2026-06-13 13:38:37,2026-06-24 20:38:37
REF001068,EHR-REF0001068,NorthStar EHR,PAT000248,COV000248,PRC0003,ORG003,LOC003,SPC002,PRC0082,ORG028,USR006,2025-11-16 00:42:47,2025-11-16 15:42:47,Synthetic evaluation request for Dermatology,Z43.2,Routine,Outreach in Progress,Outreach Follow-Up,2025-11-20 12:42:47,2025-11-23 12:42:47,2025-11-17 20:42:47,2025-11-18 19:42:47,,,,,,,2025-11-16 15:42:47,2025-11-20 12:42:47
REF001069,EHR-REF0001069,NorthStar EHR,PAT001446,COV001446,PRC0035,ORG005,LOC005,SPC007,PRC0092,ORG013,,2025-11-17 04:01:12,2025-11-17 20:01:12,Synthetic evaluation request for Otolaryngology,Z55.5,Routine,Closed—Not Completed,,2025-11-27 13:01:12,,2025-11-20 14:01:12,2025-11-18 12:01:12,,,,2025-11-27 13:01:12,Not Completed,Duplicate Referral,2025-11-17 20:01:12,2025-11-27 13:01:12
REF001070,EHR-REF0001070,NorthStar EHR,PAT001058,COV001058,PRC0007,ORG001,LOC001,SPC010,PRC0070,ORG016,,2025-11-17 00:57:09,2025-11-17 23:57:09,Synthetic evaluation request for General Surgery,Z11.6,Routine,Closed—Completed,,2025-12-01 08:57:09,,2025-11-18 15:57:09,2025-11-20 20:57:09,2025-11-22 09:57:09,2025-12-21 09:57:09,2025-12-27 09:57:09,2025-12-28 13:57:09,Completed,,2025-11-17 23:57:09,2025-12-28 13:57:09
REF001071,EHR-REF0001071,NorthStar EHR,PAT000103,COV000103,PRC0031,ORG001,LOC001,SPC005,PRC0110,ORG031,,2025-10-01 01:20:18,2025-10-01 23:20:18,Synthetic evaluation request for Neurology,Z30.9,Routine,Closed—Completed,,2025-10-13 22:20:18,,2025-10-05 17:20:18,2025-10-05 08:20:18,2025-10-06 20:20:18,2025-10-12 20:20:18,2025-10-16 20:20:18,2025-10-17 16:20:18,Completed,,2025-10-01 23:20:18,2025-10-17 16:20:18
REF001072,EHR-REF0001072,NorthStar EHR,PAT000121,COV000121,PRC0007,ORG001,LOC001,SPC005,PRC0065,ORG011,,2025-10-01 03:54:36,2025-10-01 14:54:36,Synthetic evaluation request for Neurology,Z45.7,Routine,Closed—Completed,,2025-10-12 19:54:36,,2025-10-03 00:54:36,2025-10-02 03:54:36,2025-10-02 11:54:36,2025-10-11 11:54:36,2025-10-13 11:54:36,2025-10-13 23:54:36,Completed,,2025-10-01 14:54:36,2025-10-13 23:54:36
REF001073,EHR-REF0001073,NorthStar EHR,PAT001056,COV001056,PRC0013,ORG001,LOC001,SPC007,PRC0102,ORG023,,2026-03-22 11:53:37,2026-03-22 22:53:37,Synthetic evaluation request for Otolaryngology,Z29.5,Routine,Closed—Not Completed,,2026-03-31 20:53:37,,2026-03-25 17:53:37,2026-03-26 12:53:37,,,,2026-03-31 20:53:37,Not Completed,No Longer Clinically Indicated,2026-03-22 22:53:37,2026-03-31 20:53:37
REF001074,EHR-REF0001074,NorthStar EHR,PAT001191,COV001191,PRC0013,ORG001,LOC001,SPC008,PRC0093,ORG014,USR005,2025-08-27 06:53:40,2025-08-28 01:53:40,Synthetic evaluation request for Pulmonology,Z27.2,Routine,Scheduled,Appointment Verification,2025-09-01 13:53:40,2025-09-04 13:53:40,2025-08-28 12:53:40,2025-08-30 12:53:40,2025-09-01 12:53:40,,,,,,2025-08-28 01:53:40,2025-09-01 13:53:40
REF001075,EHR-REF0001075,NorthStar EHR,PAT001846,COV001846,PRC0020,ORG002,LOC002,SPC001,PRC0081,ORG027,,2025-08-10 13:30:29,2025-08-10 19:30:29,Synthetic evaluation request for Cardiology,Z54.7,Routine,Closed—Completed,,2025-08-20 13:30:29,,2025-08-14 01:30:29,2025-08-13 04:30:29,2025-08-14 18:30:29,2025-09-03 18:30:29,2025-09-10 18:30:29,2025-09-12 07:30:29,Completed,,2025-08-10 19:30:29,2025-09-12 07:30:29
REF001076,EHR-REF0001076,NorthStar EHR,PAT001830,COV001830,PRC0006,ORG006,LOC006,SPC008,PRC0103,ORG024,USR013,2025-11-25 15:02:35,2025-11-26 07:02:35,Synthetic evaluation request for Pulmonology,Z18.7,Routine,Scheduled,Appointment Verification,2025-12-02 03:02:35,2025-12-05 03:02:35,2025-11-28 11:02:35,2025-11-29 14:02:35,2025-11-30 01:02:35,,,,,,2025-11-26 07:02:35,2025-12-02 03:02:35
REF001077,EHR-REF0001077,NorthStar EHR,PAT001106,COV001106,PRC0003,ORG003,LOC003,SPC009,PRC0079,ORG025,USR012,2026-05-30 01:24:54,2026-05-30 04:24:54,Synthetic evaluation request for Rheumatology,Z79.8,Routine,Completed—Report Pending,Report Pending,2026-06-09 20:24:54,2026-06-12 20:24:54,2026-05-31 10:24:54,2026-05-31 01:24:54,2026-05-31 22:24:54,2026-06-10 22:24:54,,,,,2026-05-30 04:24:54,2026-06-09 20:24:54
REF001078,EHR-REF0001078,NorthStar EHR,PAT001001,COV001001,PRC0031,ORG001,LOC001,SPC001,PRC0086,ORG007,USR011,2025-10-26 12:23:02,2025-10-26 15:23:02,Synthetic evaluation request for Cardiology,Z43.3,Routine,Scheduled,Appointment Verification,2025-10-30 15:23:02,2025-11-02 15:23:02,2025-10-28 19:23:02,2025-10-30 21:23:02,2025-10-31 22:23:02,,,,,,2025-10-26 15:23:02,2025-10-30 15:23:02
REF001079,EHR-REF0001079,NorthStar EHR,PAT000206,COV000206,PRC0008,ORG002,LOC002,SPC004,PRC0099,ORG020,,2026-01-15 21:27:23,2026-01-16 10:27:23,Synthetic evaluation request for Gastroenterology,Z74.6,Routine,Closed—Completed,,2026-01-23 20:27:23,,2026-01-18 23:27:23,2026-01-20 18:27:23,2026-01-21 06:27:23,2026-02-13 06:27:23,2026-02-14 06:27:23,2026-02-15 02:27:23,Completed,,2026-01-16 10:27:23,2026-02-15 02:27:23
REF001080,EHR-REF0001080,NorthStar EHR,PAT001885,COV001885,PRC0033,ORG003,LOC003,SPC010,PRC0070,ORG016,USR012,2026-01-07 23:43:32,2026-01-08 07:43:32,Synthetic evaluation request for General Surgery,Z82.0,Routine,Received,New Intake,2026-01-08 07:43:32,2026-01-11 07:43:32,,,,,,,,,2026-01-08 07:43:32,2026-01-08 07:43:32
REF001081,EHR-REF0001081,NorthStar EHR,PAT000565,COV000565,PRC0014,ORG002,LOC002,SPC005,PRC0075,ORG021,,2026-05-02 18:23:38,2026-05-03 14:23:38,Synthetic evaluation request for Neurology,Z20.8,Routine,Closed—Completed,,2026-05-16 00:23:38,,2026-05-07 10:23:38,2026-05-04 07:23:38,2026-05-06 01:23:38,2026-05-11 01:23:38,2026-05-21 01:23:38,2026-05-21 23:23:38,Completed,,2026-05-03 14:23:38,2026-05-21 23:23:38
REF001082,EHR-REF0001082,NorthStar EHR,PAT001165,COV001165,PRC0023,ORG005,LOC005,SPC009,PRC0079,ORG025,,2026-04-11 06:13:19,2026-04-11 09:13:19,Synthetic evaluation request for Rheumatology,Z64.3,Routine,Closed—Completed,,2026-04-20 00:13:19,,2026-04-15 03:13:19,2026-04-12 08:13:19,2026-04-13 13:13:19,2026-04-16 13:13:19,2026-04-20 13:13:19,2026-04-21 16:13:19,Completed,,2026-04-11 09:13:19,2026-04-21 16:13:19
REF001083,EHR-REF0001083,NorthStar EHR,PAT001754,COV001754,PRC0009,ORG003,LOC003,SPC006,PRC0076,ORG022,,2026-02-19 09:32:25,2026-02-20 04:32:25,Synthetic evaluation request for Orthopedics,Z30.5,Routine,Closed—Completed,,2026-03-03 17:32:25,,2026-02-24 00:32:25,2026-02-21 17:32:25,2026-02-22 07:32:25,2026-03-18 07:32:25,2026-03-26 07:32:25,2026-03-27 09:32:25,Completed,,2026-02-20 04:32:25,2026-03-27 09:32:25
REF001084,EHR-REF0001084,NorthStar EHR,PAT001970,COV001970,PRC0002,ORG002,LOC002,SPC010,PRC0055,ORG026,USR014,2026-06-17 23:02:05,2026-06-18 19:02:05,Synthetic evaluation request for General Surgery,Z79.4,Routine,Outreach in Progress,Outreach Follow-Up,2026-06-23 01:02:05,2026-06-26 01:02:05,2026-06-19 23:02:05,2026-06-20 07:02:05,,,,,,,2026-06-18 19:02:05,2026-06-23 01:02:05
REF001085,EHR-REF0001085,NorthStar EHR,PAT000369,COV000369,PRC0029,ORG005,LOC005,SPC009,PRC0079,ORG025,,2025-10-25 16:42:25,2025-10-26 02:42:25,Synthetic evaluation request for Rheumatology,Z66.0,Routine,Cancelled,,2025-10-26 17:42:25,,2025-10-26 17:42:25,,,,,2025-10-26 17:42:25,Cancelled,Duplicate Referral,2025-10-26 02:42:25,2025-10-26 17:42:25
REF001086,EHR-REF0001086,NorthStar EHR,PAT001420,COV001420,PRC0019,ORG001,LOC001,SPC001,PRC0106,ORG027,,2025-12-31 14:36:47,2025-12-31 16:36:47,Synthetic evaluation request for Cardiology,Z89.3,Routine,Closed—Completed,,2026-01-12 11:36:47,,2026-01-03 11:36:47,2026-01-03 18:36:47,2026-01-05 13:36:47,2026-01-23 13:36:47,2026-01-29 13:36:47,2026-01-30 08:36:47,Completed,,2025-12-31 16:36:47,2026-01-30 08:36:47
REF001087,EHR-REF0001087,NorthStar EHR,PAT001799,COV001799,PRC0001,ORG001,LOC001,SPC004,PRC0089,ORG010,USR010,2026-07-14 07:38:35,2026-07-14 19:38:35,Synthetic evaluation request for Gastroenterology,Z71.4,Routine,Outreach in Progress,Outreach Follow-Up,2026-07-18 05:38:35,2026-07-21 05:38:35,2026-07-15 22:38:35,2026-07-17 10:38:35,,,,,,,2026-07-14 19:38:35,2026-07-18 05:38:35
REF001088,EHR-REF0001088,NorthStar EHR,PAT001248,COV001248,PRC0013,ORG001,LOC001,SPC007,PRC0067,ORG013,,2025-08-04 08:47:40,2025-08-04 17:47:40,Synthetic evaluation request for Otolaryngology,Z55.0,Routine,Closed—Completed,,2025-08-15 00:47:40,,2025-08-08 07:47:40,2025-08-05 19:47:40,2025-08-06 15:47:40,2025-08-16 15:47:40,2025-08-23 15:47:40,2025-08-24 20:47:40,Completed,,2025-08-04 17:47:40,2025-08-24 20:47:40
REF001089,EHR-REF0001089,NorthStar EHR,PAT000009,COV000009,PRC0025,ORG001,LOC001,SPC009,PRC0044,ORG015,USR009,2026-05-11 05:09:52,2026-05-12 03:09:52,Synthetic evaluation request for Rheumatology,Z38.6,Routine,Scheduled,Appointment Verification,2026-05-21 05:09:52,2026-05-24 05:09:52,2026-05-14 16:09:52,2026-05-13 14:09:52,2026-05-13 18:09:52,,,,,,2026-05-12 03:09:52,2026-05-21 05:09:52
REF001090,EHR-REF0001090,NorthStar EHR,PAT000210,COV000210,PRC0006,ORG006,LOC006,SPC003,PRC0058,ORG029,USR004,2026-04-22 19:03:07,2026-04-23 17:03:07,Synthetic evaluation request for Endocrinology,Z88.2,Routine,Received,New Intake,2026-04-23 17:03:07,2026-04-26 17:03:07,,,,,,,,,2026-04-23 17:03:07,2026-04-23 17:03:07
REF001091,EHR-REF0001091,NorthStar EHR,PAT000828,COV000828,PRC0003,ORG003,LOC003,SPC008,PRC0068,ORG014,USR007,2026-06-25 08:35:56,2026-06-25 21:35:56,Synthetic evaluation request for Pulmonology,Z85.2,Routine,Scheduled,Appointment Verification,2026-06-30 11:35:56,2026-07-03 11:35:56,2026-06-27 14:35:56,2026-06-29 18:35:56,2026-06-30 23:35:56,,,,,,2026-06-25 21:35:56,2026-06-30 11:35:56
REF001092,EHR-REF0001092,NorthStar EHR,PAT001901,COV001901,PRC0024,ORG006,LOC006,SPC008,PRC0103,ORG024,USR006,2026-04-22 02:44:32,2026-04-22 15:44:32,Synthetic evaluation request for Pulmonology,Z27.7,Routine,Outreach in Progress,Outreach Follow-Up,2026-04-27 11:44:32,2026-04-30 11:44:32,2026-04-24 22:44:32,2026-04-24 22:44:32,,,,,,,2026-04-22 15:44:32,2026-04-27 11:44:32
REF001093,EHR-REF0001093,NorthStar EHR,PAT000046,COV000046,PRC0008,ORG002,LOC002,SPC003,PRC0083,ORG029,,2026-07-09 14:11:44,2026-07-09 17:11:44,Synthetic evaluation request for Endocrinology,Z86.1,Urgent,Closed—Completed,,2026-07-20 17:11:44,,2026-07-11 04:11:44,2026-07-10 16:11:44,2026-07-12 01:11:44,2026-07-21 01:11:44,2026-07-29 01:11:44,2026-07-30 01:11:44,Completed,,2026-07-09 17:11:44,2026-07-30 01:11:44
REF001094,EHR-REF0001094,NorthStar EHR,PAT000249,COV000249,PRC0016,ORG004,LOC004,SPC008,PRC0053,ORG024,USR010,2026-03-12 10:45:18,2026-03-13 06:45:18,Synthetic evaluation request for Pulmonology,Z29.8,Urgent,Scheduled,Appointment Verification,2026-03-18 12:45:18,2026-03-19 12:45:18,2026-03-13 13:45:18,2026-03-17 12:45:18,2026-03-17 23:45:18,,,,,,2026-03-13 06:45:18,2026-03-18 12:45:18
REF001095,EHR-REF0001095,NorthStar EHR,PAT000362,COV000362,PRC0024,ORG006,LOC006,SPC007,PRC0052,ORG023,USR014,2025-11-04 09:22:00,2025-11-05 06:22:00,Synthetic evaluation request for Otolaryngology,Z60.2,Routine,Scheduled,Appointment Verification,2025-11-11 23:22:00,2025-11-14 23:22:00,2025-11-06 22:22:00,2025-11-05 15:22:00,2025-11-05 18:22:00,,,,,,2025-11-05 06:22:00,2025-11-11 23:22:00
REF001096,EHR-REF0001096,NorthStar EHR,PAT001468,COV001468,PRC0002,ORG002,LOC002,SPC006,PRC0051,ORG022,,2026-01-26 10:31:58,2026-01-26 13:31:58,Synthetic evaluation request for Orthopedics,Z25.0,Routine,Closed—Completed,,2026-02-08 03:31:58,,2026-01-30 08:31:58,2026-01-28 15:31:58,2026-01-29 09:31:58,2026-02-16 09:31:58,2026-02-25 09:31:58,2026-02-26 03:31:58,Completed,,2026-01-26 13:31:58,2026-02-26 03:31:58
REF001097,EHR-REF0001097,NorthStar EHR,PAT001272,COV001272,PRC0007,ORG001,LOC001,SPC008,PRC0068,ORG014,,2026-03-21 17:11:39,2026-03-22 00:11:39,Synthetic evaluation request for Pulmonology,Z11.8,Routine,Closed—Completed,,2026-04-01 00:11:39,,2026-03-24 13:11:39,2026-03-26 19:11:39,2026-03-27 16:11:39,2026-04-06 16:11:39,2026-04-08 16:11:39,2026-04-09 12:11:39,Completed,,2026-03-22 00:11:39,2026-04-09 12:11:39
REF001098,EHR-REF0001098,NorthStar EHR,PAT001880,COV001880,PRC0003,ORG003,LOC003,SPC001,PRC0061,ORG007,,2025-12-28 13:25:10,2025-12-28 17:25:10,Synthetic evaluation request for Cardiology,Z73.3,Routine,Closed—Completed,,2026-01-02 07:25:10,,2025-12-29 10:25:10,2026-01-01 02:25:10,2026-01-02 10:25:10,2026-01-18 10:25:10,2026-01-25 10:25:10,2026-01-26 11:25:10,Completed,,2025-12-28 17:25:10,2026-01-26 11:25:10
REF001099,EHR-REF0001099,NorthStar EHR,PAT000129,COV000129,PRC0014,ORG002,LOC002,SPC003,PRC0088,ORG009,USR011,2025-11-05 02:15:19,2025-11-06 02:15:19,Synthetic evaluation request for Endocrinology,Z62.9,Routine,Outreach in Progress,Outreach Follow-Up,2025-11-12 14:15:19,2025-11-15 14:15:19,2025-11-10 02:15:19,2025-11-09 08:15:19,,,,,,,2025-11-06 02:15:19,2025-11-12 14:15:19
REF001100,EHR-REF0001100,NorthStar EHR,PAT000576,COV000576,PRC0014,ORG002,LOC002,SPC001,PRC0056,ORG027,,2026-07-09 09:27:00,2026-07-09 21:27:00,Synthetic evaluation request for Cardiology,Z11.7,Routine,Closed—Completed,,2026-07-25 04:27:00,,2026-07-13 04:27:00,2026-07-11 23:27:00,2026-07-12 01:27:00,2026-07-20 01:27:00,2026-07-24 01:27:00,2026-07-24 21:27:00,Completed,,2026-07-09 21:27:00,2026-07-24 21:27:00
REF001101,EHR-REF0001101,NorthStar EHR,PAT000354,COV000354,PRC0009,ORG003,LOC003,SPC005,PRC0065,ORG011,,2026-05-24 19:27:34,2026-05-25 07:27:34,Synthetic evaluation request for Neurology,Z66.3,Routine,Closed—Completed,,2026-06-03 13:27:34,,2026-05-27 03:27:34,2026-05-25 17:27:34,2026-05-26 15:27:34,2026-06-21 15:27:34,2026-06-24 15:27:34,2026-06-25 21:27:34,Completed,,2026-05-25 07:27:34,2026-06-25 21:27:34
REF001102,EHR-REF0001102,NorthStar EHR,PAT000432,COV000432,PRC0027,ORG003,LOC003,SPC002,PRC0057,ORG028,,2025-08-04 14:05:06,2025-08-05 04:05:06,Synthetic evaluation request for Dermatology,Z35.1,Urgent,Closed—Not Completed,,2025-08-09 17:05:06,,2025-08-06 23:05:06,2025-08-06 15:05:06,,,,2025-08-09 17:05:06,Not Completed,Duplicate Referral,2025-08-05 04:05:06,2025-08-09 17:05:06
REF001103,EHR-REF0001103,NorthStar EHR,PAT001114,COV001114,PRC0022,ORG004,LOC004,SPC010,PRC0105,ORG026,,2025-09-16 11:24:19,2025-09-16 15:24:19,Synthetic evaluation request for General Surgery,Z73.4,Routine,Closed—Completed,,2025-09-29 02:24:19,,2025-09-17 20:24:19,2025-09-21 09:24:19,2025-09-21 17:24:19,2025-10-06 17:24:19,2025-10-07 17:24:19,2025-10-08 20:24:19,Completed,,2025-09-16 15:24:19,2025-10-08 20:24:19
REF001104,EHR-REF0001104,NorthStar EHR,PAT001337,COV001337,PRC0030,ORG006,LOC006,SPC005,PRC0075,ORG021,,2026-06-17 12:12:14,2026-06-18 07:12:14,Synthetic evaluation request for Neurology,Z52.6,Routine,Closed—Completed,,2026-06-30 00:12:14,,2026-06-18 16:12:14,2026-06-18 23:12:14,2026-06-20 04:12:14,2026-07-05 04:12:14,2026-07-08 04:12:14,2026-07-09 16:12:14,Completed,,2026-06-18 07:12:14,2026-07-09 16:12:14
REF001105,EHR-REF0001105,NorthStar EHR,PAT000969,COV000969,PRC0026,ORG002,LOC002,SPC008,PRC0068,ORG014,,2025-09-30 13:53:12,2025-09-30 21:53:12,Synthetic evaluation request for Pulmonology,Z84.6,Routine,Closed—Completed,,2025-10-08 10:53:12,,2025-10-02 16:53:12,2025-10-03 02:53:12,2025-10-04 12:53:12,2025-11-01 12:53:12,2025-11-06 12:53:12,2025-11-07 13:53:12,Completed,,2025-09-30 21:53:12,2025-11-07 13:53:12
REF001106,EHR-REF0001106,NorthStar EHR,PAT001483,COV001483,PRC0025,ORG001,LOC001,SPC004,PRC0084,ORG030,USR007,2026-05-20 04:44:11,2026-05-20 06:44:11,Synthetic evaluation request for Gastroenterology,Z11.6,Routine,Scheduled,Appointment Verification,2026-05-29 05:44:11,2026-06-01 05:44:11,2026-05-22 00:44:11,2026-05-24 11:44:11,2026-05-25 01:44:11,,,,,,2026-05-20 06:44:11,2026-05-29 05:44:11
REF001107,EHR-REF0001107,NorthStar EHR,PAT000474,COV000474,PRC0029,ORG005,LOC005,SPC008,PRC0103,ORG024,,2025-09-30 02:06:54,2025-09-30 10:06:54,Synthetic evaluation request for Pulmonology,Z48.2,Routine,Cancelled,,2025-10-01 16:06:54,,2025-10-01 16:06:54,,,,,2025-10-01 16:06:54,Cancelled,No Longer Clinically Indicated,2025-09-30 10:06:54,2025-10-01 16:06:54
REF001108,EHR-REF0001108,NorthStar EHR,PAT001576,COV001576,PRC0012,ORG006,LOC006,SPC006,PRC0051,ORG022,,2026-06-29 20:03:20,2026-06-29 21:03:20,Synthetic evaluation request for Orthopedics,Z84.0,Routine,Closed—Completed,,2026-07-11 23:03:20,,2026-07-01 16:03:20,2026-06-30 20:03:20,2026-07-02 20:03:20,2026-07-31 20:03:20,2026-08-02 20:03:20,2026-08-03 11:03:20,Completed,,2026-06-29 21:03:20,2026-08-03 11:03:20
REF001109,EHR-REF0001109,NorthStar EHR,PAT000363,COV000363,PRC0006,ORG006,LOC006,SPC004,PRC0049,ORG020,,2025-12-23 23:43:22,2025-12-24 13:43:22,Synthetic evaluation request for Gastroenterology,Z79.8,Routine,Cancelled,,2025-12-25 20:43:22,,2025-12-25 20:43:22,,,,,2025-12-25 20:43:22,Cancelled,No Longer Clinically Indicated,2025-12-24 13:43:22,2025-12-25 20:43:22
REF001110,EHR-REF0001110,NorthStar EHR,PAT001743,COV001743,PRC0005,ORG005,LOC005,SPC003,PRC0083,ORG029,,2025-11-11 05:19:46,2025-11-11 10:19:46,Synthetic evaluation request for Endocrinology,Z29.4,Routine,Closed—Completed,,2025-11-24 19:19:46,,2025-11-14 08:19:46,2025-11-15 05:19:46,2025-11-15 11:19:46,2025-12-10 11:19:46,2025-12-15 11:19:46,2025-12-16 02:19:46,Completed,,2025-11-11 10:19:46,2025-12-16 02:19:46
REF001111,EHR-REF0001111,NorthStar EHR,PAT000552,COV000552,PRC0012,ORG006,LOC006,SPC001,PRC0061,ORG007,USR011,2026-07-02 19:32:51,2026-07-03 07:32:51,Synthetic evaluation request for Cardiology,Z59.3,Routine,Completed—Report Pending,Report Pending,2026-07-13 16:32:51,2026-07-16 16:32:51,2026-07-06 15:32:51,2026-07-07 01:32:51,2026-07-07 15:32:51,2026-07-29 15:32:51,,,,,2026-07-03 07:32:51,2026-07-13 16:32:51
REF001112,EHR-REF0001112,NorthStar EHR,PAT000539,COV000539,PRC0024,ORG006,LOC006,SPC004,PRC0039,ORG010,,2026-04-25 03:38:38,2026-04-25 07:38:38,Synthetic evaluation request for Gastroenterology,Z65.2,Routine,Closed—Completed,,2026-05-03 01:38:38,,2026-04-28 00:38:38,2026-04-26 12:38:38,2026-04-28 09:38:38,2026-05-13 09:38:38,2026-05-15 09:38:38,2026-05-16 23:38:38,Completed,,2026-04-25 07:38:38,2026-05-16 23:38:38
REF001113,EHR-REF0001113,NorthStar EHR,PAT001282,COV001282,PRC0002,ORG002,LOC002,SPC001,PRC0081,ORG027,,2025-10-20 22:33:13,2025-10-21 07:33:13,Synthetic evaluation request for Cardiology,Z34.6,Routine,Closed—Not Completed,,2025-10-29 05:33:13,,2025-10-25 02:33:13,2025-10-26 04:33:13,,,,2025-10-29 05:33:13,Not Completed,Insurance or Access Barrier,2025-10-21 07:33:13,2025-10-29 05:33:13
REF001114,EHR-REF0001114,NorthStar EHR,PAT001945,COV001945,PRC0001,ORG001,LOC001,SPC001,PRC0086,ORG007,USR003,2025-11-02 09:10:32,2025-11-02 23:10:32,Synthetic evaluation request for Cardiology,Z89.1,Routine,Scheduled,Appointment Verification,2025-11-12 09:10:32,2025-11-15 09:10:32,2025-11-05 20:10:32,2025-11-06 09:10:32,2025-11-08 02:10:32,,,,,,2025-11-02 23:10:32,2025-11-12 09:10:32
REF001115,EHR-REF0001115,NorthStar EHR,PAT000147,COV000147,PRC0028,ORG004,LOC004,SPC010,PRC0080,ORG026,USR002,2025-10-31 12:59:21,2025-10-31 21:59:21,Synthetic evaluation request for General Surgery,Z32.1,Routine,Received,New Intake,2025-10-31 21:59:21,2025-11-03 21:59:21,,,,,,,,,2025-10-31 21:59:21,2025-10-31 21:59:21
REF001116,EHR-REF0001116,NorthStar EHR,PAT001881,COV001881,PRC0017,ORG005,LOC005,SPC001,PRC0036,ORG007,USR012,2025-12-14 09:37:39,2025-12-14 20:37:39,Synthetic evaluation request for Cardiology,Z37.5,Urgent,Scheduled,Appointment Verification,2025-12-21 15:37:39,2025-12-22 15:37:39,2025-12-17 09:37:39,2025-12-16 10:37:39,2025-12-17 19:37:39,,,,,,2025-12-14 20:37:39,2025-12-21 15:37:39
REF001117,EHR-REF0001117,NorthStar EHR,PAT001502,COV001502,PRC0018,ORG006,LOC006,SPC005,PRC0110,ORG031,,2026-02-02 19:18:13,2026-02-02 23:18:13,Synthetic evaluation request for Neurology,Z24.4,Routine,Closed—Completed,,2026-02-11 05:18:13,,2026-02-05 04:18:13,2026-02-04 11:18:13,2026-02-04 18:18:13,2026-02-26 18:18:13,2026-02-28 18:18:13,2026-03-02 01:18:13,Completed,,2026-02-02 23:18:13,2026-03-02 01:18:13
REF001118,EHR-REF0001118,NorthStar EHR,PAT000841,COV000841,PRC0009,ORG003,LOC003,SPC006,PRC0076,ORG022,USR006,2026-03-25 11:00:29,2026-03-26 01:00:29,Synthetic evaluation request for Orthopedics,Z50.8,Routine,Scheduled,Appointment Verification,2026-04-02 08:00:29,2026-04-05 08:00:29,2026-03-28 12:00:29,2026-03-27 08:00:29,2026-03-28 13:00:29,,,,,,2026-03-26 01:00:29,2026-04-02 08:00:29
REF001119,EHR-REF0001119,NorthStar EHR,PAT000152,COV000152,PRC0030,ORG006,LOC006,SPC005,PRC0100,ORG021,USR002,2026-02-19 06:29:36,2026-02-20 03:29:36,Synthetic evaluation request for Neurology,Z68.5,Urgent,Outreach in Progress,Outreach Follow-Up,2026-02-25 01:29:36,2026-02-26 01:29:36,2026-02-22 15:29:36,2026-02-22 00:29:36,,,,,,,2026-02-20 03:29:36,2026-02-25 01:29:36
REF001120,EHR-REF0001120,NorthStar EHR,PAT001761,COV001761,PRC0010,ORG004,LOC004,SPC001,PRC0061,ORG007,,2026-05-24 18:57:16,2026-05-25 08:57:16,Synthetic evaluation request for Cardiology,Z80.5,Routine,Closed—Completed,,2026-06-09 08:57:16,,2026-05-29 05:57:16,2026-05-28 03:57:16,2026-05-29 15:57:16,2026-06-05 15:57:16,2026-06-08 15:57:16,2026-06-10 02:57:16,Completed,,2026-05-25 08:57:16,2026-06-10 02:57:16
REF001121,EHR-REF0001121,NorthStar EHR,PAT001579,COV001579,PRC0017,ORG005,LOC005,SPC005,PRC0065,ORG011,USR014,2026-05-28 01:34:33,2026-05-28 03:34:33,Synthetic evaluation request for Neurology,Z14.7,Routine,Scheduled,Appointment Verification,2026-05-29 08:34:33,2026-06-01 08:34:33,2026-05-28 16:34:33,2026-05-30 02:34:33,2026-05-31 03:34:33,,,,,,2026-05-28 03:34:33,2026-05-29 08:34:33
REF001122,EHR-REF0001122,NorthStar EHR,PAT000945,COV000945,PRC0009,ORG003,LOC003,SPC005,PRC0085,ORG031,USR001,2026-01-31 15:51:48,2026-01-31 21:51:48,Synthetic evaluation request for Neurology,Z29.4,Routine,Ready for Outreach,Ready for Outreach,2026-02-02 02:51:48,2026-02-05 02:51:48,2026-02-02 02:51:48,,,,,,,,2026-01-31 21:51:48,2026-02-02 02:51:48
REF001123,EHR-REF0001123,NorthStar EHR,PAT000915,COV000915,PRC0035,ORG005,LOC005,SPC003,PRC0098,ORG019,,2025-10-07 12:29:24,2025-10-08 00:29:24,Synthetic evaluation request for Endocrinology,Z45.7,Routine,Closed—Completed,,2025-10-17 18:29:24,,2025-10-10 14:29:24,2025-10-12 03:29:24,2025-10-13 16:29:24,2025-11-16 16:29:24,2025-11-23 16:29:24,2025-11-24 16:29:24,Completed,,2025-10-08 00:29:24,2025-11-24 16:29:24
REF001124,EHR-REF0001124,NorthStar EHR,PAT000509,COV000509,PRC0010,ORG004,LOC004,SPC004,PRC0049,ORG020,USR010,2026-04-02 00:32:15,2026-04-02 16:32:15,Synthetic evaluation request for Gastroenterology,Z77.9,Routine,Scheduled,Appointment Verification,2026-04-10 16:32:15,2026-04-13 16:32:15,2026-04-03 19:32:15,2026-04-03 00:32:15,2026-04-03 07:32:15,,,,,,2026-04-02 16:32:15,2026-04-10 16:32:15
REF001125,EHR-REF0001125,NorthStar EHR,PAT001807,COV001807,PRC0017,ORG005,LOC005,SPC002,PRC0072,ORG018,,2026-04-20 10:46:32,2026-04-21 06:46:32,Synthetic evaluation request for Dermatology,Z11.9,Routine,Closed—Completed,,2026-04-29 22:46:32,,2026-04-25 02:46:32,2026-04-23 10:46:32,2026-04-25 02:46:32,2026-04-28 02:46:32,2026-05-03 02:46:32,2026-05-04 02:46:32,Completed,,2026-04-21 06:46:32,2026-05-04 02:46:32
REF001126,EHR-REF0001126,NorthStar EHR,PAT000387,COV000387,PRC0033,ORG003,LOC003,SPC002,PRC0057,ORG028,,2025-11-18 16:41:23,2025-11-19 03:41:23,Synthetic evaluation request for Dermatology,Z57.8,Routine,Closed—Not Completed,,2025-11-24 15:41:23,,2025-11-20 19:41:23,2025-11-23 18:41:23,,,,2025-11-24 15:41:23,Not Completed,Patient Chose Another Provider,2025-11-19 03:41:23,2025-11-24 15:41:23
REF001127,EHR-REF0001127,NorthStar EHR,PAT000214,COV000214,PRC0035,ORG005,LOC005,SPC008,PRC0078,ORG024,USR008,2026-03-20 06:18:52,2026-03-20 21:18:52,Synthetic evaluation request for Pulmonology,Z41.7,Routine,Ready for Outreach,Ready for Outreach,2026-03-24 07:18:52,2026-03-27 07:18:52,2026-03-24 07:18:52,,,,,,,,2026-03-20 21:18:52,2026-03-24 07:18:52
REF001128,EHR-REF0001128,NorthStar EHR,PAT000063,COV000063,PRC0018,ORG006,LOC006,SPC003,PRC0083,ORG029,,2025-11-16 16:57:06,2025-11-16 19:57:06,Synthetic evaluation request for Endocrinology,Z22.7,Routine,Cancelled,,2025-11-19 22:57:06,,2025-11-19 22:57:06,,,,,2025-11-19 22:57:06,Cancelled,No Longer Clinically Indicated,2025-11-16 19:57:06,2025-11-19 22:57:06
REF001129,EHR-REF0001129,NorthStar EHR,PAT000553,COV000553,PRC0020,ORG002,LOC002,SPC006,PRC0051,ORG022,,2026-04-11 19:46:04,2026-04-12 16:46:04,Synthetic evaluation request for Orthopedics,Z14.7,Routine,Closed—Completed,,2026-04-25 02:46:04,,2026-04-15 17:46:04,2026-04-13 07:46:04,2026-04-13 17:46:04,2026-05-14 17:46:04,2026-05-19 17:46:04,2026-05-20 07:46:04,Completed,,2026-04-12 16:46:04,2026-05-20 07:46:04
REF001130,EHR-REF0001130,NorthStar EHR,PAT001122,COV001122,PRC0031,ORG001,LOC001,SPC009,PRC0079,ORG025,USR002,2026-03-16 17:24:17,2026-03-17 01:24:17,Synthetic evaluation request for Rheumatology,Z29.3,Routine,Scheduled,Appointment Verification,2026-03-19 07:24:17,2026-03-22 07:24:17,2026-03-17 18:24:17,2026-03-19 07:24:17,2026-03-21 06:24:17,,,,,,2026-03-17 01:24:17,2026-03-19 07:24:17
REF001131,EHR-REF0001131,NorthStar EHR,PAT000895,COV000895,PRC0003,ORG003,LOC003,SPC004,PRC0084,ORG030,,2025-11-08 18:12:47,2025-11-09 07:12:47,Synthetic evaluation request for Gastroenterology,Z51.4,Routine,Closed—Completed,,2025-11-23 09:12:47,,2025-11-12 15:12:47,2025-11-12 11:12:47,2025-11-13 10:12:47,2025-12-16 10:12:47,2025-12-23 10:12:47,2025-12-24 13:12:47,Completed,,2025-11-09 07:12:47,2025-12-24 13:12:47
REF001132,EHR-REF0001132,NorthStar EHR,PAT000499,COV000499,PRC0015,ORG003,LOC003,SPC004,PRC0049,ORG020,USR010,2025-11-20 01:47:58,2025-11-20 20:47:58,Synthetic evaluation request for Gastroenterology,Z16.3,Routine,Outreach in Progress,Outreach Follow-Up,2025-11-24 16:47:58,2025-11-27 16:47:58,2025-11-21 01:47:58,2025-11-21 09:47:58,,,,,,,2025-11-20 20:47:58,2025-11-24 16:47:58
REF001133,EHR-REF0001133,NorthStar EHR,PAT000215,COV000215,PRC0035,ORG005,LOC005,SPC005,PRC0075,ORG021,,2026-05-11 15:51:56,2026-05-12 15:51:56,Synthetic evaluation request for Neurology,Z72.2,Routine,Closed—Not Completed,,2026-05-16 00:51:56,,2026-05-13 04:51:56,2026-05-15 04:51:56,,,,2026-05-16 00:51:56,Not Completed,Insurance or Access Barrier,2026-05-12 15:51:56,2026-05-16 00:51:56
REF001134,EHR-REF0001134,NorthStar EHR,PAT000931,COV000931,PRC0034,ORG004,LOC004,SPC010,PRC0055,ORG026,,2025-10-16 23:02:43,2025-10-17 04:02:43,Synthetic evaluation request for General Surgery,Z82.1,Routine,Closed—Completed,,2025-10-28 23:02:43,,2025-10-19 16:02:43,2025-10-20 02:02:43,2025-10-20 23:02:43,2025-11-18 23:02:43,2025-11-25 23:02:43,2025-11-27 10:02:43,Completed,,2025-10-17 04:02:43,2025-11-27 10:02:43
REF001135,EHR-REF0001135,NorthStar EHR,PAT001555,COV001555,PRC0005,ORG005,LOC005,SPC003,PRC0083,ORG029,,2026-06-13 14:21:26,2026-06-14 14:21:26,Synthetic evaluation request for Endocrinology,Z42.5,Routine,Closed—Completed,,2026-06-22 18:21:26,,2026-06-14 20:21:26,2026-06-16 18:21:26,2026-06-18 18:21:26,2026-06-21 18:21:26,2026-06-28 18:21:26,2026-06-29 09:21:26,Completed,,2026-06-14 14:21:26,2026-06-29 09:21:26
REF001136,EHR-REF0001136,NorthStar EHR,PAT000422,COV000422,PRC0032,ORG002,LOC002,SPC003,PRC0098,ORG019,USR001,2026-04-15 02:01:27,2026-04-15 17:01:27,Synthetic evaluation request for Endocrinology,Z78.8,Routine,Scheduled,Appointment Verification,2026-04-18 07:01:27,2026-04-21 07:01:27,2026-04-16 02:01:27,2026-04-20 09:01:27,2026-04-22 08:01:27,,,,,,2026-04-15 17:01:27,2026-04-18 07:01:27
REF001137,EHR-REF0001137,NorthStar EHR,PAT001691,COV001691,PRC0014,ORG002,LOC002,SPC008,PRC0103,ORG024,,2026-03-09 09:59:17,2026-03-09 17:59:17,Synthetic evaluation request for Pulmonology,Z31.0,Routine,Closed—Completed,,2026-03-24 22:59:17,,2026-03-13 17:59:17,2026-03-14 03:59:17,2026-03-16 03:59:17,2026-03-30 03:59:17,2026-04-05 03:59:17,2026-04-06 10:59:17,Completed,,2026-03-09 17:59:17,2026-04-06 10:59:17
REF001138,EHR-REF0001138,NorthStar EHR,PAT000796,COV000796,PRC0015,ORG003,LOC003,SPC008,PRC0078,ORG024,,2025-10-19 19:24:01,2025-10-20 18:24:01,Synthetic evaluation request for Pulmonology,Z24.0,Routine,Closed—Completed,,2025-11-02 15:24:01,,2025-10-24 03:24:01,2025-10-24 16:24:01,2025-10-26 02:24:01,2025-11-03 02:24:01,2025-11-10 02:24:01,2025-11-10 17:24:01,Completed,,2025-10-20 18:24:01,2025-11-10 17:24:01
REF001139,EHR-REF0001139,NorthStar EHR,PAT000970,COV000970,PRC0010,ORG004,LOC004,SPC005,PRC0075,ORG021,USR003,2025-10-30 05:30:58,2025-10-30 05:30:58,Synthetic evaluation request for Neurology,Z84.0,Routine,Ready for Outreach,Ready for Outreach,2025-11-02 23:30:58,2025-11-05 23:30:58,2025-11-02 23:30:58,,,,,,,,2025-10-30 05:30:58,2025-11-02 23:30:58
REF001140,EHR-REF0001140,NorthStar EHR,PAT001587,COV001587,PRC0033,ORG003,LOC003,SPC003,PRC0083,ORG029,,2026-03-25 10:23:28,2026-03-25 10:23:28,Synthetic evaluation request for Endocrinology,Z83.7,Routine,Closed—Completed,,2026-04-01 00:23:28,,2026-03-26 19:23:28,2026-03-29 05:23:28,2026-03-29 15:23:28,2026-04-29 15:23:28,2026-05-01 15:23:28,2026-05-02 02:23:28,Completed,,2026-03-25 10:23:28,2026-05-02 02:23:28
REF001141,EHR-REF0001141,NorthStar EHR,PAT000968,COV000968,PRC0034,ORG004,LOC004,SPC010,PRC0080,ORG026,,2026-05-03 05:06:30,2026-05-03 17:06:30,Synthetic evaluation request for General Surgery,Z56.7,Routine,Closed—Completed,,2026-05-15 12:06:30,,2026-05-06 12:06:30,2026-05-05 18:06:30,2026-05-07 11:06:30,2026-06-07 11:06:30,2026-06-17 11:06:30,2026-06-18 16:06:30,Completed,,2026-05-03 17:06:30,2026-06-18 16:06:30
REF001142,EHR-REF0001142,NorthStar EHR,PAT000172,COV000172,PRC0029,ORG005,LOC005,SPC009,PRC0044,ORG015,,2026-04-24 01:04:49,2026-04-24 18:04:49,Synthetic evaluation request for Rheumatology,Z35.8,Routine,Closed—Not Completed,,2026-04-30 20:04:49,,2026-04-28 00:04:49,2026-04-27 03:04:49,,,,2026-04-30 20:04:49,Not Completed,Transferred Care,2026-04-24 18:04:49,2026-04-30 20:04:49
REF001143,EHR-REF0001143,NorthStar EHR,PAT000110,COV000110,PRC0006,ORG006,LOC006,SPC007,PRC0052,ORG023,,2026-06-24 06:06:19,2026-06-24 12:06:19,Synthetic evaluation request for Otolaryngology,Z43.4,Routine,Cancelled,,2026-06-27 12:06:19,,2026-06-27 12:06:19,,,,,2026-06-27 12:06:19,Cancelled,No Longer Clinically Indicated,2026-06-24 12:06:19,2026-06-27 12:06:19
REF001144,EHR-REF0001144,NorthStar EHR,PAT001123,COV001123,PRC0035,ORG005,LOC005,SPC002,PRC0107,ORG028,,2025-10-29 03:25:20,2025-10-29 08:25:20,Synthetic evaluation request for Dermatology,Z57.0,Routine,Closed—Completed,,2025-11-03 20:25:20,,2025-10-31 03:25:20,2025-11-03 04:25:20,2025-11-04 23:25:20,2025-12-04 23:25:20,2025-12-05 23:25:20,2025-12-07 05:25:20,Completed,,2025-10-29 08:25:20,2025-12-07 05:25:20
REF001145,EHR-REF0001145,NorthStar EHR,PAT001635,COV001635,PRC0033,ORG003,LOC003,SPC008,PRC0103,ORG024,,2025-09-06 06:35:06,2025-09-07 02:35:06,Synthetic evaluation request for Pulmonology,Z57.6,Routine,Closed—Completed,,2025-09-17 02:35:06,,2025-09-10 09:35:06,2025-09-08 12:35:06,2025-09-09 10:35:06,2025-09-28 10:35:06,2025-10-06 10:35:06,2025-10-07 00:35:06,Completed,,2025-09-07 02:35:06,2025-10-07 00:35:06
REF001146,EHR-REF0001146,NorthStar EHR,PAT001184,COV001184,PRC0033,ORG003,LOC003,SPC006,PRC0101,ORG022,,2026-06-04 12:33:12,2026-06-04 21:33:12,Synthetic evaluation request for Orthopedics,Z29.0,Routine,Closed—Completed,,2026-06-14 08:33:12,,2026-06-06 05:33:12,2026-06-06 14:33:12,2026-06-07 13:33:12,2026-06-24 13:33:12,2026-06-25 13:33:12,2026-06-27 07:33:12,Completed,,2026-06-04 21:33:12,2026-06-27 07:33:12
REF001147,EHR-REF0001147,NorthStar EHR,PAT001345,COV001345,PRC0016,ORG004,LOC004,SPC003,PRC0058,ORG029,,2025-08-28 15:10:51,2025-08-29 02:10:51,Synthetic evaluation request for Endocrinology,Z40.9,Routine,Closed—Completed,,2025-09-09 06:10:51,,2025-08-29 07:10:51,2025-08-30 23:10:51,2025-08-31 11:10:51,2025-09-26 11:10:51,2025-09-29 11:10:51,2025-09-30 03:10:51,Completed,,2025-08-29 02:10:51,2025-09-30 03:10:51
REF001148,EHR-REF0001148,NorthStar EHR,PAT001796,COV001796,PRC0034,ORG004,LOC004,SPC002,PRC0047,ORG018,,2025-12-16 14:01:36,2025-12-17 05:01:36,Synthetic evaluation request for Dermatology,Z41.8,Routine,Closed—Completed,,2025-12-26 12:01:36,,2025-12-18 08:01:36,2025-12-17 15:01:36,2025-12-18 19:01:36,2026-01-11 19:01:36,2026-01-12 19:01:36,2026-01-13 21:01:36,Completed,,2025-12-17 05:01:36,2026-01-13 21:01:36
REF001149,EHR-REF0001149,NorthStar EHR,PAT001335,COV001335,PRC0016,ORG004,LOC004,SPC002,PRC0057,ORG028,,2026-01-18 13:17:03,2026-01-19 13:17:03,Synthetic evaluation request for Dermatology,Z52.4,Routine,Closed—Not Completed,,2026-01-29 05:17:03,,2026-01-22 04:17:03,2026-01-23 22:17:03,,,,2026-01-29 05:17:03,Not Completed,Transferred Care,2026-01-19 13:17:03,2026-01-29 05:17:03
REF001150,EHR-REF0001150,NorthStar EHR,PAT000794,COV000794,PRC0028,ORG004,LOC004,SPC005,PRC0040,ORG011,,2026-01-12 01:10:57,2026-01-12 11:10:57,Synthetic evaluation request for Neurology,Z18.2,Routine,Closed—Completed,,2026-01-26 13:10:57,,2026-01-14 10:10:57,2026-01-14 14:10:57,2026-01-16 10:10:57,2026-01-21 10:10:57,2026-01-28 10:10:57,2026-01-29 20:10:57,Completed,,2026-01-12 11:10:57,2026-01-29 20:10:57
REF001151,EHR-REF0001151,NorthStar EHR,PAT001733,COV001733,PRC0004,ORG004,LOC004,SPC006,PRC0041,ORG012,USR014,2025-08-28 04:54:07,2025-08-28 15:54:07,Synthetic evaluation request for Orthopedics,Z36.6,Routine,Outreach in Progress,Outreach Follow-Up,2025-09-02 02:54:07,2025-09-05 02:54:07,2025-08-30 08:54:07,2025-08-30 04:54:07,,,,,,,2025-08-28 15:54:07,2025-09-02 02:54:07
REF001152,EHR-REF0001152,NorthStar EHR,PAT001234,COV001234,PRC0026,ORG002,LOC002,SPC004,PRC0064,ORG010,,2026-03-12 22:38:25,2026-03-13 15:38:25,Synthetic evaluation request for Gastroenterology,Z65.6,Routine,Cancelled,,2026-03-17 13:38:25,,2026-03-17 13:38:25,,,,,2026-03-17 13:38:25,Cancelled,Duplicate Referral,2026-03-13 15:38:25,2026-03-17 13:38:25
REF001153,EHR-REF0001153,NorthStar EHR,PAT001585,COV001585,PRC0034,ORG004,LOC004,SPC004,PRC0109,ORG030,USR005,2025-10-18 20:10:02,2025-10-19 20:10:02,Synthetic evaluation request for Gastroenterology,Z24.0,Urgent,Scheduled,Appointment Verification,2025-10-26 16:10:02,2025-10-27 16:10:02,2025-10-21 23:10:02,2025-10-22 09:10:02,2025-10-22 17:10:02,,,,,,2025-10-19 20:10:02,2025-10-26 16:10:02
REF001154,EHR-REF0001154,NorthStar EHR,PAT000672,COV000672,PRC0021,ORG003,LOC003,SPC004,PRC0089,ORG010,,2025-10-16 12:14:25,2025-10-17 07:14:25,Synthetic evaluation request for Gastroenterology,Z27.7,Routine,Cancelled,,2025-10-20 17:14:25,,2025-10-20 17:14:25,,,,,2025-10-20 17:14:25,Cancelled,Duplicate Referral,2025-10-17 07:14:25,2025-10-20 17:14:25
REF001155,EHR-REF0001155,NorthStar EHR,PAT000821,COV000821,PRC0020,ORG002,LOC002,SPC008,PRC0043,ORG014,,2025-10-11 06:49:42,2025-10-11 09:49:42,Synthetic evaluation request for Pulmonology,Z60.9,Routine,Closed—Completed,,2025-10-17 14:49:42,,2025-10-12 02:49:42,2025-10-16 08:49:42,2025-10-17 06:49:42,2025-11-19 06:49:42,2025-11-29 06:49:42,2025-11-30 15:49:42,Completed,,2025-10-11 09:49:42,2025-11-30 15:49:42
REF001156,EHR-REF0001156,NorthStar EHR,PAT000926,COV000926,PRC0003,ORG003,LOC003,SPC003,PRC0073,ORG019,,2026-01-17 20:51:13,2026-01-18 12:51:13,Synthetic evaluation request for Endocrinology,Z15.6,Urgent,Closed—Not Completed,,2026-01-25 01:51:13,,2026-01-18 18:51:13,2026-01-21 13:51:13,,,,2026-01-25 01:51:13,Not Completed,Insurance or Access Barrier,2026-01-18 12:51:13,2026-01-25 01:51:13
REF001157,EHR-REF0001157,NorthStar EHR,PAT001891,COV001891,PRC0007,ORG001,LOC001,SPC010,PRC0055,ORG026,USR010,2025-08-06 17:36:03,2025-08-07 17:36:03,Synthetic evaluation request for General Surgery,Z75.1,Routine,Completed—Report Pending,Report Pending,2025-08-17 11:36:03,2025-08-20 11:36:03,2025-08-11 01:36:03,2025-08-10 12:36:03,2025-08-12 03:36:03,2025-09-12 03:36:03,,,,,2025-08-07 17:36:03,2025-08-17 11:36:03
REF001158,EHR-REF0001158,NorthStar EHR,PAT001658,COV001658,PRC0017,ORG005,LOC005,SPC008,PRC0043,ORG014,,2026-03-01 03:32:11,2026-03-01 23:32:11,Synthetic evaluation request for Pulmonology,Z37.7,Routine,Closed—Not Completed,,2026-03-07 04:32:11,,2026-03-05 12:32:11,2026-03-06 21:32:11,,,,2026-03-07 04:32:11,Not Completed,Patient Moved,2026-03-01 23:32:11,2026-03-07 04:32:11
REF001159,EHR-REF0001159,NorthStar EHR,PAT000363,COV000363,PRC0020,ORG002,LOC002,SPC006,PRC0066,ORG012,,2026-06-15 03:41:11,2026-06-15 08:41:11,Synthetic evaluation request for Orthopedics,Z58.2,Routine,Closed—Completed,,2026-06-25 11:41:11,,2026-06-17 09:41:11,2026-06-19 15:41:11,2026-06-21 01:41:11,2026-07-17 01:41:11,2026-07-23 01:41:11,2026-07-24 11:41:11,Completed,,2026-06-15 08:41:11,2026-07-24 11:41:11
REF001160,EHR-REF0001160,NorthStar EHR,PAT001417,COV001417,PRC0025,ORG001,LOC001,SPC006,PRC0066,ORG012,,2026-03-04 18:43:25,2026-03-05 10:43:25,Synthetic evaluation request for Orthopedics,Z14.3,Routine,Closed—Completed,,2026-03-18 04:43:25,,2026-03-08 06:43:25,2026-03-10 01:43:25,2026-03-11 11:43:25,2026-04-02 11:43:25,2026-04-08 11:43:25,2026-04-09 09:43:25,Completed,,2026-03-05 10:43:25,2026-04-09 09:43:25
REF001161,EHR-REF0001161,NorthStar EHR,PAT001703,COV001703,PRC0023,ORG005,LOC005,SPC008,PRC0103,ORG024,,2025-08-02 04:34:32,2025-08-02 16:34:32,Synthetic evaluation request for Pulmonology,Z63.0,Routine,Closed—Completed,,2025-08-11 13:34:32,,2025-08-04 03:34:32,2025-08-03 15:34:32,2025-08-05 03:34:32,2025-08-19 03:34:32,2025-08-23 03:34:32,2025-08-23 17:34:32,Completed,,2025-08-02 16:34:32,2025-08-23 17:34:32
REF001162,EHR-REF0001162,NorthStar EHR,PAT001802,COV001802,PRC0031,ORG001,LOC001,SPC008,PRC0078,ORG024,,2025-12-24 16:11:35,2025-12-25 05:11:35,Synthetic evaluation request for Pulmonology,Z17.9,Routine,Closed—Completed,,2026-01-05 07:11:35,,2025-12-28 23:11:35,2025-12-27 16:11:35,2025-12-29 00:11:35,2026-02-02 00:11:35,2026-02-05 00:11:35,2026-02-06 09:11:35,Completed,,2025-12-25 05:11:35,2026-02-06 09:11:35
REF001163,EHR-REF0001163,NorthStar EHR,PAT000548,COV000548,PRC0012,ORG006,LOC006,SPC005,PRC0065,ORG011,USR001,2025-11-18 14:56:26,2025-11-19 03:56:26,Synthetic evaluation request for Neurology,Z15.3,Urgent,Scheduled,Appointment Verification,2025-11-25 21:56:26,2025-11-26 21:56:26,2025-11-21 04:56:26,2025-11-20 03:56:26,2025-11-21 08:56:26,,,,,,2025-11-19 03:56:26,2025-11-25 21:56:26
REF001164,EHR-REF0001164,NorthStar EHR,PAT000261,COV000261,PRC0006,ORG006,LOC006,SPC001,PRC0036,ORG007,USR007,2026-07-05 21:38:49,2026-07-06 03:38:49,Synthetic evaluation request for Cardiology,Z77.1,Routine,Completed—Report Pending,Report Pending,2026-07-14 12:38:49,2026-07-17 12:38:49,2026-07-06 08:38:49,2026-07-07 05:38:49,2026-07-08 08:38:49,2026-07-28 08:38:49,,,,,2026-07-06 03:38:49,2026-07-14 12:38:49
REF001165,EHR-REF0001165,NorthStar EHR,PAT000854,COV000854,PRC0018,ORG006,LOC006,SPC005,PRC0050,ORG021,USR006,2025-08-27 10:06:13,2025-08-27 17:06:13,Synthetic evaluation request for Neurology,Z85.7,Routine,Ready for Outreach,Ready for Outreach,2025-08-28 13:06:13,2025-08-31 13:06:13,2025-08-28 13:06:13,,,,,,,,2025-08-27 17:06:13,2025-08-28 13:06:13
REF001166,EHR-REF0001166,NorthStar EHR,PAT001241,COV001241,PRC0030,ORG006,LOC006,SPC001,PRC0081,ORG027,,2025-11-14 04:39:32,2025-11-14 06:39:32,Synthetic evaluation request for Cardiology,Z51.5,Routine,Closed—Completed,,2025-11-23 12:39:32,,2025-11-16 19:39:32,2025-11-14 15:39:32,2025-11-15 05:39:32,2025-11-27 05:39:32,2025-12-04 05:39:32,2025-12-05 10:39:32,Completed,,2025-11-14 06:39:32,2025-12-05 10:39:32
REF001167,EHR-REF0001167,NorthStar EHR,PAT000163,COV000163,PRC0022,ORG004,LOC004,SPC005,PRC0040,ORG011,,2025-12-19 11:41:25,2025-12-20 07:41:25,Synthetic evaluation request for Neurology,Z65.0,Routine,Closed—Not Completed,,2025-12-25 12:41:25,,2025-12-20 11:41:25,2025-12-21 21:41:25,,,,2025-12-25 12:41:25,Not Completed,Transferred Care,2025-12-20 07:41:25,2025-12-25 12:41:25
REF001168,EHR-REF0001168,NorthStar EHR,PAT001905,COV001905,PRC0004,ORG004,LOC004,SPC005,PRC0075,ORG021,,2025-11-09 19:41:33,2025-11-09 20:41:33,Synthetic evaluation request for Neurology,Z34.2,Urgent,Closed—Completed,,2025-11-16 20:41:33,,2025-11-10 18:41:33,2025-11-11 18:41:33,2025-11-12 01:41:33,2025-12-12 01:41:33,2025-12-14 01:41:33,2025-12-15 06:41:33,Completed,,2025-11-09 20:41:33,2025-12-15 06:41:33
REF001169,EHR-REF0001169,NorthStar EHR,PAT000860,COV000860,PRC0020,ORG002,LOC002,SPC007,PRC0092,ORG013,,2025-11-06 22:40:44,2025-11-07 22:40:44,Synthetic evaluation request for Otolaryngology,Z34.9,Routine,Closed—Not Completed,,2025-11-17 07:40:44,,2025-11-09 23:40:44,2025-11-09 04:40:44,,,,2025-11-17 07:40:44,Not Completed,No Longer Clinically Indicated,2025-11-07 22:40:44,2025-11-17 07:40:44
REF001170,EHR-REF0001170,NorthStar EHR,PAT001166,COV001166,PRC0019,ORG001,LOC001,SPC002,PRC0097,ORG018,,2026-02-26 14:01:53,2026-02-27 08:01:53,Synthetic evaluation request for Dermatology,Z36.3,Routine,Closed—Not Completed,,2026-03-05 11:01:53,,2026-02-28 12:01:53,2026-03-01 21:01:53,,,,2026-03-05 11:01:53,Not Completed,Duplicate Referral,2026-02-27 08:01:53,2026-03-05 11:01:53
REF001171,EHR-REF0001171,NorthStar EHR,PAT001482,COV001482,PRC0015,ORG003,LOC003,SPC002,PRC0087,ORG008,,2025-12-16 05:18:14,2025-12-16 13:18:14,Synthetic evaluation request for Dermatology,Z29.4,Routine,Cancelled,,2025-12-17 12:18:14,,2025-12-17 12:18:14,,,,,2025-12-17 12:18:14,Cancelled,Duplicate Referral,2025-12-16 13:18:14,2025-12-17 12:18:14
REF001172,EHR-REF0001172,NorthStar EHR,PAT001096,COV001096,PRC0014,ORG002,LOC002,SPC009,PRC0094,ORG015,,2026-06-12 23:47:12,2026-06-13 06:47:12,Synthetic evaluation request for Rheumatology,Z80.9,Routine,Closed—Completed,,2026-06-23 22:47:12,,2026-06-15 04:47:12,2026-06-17 05:47:12,2026-06-18 20:47:12,2026-07-12 20:47:12,2026-07-22 20:47:12,2026-07-24 02:47:12,Completed,,2026-06-13 06:47:12,2026-07-24 02:47:12
REF001173,EHR-REF0001173,NorthStar EHR,PAT001581,COV001581,PRC0002,ORG002,LOC002,SPC006,PRC0066,ORG012,USR011,2025-12-05 04:53:45,2025-12-05 07:53:45,Synthetic evaluation request for Orthopedics,Z10.0,Routine,Scheduled,Appointment Verification,2025-12-11 19:53:45,2025-12-14 19:53:45,2025-12-06 17:53:45,2025-12-08 15:53:45,2025-12-10 02:53:45,,,,,,2025-12-05 07:53:45,2025-12-11 19:53:45
REF001174,EHR-REF0001174,NorthStar EHR,PAT001158,COV001158,PRC0013,ORG001,LOC001,SPC002,PRC0082,ORG028,,2025-10-24 03:07:12,2025-10-24 14:07:12,Synthetic evaluation request for Dermatology,Z70.8,Routine,Closed—Completed,,2025-11-06 13:07:12,,2025-10-27 14:07:12,2025-10-27 15:07:12,2025-10-27 17:07:12,2025-11-28 17:07:12,2025-11-29 17:07:12,2025-12-01 02:07:12,Completed,,2025-10-24 14:07:12,2025-12-01 02:07:12
REF001175,EHR-REF0001175,NorthStar EHR,PAT000937,COV000937,PRC0005,ORG005,LOC005,SPC002,PRC0062,ORG008,USR012,2026-07-02 07:24:12,2026-07-03 00:24:12,Synthetic evaluation request for Dermatology,Z17.2,Routine,Completed—Report Pending,Report Pending,2026-07-11 20:24:12,2026-07-14 20:24:12,2026-07-06 16:24:12,2026-07-05 04:24:12,2026-07-05 19:24:12,2026-08-04 19:24:12,,,,,2026-07-03 00:24:12,2026-07-11 20:24:12
REF001176,EHR-REF0001176,NorthStar EHR,PAT000019,COV000019,PRC0016,ORG004,LOC004,SPC006,PRC0051,ORG022,,2025-09-18 08:25:02,2025-09-19 01:25:02,Synthetic evaluation request for Orthopedics,Z60.5,Routine,Closed—Completed,,2025-09-29 08:25:02,,2025-09-21 17:25:02,2025-09-21 17:25:02,2025-09-23 08:25:02,2025-09-28 08:25:02,2025-10-03 08:25:02,2025-10-03 21:25:02,Completed,,2025-09-19 01:25:02,2025-10-03 21:25:02
REF001177,EHR-REF0001177,NorthStar EHR,PAT001589,COV001589,PRC0009,ORG003,LOC003,SPC009,PRC0069,ORG015,USR002,2026-05-22 16:45:31,2026-05-22 23:45:31,Synthetic evaluation request for Rheumatology,Z87.6,Urgent,Scheduled,Appointment Verification,2026-05-29 06:45:31,2026-05-30 06:45:31,2026-05-24 19:45:31,2026-05-26 17:45:31,2026-05-28 17:45:31,,,,,,2026-05-22 23:45:31,2026-05-29 06:45:31
REF001178,EHR-REF0001178,NorthStar EHR,PAT000027,COV000027,PRC0033,ORG003,LOC003,SPC008,PRC0043,ORG014,,2025-12-17 01:03:09,2025-12-17 19:03:09,Synthetic evaluation request for Pulmonology,Z64.5,Urgent,Closed—Not Completed,,2025-12-24 14:03:09,,2025-12-20 03:03:09,2025-12-20 19:03:09,,,,2025-12-24 14:03:09,Not Completed,Insurance or Access Barrier,2025-12-17 19:03:09,2025-12-24 14:03:09
REF001179,EHR-REF0001179,NorthStar EHR,PAT001450,COV001450,PRC0033,ORG003,LOC003,SPC005,PRC0040,ORG011,,2025-08-07 18:16:49,2025-08-08 04:16:49,Synthetic evaluation request for Neurology,Z16.4,Urgent,Closed—Completed,,2025-08-21 09:16:49,,2025-08-10 00:16:49,2025-08-12 03:16:49,2025-08-12 09:16:49,2025-08-26 09:16:49,2025-08-28 09:16:49,2025-08-29 12:16:49,Completed,,2025-08-08 04:16:49,2025-08-29 12:16:49
REF001180,EHR-REF0001180,NorthStar EHR,PAT000838,COV000838,PRC0004,ORG004,LOC004,SPC009,PRC0069,ORG015,,2026-06-08 21:28:10,2026-06-09 11:28:10,Synthetic evaluation request for Rheumatology,Z70.7,Routine,Closed—Completed,,2026-06-21 14:28:10,,2026-06-13 00:28:10,2026-06-10 09:28:10,2026-06-11 02:28:10,2026-06-15 02:28:10,2026-06-25 02:28:10,2026-06-26 09:28:10,Completed,,2026-06-09 11:28:10,2026-06-26 09:28:10
REF001181,EHR-REF0001181,NorthStar EHR,PAT001702,COV001702,PRC0031,ORG001,LOC001,SPC008,PRC0068,ORG014,,2025-09-11 03:00:40,2025-09-12 03:00:40,Synthetic evaluation request for Pulmonology,Z52.3,Routine,Closed—Completed,,2025-09-22 10:00:40,,2025-09-14 15:00:40,2025-09-13 15:00:40,2025-09-15 03:00:40,2025-09-29 03:00:40,2025-10-05 03:00:40,2025-10-06 03:00:40,Completed,,2025-09-12 03:00:40,2025-10-06 03:00:40
REF001182,EHR-REF0001182,NorthStar EHR,PAT000119,COV000119,PRC0026,ORG002,LOC002,SPC001,PRC0071,ORG017,USR011,2025-08-21 12:52:54,2025-08-21 13:52:54,Synthetic evaluation request for Cardiology,Z67.1,Routine,Needs Information,Needs Information,2025-08-25 05:52:54,2025-08-28 05:52:54,,,,,,,,,2025-08-21 13:52:54,2025-08-25 05:52:54
REF001183,EHR-REF0001183,NorthStar EHR,PAT001444,COV001444,PRC0029,ORG005,LOC005,SPC008,PRC0053,ORG024,USR008,2026-04-12 20:31:53,2026-04-13 15:31:53,Synthetic evaluation request for Pulmonology,Z26.8,Routine,Needs Information,Needs Information,2026-04-16 10:31:53,2026-04-19 10:31:53,,,,,,,,,2026-04-13 15:31:53,2026-04-16 10:31:53
REF001184,EHR-REF0001184,NorthStar EHR,PAT001975,COV001975,PRC0035,ORG005,LOC005,SPC003,PRC0083,ORG029,,2025-12-24 07:26:18,2025-12-25 03:26:18,Synthetic evaluation request for Endocrinology,Z12.7,Routine,Closed—Completed,,2026-01-05 06:26:18,,2025-12-26 13:26:18,2025-12-25 22:26:18,2025-12-26 21:26:18,2025-12-31 21:26:18,2026-01-07 21:26:18,2026-01-08 22:26:18,Completed,,2025-12-25 03:26:18,2026-01-08 22:26:18
REF001185,EHR-REF0001185,NorthStar EHR,PAT001796,COV001796,PRC0002,ORG002,LOC002,SPC009,PRC0104,ORG025,,2025-11-06 04:57:54,2025-11-06 15:57:54,Synthetic evaluation request for Rheumatology,Z78.9,Routine,Closed—Completed,,2025-11-16 12:57:54,,2025-11-07 02:57:54,2025-11-09 06:57:54,2025-11-11 04:57:54,2025-12-04 04:57:54,2025-12-05 04:57:54,2025-12-06 21:57:54,Completed,,2025-11-06 15:57:54,2025-12-06 21:57:54
REF001186,EHR-REF0001186,NorthStar EHR,PAT000691,COV000691,PRC0034,ORG004,LOC004,SPC009,PRC0104,ORG025,,2026-03-08 07:44:12,2026-03-08 22:44:12,Synthetic evaluation request for Rheumatology,Z35.6,Routine,Closed—Completed,,2026-03-21 02:44:12,,2026-03-12 04:44:12,2026-03-10 22:44:12,2026-03-11 10:44:12,2026-03-20 10:44:12,2026-03-29 10:44:12,2026-03-30 07:44:12,Completed,,2026-03-08 22:44:12,2026-03-30 07:44:12
REF001187,EHR-REF0001187,NorthStar EHR,PAT000930,COV000930,PRC0027,ORG003,LOC003,SPC010,PRC0045,ORG016,USR001,2026-04-04 05:03:17,2026-04-05 04:03:17,Synthetic evaluation request for General Surgery,Z67.8,Routine,Completed—Report Pending,Report Pending,2026-04-12 08:03:17,2026-04-15 08:03:17,2026-04-06 16:03:17,2026-04-09 00:03:17,2026-04-09 06:03:17,2026-04-12 06:03:17,,,,,2026-04-05 04:03:17,2026-04-12 08:03:17
REF001188,EHR-REF0001188,NorthStar EHR,PAT000360,COV000360,PRC0034,ORG004,LOC004,SPC010,PRC0055,ORG026,,2025-12-24 10:12:27,2025-12-24 22:12:27,Synthetic evaluation request for General Surgery,Z35.4,Routine,Closed—Completed,,2026-01-03 07:12:27,,2025-12-27 09:12:27,2025-12-28 15:12:27,2025-12-30 11:12:27,2026-01-24 11:12:27,2026-01-26 11:12:27,2026-01-27 04:12:27,Completed,,2025-12-24 22:12:27,2026-01-27 04:12:27
REF001189,EHR-REF0001189,NorthStar EHR,PAT001559,COV001559,PRC0014,ORG002,LOC002,SPC001,PRC0036,ORG007,,2025-08-07 22:15:56,2025-08-08 22:15:56,Synthetic evaluation request for Cardiology,Z28.2,Routine,Closed—Completed,,2025-08-18 16:15:56,,2025-08-12 22:15:56,2025-08-09 19:15:56,2025-08-11 16:15:56,2025-09-15 16:15:56,2025-09-20 16:15:56,2025-09-21 10:15:56,Completed,,2025-08-08 22:15:56,2025-09-21 10:15:56
REF001190,EHR-REF0001190,NorthStar EHR,PAT001214,COV001214,PRC0021,ORG003,LOC003,SPC002,PRC0047,ORG018,USR012,2026-02-02 10:11:22,2026-02-03 01:11:22,Synthetic evaluation request for Dermatology,Z87.6,Routine,Scheduled,Appointment Verification,2026-02-07 10:11:22,2026-02-10 10:11:22,2026-02-04 13:11:22,2026-02-06 04:11:22,2026-02-07 20:11:22,,,,,,2026-02-03 01:11:22,2026-02-07 10:11:22
REF001191,EHR-REF0001191,NorthStar EHR,PAT001925,COV001925,PRC0028,ORG004,LOC004,SPC001,PRC0086,ORG007,,2026-06-16 01:42:29,2026-06-16 17:42:29,Synthetic evaluation request for Cardiology,Z45.0,Routine,Closed—Completed,,2026-06-28 15:42:29,,2026-06-19 11:42:29,2026-06-19 21:42:29,2026-06-20 18:42:29,2026-07-10 18:42:29,2026-07-11 18:42:29,2026-07-13 04:42:29,Completed,,2026-06-16 17:42:29,2026-07-13 04:42:29
REF001192,EHR-REF0001192,NorthStar EHR,PAT001641,COV001641,PRC0020,ORG002,LOC002,SPC007,PRC0077,ORG023,USR010,2026-05-31 01:52:37,2026-05-31 20:52:37,Synthetic evaluation request for Otolaryngology,Z74.0,Routine,Completed—Report Pending,Report Pending,2026-06-09 10:52:37,2026-06-12 10:52:37,2026-06-04 02:52:37,2026-06-04 14:52:37,2026-06-05 00:52:37,2026-06-30 00:52:37,,,,,2026-05-31 20:52:37,2026-06-09 10:52:37
REF001193,EHR-REF0001193,NorthStar EHR,PAT000474,COV000474,PRC0024,ORG006,LOC006,SPC006,PRC0091,ORG012,,2026-05-06 09:00:55,2026-05-07 03:00:55,Synthetic evaluation request for Orthopedics,Z53.1,Routine,Closed—Completed,,2026-05-21 01:00:55,,2026-05-09 21:00:55,2026-05-09 01:00:55,2026-05-09 18:00:55,2026-06-01 18:00:55,2026-06-11 18:00:55,2026-06-12 15:00:55,Completed,,2026-05-07 03:00:55,2026-06-12 15:00:55
REF001194,EHR-REF0001194,NorthStar EHR,PAT001186,COV001186,PRC0031,ORG001,LOC001,SPC006,PRC0051,ORG022,USR001,2026-02-08 09:50:58,2026-02-09 03:50:58,Synthetic evaluation request for Orthopedics,Z86.0,Routine,Received,New Intake,2026-02-09 03:50:58,2026-02-12 03:50:58,,,,,,,,,2026-02-09 03:50:58,2026-02-09 03:50:58
REF001195,EHR-REF0001195,NorthStar EHR,PAT001430,COV001430,PRC0034,ORG004,LOC004,SPC005,PRC0040,ORG011,,2026-06-13 06:24:38,2026-06-13 10:24:38,Synthetic evaluation request for Neurology,Z70.8,Routine,Closed—Not Completed,,2026-06-20 07:24:38,,2026-06-14 06:24:38,2026-06-16 00:24:38,,,,2026-06-20 07:24:38,Not Completed,Transferred Care,2026-06-13 10:24:38,2026-06-20 07:24:38
REF001196,EHR-REF0001196,NorthStar EHR,PAT001894,COV001894,PRC0023,ORG005,LOC005,SPC007,PRC0077,ORG023,,2025-09-18 10:44:55,2025-09-19 08:44:55,Synthetic evaluation request for Otolaryngology,Z11.1,Routine,Closed—Completed,,2025-09-23 21:44:55,,2025-09-20 23:44:55,2025-09-21 12:44:55,2025-09-22 10:44:55,2025-10-24 10:44:55,2025-10-28 10:44:55,2025-10-29 00:44:55,Completed,,2025-09-19 08:44:55,2025-10-29 00:44:55
REF001197,EHR-REF0001197,NorthStar EHR,PAT001921,COV001921,PRC0030,ORG006,LOC006,SPC004,PRC0039,ORG010,,2026-02-28 16:33:34,2026-03-01 12:33:34,Synthetic evaluation request for Gastroenterology,Z69.4,Routine,Closed—Completed,,2026-03-14 23:33:34,,2026-03-02 15:33:34,2026-03-05 14:33:34,2026-03-07 11:33:34,2026-03-13 11:33:34,2026-03-22 11:33:34,2026-03-23 00:33:34,Completed,,2026-03-01 12:33:34,2026-03-23 00:33:34
REF001198,EHR-REF0001198,NorthStar EHR,PAT000473,COV000473,PRC0034,ORG004,LOC004,SPC002,PRC0097,ORG018,,2026-01-18 16:04:22,2026-01-19 14:04:22,Synthetic evaluation request for Dermatology,Z34.2,Routine,Closed—Completed,,2026-02-02 05:04:22,,2026-01-22 01:04:22,2026-01-23 15:04:22,2026-01-23 20:04:22,2026-02-22 20:04:22,2026-03-04 20:04:22,2026-03-05 13:04:22,Completed,,2026-01-19 14:04:22,2026-03-05 13:04:22
REF001199,EHR-REF0001199,NorthStar EHR,PAT000757,COV000757,PRC0033,ORG003,LOC003,SPC001,PRC0086,ORG007,USR002,2026-06-30 03:10:41,2026-06-30 05:10:41,Synthetic evaluation request for Cardiology,Z16.8,Routine,Completed—Report Pending,Report Pending,2026-07-10 11:10:41,2026-07-13 11:10:41,2026-07-03 05:10:41,2026-07-04 03:10:41,2026-07-04 11:10:41,2026-08-04 11:10:41,,,,,2026-06-30 05:10:41,2026-07-10 11:10:41
REF001200,EHR-REF0001200,NorthStar EHR,PAT000126,COV000126,PRC0006,ORG006,LOC006,SPC001,PRC0036,ORG007,USR003,2025-09-25 17:39:24,2025-09-25 18:39:24,Synthetic evaluation request for Cardiology,Z50.9,Routine,Scheduled,Appointment Verification,2025-10-01 15:39:24,2025-10-04 15:39:24,2025-09-29 04:39:24,2025-09-26 04:39:24,2025-09-27 10:39:24,,,,,,2025-09-25 18:39:24,2025-10-01 15:39:24
REF001201,EHR-REF0001201,NorthStar EHR,PAT001866,COV001866,PRC0010,ORG004,LOC004,SPC008,PRC0103,ORG024,,2026-05-10 10:58:51,2026-05-11 00:58:51,Synthetic evaluation request for Pulmonology,Z69.5,Urgent,Closed—Not Completed,,2026-05-19 11:58:51,,2026-05-14 02:58:51,2026-05-11 14:58:51,,,,2026-05-19 11:58:51,Not Completed,Insurance or Access Barrier,2026-05-11 00:58:51,2026-05-19 11:58:51
REF001202,EHR-REF0001202,NorthStar EHR,PAT001493,COV001493,PRC0018,ORG006,LOC006,SPC005,PRC0100,ORG021,,2026-03-03 20:26:48,2026-03-03 23:26:48,Synthetic evaluation request for Neurology,Z57.3,Routine,Closed—Completed,,2026-03-16 02:26:48,,2026-03-07 23:26:48,2026-03-08 22:26:48,2026-03-10 05:26:48,2026-03-14 05:26:48,2026-03-15 05:26:48,2026-03-16 06:26:48,Completed,,2026-03-03 23:26:48,2026-03-16 06:26:48
REF001203,EHR-REF0001203,NorthStar EHR,PAT001076,COV001076,PRC0015,ORG003,LOC003,SPC005,PRC0110,ORG031,,2025-10-02 09:09:14,2025-10-03 04:09:14,Synthetic evaluation request for Neurology,Z16.3,Routine,Closed—Completed,,2025-10-10 15:09:14,,2025-10-04 03:09:14,2025-10-05 15:09:14,2025-10-07 14:09:14,2025-10-15 14:09:14,2025-10-20 14:09:14,2025-10-21 18:09:14,Completed,,2025-10-03 04:09:14,2025-10-21 18:09:14
REF001204,EHR-REF0001204,NorthStar EHR,PAT001289,COV001289,PRC0030,ORG006,LOC006,SPC010,PRC0105,ORG026,USR001,2025-12-19 04:39:41,2025-12-19 05:39:41,Synthetic evaluation request for General Surgery,Z11.8,Routine,Scheduled,Appointment Verification,2025-12-28 01:39:41,2025-12-31 01:39:41,2025-12-21 22:39:41,2025-12-21 10:39:41,2025-12-22 11:39:41,,,,,,2025-12-19 05:39:41,2025-12-28 01:39:41
REF001205,EHR-REF0001205,NorthStar EHR,PAT001083,COV001083,PRC0033,ORG003,LOC003,SPC009,PRC0104,ORG025,USR003,2025-08-25 05:34:40,2025-08-25 21:34:40,Synthetic evaluation request for Rheumatology,Z53.1,Routine,Scheduled,Appointment Verification,2025-09-01 08:34:40,2025-09-04 08:34:40,2025-08-28 02:34:40,2025-08-28 15:34:40,2025-08-30 03:34:40,,,,,,2025-08-25 21:34:40,2025-09-01 08:34:40
REF001206,EHR-REF0001206,NorthStar EHR,PAT000911,COV000911,PRC0009,ORG003,LOC003,SPC004,PRC0089,ORG010,,2026-04-18 18:54:34,2026-04-19 15:54:34,Synthetic evaluation request for Gastroenterology,Z68.3,Routine,Cancelled,,2026-04-20 03:54:34,,2026-04-20 03:54:34,,,,,2026-04-20 03:54:34,Cancelled,Duplicate Referral,2026-04-19 15:54:34,2026-04-20 03:54:34
REF001207,EHR-REF0001207,NorthStar EHR,PAT001131,COV001131,PRC0007,ORG001,LOC001,SPC009,PRC0044,ORG015,USR002,2026-01-04 14:14:13,2026-01-04 21:14:13,Synthetic evaluation request for Rheumatology,Z17.7,Routine,Scheduled,Appointment Verification,2026-01-13 23:14:13,2026-01-16 23:14:13,2026-01-07 22:14:13,2026-01-09 18:14:13,2026-01-09 20:14:13,,,,,,2026-01-04 21:14:13,2026-01-13 23:14:13
REF001208,EHR-REF0001208,NorthStar EHR,PAT001250,COV001250,PRC0024,ORG006,LOC006,SPC007,PRC0067,ORG013,USR009,2026-02-01 09:01:52,2026-02-01 19:01:52,Synthetic evaluation request for Otolaryngology,Z10.8,Routine,Scheduled,Appointment Verification,2026-02-07 14:01:52,2026-02-10 14:01:52,2026-02-02 08:01:52,2026-02-04 07:01:52,2026-02-05 12:01:52,,,,,,2026-02-01 19:01:52,2026-02-07 14:01:52
REF001209,EHR-REF0001209,NorthStar EHR,PAT001787,COV001787,PRC0017,ORG005,LOC005,SPC008,PRC0093,ORG014,USR001,2025-12-11 02:21:37,2025-12-11 02:21:37,Synthetic evaluation request for Pulmonology,Z58.0,Routine,Needs Information,Needs Information,2025-12-12 00:21:37,2025-12-15 00:21:37,,,,,,,,,2025-12-11 02:21:37,2025-12-12 00:21:37
REF001210,EHR-REF0001210,NorthStar EHR,PAT000385,COV000385,PRC0021,ORG003,LOC003,SPC005,PRC0090,ORG011,,2025-09-16 17:08:07,2025-09-17 10:08:07,Synthetic evaluation request for Neurology,Z89.9,Urgent,Closed—Not Completed,,2025-09-23 19:08:07,,2025-09-19 02:08:07,2025-09-18 12:08:07,,,,2025-09-23 19:08:07,Not Completed,No Longer Clinically Indicated,2025-09-17 10:08:07,2025-09-23 19:08:07
REF001211,EHR-REF0001211,NorthStar EHR,PAT001208,COV001208,PRC0020,ORG002,LOC002,SPC008,PRC0078,ORG024,,2025-11-27 20:44:02,2025-11-27 21:44:02,Synthetic evaluation request for Pulmonology,Z50.8,Urgent,Closed—Completed,,2025-12-12 08:44:02,,2025-12-01 10:44:02,2025-11-29 01:44:02,2025-11-29 15:44:02,2025-12-15 15:44:02,2025-12-18 15:44:02,2025-12-19 13:44:02,Completed,,2025-11-27 21:44:02,2025-12-19 13:44:02
REF001212,EHR-REF0001212,NorthStar EHR,PAT001241,COV001241,PRC0035,ORG005,LOC005,SPC004,PRC0084,ORG030,USR012,2026-04-30 17:15:40,2026-04-30 21:15:40,Synthetic evaluation request for Gastroenterology,Z37.4,Routine,Scheduled,Appointment Verification,2026-05-07 07:15:40,2026-05-10 07:15:40,2026-05-02 18:15:40,2026-05-02 07:15:40,2026-05-03 02:15:40,,,,,,2026-04-30 21:15:40,2026-05-07 07:15:40
REF001213,EHR-REF0001213,NorthStar EHR,PAT000610,COV000610,PRC0026,ORG002,LOC002,SPC010,PRC0070,ORG016,,2025-10-20 16:35:05,2025-10-21 14:35:05,Synthetic evaluation request for General Surgery,Z55.8,Routine,Closed—Not Completed,,2025-10-30 21:35:05,,2025-10-24 14:35:05,2025-10-21 23:35:05,,,,2025-10-30 21:35:05,Not Completed,Insurance or Access Barrier,2025-10-21 14:35:05,2025-10-30 21:35:05
REF001214,EHR-REF0001214,NorthStar EHR,PAT000787,COV000787,PRC0017,ORG005,LOC005,SPC007,PRC0092,ORG013,,2026-03-08 19:21:51,2026-03-09 05:21:51,Synthetic evaluation request for Otolaryngology,Z41.3,Routine,Closed—Not Completed,,2026-03-19 13:21:51,,2026-03-13 01:21:51,2026-03-14 02:21:51,,,,2026-03-19 13:21:51,Not Completed,Patient Declined,2026-03-09 05:21:51,2026-03-19 13:21:51
REF001215,EHR-REF0001215,NorthStar EHR,PAT000403,COV000403,PRC0007,ORG001,LOC001,SPC010,PRC0070,ORG016,,2026-03-26 08:18:44,2026-03-26 16:18:44,Synthetic evaluation request for General Surgery,Z23.7,Routine,Closed—Completed,,2026-04-01 01:18:44,,2026-03-28 14:18:44,2026-03-27 12:18:44,2026-03-29 02:18:44,2026-04-22 02:18:44,2026-04-29 02:18:44,2026-04-29 09:18:44,Completed,,2026-03-26 16:18:44,2026-04-29 09:18:44
REF001216,EHR-REF0001216,NorthStar EHR,PAT001794,COV001794,PRC0033,ORG003,LOC003,SPC009,PRC0094,ORG015,,2026-05-09 18:48:19,2026-05-10 05:48:19,Synthetic evaluation request for Rheumatology,Z70.5,Urgent,Closed—Completed,,2026-05-23 05:48:19,,2026-05-13 17:48:19,2026-05-11 21:48:19,2026-05-12 09:48:19,2026-05-22 09:48:19,2026-05-31 09:48:19,2026-06-01 11:48:19,Completed,,2026-05-10 05:48:19,2026-06-01 11:48:19
REF001217,EHR-REF0001217,NorthStar EHR,PAT000199,COV000199,PRC0027,ORG003,LOC003,SPC001,PRC0106,ORG027,,2026-02-02 09:26:43,2026-02-02 10:26:43,Synthetic evaluation request for Cardiology,Z55.6,Routine,Closed—Completed,,2026-02-11 15:26:43,,2026-02-05 14:26:43,2026-02-07 04:26:43,2026-02-08 00:26:43,2026-02-26 00:26:43,2026-03-08 00:26:43,2026-03-08 05:26:43,Completed,,2026-02-02 10:26:43,2026-03-08 05:26:43
REF001218,EHR-REF0001218,NorthStar EHR,PAT000006,COV000006,PRC0014,ORG002,LOC002,SPC009,PRC0054,ORG025,,2026-05-31 14:07:12,2026-06-01 14:07:12,Synthetic evaluation request for Rheumatology,Z27.0,Urgent,Closed—Not Completed,,2026-06-06 12:07:12,,2026-06-02 23:07:12,2026-06-04 22:07:12,,,,2026-06-06 12:07:12,Not Completed,Patient Moved,2026-06-01 14:07:12,2026-06-06 12:07:12
REF001219,EHR-REF0001219,NorthStar EHR,PAT001483,COV001483,PRC0024,ORG006,LOC006,SPC004,PRC0089,ORG010,,2026-05-10 19:17:57,2026-05-11 14:17:57,Synthetic evaluation request for Gastroenterology,Z64.6,Routine,Closed—Completed,,2026-05-21 22:17:57,,2026-05-13 06:17:57,2026-05-13 04:17:57,2026-05-13 09:17:57,2026-05-22 09:17:57,2026-05-26 09:17:57,2026-05-27 01:17:57,Completed,,2026-05-11 14:17:57,2026-05-27 01:17:57
REF001220,EHR-REF0001220,NorthStar EHR,PAT000979,COV000979,PRC0012,ORG006,LOC006,SPC005,PRC0110,ORG031,,2026-02-24 02:39:07,2026-02-24 04:39:07,Synthetic evaluation request for Neurology,Z20.1,Routine,Cancelled,,2026-02-25 18:39:07,,2026-02-25 18:39:07,,,,,2026-02-25 18:39:07,Cancelled,Duplicate Referral,2026-02-24 04:39:07,2026-02-25 18:39:07
REF001221,EHR-REF0001221,NorthStar EHR,PAT001712,COV001712,PRC0006,ORG006,LOC006,SPC007,PRC0092,ORG013,USR011,2025-08-30 13:02:25,2025-08-30 23:02:25,Synthetic evaluation request for Otolaryngology,Z31.7,Routine,Scheduled,Appointment Verification,2025-09-05 15:02:25,2025-09-08 15:02:25,2025-08-31 17:02:25,2025-09-04 10:02:25,2025-09-04 15:02:25,,,,,,2025-08-30 23:02:25,2025-09-05 15:02:25
REF001222,EHR-REF0001222,NorthStar EHR,PAT001466,COV001466,PRC0015,ORG003,LOC003,SPC006,PRC0066,ORG012,,2026-03-13 12:21:12,2026-03-14 07:21:12,Synthetic evaluation request for Orthopedics,Z27.3,Routine,Closed—Completed,,2026-03-25 02:21:12,,2026-03-15 21:21:12,2026-03-19 07:21:12,2026-03-21 04:21:12,2026-04-04 04:21:12,2026-04-08 04:21:12,2026-04-09 17:21:12,Completed,,2026-03-14 07:21:12,2026-04-09 17:21:12
REF001223,EHR-REF0001223,NorthStar EHR,PAT000179,COV000179,PRC0002,ORG002,LOC002,SPC008,PRC0043,ORG014,USR005,2025-09-12 14:33:07,2025-09-13 09:33:07,Synthetic evaluation request for Pulmonology,Z71.3,Routine,Completed—Report Pending,Report Pending,2025-09-18 20:33:07,2025-09-21 20:33:07,2025-09-15 06:33:07,2025-09-15 16:33:07,2025-09-16 11:33:07,2025-10-14 11:33:07,,,,,2025-09-13 09:33:07,2025-09-18 20:33:07
REF001224,EHR-REF0001224,NorthStar EHR,PAT000646,COV000646,PRC0006,ORG006,LOC006,SPC003,PRC0063,ORG009,USR014,2025-11-27 20:20:13,2025-11-28 17:20:13,Synthetic evaluation request for Endocrinology,Z19.0,Routine,Scheduled,Appointment Verification,2025-12-05 07:20:13,2025-12-08 07:20:13,2025-11-30 03:20:13,2025-12-02 19:20:13,2025-12-03 23:20:13,,,,,,2025-11-28 17:20:13,2025-12-05 07:20:13
REF001225,EHR-REF0001225,NorthStar EHR,PAT001847,COV001847,PRC0025,ORG001,LOC001,SPC009,PRC0104,ORG025,,2025-11-07 10:19:17,2025-11-07 14:19:17,Synthetic evaluation request for Rheumatology,Z13.6,Routine,Cancelled,,2025-11-08 12:19:17,,2025-11-08 12:19:17,,,,,2025-11-08 12:19:17,Cancelled,No Longer Clinically Indicated,2025-11-07 14:19:17,2025-11-08 12:19:17
REF001226,EHR-REF0001226,NorthStar EHR,PAT001343,COV001343,PRC0019,ORG001,LOC001,SPC008,PRC0103,ORG024,USR001,2026-02-06 03:16:20,2026-02-06 21:16:20,Synthetic evaluation request for Pulmonology,Z24.0,Routine,Completed—Report Pending,Report Pending,2026-02-17 07:16:20,2026-02-20 07:16:20,2026-02-10 14:16:20,2026-02-11 12:16:20,2026-02-13 08:16:20,2026-03-10 08:16:20,,,,,2026-02-06 21:16:20,2026-02-17 07:16:20
REF001227,EHR-REF0001227,NorthStar EHR,PAT001619,COV001619,PRC0007,ORG001,LOC001,SPC008,PRC0053,ORG024,,2026-01-15 05:51:05,2026-01-16 01:51:05,Synthetic evaluation request for Pulmonology,Z63.4,Routine,Closed—Completed,,2026-01-27 00:51:05,,2026-01-17 23:51:05,2026-01-20 22:51:05,2026-01-21 22:51:05,2026-01-31 22:51:05,2026-02-08 22:51:05,2026-02-10 01:51:05,Completed,,2026-01-16 01:51:05,2026-02-10 01:51:05
REF001228,EHR-REF0001228,NorthStar EHR,PAT000657,COV000657,PRC0010,ORG004,LOC004,SPC006,PRC0041,ORG012,,2025-08-28 08:05:18,2025-08-28 21:05:18,Synthetic evaluation request for Orthopedics,Z37.7,Routine,Closed—Completed,,2025-09-04 06:05:18,,2025-08-29 03:05:18,2025-08-30 16:05:18,2025-08-31 19:05:18,2025-09-20 19:05:18,2025-09-21 19:05:18,2025-09-23 15:05:18,Completed,,2025-08-28 21:05:18,2025-09-23 15:05:18
REF001229,EHR-REF0001229,NorthStar EHR,PAT000726,COV000726,PRC0015,ORG003,LOC003,SPC007,PRC0102,ORG023,,2026-04-04 14:25:56,2026-04-04 17:25:56,Synthetic evaluation request for Otolaryngology,Z21.0,Routine,Closed—Completed,,2026-04-16 15:25:56,,2026-04-06 07:25:56,2026-04-09 10:25:56,2026-04-11 04:25:56,2026-04-19 04:25:56,2026-04-28 04:25:56,2026-04-28 19:25:56,Completed,,2026-04-04 17:25:56,2026-04-28 19:25:56
REF001230,EHR-REF0001230,NorthStar EHR,PAT001010,COV001010,PRC0011,ORG005,LOC005,SPC006,PRC0066,ORG012,USR004,2026-05-17 07:43:38,2026-05-18 06:43:38,Synthetic evaluation request for Orthopedics,Z33.4,Routine,Ready for Outreach,Ready for Outreach,2026-05-22 05:43:38,2026-05-25 05:43:38,2026-05-22 05:43:38,,,,,,,,2026-05-18 06:43:38,2026-05-22 05:43:38
REF001231,EHR-REF0001231,NorthStar EHR,PAT000357,COV000357,PRC0009,ORG003,LOC003,SPC002,PRC0097,ORG018,,2026-01-15 22:54:56,2026-01-16 13:54:56,Synthetic evaluation request for Dermatology,Z52.5,Routine,Closed—Not Completed,,2026-01-26 14:54:56,,2026-01-19 05:54:56,2026-01-19 21:54:56,,,,2026-01-26 14:54:56,Not Completed,Patient Declined,2026-01-16 13:54:56,2026-01-26 14:54:56
REF001232,EHR-REF0001232,NorthStar EHR,PAT001533,COV001533,PRC0028,ORG004,LOC004,SPC007,PRC0077,ORG023,USR010,2026-02-27 08:02:07,2026-02-27 16:02:07,Synthetic evaluation request for Otolaryngology,Z50.0,Routine,Completed—Report Pending,Report Pending,2026-03-10 10:02:07,2026-03-13 10:02:07,2026-03-01 18:02:07,2026-03-03 11:02:07,2026-03-03 15:02:07,2026-03-25 15:02:07,,,,,2026-02-27 16:02:07,2026-03-10 10:02:07
REF001233,EHR-REF0001233,NorthStar EHR,PAT001821,COV001821,PRC0022,ORG004,LOC004,SPC001,PRC0046,ORG017,USR002,2026-05-15 01:40:14,2026-05-15 14:40:14,Synthetic evaluation request for Cardiology,Z25.6,Routine,Completed—Report Pending,Report Pending,2026-05-22 15:40:14,2026-05-25 15:40:14,2026-05-15 19:40:14,2026-05-17 12:40:14,2026-05-18 21:40:14,2026-06-01 21:40:14,,,,,2026-05-15 14:40:14,2026-05-22 15:40:14
REF001234,EHR-REF0001234,NorthStar EHR,PAT001467,COV001467,PRC0034,ORG004,LOC004,SPC003,PRC0073,ORG019,,2025-10-08 13:58:53,2025-10-08 13:58:53,Synthetic evaluation request for Endocrinology,Z18.7,Routine,Closed—Not Completed,,2025-10-15 04:58:53,,2025-10-11 12:58:53,2025-10-13 10:58:53,,,,2025-10-15 04:58:53,Not Completed,Patient Declined,2025-10-08 13:58:53,2025-10-15 04:58:53
REF001235,EHR-REF0001235,NorthStar EHR,PAT001857,COV001857,PRC0024,ORG006,LOC006,SPC005,PRC0050,ORG021,,2025-11-22 01:59:24,2025-11-22 02:59:24,Synthetic evaluation request for Neurology,Z51.8,Routine,Closed—Completed,,2025-12-03 19:59:24,,2025-11-23 03:59:24,2025-11-24 23:59:24,2025-11-26 08:59:24,2025-12-28 08:59:24,2025-12-31 08:59:24,2026-01-01 04:59:24,Completed,,2025-11-22 02:59:24,2026-01-01 04:59:24
REF001236,EHR-REF0001236,NorthStar EHR,PAT001087,COV001087,PRC0026,ORG002,LOC002,SPC008,PRC0093,ORG014,,2025-10-02 13:07:47,2025-10-03 08:07:47,Synthetic evaluation request for Pulmonology,Z66.0,Routine,Closed—Not Completed,,2025-10-08 21:07:47,,2025-10-05 18:07:47,2025-10-05 04:07:47,,,,2025-10-08 21:07:47,Not Completed,Unable to Contact After Protocol,2025-10-03 08:07:47,2025-10-08 21:07:47
REF001237,EHR-REF0001237,NorthStar EHR,PAT001792,COV001792,PRC0033,ORG003,LOC003,SPC002,PRC0047,ORG018,USR010,2026-01-25 22:53:51,2026-01-26 04:53:51,Synthetic evaluation request for Dermatology,Z86.6,Urgent,Completed—Report Pending,Report Pending,2026-02-01 21:53:51,2026-02-02 21:53:51,2026-01-26 13:53:51,2026-01-29 22:53:51,2026-01-30 15:53:51,2026-02-18 15:53:51,,,,,2026-01-26 04:53:51,2026-02-01 21:53:51
REF001238,EHR-REF0001238,NorthStar EHR,PAT000219,COV000219,PRC0024,ORG006,LOC006,SPC002,PRC0097,ORG018,USR008,2025-08-07 21:07:10,2025-08-08 00:07:10,Synthetic evaluation request for Dermatology,Z27.0,Routine,Scheduled,Appointment Verification,2025-08-14 22:07:10,2025-08-17 22:07:10,2025-08-10 16:07:10,2025-08-10 18:07:10,2025-08-12 15:07:10,,,,,,2025-08-08 00:07:10,2025-08-14 22:07:10
REF001239,EHR-REF0001239,NorthStar EHR,PAT000318,COV000318,PRC0012,ORG006,LOC006,SPC001,PRC0046,ORG017,USR011,2026-06-15 10:19:46,2026-06-15 17:19:46,Synthetic evaluation request for Cardiology,Z50.3,Routine,Scheduled,Appointment Verification,2026-06-21 20:19:46,2026-06-24 20:19:46,2026-06-17 06:19:46,2026-06-18 20:19:46,2026-06-20 17:19:46,,,,,,2026-06-15 17:19:46,2026-06-21 20:19:46
REF001240,EHR-REF0001240,NorthStar EHR,PAT001659,COV001659,PRC0009,ORG003,LOC003,SPC010,PRC0105,ORG026,,2026-03-12 21:19:25,2026-03-13 04:19:25,Synthetic evaluation request for General Surgery,Z81.6,Routine,Closed—Completed,,2026-03-20 22:19:25,,2026-03-13 10:19:25,2026-03-16 10:19:25,2026-03-17 16:19:25,2026-04-05 16:19:25,2026-04-08 16:19:25,2026-04-09 07:19:25,Completed,,2026-03-13 04:19:25,2026-04-09 07:19:25
REF001241,EHR-REF0001241,NorthStar EHR,PAT000649,COV000649,PRC0027,ORG003,LOC003,SPC007,PRC0067,ORG013,USR001,2025-12-29 12:48:02,2025-12-30 08:48:02,Synthetic evaluation request for Otolaryngology,Z89.3,Routine,Scheduled,Appointment Verification,2026-01-05 02:48:02,2026-01-08 02:48:02,2025-12-31 07:48:02,2025-12-30 17:48:02,2025-12-30 22:48:02,,,,,,2025-12-30 08:48:02,2026-01-05 02:48:02
REF001242,EHR-REF0001242,NorthStar EHR,PAT000436,COV000436,PRC0030,ORG006,LOC006,SPC009,PRC0044,ORG015,USR007,2025-09-26 00:50:47,2025-09-26 05:50:47,Synthetic evaluation request for Rheumatology,Z35.3,Routine,Scheduled,Appointment Verification,2025-09-30 15:50:47,2025-10-03 15:50:47,2025-09-29 10:50:47,2025-10-01 04:50:47,2025-10-02 11:50:47,,,,,,2025-09-26 05:50:47,2025-09-30 15:50:47
REF001243,EHR-REF0001243,NorthStar EHR,PAT001675,COV001675,PRC0033,ORG003,LOC003,SPC008,PRC0103,ORG024,,2026-02-14 22:28:45,2026-02-15 08:28:45,Synthetic evaluation request for Pulmonology,Z73.0,Routine,Closed—Completed,,2026-03-02 14:28:45,,2026-02-19 05:28:45,2026-02-16 22:28:45,2026-02-17 14:28:45,2026-03-07 14:28:45,2026-03-10 14:28:45,2026-03-12 03:28:45,Completed,,2026-02-15 08:28:45,2026-03-12 03:28:45
REF001244,EHR-REF0001244,NorthStar EHR,PAT001900,COV001900,PRC0022,ORG004,LOC004,SPC007,PRC0042,ORG013,USR008,2025-09-25 02:11:58,2025-09-26 00:11:58,Synthetic evaluation request for Otolaryngology,Z81.5,Routine,Outreach in Progress,Outreach Follow-Up,2025-09-29 20:11:58,2025-10-02 20:11:58,2025-09-29 16:11:58,2025-09-28 22:11:58,,,,,,,2025-09-26 00:11:58,2025-09-29 20:11:58
REF001245,EHR-REF0001245,NorthStar EHR,PAT000088,COV000088,PRC0027,ORG003,LOC003,SPC008,PRC0043,ORG014,USR006,2026-01-25 20:13:36,2026-01-25 20:13:36,Synthetic evaluation request for Pulmonology,Z64.0,Routine,Completed—Report Pending,Report Pending,2026-02-01 17:13:36,2026-02-04 17:13:36,2026-01-26 23:13:36,2026-01-30 20:13:36,2026-01-31 11:13:36,2026-02-20 11:13:36,,,,,2026-01-25 20:13:36,2026-02-01 17:13:36
REF001246,EHR-REF0001246,NorthStar EHR,PAT000942,COV000942,PRC0015,ORG003,LOC003,SPC001,PRC0086,ORG007,,2026-07-10 08:35:09,2026-07-11 02:35:09,Synthetic evaluation request for Cardiology,Z28.0,Routine,Closed—Completed,,2026-07-18 13:35:09,,2026-07-11 17:35:09,2026-07-13 10:35:09,2026-07-14 09:35:09,2026-08-06 09:35:09,2026-08-11 09:35:09,2026-08-12 04:35:09,Completed,,2026-07-11 02:35:09,2026-08-12 04:35:09
REF001247,EHR-REF0001247,NorthStar EHR,PAT001812,COV001812,PRC0032,ORG002,LOC002,SPC003,PRC0098,ORG019,,2025-12-26 14:23:58,2025-12-27 04:23:58,Synthetic evaluation request for Endocrinology,Z37.4,Routine,Closed—Completed,,2026-01-05 03:23:58,,2025-12-27 20:23:58,2025-12-29 00:23:58,2025-12-29 23:23:58,2026-01-14 23:23:58,2026-01-20 23:23:58,2026-01-22 14:23:58,Completed,,2025-12-27 04:23:58,2026-01-22 14:23:58
REF001248,EHR-REF0001248,NorthStar EHR,PAT000319,COV000319,PRC0034,ORG004,LOC004,SPC003,PRC0108,ORG029,USR014,2025-09-26 10:49:13,2025-09-27 09:49:13,Synthetic evaluation request for Endocrinology,Z89.4,Routine,Scheduled,Appointment Verification,2025-10-04 10:49:13,2025-10-07 10:49:13,2025-09-30 09:49:13,2025-10-01 22:49:13,2025-10-03 19:49:13,,,,,,2025-09-27 09:49:13,2025-10-04 10:49:13
REF001249,EHR-REF0001249,NorthStar EHR,PAT001791,COV001791,PRC0029,ORG005,LOC005,SPC009,PRC0094,ORG015,USR011,2026-05-07 11:01:39,2026-05-07 23:01:39,Synthetic evaluation request for Rheumatology,Z80.3,Routine,Completed—Report Pending,Report Pending,2026-05-17 04:01:39,2026-05-20 04:01:39,2026-05-10 23:01:39,2026-05-11 13:01:39,2026-05-12 11:01:39,2026-06-08 11:01:39,,,,,2026-05-07 23:01:39,2026-05-17 04:01:39
REF001250,EHR-REF0001250,NorthStar EHR,PAT000467,COV000467,PRC0011,ORG005,LOC005,SPC007,PRC0042,ORG013,USR005,2026-07-01 00:47:37,2026-07-01 15:47:37,Synthetic evaluation request for Otolaryngology,Z61.7,Routine,Completed—Report Pending,Report Pending,2026-07-07 17:47:37,2026-07-10 17:47:37,2026-07-02 18:47:37,2026-07-03 03:47:37,2026-07-03 08:47:37,2026-08-02 08:47:37,,,,,2026-07-01 15:47:37,2026-07-07 17:47:37
REF001251,EHR-REF0001251,NorthStar EHR,PAT001094,COV001094,PRC0001,ORG001,LOC001,SPC007,PRC0092,ORG013,USR007,2025-11-17 20:22:51,2025-11-18 00:22:51,Synthetic evaluation request for Otolaryngology,Z25.9,Routine,Completed—Report Pending,Report Pending,2025-11-28 11:22:51,2025-12-01 11:22:51,2025-11-20 04:22:51,2025-11-22 07:22:51,2025-11-22 10:22:51,2025-12-09 10:22:51,,,,,2025-11-18 00:22:51,2025-11-28 11:22:51
REF001252,EHR-REF0001252,NorthStar EHR,PAT001618,COV001618,PRC0004,ORG004,LOC004,SPC005,PRC0090,ORG011,USR012,2026-04-02 11:24:28,2026-04-02 16:24:28,Synthetic evaluation request for Neurology,Z31.1,Routine,Completed—Report Pending,Report Pending,2026-04-12 01:24:28,2026-04-15 01:24:28,2026-04-05 23:24:28,2026-04-06 10:24:28,2026-04-08 09:24:28,2026-05-09 09:24:28,,,,,2026-04-02 16:24:28,2026-04-12 01:24:28
REF001253,EHR-REF0001253,NorthStar EHR,PAT001595,COV001595,PRC0017,ORG005,LOC005,SPC005,PRC0110,ORG031,,2026-07-03 18:55:32,2026-07-04 07:55:32,Synthetic evaluation request for Neurology,Z41.1,Routine,Closed—Completed,,2026-07-16 14:55:32,,2026-07-07 10:55:32,2026-07-06 20:55:32,2026-07-08 12:55:32,2026-07-28 12:55:32,2026-08-07 12:55:32,2026-08-08 09:55:32,Completed,,2026-07-04 07:55:32,2026-08-08 09:55:32
REF001254,EHR-REF0001254,NorthStar EHR,PAT001618,COV001618,PRC0022,ORG004,LOC004,SPC004,PRC0099,ORG020,,2025-10-17 17:42:41,2025-10-18 10:42:41,Synthetic evaluation request for Gastroenterology,Z18.4,Routine,Closed—Completed,,2025-10-25 21:42:41,,2025-10-19 03:42:41,2025-10-22 16:42:41,2025-10-23 18:42:41,2025-11-06 18:42:41,2025-11-15 18:42:41,2025-11-16 21:42:41,Completed,,2025-10-18 10:42:41,2025-11-16 21:42:41
REF001255,EHR-REF0001255,NorthStar EHR,PAT000101,COV000101,PRC0014,ORG002,LOC002,SPC007,PRC0077,ORG023,,2026-06-14 14:50:37,2026-06-14 19:50:37,Synthetic evaluation request for Otolaryngology,Z29.7,Urgent,Closed—Not Completed,,2026-06-23 05:50:37,,2026-06-16 14:50:37,2026-06-15 19:50:37,,,,2026-06-23 05:50:37,Not Completed,Unable to Contact After Protocol,2026-06-14 19:50:37,2026-06-23 05:50:37
REF001256,EHR-REF0001256,NorthStar EHR,PAT000736,COV000736,PRC0017,ORG005,LOC005,SPC005,PRC0040,ORG011,,2026-05-08 18:32:46,2026-05-09 08:32:46,Synthetic evaluation request for Neurology,Z52.5,Routine,Closed—Not Completed,,2026-05-14 09:32:46,,2026-05-10 23:32:46,2026-05-09 22:32:46,,,,2026-05-14 09:32:46,Not Completed,Unable to Contact After Protocol,2026-05-09 08:32:46,2026-05-14 09:32:46
REF001257,EHR-REF0001257,NorthStar EHR,PAT001531,COV001531,PRC0034,ORG004,LOC004,SPC007,PRC0077,ORG023,,2026-01-03 23:16:17,2026-01-04 13:16:17,Synthetic evaluation request for Otolaryngology,Z51.1,Routine,Closed—Completed,,2026-01-20 19:16:17,,2026-01-08 12:16:17,2026-01-09 00:16:17,2026-01-09 05:16:17,2026-01-29 05:16:17,2026-01-31 05:16:17,2026-02-01 10:16:17,Completed,,2026-01-04 13:16:17,2026-02-01 10:16:17
REF001258,EHR-REF0001258,NorthStar EHR,PAT001543,COV001543,PRC0027,ORG003,LOC003,SPC003,PRC0048,ORG019,,2025-12-24 15:27:41,2025-12-24 21:27:41,Synthetic evaluation request for Endocrinology,Z10.5,Routine,Closed—Completed,,2026-01-05 04:27:41,,2025-12-27 19:27:41,2025-12-25 11:27:41,2025-12-26 06:27:41,2026-01-05 06:27:41,2026-01-12 06:27:41,2026-01-13 23:27:41,Completed,,2025-12-24 21:27:41,2026-01-13 23:27:41
REF001259,EHR-REF0001259,NorthStar EHR,PAT000961,COV000961,PRC0031,ORG001,LOC001,SPC003,PRC0073,ORG019,,2026-03-26 22:19:09,2026-03-27 20:19:09,Synthetic evaluation request for Endocrinology,Z54.6,Routine,Closed—Not Completed,,2026-04-05 17:19:09,,2026-03-31 06:19:09,2026-03-31 14:19:09,,,,2026-04-05 17:19:09,Not Completed,Insurance or Access Barrier,2026-03-27 20:19:09,2026-04-05 17:19:09
REF001260,EHR-REF0001260,NorthStar EHR,PAT001935,COV001935,PRC0031,ORG001,LOC001,SPC001,PRC0071,ORG017,USR005,2025-08-10 02:17:47,2025-08-10 13:17:47,Synthetic evaluation request for Cardiology,Z54.0,Routine,Received,New Intake,2025-08-10 13:17:47,2025-08-13 13:17:47,,,,,,,,,2025-08-10 13:17:47,2025-08-10 13:17:47
REF001261,EHR-REF0001261,NorthStar EHR,PAT000111,COV000111,PRC0020,ORG002,LOC002,SPC002,PRC0047,ORG018,,2025-08-05 03:01:38,2025-08-05 16:01:38,Synthetic evaluation request for Dermatology,Z71.2,Routine,Closed—Completed,,2025-08-12 02:01:38,,2025-08-06 07:01:38,2025-08-08 22:01:38,2025-08-09 13:01:38,2025-08-23 13:01:38,2025-09-01 13:01:38,2025-09-02 12:01:38,Completed,,2025-08-05 16:01:38,2025-09-02 12:01:38
REF001262,EHR-REF0001262,NorthStar EHR,PAT001167,COV001167,PRC0001,ORG001,LOC001,SPC006,PRC0101,ORG022,USR007,2025-12-30 19:49:24,2025-12-31 19:49:24,Synthetic evaluation request for Orthopedics,Z70.7,Routine,Scheduled,Appointment Verification,2026-01-05 22:49:24,2026-01-08 22:49:24,2026-01-01 22:49:24,2026-01-04 16:49:24,2026-01-06 07:49:24,,,,,,2025-12-31 19:49:24,2026-01-05 22:49:24
REF001263,EHR-REF0001263,NorthStar EHR,PAT001883,COV001883,PRC0014,ORG002,LOC002,SPC007,PRC0042,ORG013,USR009,2025-08-15 13:40:09,2025-08-16 05:40:09,Synthetic evaluation request for Otolaryngology,Z24.9,Routine,Ready for Outreach,Ready for Outreach,2025-08-20 01:40:09,2025-08-23 01:40:09,2025-08-20 01:40:09,,,,,,,,2025-08-16 05:40:09,2025-08-20 01:40:09
REF001264,EHR-REF0001264,NorthStar EHR,PAT001955,COV001955,PRC0034,ORG004,LOC004,SPC004,PRC0059,ORG030,,2026-04-13 16:36:08,2026-04-14 11:36:08,Synthetic evaluation request for Gastroenterology,Z24.6,Routine,Closed—Completed,,2026-04-25 08:36:08,,2026-04-17 15:36:08,2026-04-18 12:36:08,2026-04-20 08:36:08,2026-05-02 08:36:08,2026-05-04 08:36:08,2026-05-05 07:36:08,Completed,,2026-04-14 11:36:08,2026-05-05 07:36:08
REF001265,EHR-REF0001265,NorthStar EHR,PAT000376,COV000376,PRC0015,ORG003,LOC003,SPC005,PRC0040,ORG011,,2026-02-25 01:14:53,2026-02-25 18:14:53,Synthetic evaluation request for Neurology,Z78.9,Routine,Closed—Not Completed,,2026-03-03 17:14:53,,2026-02-27 01:14:53,2026-02-28 20:14:53,,,,2026-03-03 17:14:53,Not Completed,Insurance or Access Barrier,2026-02-25 18:14:53,2026-03-03 17:14:53
REF001266,EHR-REF0001266,NorthStar EHR,PAT001944,COV001944,PRC0020,ORG002,LOC002,SPC005,PRC0090,ORG011,,2026-05-03 07:11:24,2026-05-03 18:11:24,Synthetic evaluation request for Neurology,Z52.9,Routine,Closed—Completed,,2026-05-11 08:11:24,,2026-05-05 13:11:24,2026-05-04 07:11:24,2026-05-04 12:11:24,2026-05-14 12:11:24,2026-05-22 12:11:24,2026-05-23 19:11:24,Completed,,2026-05-03 18:11:24,2026-05-23 19:11:24
REF001267,EHR-REF0001267,NorthStar EHR,PAT000488,COV000488,PRC0023,ORG005,LOC005,SPC008,PRC0043,ORG014,USR007,2025-11-18 10:36:14,2025-11-18 16:36:14,Synthetic evaluation request for Pulmonology,Z17.3,Routine,Scheduled,Appointment Verification,2025-11-24 01:36:14,2025-11-27 01:36:14,2025-11-20 11:36:14,2025-11-23 01:36:14,2025-11-23 04:36:14,,,,,,2025-11-18 16:36:14,2025-11-24 01:36:14
REF001268,EHR-REF0001268,NorthStar EHR,PAT000331,COV000331,PRC0023,ORG005,LOC005,SPC004,PRC0109,ORG030,,2026-05-30 11:04:31,2026-05-31 04:04:31,Synthetic evaluation request for Gastroenterology,Z72.2,Routine,Closed—Completed,,2026-06-10 04:04:31,,2026-05-31 14:04:31,2026-06-04 19:04:31,2026-06-06 04:04:31,2026-07-11 04:04:31,2026-07-20 04:04:31,2026-07-21 07:04:31,Completed,,2026-05-31 04:04:31,2026-07-21 07:04:31
REF001269,EHR-REF0001269,NorthStar EHR,PAT001642,COV001642,PRC0012,ORG006,LOC006,SPC008,PRC0043,ORG014,,2025-08-06 09:21:59,2025-08-06 20:21:59,Synthetic evaluation request for Pulmonology,Z28.1,Routine,Closed—Completed,,2025-08-16 17:21:59,,2025-08-07 16:21:59,2025-08-07 10:21:59,2025-08-08 12:21:59,2025-09-10 12:21:59,2025-09-17 12:21:59,2025-09-18 10:21:59,Completed,,2025-08-06 20:21:59,2025-09-18 10:21:59
REF001270,EHR-REF0001270,NorthStar EHR,PAT000850,COV000850,PRC0004,ORG004,LOC004,SPC002,PRC0072,ORG018,,2025-11-10 03:55:34,2025-11-10 05:55:34,Synthetic evaluation request for Dermatology,Z62.3,Routine,Cancelled,,2025-11-12 03:55:34,,2025-11-12 03:55:34,,,,,2025-11-12 03:55:34,Cancelled,No Longer Clinically Indicated,2025-11-10 05:55:34,2025-11-12 03:55:34
REF001271,EHR-REF0001271,NorthStar EHR,PAT000441,COV000441,PRC0006,ORG006,LOC006,SPC001,PRC0061,ORG007,,2025-12-22 18:58:23,2025-12-23 01:58:23,Synthetic evaluation request for Cardiology,Z59.7,Routine,Closed—Completed,,2026-01-05 06:58:23,,2025-12-24 07:58:23,2025-12-24 16:58:23,2025-12-25 11:58:23,2026-01-07 11:58:23,2026-01-16 11:58:23,2026-01-17 05:58:23,Completed,,2025-12-23 01:58:23,2026-01-17 05:58:23
REF001272,EHR-REF0001272,NorthStar EHR,PAT000943,COV000943,PRC0003,ORG003,LOC003,SPC008,PRC0068,ORG014,,2025-12-30 20:35:19,2025-12-31 00:35:19,Synthetic evaluation request for Pulmonology,Z50.0,Routine,Closed—Completed,,2026-01-08 03:35:19,,2026-01-01 18:35:19,2026-01-01 08:35:19,2026-01-01 16:35:19,2026-02-02 16:35:19,2026-02-04 16:35:19,2026-02-05 23:35:19,Completed,,2025-12-31 00:35:19,2026-02-05 23:35:19
REF001273,EHR-REF0001273,NorthStar EHR,PAT001342,COV001342,PRC0005,ORG005,LOC005,SPC006,PRC0091,ORG012,USR013,2026-01-02 17:39:31,2026-01-03 14:39:31,Synthetic evaluation request for Orthopedics,Z46.3,Routine,Needs Information,Needs Information,2026-01-07 12:39:31,2026-01-10 12:39:31,,,,,,,,,2026-01-03 14:39:31,2026-01-07 12:39:31
REF001274,EHR-REF0001274,NorthStar EHR,PAT000364,COV000364,PRC0027,ORG003,LOC003,SPC001,PRC0096,ORG017,,2025-11-14 13:04:20,2025-11-15 00:04:20,Synthetic evaluation request for Cardiology,Z67.6,Routine,Closed—Completed,,2025-11-29 04:04:20,,2025-11-17 14:04:20,2025-11-17 03:04:20,2025-11-18 17:04:20,2025-12-14 17:04:20,2025-12-20 17:04:20,2025-12-21 06:04:20,Completed,,2025-11-15 00:04:20,2025-12-21 06:04:20
REF001275,EHR-REF0001275,NorthStar EHR,PAT001270,COV001270,PRC0025,ORG001,LOC001,SPC001,PRC0081,ORG027,,2026-02-27 03:16:37,2026-02-27 14:16:37,Synthetic evaluation request for Cardiology,Z49.7,Routine,Closed—Completed,,2026-03-13 14:16:37,,2026-03-03 13:16:37,2026-03-03 18:16:37,2026-03-05 14:16:37,2026-03-23 14:16:37,2026-03-30 14:16:37,2026-03-31 01:16:37,Completed,,2026-02-27 14:16:37,2026-03-31 01:16:37
REF001276,EHR-REF0001276,NorthStar EHR,PAT001680,COV001680,PRC0015,ORG003,LOC003,SPC009,PRC0104,ORG025,,2025-10-04 17:17:47,2025-10-04 23:17:47,Synthetic evaluation request for Rheumatology,Z69.8,Routine,Closed—Completed,,2025-10-15 11:17:47,,2025-10-06 04:17:47,2025-10-08 02:17:47,2025-10-09 12:17:47,2025-10-12 12:17:47,2025-10-20 12:17:47,2025-10-21 21:17:47,Completed,,2025-10-04 23:17:47,2025-10-21 21:17:47
REF001277,EHR-REF0001277,NorthStar EHR,PAT000575,COV000575,PRC0019,ORG001,LOC001,SPC001,PRC0106,ORG027,,2025-10-05 05:19:44,2025-10-05 20:19:44,Synthetic evaluation request for Cardiology,Z75.7,Routine,Cancelled,,2025-10-09 18:19:44,,2025-10-09 18:19:44,,,,,2025-10-09 18:19:44,Cancelled,Duplicate Referral,2025-10-05 20:19:44,2025-10-09 18:19:44
REF001278,EHR-REF0001278,NorthStar EHR,PAT000296,COV000296,PRC0003,ORG003,LOC003,SPC003,PRC0088,ORG009,,2026-01-04 06:06:20,2026-01-04 15:06:20,Synthetic evaluation request for Endocrinology,Z36.9,Routine,Closed—Completed,,2026-01-13 03:06:20,,2026-01-06 07:06:20,2026-01-09 13:06:20,2026-01-10 03:06:20,2026-02-09 03:06:20,2026-02-18 03:06:20,2026-02-19 08:06:20,Completed,,2026-01-04 15:06:20,2026-02-19 08:06:20
REF001279,EHR-REF0001279,NorthStar EHR,PAT000444,COV000444,PRC0020,ORG002,LOC002,SPC005,PRC0065,ORG011,,2025-12-23 05:34:54,2025-12-23 17:34:54,Synthetic evaluation request for Neurology,Z72.4,Routine,Closed—Completed,,2026-01-02 20:34:54,,2025-12-27 03:34:54,2025-12-27 20:34:54,2025-12-27 23:34:54,2026-01-16 23:34:54,2026-01-25 23:34:54,2026-01-26 23:34:54,Completed,,2025-12-23 17:34:54,2026-01-26 23:34:54
REF001280,EHR-REF0001280,NorthStar EHR,PAT000816,COV000816,PRC0003,ORG003,LOC003,SPC004,PRC0089,ORG010,,2025-11-08 02:14:02,2025-11-08 22:14:02,Synthetic evaluation request for Gastroenterology,Z33.0,Routine,Closed—Completed,,2025-11-21 04:14:02,,2025-11-10 23:14:02,2025-11-09 07:14:02,2025-11-09 10:14:02,2025-11-20 10:14:02,2025-11-29 10:14:02,2025-11-30 22:14:02,Completed,,2025-11-08 22:14:02,2025-11-30 22:14:02
REF001281,EHR-REF0001281,NorthStar EHR,PAT000196,COV000196,PRC0010,ORG004,LOC004,SPC001,PRC0071,ORG017,USR012,2025-09-07 09:55:13,2025-09-08 07:55:13,Synthetic evaluation request for Cardiology,Z25.0,Routine,Completed—Report Pending,Report Pending,2025-09-15 16:55:13,2025-09-18 16:55:13,2025-09-09 04:55:13,2025-09-11 05:55:13,2025-09-11 20:55:13,2025-10-04 20:55:13,,,,,2025-09-08 07:55:13,2025-09-15 16:55:13
REF001282,EHR-REF0001282,NorthStar EHR,PAT000615,COV000615,PRC0012,ORG006,LOC006,SPC010,PRC0055,ORG026,,2026-04-12 22:37:25,2026-04-13 21:37:25,Synthetic evaluation request for General Surgery,Z35.9,Routine,Closed—Completed,,2026-04-27 20:37:25,,2026-04-17 00:37:25,2026-04-15 18:37:25,2026-04-17 10:37:25,2026-05-17 10:37:25,2026-05-23 10:37:25,2026-05-24 07:37:25,Completed,,2026-04-13 21:37:25,2026-05-24 07:37:25
REF001283,EHR-REF0001283,NorthStar EHR,PAT000998,COV000998,PRC0021,ORG003,LOC003,SPC009,PRC0094,ORG015,USR003,2025-10-22 04:14:20,2025-10-22 14:14:20,Synthetic evaluation request for Rheumatology,Z44.3,Routine,Scheduled,Appointment Verification,2025-10-31 22:14:20,2025-11-03 22:14:20,2025-10-26 06:14:20,2025-10-27 02:14:20,2025-10-27 08:14:20,,,,,,2025-10-22 14:14:20,2025-10-31 22:14:20
REF001284,EHR-REF0001284,NorthStar EHR,PAT001353,COV001353,PRC0021,ORG003,LOC003,SPC001,PRC0086,ORG007,USR013,2025-10-31 13:47:23,2025-11-01 07:47:23,Synthetic evaluation request for Cardiology,Z79.9,Routine,Outreach in Progress,Outreach Follow-Up,2025-11-01 19:47:23,2025-11-04 19:47:23,2025-11-01 15:47:23,2025-11-02 05:47:23,,,,,,,2025-11-01 07:47:23,2025-11-01 19:47:23
REF001285,EHR-REF0001285,NorthStar EHR,PAT000095,COV000095,PRC0012,ORG006,LOC006,SPC004,PRC0039,ORG010,,2026-05-30 15:04:10,2026-05-31 05:04:10,Synthetic evaluation request for Gastroenterology,Z15.9,Routine,Closed—Completed,,2026-06-12 14:04:10,,2026-05-31 20:04:10,2026-06-03 21:04:10,2026-06-05 15:04:10,2026-06-23 15:04:10,2026-06-28 15:04:10,2026-06-29 20:04:10,Completed,,2026-05-31 05:04:10,2026-06-29 20:04:10
REF001286,EHR-REF0001286,NorthStar EHR,PAT000129,COV000129,PRC0035,ORG005,LOC005,SPC004,PRC0059,ORG030,USR002,2025-10-24 06:55:37,2025-10-25 01:55:37,Synthetic evaluation request for Gastroenterology,Z12.9,Urgent,Scheduled,Appointment Verification,2025-11-02 16:55:37,2025-11-03 16:55:37,2025-10-28 07:55:37,2025-10-28 19:55:37,2025-10-30 07:55:37,,,,,,2025-10-25 01:55:37,2025-11-02 16:55:37
REF001287,EHR-REF0001287,NorthStar EHR,PAT001474,COV001474,PRC0011,ORG005,LOC005,SPC003,PRC0038,ORG009,,2026-01-05 14:39:20,2026-01-05 20:39:20,Synthetic evaluation request for Endocrinology,Z72.7,Routine,Closed—Completed,,2026-01-18 03:39:20,,2026-01-08 17:39:20,2026-01-06 15:39:20,2026-01-07 03:39:20,2026-02-11 03:39:20,2026-02-12 03:39:20,2026-02-13 11:39:20,Completed,,2026-01-05 20:39:20,2026-02-13 11:39:20
REF001288,EHR-REF0001288,NorthStar EHR,PAT000440,COV000440,PRC0009,ORG003,LOC003,SPC006,PRC0101,ORG022,,2026-06-23 15:53:01,2026-06-23 18:53:01,Synthetic evaluation request for Orthopedics,Z56.3,Routine,Closed—Completed,,2026-07-03 10:53:01,,2026-06-24 18:53:01,2026-06-28 12:53:01,2026-06-28 18:53:01,2026-08-01 18:53:01,2026-08-06 18:53:01,2026-08-07 07:53:01,Completed,,2026-06-23 18:53:01,2026-08-07 07:53:01
REF001289,EHR-REF0001289,NorthStar EHR,PAT000205,COV000205,PRC0016,ORG004,LOC004,SPC009,PRC0094,ORG015,,2025-11-16 01:09:59,2025-11-16 15:09:59,Synthetic evaluation request for Rheumatology,Z71.6,Routine,Closed—Completed,,2025-11-29 13:09:59,,2025-11-19 13:09:59,2025-11-21 09:09:59,2025-11-22 15:09:59,2025-12-10 15:09:59,2025-12-20 15:09:59,2025-12-21 20:09:59,Completed,,2025-11-16 15:09:59,2025-12-21 20:09:59
REF001290,EHR-REF0001290,NorthStar EHR,PAT001006,COV001006,PRC0025,ORG001,LOC001,SPC001,PRC0061,ORG007,,2026-05-08 13:50:49,2026-05-09 13:50:49,Synthetic evaluation request for Cardiology,Z82.2,Routine,Closed—Completed,,2026-05-17 04:50:49,,2026-05-12 06:50:49,2026-05-13 14:50:49,2026-05-15 03:50:49,2026-05-27 03:50:49,2026-05-30 03:50:49,2026-05-31 05:50:49,Completed,,2026-05-09 13:50:49,2026-05-31 05:50:49
REF001291,EHR-REF0001291,NorthStar EHR,PAT001015,COV001015,PRC0017,ORG005,LOC005,SPC004,PRC0039,ORG010,,2026-03-06 13:08:44,2026-03-07 12:08:44,Synthetic evaluation request for Gastroenterology,Z37.6,Routine,Closed—Completed,,2026-03-15 17:08:44,,2026-03-08 09:08:44,2026-03-10 08:08:44,2026-03-11 10:08:44,2026-03-19 10:08:44,2026-03-23 10:08:44,2026-03-24 22:08:44,Completed,,2026-03-07 12:08:44,2026-03-24 22:08:44
REF001292,EHR-REF0001292,NorthStar EHR,PAT001827,COV001827,PRC0001,ORG001,LOC001,SPC008,PRC0078,ORG024,USR001,2025-08-20 08:10:41,2025-08-21 03:10:41,Synthetic evaluation request for Pulmonology,Z41.9,Routine,Outreach in Progress,Outreach Follow-Up,2025-08-23 23:10:41,2025-08-26 23:10:41,2025-08-23 00:10:41,2025-08-22 19:10:41,,,,,,,2025-08-21 03:10:41,2025-08-23 23:10:41
REF001293,EHR-REF0001293,NorthStar EHR,PAT001371,COV001371,PRC0020,ORG002,LOC002,SPC001,PRC0106,ORG027,,2026-05-30 07:44:56,2026-05-30 22:44:56,Synthetic evaluation request for Cardiology,Z21.9,Routine,Closed—Not Completed,,2026-06-06 21:44:56,,2026-06-02 05:44:56,2026-06-04 04:44:56,,,,2026-06-06 21:44:56,Not Completed,Insurance or Access Barrier,2026-05-30 22:44:56,2026-06-06 21:44:56
REF001294,EHR-REF0001294,NorthStar EHR,PAT000487,COV000487,PRC0017,ORG005,LOC005,SPC005,PRC0110,ORG031,,2025-10-06 00:43:58,2025-10-06 23:43:58,Synthetic evaluation request for Neurology,Z57.6,Routine,Closed—Completed,,2025-10-19 00:43:58,,2025-10-10 19:43:58,2025-10-09 20:43:58,2025-10-10 08:43:58,2025-11-13 08:43:58,2025-11-20 08:43:58,2025-11-21 17:43:58,Completed,,2025-10-06 23:43:58,2025-11-21 17:43:58
REF001295,EHR-REF0001295,NorthStar EHR,PAT001106,COV001106,PRC0021,ORG003,LOC003,SPC002,PRC0107,ORG028,USR004,2026-06-20 18:28:03,2026-06-21 16:28:03,Synthetic evaluation request for Dermatology,Z29.3,Routine,Scheduled,Appointment Verification,2026-06-28 10:28:03,2026-07-01 10:28:03,2026-06-23 22:28:03,2026-06-25 22:28:03,2026-06-27 06:28:03,,,,,,2026-06-21 16:28:03,2026-06-28 10:28:03
REF001296,EHR-REF0001296,NorthStar EHR,PAT001508,COV001508,PRC0020,ORG002,LOC002,SPC009,PRC0069,ORG015,,2026-05-23 17:59:29,2026-05-24 02:59:29,Synthetic evaluation request for Rheumatology,Z10.0,Routine,Closed—Completed,,2026-06-04 22:59:29,,2026-05-25 04:59:29,2026-05-26 22:59:29,2026-05-27 07:59:29,2026-06-15 07:59:29,2026-06-20 07:59:29,2026-06-21 06:59:29,Completed,,2026-05-24 02:59:29,2026-06-21 06:59:29
REF001297,EHR-REF0001297,NorthStar EHR,PAT000924,COV000924,PRC0024,ORG006,LOC006,SPC004,PRC0074,ORG020,,2026-04-05 22:42:26,2026-04-06 06:42:26,Synthetic evaluation request for Gastroenterology,Z70.7,Routine,Closed—Completed,,2026-04-19 21:42:26,,2026-04-09 04:42:26,2026-04-09 22:42:26,2026-04-10 22:42:26,2026-04-15 22:42:26,2026-04-21 22:42:26,2026-04-22 14:42:26,Completed,,2026-04-06 06:42:26,2026-04-22 14:42:26
REF001298,EHR-REF0001298,NorthStar EHR,PAT000567,COV000567,PRC0006,ORG006,LOC006,SPC009,PRC0094,ORG015,,2026-03-10 01:51:31,2026-03-10 14:51:31,Synthetic evaluation request for Rheumatology,Z45.0,Routine,Closed—Completed,,2026-03-22 16:51:31,,2026-03-11 07:51:31,2026-03-12 18:51:31,2026-03-13 03:51:31,2026-04-11 03:51:31,2026-04-16 03:51:31,2026-04-16 11:51:31,Completed,,2026-03-10 14:51:31,2026-04-16 11:51:31
REF001299,EHR-REF0001299,NorthStar EHR,PAT000221,COV000221,PRC0001,ORG001,LOC001,SPC003,PRC0088,ORG009,,2026-06-24 20:03:15,2026-06-24 21:03:15,Synthetic evaluation request for Endocrinology,Z10.4,Routine,Closed—Completed,,2026-07-03 19:03:15,,2026-06-27 20:03:15,2026-06-27 05:03:15,2026-06-28 18:03:15,2026-07-25 18:03:15,2026-07-28 18:03:15,2026-07-29 14:03:15,Completed,,2026-06-24 21:03:15,2026-07-29 14:03:15
REF001300,EHR-REF0001300,NorthStar EHR,PAT001497,COV001497,PRC0010,ORG004,LOC004,SPC008,PRC0093,ORG014,,2026-05-11 10:11:45,2026-05-11 12:11:45,Synthetic evaluation request for Pulmonology,Z73.9,Routine,Closed—Completed,,2026-05-26 18:11:45,,2026-05-14 15:11:45,2026-05-12 22:11:45,2026-05-14 11:11:45,2026-05-22 11:11:45,2026-05-26 11:11:45,2026-05-27 22:11:45,Completed,,2026-05-11 12:11:45,2026-05-27 22:11:45
REF001301,EHR-REF0001301,NorthStar EHR,PAT000302,COV000302,PRC0009,ORG003,LOC003,SPC001,PRC0061,ORG007,,2025-10-27 08:25:10,2025-10-28 07:25:10,Synthetic evaluation request for Cardiology,Z11.8,Routine,Closed—Not Completed,,2025-11-03 12:25:10,,2025-10-31 00:25:10,2025-10-30 23:25:10,,,,2025-11-03 12:25:10,Not Completed,Patient Moved,2025-10-28 07:25:10,2025-11-03 12:25:10
REF001302,EHR-REF0001302,NorthStar EHR,PAT000965,COV000965,PRC0030,ORG006,LOC006,SPC001,PRC0086,ORG007,,2025-11-12 17:23:18,2025-11-12 22:23:18,Synthetic evaluation request for Cardiology,Z60.9,Routine,Closed—Completed,,2025-11-25 22:23:18,,2025-11-15 14:23:18,2025-11-13 18:23:18,2025-11-15 15:23:18,2025-12-06 15:23:18,2025-12-15 15:23:18,2025-12-16 12:23:18,Completed,,2025-11-12 22:23:18,2025-12-16 12:23:18
REF001303,EHR-REF0001303,NorthStar EHR,PAT001235,COV001235,PRC0015,ORG003,LOC003,SPC006,PRC0101,ORG022,USR009,2025-09-11 04:16:35,2025-09-11 18:16:35,Synthetic evaluation request for Orthopedics,Z47.4,Routine,Scheduled,Appointment Verification,2025-09-20 15:16:35,2025-09-23 15:16:35,2025-09-14 03:16:35,2025-09-16 00:16:35,2025-09-17 08:16:35,,,,,,2025-09-11 18:16:35,2025-09-20 15:16:35
REF001304,EHR-REF0001304,NorthStar EHR,PAT000407,COV000407,PRC0004,ORG004,LOC004,SPC004,PRC0059,ORG030,USR010,2025-12-27 07:29:01,2025-12-27 14:29:01,Synthetic evaluation request for Gastroenterology,Z23.3,Routine,Completed—Report Pending,Report Pending,2026-01-07 22:29:01,2026-01-10 22:29:01,2025-12-30 23:29:01,2026-01-01 02:29:01,2026-01-02 13:29:01,2026-01-06 13:29:01,,,,,2025-12-27 14:29:01,2026-01-07 22:29:01
REF001305,EHR-REF0001305,NorthStar EHR,PAT001573,COV001573,PRC0015,ORG003,LOC003,SPC001,PRC0046,ORG017,USR007,2026-05-25 10:50:09,2026-05-25 21:50:09,Synthetic evaluation request for Cardiology,Z10.1,Routine,Scheduled,Appointment Verification,2026-05-27 14:50:09,2026-05-30 14:50:09,2026-05-26 16:50:09,2026-05-28 04:50:09,2026-05-28 17:50:09,,,,,,2026-05-25 21:50:09,2026-05-27 14:50:09
REF001306,EHR-REF0001306,NorthStar EHR,PAT001225,COV001225,PRC0006,ORG006,LOC006,SPC007,PRC0067,ORG013,,2026-05-01 14:55:14,2026-05-01 17:55:14,Synthetic evaluation request for Otolaryngology,Z81.6,Urgent,Closed—Completed,,2026-05-10 05:55:14,,2026-05-03 13:55:14,2026-05-06 03:55:14,2026-05-08 01:55:14,2026-05-13 01:55:14,2026-05-18 01:55:14,2026-05-19 08:55:14,Completed,,2026-05-01 17:55:14,2026-05-19 08:55:14
REF001307,EHR-REF0001307,NorthStar EHR,PAT001366,COV001366,PRC0019,ORG001,LOC001,SPC004,PRC0084,ORG030,,2026-02-16 00:36:31,2026-02-16 17:36:31,Synthetic evaluation request for Gastroenterology,Z12.2,Routine,Closed—Completed,,2026-02-26 04:36:31,,2026-02-16 22:36:31,2026-02-21 02:36:31,2026-02-22 20:36:31,2026-03-08 20:36:31,2026-03-09 20:36:31,2026-03-10 13:36:31,Completed,,2026-02-16 17:36:31,2026-03-10 13:36:31
REF001308,EHR-REF0001308,NorthStar EHR,PAT000538,COV000538,PRC0024,ORG006,LOC006,SPC004,PRC0109,ORG030,USR004,2026-03-09 23:18:22,2026-03-10 19:18:22,Synthetic evaluation request for Gastroenterology,Z10.0,Routine,Received,New Intake,2026-03-10 19:18:22,2026-03-13 19:18:22,,,,,,,,,2026-03-10 19:18:22,2026-03-10 19:18:22
REF001309,EHR-REF0001309,NorthStar EHR,PAT001240,COV001240,PRC0025,ORG001,LOC001,SPC008,PRC0043,ORG014,,2026-01-17 00:26:36,2026-01-17 12:26:36,Synthetic evaluation request for Pulmonology,Z48.6,Routine,Closed—Completed,,2026-01-28 05:26:36,,2026-01-20 04:26:36,2026-01-20 21:26:36,2026-01-22 09:26:36,2026-02-08 09:26:36,2026-02-14 09:26:36,2026-02-14 21:26:36,Completed,,2026-01-17 12:26:36,2026-02-14 21:26:36
REF001310,EHR-REF0001310,NorthStar EHR,PAT001442,COV001442,PRC0004,ORG004,LOC004,SPC009,PRC0069,ORG015,,2025-10-20 23:38:51,2025-10-21 09:38:51,Synthetic evaluation request for Rheumatology,Z42.2,Urgent,Closed—Completed,,2025-10-31 16:38:51,,2025-10-23 16:38:51,2025-10-22 03:38:51,2025-10-23 15:38:51,2025-11-06 15:38:51,2025-11-15 15:38:51,2025-11-17 08:38:51,Completed,,2025-10-21 09:38:51,2025-11-17 08:38:51
REF001311,EHR-REF0001311,NorthStar EHR,PAT000418,COV000418,PRC0010,ORG004,LOC004,SPC006,PRC0101,ORG022,USR013,2025-08-30 10:53:32,2025-08-30 16:53:32,Synthetic evaluation request for Orthopedics,Z79.6,Routine,Completed—Report Pending,Report Pending,2025-09-03 12:53:32,2025-09-06 12:53:32,2025-09-02 00:53:32,2025-09-04 03:53:32,2025-09-05 15:53:32,2025-09-21 15:53:32,,,,,2025-08-30 16:53:32,2025-09-03 12:53:32
REF001312,EHR-REF0001312,NorthStar EHR,PAT001798,COV001798,PRC0022,ORG004,LOC004,SPC009,PRC0054,ORG025,,2026-06-01 02:08:26,2026-06-01 08:08:26,Synthetic evaluation request for Rheumatology,Z35.3,Routine,Closed—Not Completed,,2026-06-06 13:08:26,,2026-06-02 16:08:26,2026-06-04 16:08:26,,,,2026-06-06 13:08:26,Not Completed,Patient Moved,2026-06-01 08:08:26,2026-06-06 13:08:26
REF001313,EHR-REF0001313,NorthStar EHR,PAT001603,COV001603,PRC0013,ORG001,LOC001,SPC002,PRC0037,ORG008,,2025-08-22 23:40:19,2025-08-23 01:40:19,Synthetic evaluation request for Dermatology,Z35.7,Routine,Closed—Completed,,2025-09-06 01:40:19,,2025-08-26 08:40:19,2025-08-23 09:40:19,2025-08-24 12:40:19,2025-09-10 12:40:19,2025-09-12 12:40:19,2025-09-13 04:40:19,Completed,,2025-08-23 01:40:19,2025-09-13 04:40:19
REF001314,EHR-REF0001314,NorthStar EHR,PAT000992,COV000992,PRC0029,ORG005,LOC005,SPC010,PRC0070,ORG016,USR002,2026-04-24 04:15:36,2026-04-24 20:15:36,Synthetic evaluation request for General Surgery,Z84.8,Routine,Completed—Report Pending,Report Pending,2026-05-03 20:15:36,2026-05-06 20:15:36,2026-04-28 04:15:36,2026-04-29 00:15:36,2026-05-01 00:15:36,2026-05-31 00:15:36,,,,,2026-04-24 20:15:36,2026-05-03 20:15:36
REF001315,EHR-REF0001315,NorthStar EHR,PAT000020,COV000020,PRC0019,ORG001,LOC001,SPC002,PRC0072,ORG018,USR007,2026-03-13 19:16:34,2026-03-14 19:16:34,Synthetic evaluation request for Dermatology,Z63.0,Routine,Outreach in Progress,Outreach Follow-Up,2026-03-21 04:16:34,2026-03-24 04:16:34,2026-03-18 02:16:34,2026-03-15 07:16:34,,,,,,,2026-03-14 19:16:34,2026-03-21 04:16:34
REF001316,EHR-REF0001316,NorthStar EHR,PAT000806,COV000806,PRC0002,ORG002,LOC002,SPC005,PRC0100,ORG021,,2025-11-20 15:25:51,2025-11-21 01:25:51,Synthetic evaluation request for Neurology,Z42.1,Routine,Closed—Completed,,2025-11-30 13:25:51,,2025-11-25 00:25:51,2025-11-25 18:25:51,2025-11-26 12:25:51,2025-12-18 12:25:51,2025-12-21 12:25:51,2025-12-23 03:25:51,Completed,,2025-11-21 01:25:51,2025-12-23 03:25:51
REF001317,EHR-REF0001317,NorthStar EHR,PAT000736,COV000736,PRC0009,ORG003,LOC003,SPC003,PRC0098,ORG019,USR005,2025-11-21 04:08:53,2025-11-21 08:08:53,Synthetic evaluation request for Endocrinology,Z30.4,Routine,Needs Information,Needs Information,2025-11-21 12:08:53,2025-11-24 12:08:53,,,,,,,,,2025-11-21 08:08:53,2025-11-21 12:08:53
REF001318,EHR-REF0001318,NorthStar EHR,PAT000903,COV000903,PRC0019,ORG001,LOC001,SPC009,PRC0094,ORG015,,2026-01-06 19:41:07,2026-01-07 13:41:07,Synthetic evaluation request for Rheumatology,Z80.8,Routine,Closed—Completed,,2026-01-16 00:41:07,,2026-01-09 23:41:07,2026-01-10 09:41:07,2026-01-10 11:41:07,2026-01-30 11:41:07,2026-02-04 11:41:07,2026-02-05 03:41:07,Completed,,2026-01-07 13:41:07,2026-02-05 03:41:07
REF001319,EHR-REF0001319,NorthStar EHR,PAT000105,COV000105,PRC0009,ORG003,LOC003,SPC002,PRC0087,ORG008,,2026-01-25 04:11:05,2026-01-25 11:11:05,Synthetic evaluation request for Dermatology,Z29.3,Routine,Closed—Completed,,2026-02-10 01:11:05,,2026-01-29 05:11:05,2026-01-28 06:11:05,2026-01-29 23:11:05,2026-02-25 23:11:05,2026-02-26 23:11:05,2026-02-27 13:11:05,Completed,,2026-01-25 11:11:05,2026-02-27 13:11:05
REF001320,EHR-REF0001320,NorthStar EHR,PAT000344,COV000344,PRC0027,ORG003,LOC003,SPC005,PRC0110,ORG031,,2025-11-03 21:14:32,2025-11-04 01:14:32,Synthetic evaluation request for Neurology,Z33.9,Routine,Cancelled,,2025-11-06 19:14:32,,2025-11-06 19:14:32,,,,,2025-11-06 19:14:32,Cancelled,No Longer Clinically Indicated,2025-11-04 01:14:32,2025-11-06 19:14:32
REF001321,EHR-REF0001321,NorthStar EHR,PAT001784,COV001784,PRC0017,ORG005,LOC005,SPC009,PRC0094,ORG015,USR003,2025-10-15 16:13:48,2025-10-16 04:13:48,Synthetic evaluation request for Rheumatology,Z85.7,Routine,Completed—Report Pending,Report Pending,2025-10-25 19:13:48,2025-10-28 19:13:48,2025-10-18 01:13:48,2025-10-18 22:13:48,2025-10-20 09:13:48,2025-11-14 09:13:48,,,,,2025-10-16 04:13:48,2025-10-25 19:13:48
REF001322,EHR-REF0001322,NorthStar EHR,PAT001834,COV001834,PRC0030,ORG006,LOC006,SPC001,PRC0071,ORG017,USR014,2026-04-10 14:06:27,2026-04-11 06:06:27,Synthetic evaluation request for Cardiology,Z85.9,Urgent,Scheduled,Appointment Verification,2026-04-19 14:06:27,2026-04-20 14:06:27,2026-04-14 08:06:27,2026-04-14 04:06:27,2026-04-14 10:06:27,,,,,,2026-04-11 06:06:27,2026-04-19 14:06:27
REF001323,EHR-REF0001323,NorthStar EHR,PAT000263,COV000263,PRC0017,ORG005,LOC005,SPC003,PRC0108,ORG029,USR004,2026-02-01 09:49:13,2026-02-02 02:49:13,Synthetic evaluation request for Endocrinology,Z27.7,Routine,Scheduled,Appointment Verification,2026-02-10 18:49:13,2026-02-13 18:49:13,2026-02-05 21:49:13,2026-02-04 03:49:13,2026-02-04 12:49:13,,,,,,2026-02-02 02:49:13,2026-02-10 18:49:13
REF001324,EHR-REF0001324,NorthStar EHR,PAT000711,COV000711,PRC0011,ORG005,LOC005,SPC005,PRC0100,ORG021,,2025-12-10 21:49:03,2025-12-11 04:49:03,Synthetic evaluation request for Neurology,Z16.4,Routine,Closed—Completed,,2025-12-22 13:49:03,,2025-12-12 18:49:03,2025-12-15 23:49:03,2025-12-16 23:49:03,2026-01-10 23:49:03,2026-01-15 23:49:03,2026-01-16 21:49:03,Completed,,2025-12-11 04:49:03,2026-01-16 21:49:03
REF001325,EHR-REF0001325,NorthStar EHR,PAT001011,COV001011,PRC0024,ORG006,LOC006,SPC001,PRC0061,ORG007,USR012,2026-04-30 16:27:22,2026-05-01 02:27:22,Synthetic evaluation request for Cardiology,Z66.5,Routine,Scheduled,Appointment Verification,2026-05-07 16:27:22,2026-05-10 16:27:22,2026-05-01 06:27:22,2026-05-02 17:27:22,2026-05-03 18:27:22,,,,,,2026-05-01 02:27:22,2026-05-07 16:27:22
REF001326,EHR-REF0001326,NorthStar EHR,PAT001576,COV001576,PRC0028,ORG004,LOC004,SPC009,PRC0054,ORG025,USR005,2025-10-28 09:22:53,2025-10-29 02:22:53,Synthetic evaluation request for Rheumatology,Z17.1,Routine,Received,New Intake,2025-10-29 02:22:53,2025-11-01 02:22:53,,,,,,,,,2025-10-29 02:22:53,2025-10-29 02:22:53
REF001327,EHR-REF0001327,NorthStar EHR,PAT000025,COV000025,PRC0028,ORG004,LOC004,SPC001,PRC0036,ORG007,,2026-03-07 10:05:02,2026-03-07 15:05:02,Synthetic evaluation request for Cardiology,Z34.2,Routine,Closed—Completed,,2026-03-22 03:05:02,,2026-03-10 11:05:02,2026-03-11 21:05:02,2026-03-12 19:05:02,2026-04-12 19:05:02,2026-04-20 19:05:02,2026-04-21 06:05:02,Completed,,2026-03-07 15:05:02,2026-04-21 06:05:02
REF001328,EHR-REF0001328,NorthStar EHR,PAT000911,COV000911,PRC0028,ORG004,LOC004,SPC006,PRC0076,ORG022,,2025-09-12 13:09:31,2025-09-12 16:09:31,Synthetic evaluation request for Orthopedics,Z64.8,Routine,Closed—Not Completed,,2025-09-21 03:09:31,,2025-09-15 17:09:31,2025-09-17 12:09:31,,,,2025-09-21 03:09:31,Not Completed,Transferred Care,2025-09-12 16:09:31,2025-09-21 03:09:31
REF001329,EHR-REF0001329,NorthStar EHR,PAT000864,COV000864,PRC0026,ORG002,LOC002,SPC002,PRC0082,ORG028,,2025-11-30 07:44:40,2025-11-30 21:44:40,Synthetic evaluation request for Dermatology,Z85.0,Routine,Closed—Not Completed,,2025-12-07 18:44:40,,2025-12-04 13:44:40,2025-12-02 19:44:40,,,,2025-12-07 18:44:40,Not Completed,Duplicate Referral,2025-11-30 21:44:40,2025-12-07 18:44:40
REF001330,EHR-REF0001330,NorthStar EHR,PAT001616,COV001616,PRC0022,ORG004,LOC004,SPC009,PRC0054,ORG025,,2026-06-05 18:17:05,2026-06-05 23:17:05,Synthetic evaluation request for Rheumatology,Z22.5,Routine,Closed—Not Completed,,2026-06-07 14:17:05,,2026-06-06 23:17:05,2026-06-10 14:17:05,,,,2026-06-07 14:17:05,Not Completed,Duplicate Referral,2026-06-05 23:17:05,2026-06-07 14:17:05
REF001331,EHR-REF0001331,NorthStar EHR,PAT000568,COV000568,PRC0025,ORG001,LOC001,SPC004,PRC0059,ORG030,,2025-08-17 13:23:57,2025-08-18 02:23:57,Synthetic evaluation request for Gastroenterology,Z42.3,Routine,Closed—Not Completed,,2025-08-24 06:23:57,,2025-08-18 12:23:57,2025-08-21 20:23:57,,,,2025-08-24 06:23:57,Not Completed,Transferred Care,2025-08-18 02:23:57,2025-08-24 06:23:57
REF001332,EHR-REF0001332,NorthStar EHR,PAT001506,COV001506,PRC0030,ORG006,LOC006,SPC009,PRC0094,ORG015,USR008,2025-12-18 15:09:28,2025-12-19 09:09:28,Synthetic evaluation request for Rheumatology,Z73.5,Routine,Scheduled,Appointment Verification,2025-12-22 00:09:28,2025-12-25 00:09:28,2025-12-19 19:09:28,2025-12-24 03:09:28,2025-12-24 12:09:28,,,,,,2025-12-19 09:09:28,2025-12-22 00:09:28
REF001333,EHR-REF0001333,NorthStar EHR,PAT001553,COV001553,PRC0032,ORG002,LOC002,SPC004,PRC0109,ORG030,USR013,2026-01-22 17:55:45,2026-01-23 04:55:45,Synthetic evaluation request for Gastroenterology,Z75.7,Routine,Completed—Report Pending,Report Pending,2026-01-31 05:55:45,2026-02-03 05:55:45,2026-01-26 11:55:45,2026-01-24 21:55:45,2026-01-26 10:55:45,2026-02-09 10:55:45,,,,,2026-01-23 04:55:45,2026-01-31 05:55:45
REF001334,EHR-REF0001334,NorthStar EHR,PAT000084,COV000084,PRC0004,ORG004,LOC004,SPC006,PRC0041,ORG012,USR010,2025-08-15 20:25:16,2025-08-16 15:25:16,Synthetic evaluation request for Orthopedics,Z27.1,Routine,Outreach in Progress,Outreach Follow-Up,2025-08-19 08:25:16,2025-08-22 08:25:16,2025-08-18 07:25:16,2025-08-18 23:25:16,,,,,,,2025-08-16 15:25:16,2025-08-19 08:25:16
REF001335,EHR-REF0001335,NorthStar EHR,PAT001830,COV001830,PRC0022,ORG004,LOC004,SPC008,PRC0068,ORG014,USR012,2025-10-13 15:24:28,2025-10-13 23:24:28,Synthetic evaluation request for Pulmonology,Z58.6,Routine,Scheduled,Appointment Verification,2025-10-20 04:24:28,2025-10-23 04:24:28,2025-10-15 09:24:28,2025-10-18 05:24:28,2025-10-19 22:24:28,,,,,,2025-10-13 23:24:28,2025-10-20 04:24:28
REF001336,EHR-REF0001336,NorthStar EHR,PAT001421,COV001421,PRC0028,ORG004,LOC004,SPC010,PRC0095,ORG016,,2025-12-09 08:02:41,2025-12-09 09:02:41,Synthetic evaluation request for General Surgery,Z13.4,Routine,Closed—Completed,,2025-12-21 06:02:41,,2025-12-10 17:02:41,2025-12-13 00:02:41,2025-12-14 15:02:41,2025-12-18 15:02:41,2025-12-26 15:02:41,2025-12-27 17:02:41,Completed,,2025-12-09 09:02:41,2025-12-27 17:02:41
REF001337,EHR-REF0001337,NorthStar EHR,PAT000522,COV000522,PRC0015,ORG003,LOC003,SPC005,PRC0090,ORG011,USR003,2025-09-22 21:58:41,2025-09-23 18:58:41,Synthetic evaluation request for Neurology,Z26.4,Routine,Outreach in Progress,Outreach Follow-Up,2025-09-26 12:58:41,2025-09-29 12:58:41,2025-09-25 22:58:41,2025-09-27 22:58:41,,,,,,,2025-09-23 18:58:41,2025-09-26 12:58:41
REF001338,EHR-REF0001338,NorthStar EHR,PAT000238,COV000238,PRC0014,ORG002,LOC002,SPC007,PRC0067,ORG013,,2026-01-10 12:02:19,2026-01-11 07:02:19,Synthetic evaluation request for Otolaryngology,Z20.9,Routine,Closed—Completed,,2026-01-22 15:02:19,,2026-01-14 13:02:19,2026-01-12 13:02:19,2026-01-12 22:02:19,2026-01-22 22:02:19,2026-01-28 22:02:19,2026-01-30 11:02:19,Completed,,2026-01-11 07:02:19,2026-01-30 11:02:19
REF001339,EHR-REF0001339,NorthStar EHR,PAT001965,COV001965,PRC0011,ORG005,LOC005,SPC001,PRC0061,ORG007,USR001,2025-11-01 03:25:13,2025-11-01 20:25:13,Synthetic evaluation request for Cardiology,Z85.4,Routine,Outreach in Progress,Outreach Follow-Up,2025-11-05 08:25:13,2025-11-08 08:25:13,2025-11-03 20:25:13,2025-11-02 21:25:13,,,,,,,2025-11-01 20:25:13,2025-11-05 08:25:13
REF001340,EHR-REF0001340,NorthStar EHR,PAT001035,COV001035,PRC0035,ORG005,LOC005,SPC006,PRC0091,ORG012,USR002,2026-07-06 19:13:50,2026-07-07 05:13:50,Synthetic evaluation request for Orthopedics,Z11.7,Routine,Needs Information,Needs Information,2026-07-08 11:13:50,2026-07-11 11:13:50,,,,,,,,,2026-07-07 05:13:50,2026-07-08 11:13:50
REF001341,EHR-REF0001341,NorthStar EHR,PAT001419,COV001419,PRC0034,ORG004,LOC004,SPC004,PRC0059,ORG030,,2026-05-01 21:12:19,2026-05-02 02:12:19,Synthetic evaluation request for Gastroenterology,Z11.2,Urgent,Closed—Completed,,2026-05-17 00:12:19,,2026-05-04 09:12:19,2026-05-04 17:12:19,2026-05-05 03:12:19,2026-05-10 03:12:19,2026-05-18 03:12:19,2026-05-18 22:12:19,Completed,,2026-05-02 02:12:19,2026-05-18 22:12:19
REF001342,EHR-REF0001342,NorthStar EHR,PAT000963,COV000963,PRC0032,ORG002,LOC002,SPC007,PRC0102,ORG023,,2025-12-09 04:04:29,2025-12-09 07:04:29,Synthetic evaluation request for Otolaryngology,Z56.2,Urgent,Closed—Completed,,2025-12-22 23:04:29,,2025-12-12 09:04:29,2025-12-12 02:04:29,2025-12-13 09:04:29,2026-01-13 09:04:29,2026-01-15 09:04:29,2026-01-16 11:04:29,Completed,,2025-12-09 07:04:29,2026-01-16 11:04:29
REF001343,EHR-REF0001343,NorthStar EHR,PAT001909,COV001909,PRC0026,ORG002,LOC002,SPC002,PRC0047,ORG018,USR012,2026-07-02 22:34:10,2026-07-03 03:34:10,Synthetic evaluation request for Dermatology,Z56.6,Routine,Scheduled,Appointment Verification,2026-07-08 17:34:10,2026-07-11 17:34:10,2026-07-04 15:34:10,2026-07-08 01:34:10,2026-07-09 16:34:10,,,,,,2026-07-03 03:34:10,2026-07-08 17:34:10
REF001344,EHR-REF0001344,NorthStar EHR,PAT000815,COV000815,PRC0029,ORG005,LOC005,SPC008,PRC0103,ORG024,,2025-12-11 16:39:48,2025-12-12 15:39:48,Synthetic evaluation request for Pulmonology,Z64.0,Routine,Closed—Completed,,2025-12-20 10:39:48,,2025-12-14 02:39:48,2025-12-16 11:39:48,2025-12-17 02:39:48,2026-01-11 02:39:48,2026-01-20 02:39:48,2026-01-21 17:39:48,Completed,,2025-12-12 15:39:48,2026-01-21 17:39:48
REF001345,EHR-REF0001345,NorthStar EHR,PAT001727,COV001727,PRC0017,ORG005,LOC005,SPC006,PRC0041,ORG012,,2025-12-29 02:24:54,2025-12-29 10:24:54,Synthetic evaluation request for Orthopedics,Z84.1,Routine,Closed—Completed,,2026-01-06 07:24:54,,2025-12-31 06:24:54,2025-12-30 23:24:54,2025-12-31 15:24:54,2026-01-03 15:24:54,2026-01-08 15:24:54,2026-01-09 14:24:54,Completed,,2025-12-29 10:24:54,2026-01-09 14:24:54
REF001346,EHR-REF0001346,NorthStar EHR,PAT000025,COV000025,PRC0019,ORG001,LOC001,SPC008,PRC0043,ORG014,,2025-10-07 17:41:34,2025-10-07 22:41:34,Synthetic evaluation request for Pulmonology,Z28.9,Routine,Cancelled,,2025-10-09 13:41:34,,2025-10-09 13:41:34,,,,,2025-10-09 13:41:34,Cancelled,No Longer Clinically Indicated,2025-10-07 22:41:34,2025-10-09 13:41:34
REF001347,EHR-REF0001347,NorthStar EHR,PAT001617,COV001617,PRC0009,ORG003,LOC003,SPC010,PRC0095,ORG016,USR004,2026-03-20 17:36:49,2026-03-21 15:36:49,Synthetic evaluation request for General Surgery,Z12.9,Routine,Scheduled,Appointment Verification,2026-03-27 06:36:49,2026-03-30 06:36:49,2026-03-24 20:36:49,2026-03-24 14:36:49,2026-03-26 00:36:49,,,,,,2026-03-21 15:36:49,2026-03-27 06:36:49
REF001348,EHR-REF0001348,NorthStar EHR,PAT001789,COV001789,PRC0015,ORG003,LOC003,SPC008,PRC0103,ORG024,USR013,2025-12-04 23:08:15,2025-12-05 23:08:15,Synthetic evaluation request for Pulmonology,Z33.7,Routine,Scheduled,Appointment Verification,2025-12-13 01:08:15,2025-12-16 01:08:15,2025-12-08 08:08:15,2025-12-09 04:08:15,2025-12-10 13:08:15,,,,,,2025-12-05 23:08:15,2025-12-13 01:08:15
REF001349,EHR-REF0001349,NorthStar EHR,PAT000017,COV000017,PRC0002,ORG002,LOC002,SPC008,PRC0103,ORG024,,2026-04-27 09:39:14,2026-04-27 14:39:14,Synthetic evaluation request for Pulmonology,Z59.4,Routine,Closed—Completed,,2026-05-11 14:39:14,,2026-04-28 13:39:14,2026-04-30 16:39:14,2026-05-02 12:39:14,2026-05-05 12:39:14,2026-05-07 12:39:14,2026-05-08 18:39:14,Completed,,2026-04-27 14:39:14,2026-05-08 18:39:14
REF001350,EHR-REF0001350,NorthStar EHR,PAT000640,COV000640,PRC0022,ORG004,LOC004,SPC006,PRC0066,ORG012,USR002,2026-07-13 13:54:38,2026-07-13 16:54:38,Synthetic evaluation request for Orthopedics,Z43.2,Routine,Needs Information,Needs Information,2026-07-15 01:54:38,2026-07-18 01:54:38,,,,,,,,,2026-07-13 16:54:38,2026-07-15 01:54:38
REF001351,EHR-REF0001351,NorthStar EHR,PAT000871,COV000871,PRC0016,ORG004,LOC004,SPC008,PRC0103,ORG024,,2026-07-03 18:24:24,2026-07-04 17:24:24,Synthetic evaluation request for Pulmonology,Z82.9,Routine,Closed—Completed,,2026-07-13 11:24:24,,2026-07-05 23:24:24,2026-07-07 07:24:24,2026-07-07 22:24:24,2026-07-16 22:24:24,2026-07-19 22:24:24,2026-07-20 22:24:24,Completed,,2026-07-04 17:24:24,2026-07-20 22:24:24
REF001352,EHR-REF0001352,NorthStar EHR,PAT001327,COV001327,PRC0034,ORG004,LOC004,SPC009,PRC0069,ORG015,,2026-01-24 08:26:20,2026-01-25 05:26:20,Synthetic evaluation request for Rheumatology,Z33.0,Routine,Closed—Completed,,2026-02-05 06:26:20,,2026-01-28 02:26:20,2026-01-29 19:26:20,2026-01-30 05:26:20,2026-02-14 05:26:20,2026-02-15 05:26:20,2026-02-15 19:26:20,Completed,,2026-01-25 05:26:20,2026-02-15 19:26:20
REF001353,EHR-REF0001353,NorthStar EHR,PAT001764,COV001764,PRC0003,ORG003,LOC003,SPC002,PRC0087,ORG008,,2025-09-02 12:32:21,2025-09-02 17:32:21,Synthetic evaluation request for Dermatology,Z21.7,Routine,Closed—Completed,,2025-09-17 05:32:21,,2025-09-04 07:32:21,2025-09-07 10:32:21,2025-09-08 03:32:21,2025-10-04 03:32:21,2025-10-05 03:32:21,2025-10-06 01:32:21,Completed,,2025-09-02 17:32:21,2025-10-06 01:32:21
REF001354,EHR-REF0001354,NorthStar EHR,PAT000782,COV000782,PRC0026,ORG002,LOC002,SPC006,PRC0051,ORG022,USR005,2026-02-18 23:47:02,2026-02-19 12:47:02,Synthetic evaluation request for Orthopedics,Z62.4,Routine,Completed—Report Pending,Report Pending,2026-02-26 11:47:02,2026-03-01 11:47:02,2026-02-22 23:47:02,2026-02-22 21:47:02,2026-02-24 05:47:02,2026-03-25 05:47:02,,,,,2026-02-19 12:47:02,2026-02-26 11:47:02
REF001355,EHR-REF0001355,NorthStar EHR,PAT001897,COV001897,PRC0011,ORG005,LOC005,SPC008,PRC0078,ORG024,USR004,2025-10-12 03:23:34,2025-10-12 11:23:34,Synthetic evaluation request for Pulmonology,Z72.9,Routine,Ready for Outreach,Ready for Outreach,2025-10-15 16:23:34,2025-10-18 16:23:34,2025-10-15 16:23:34,,,,,,,,2025-10-12 11:23:34,2025-10-15 16:23:34
REF001356,EHR-REF0001356,NorthStar EHR,PAT000222,COV000222,PRC0002,ORG002,LOC002,SPC005,PRC0075,ORG021,,2025-10-13 21:48:18,2025-10-14 14:48:18,Synthetic evaluation request for Neurology,Z35.4,Routine,Closed—Completed,,2025-10-19 05:48:18,,2025-10-15 07:48:18,2025-10-18 01:48:18,2025-10-19 14:48:18,2025-10-29 14:48:18,2025-11-07 14:48:18,2025-11-08 09:48:18,Completed,,2025-10-14 14:48:18,2025-11-08 09:48:18
REF001357,EHR-REF0001357,NorthStar EHR,PAT000574,COV000574,PRC0020,ORG002,LOC002,SPC003,PRC0048,ORG019,,2026-02-03 12:16:21,2026-02-03 19:16:21,Synthetic evaluation request for Endocrinology,Z68.3,Routine,Closed—Completed,,2026-02-16 14:16:21,,2026-02-06 07:16:21,2026-02-08 13:16:21,2026-02-09 15:16:21,2026-02-14 15:16:21,2026-02-22 15:16:21,2026-02-23 15:16:21,Completed,,2026-02-03 19:16:21,2026-02-23 15:16:21
REF001358,EHR-REF0001358,NorthStar EHR,PAT001332,COV001332,PRC0005,ORG005,LOC005,SPC007,PRC0102,ORG023,,2026-06-14 16:32:43,2026-06-15 04:32:43,Synthetic evaluation request for Otolaryngology,Z62.4,Routine,Closed—Completed,,2026-06-24 21:32:43,,2026-06-18 18:32:43,2026-06-18 10:32:43,2026-06-19 01:32:43,2026-07-21 01:32:43,2026-07-29 01:32:43,2026-07-29 18:32:43,Completed,,2026-06-15 04:32:43,2026-07-29 18:32:43
REF001359,EHR-REF0001359,NorthStar EHR,PAT001272,COV001272,PRC0002,ORG002,LOC002,SPC008,PRC0078,ORG024,,2026-06-13 05:53:42,2026-06-13 20:53:42,Synthetic evaluation request for Pulmonology,Z89.4,Routine,Closed—Completed,,2026-06-27 16:53:42,,2026-06-16 05:53:42,2026-06-15 18:53:42,2026-06-17 17:53:42,2026-07-20 17:53:42,2026-07-21 17:53:42,2026-07-22 20:53:42,Completed,,2026-06-13 20:53:42,2026-07-22 20:53:42
REF001360,EHR-REF0001360,NorthStar EHR,PAT001890,COV001890,PRC0025,ORG001,LOC001,SPC004,PRC0039,ORG010,,2025-11-15 03:56:46,2025-11-15 12:56:46,Synthetic evaluation request for Gastroenterology,Z80.2,Routine,Closed—Completed,,2025-11-26 09:56:46,,2025-11-16 08:56:46,2025-11-17 03:56:46,2025-11-17 08:56:46,2025-11-20 08:56:46,2025-11-29 08:56:46,2025-11-30 08:56:46,Completed,,2025-11-15 12:56:46,2025-11-30 08:56:46
REF001361,EHR-REF0001361,NorthStar EHR,PAT000002,COV000002,PRC0030,ORG006,LOC006,SPC005,PRC0090,ORG011,,2026-05-29 20:56:11,2026-05-30 07:56:11,Synthetic evaluation request for Neurology,Z68.6,Routine,Closed—Completed,,2026-06-08 09:56:11,,2026-06-02 23:56:11,2026-05-31 23:56:11,2026-06-01 01:56:11,2026-06-22 01:56:11,2026-07-01 01:56:11,2026-07-02 09:56:11,Completed,,2026-05-30 07:56:11,2026-07-02 09:56:11
REF001362,EHR-REF0001362,NorthStar EHR,PAT001990,COV001990,PRC0002,ORG002,LOC002,SPC007,PRC0052,ORG023,,2026-06-24 22:24:42,2026-06-25 02:24:42,Synthetic evaluation request for Otolaryngology,Z23.7,Urgent,Closed—Completed,,2026-07-03 15:24:42,,2026-06-26 01:24:42,2026-06-25 22:24:42,2026-06-27 13:24:42,2026-07-21 13:24:42,2026-07-26 13:24:42,2026-07-27 14:24:42,Completed,,2026-06-25 02:24:42,2026-07-27 14:24:42
REF001363,EHR-REF0001363,NorthStar EHR,PAT001947,COV001947,PRC0034,ORG004,LOC004,SPC005,PRC0110,ORG031,,2026-01-27 22:30:00,2026-01-28 21:30:00,Synthetic evaluation request for Neurology,Z70.9,Routine,Closed—Completed,,2026-02-10 09:30:00,,2026-01-31 17:30:00,2026-02-01 05:30:00,2026-02-01 20:30:00,2026-03-04 20:30:00,2026-03-14 20:30:00,2026-03-16 01:30:00,Completed,,2026-01-28 21:30:00,2026-03-16 01:30:00
REF001364,EHR-REF0001364,NorthStar EHR,PAT000912,COV000912,PRC0034,ORG004,LOC004,SPC009,PRC0079,ORG025,USR009,2025-10-14 03:42:50,2025-10-14 21:42:50,Synthetic evaluation request for Rheumatology,Z71.1,Routine,Scheduled,Appointment Verification,2025-10-18 07:42:50,2025-10-21 07:42:50,2025-10-15 16:42:50,2025-10-19 14:42:50,2025-10-20 23:42:50,,,,,,2025-10-14 21:42:50,2025-10-18 07:42:50
REF001365,EHR-REF0001365,NorthStar EHR,PAT000254,COV000254,PRC0034,ORG004,LOC004,SPC006,PRC0051,ORG022,,2025-11-01 17:09:05,2025-11-01 22:09:05,Synthetic evaluation request for Orthopedics,Z41.5,Routine,Closed—Completed,,2025-11-15 02:09:05,,2025-11-05 13:09:05,2025-11-05 14:09:05,2025-11-05 18:09:05,2025-12-04 18:09:05,2025-12-05 18:09:05,2025-12-07 07:09:05,Completed,,2025-11-01 22:09:05,2025-12-07 07:09:05
REF001366,EHR-REF0001366,NorthStar EHR,PAT000163,COV000163,PRC0030,ORG006,LOC006,SPC010,PRC0105,ORG026,,2026-04-19 15:04:46,2026-04-20 04:04:46,Synthetic evaluation request for General Surgery,Z64.0,Routine,Closed—Completed,,2026-04-29 19:04:46,,2026-04-21 08:04:46,2026-04-24 11:04:46,2026-04-25 00:04:46,2026-05-10 00:04:46,2026-05-19 00:04:46,2026-05-20 16:04:46,Completed,,2026-04-20 04:04:46,2026-05-20 16:04:46
REF001367,EHR-REF0001367,NorthStar EHR,PAT000875,COV000875,PRC0024,ORG006,LOC006,SPC005,PRC0050,ORG021,,2025-10-20 11:17:46,2025-10-20 13:17:46,Synthetic evaluation request for Neurology,Z85.2,Routine,Closed—Completed,,2025-10-29 13:17:46,,2025-10-21 08:17:46,2025-10-21 14:17:46,2025-10-23 14:17:46,2025-11-15 14:17:46,2025-11-25 14:17:46,2025-11-26 06:17:46,Completed,,2025-10-20 13:17:46,2025-11-26 06:17:46
REF001368,EHR-REF0001368,NorthStar EHR,PAT001644,COV001644,PRC0010,ORG004,LOC004,SPC007,PRC0077,ORG023,USR010,2025-10-12 21:14:56,2025-10-13 16:14:56,Synthetic evaluation request for Otolaryngology,Z22.3,Routine,Completed—Report Pending,Report Pending,2025-10-24 11:14:56,2025-10-27 11:14:56,2025-10-16 10:14:56,2025-10-15 10:14:56,2025-10-16 21:14:56,2025-11-18 21:14:56,,,,,2025-10-13 16:14:56,2025-10-24 11:14:56
REF001369,EHR-REF0001369,NorthStar EHR,PAT001671,COV001671,PRC0012,ORG006,LOC006,SPC001,PRC0086,ORG007,,2026-02-28 22:10:07,2026-03-01 13:10:07,Synthetic evaluation request for Cardiology,Z49.5,Urgent,Cancelled,,2026-03-03 15:10:07,,2026-03-03 15:10:07,,,,,2026-03-03 15:10:07,Cancelled,No Longer Clinically Indicated,2026-03-01 13:10:07,2026-03-03 15:10:07
REF001370,EHR-REF0001370,NorthStar EHR,PAT000479,COV000479,PRC0021,ORG003,LOC003,SPC009,PRC0094,ORG015,,2026-06-27 00:51:02,2026-06-27 01:51:02,Synthetic evaluation request for Rheumatology,Z14.1,Routine,Closed—Completed,,2026-07-08 15:51:02,,2026-06-29 20:51:02,2026-06-28 01:51:02,2026-06-29 04:51:02,2026-07-05 04:51:02,2026-07-08 04:51:02,2026-07-08 17:51:02,Completed,,2026-06-27 01:51:02,2026-07-08 17:51:02
REF001371,EHR-REF0001371,NorthStar EHR,PAT001411,COV001411,PRC0033,ORG003,LOC003,SPC002,PRC0047,ORG018,USR010,2026-01-11 01:00:40,2026-01-11 16:00:40,Synthetic evaluation request for Dermatology,Z30.6,Routine,Ready for Outreach,Ready for Outreach,2026-01-12 12:00:40,2026-01-15 12:00:40,2026-01-12 12:00:40,,,,,,,,2026-01-11 16:00:40,2026-01-12 12:00:40
REF001372,EHR-REF0001372,NorthStar EHR,PAT001844,COV001844,PRC0030,ORG006,LOC006,SPC005,PRC0085,ORG031,,2026-07-10 21:58:09,2026-07-11 19:58:09,Synthetic evaluation request for Neurology,Z23.2,Routine,Closed—Completed,,2026-07-25 18:58:09,,2026-07-13 12:58:09,2026-07-13 22:58:09,2026-07-15 11:58:09,2026-08-12 11:58:09,2026-08-14 11:58:09,2026-08-15 22:58:09,Completed,,2026-07-11 19:58:09,2026-08-15 22:58:09
REF001373,EHR-REF0001373,NorthStar EHR,PAT000156,COV000156,PRC0006,ORG006,LOC006,SPC006,PRC0066,ORG012,,2026-04-25 22:34:23,2026-04-26 06:34:23,Synthetic evaluation request for Orthopedics,Z42.5,Routine,Closed—Not Completed,,2026-05-04 17:34:23,,2026-04-28 16:34:23,2026-04-27 12:34:23,,,,2026-05-04 17:34:23,Not Completed,Unable to Contact After Protocol,2026-04-26 06:34:23,2026-05-04 17:34:23
REF001374,EHR-REF0001374,NorthStar EHR,PAT001663,COV001663,PRC0012,ORG006,LOC006,SPC010,PRC0105,ORG026,,2026-06-20 23:03:45,2026-06-20 23:03:45,Synthetic evaluation request for General Surgery,Z74.9,Urgent,Closed—Completed,,2026-07-01 07:03:45,,2026-06-23 21:03:45,2026-06-22 19:03:45,2026-06-24 10:03:45,2026-07-16 10:03:45,2026-07-20 10:03:45,2026-07-21 17:03:45,Completed,,2026-06-20 23:03:45,2026-07-21 17:03:45
REF001375,EHR-REF0001375,NorthStar EHR,PAT000396,COV000396,PRC0015,ORG003,LOC003,SPC007,PRC0067,ORG013,USR013,2026-02-12 04:34:47,2026-02-12 22:34:47,Synthetic evaluation request for Otolaryngology,Z10.5,Routine,Scheduled,Appointment Verification,2026-02-20 02:34:47,2026-02-23 02:34:47,2026-02-14 23:34:47,2026-02-14 01:34:47,2026-02-15 20:34:47,,,,,,2026-02-12 22:34:47,2026-02-20 02:34:47
REF001376,EHR-REF0001376,NorthStar EHR,PAT000983,COV000983,PRC0034,ORG004,LOC004,SPC005,PRC0100,ORG021,,2026-04-14 23:57:17,2026-04-15 00:57:17,Synthetic evaluation request for Neurology,Z63.9,Routine,Closed—Completed,,2026-04-27 16:57:17,,2026-04-18 20:57:17,2026-04-16 16:57:17,2026-04-18 02:57:17,2026-05-19 02:57:17,2026-05-27 02:57:17,2026-05-27 13:57:17,Completed,,2026-04-15 00:57:17,2026-05-27 13:57:17
REF001377,EHR-REF0001377,NorthStar EHR,PAT001714,COV001714,PRC0020,ORG002,LOC002,SPC002,PRC0047,ORG018,,2026-05-05 00:27:30,2026-05-05 18:27:30,Synthetic evaluation request for Dermatology,Z48.5,Urgent,Closed—Completed,,2026-05-15 17:27:30,,2026-05-07 00:27:30,2026-05-09 11:27:30,2026-05-11 07:27:30,2026-05-16 07:27:30,2026-05-19 07:27:30,2026-05-20 00:27:30,Completed,,2026-05-05 18:27:30,2026-05-20 00:27:30
REF001378,EHR-REF0001378,NorthStar EHR,PAT000361,COV000361,PRC0004,ORG004,LOC004,SPC003,PRC0098,ORG019,,2026-03-13 00:06:03,2026-03-13 07:06:03,Synthetic evaluation request for Endocrinology,Z64.0,Routine,Closed—Not Completed,,2026-03-21 04:06:03,,2026-03-17 04:06:03,2026-03-14 10:06:03,,,,2026-03-21 04:06:03,Not Completed,Transferred Care,2026-03-13 07:06:03,2026-03-21 04:06:03
REF001379,EHR-REF0001379,NorthStar EHR,PAT000446,COV000446,PRC0023,ORG005,LOC005,SPC010,PRC0105,ORG026,,2026-03-24 00:26:30,2026-03-24 17:26:30,Synthetic evaluation request for General Surgery,Z77.8,Routine,Closed—Completed,,2026-04-03 23:26:30,,2026-03-27 11:26:30,2026-03-25 10:26:30,2026-03-25 12:26:30,2026-04-29 12:26:30,2026-05-02 12:26:30,2026-05-03 06:26:30,Completed,,2026-03-24 17:26:30,2026-05-03 06:26:30
REF001380,EHR-REF0001380,NorthStar EHR,PAT001832,COV001832,PRC0005,ORG005,LOC005,SPC006,PRC0076,ORG022,,2026-06-12 19:33:00,2026-06-12 21:33:00,Synthetic evaluation request for Orthopedics,Z71.8,Routine,Closed—Completed,,2026-06-22 14:33:00,,2026-06-14 11:33:00,2026-06-16 19:33:00,2026-06-18 16:33:00,2026-07-15 16:33:00,2026-07-19 16:33:00,2026-07-20 16:33:00,Completed,,2026-06-12 21:33:00,2026-07-20 16:33:00
REF001381,EHR-REF0001381,NorthStar EHR,PAT001216,COV001216,PRC0003,ORG003,LOC003,SPC002,PRC0082,ORG028,USR010,2026-01-22 03:16:20,2026-01-22 06:16:20,Synthetic evaluation request for Dermatology,Z76.9,Routine,Received,New Intake,2026-01-22 06:16:20,2026-01-25 06:16:20,,,,,,,,,2026-01-22 06:16:20,2026-01-22 06:16:20
REF001382,EHR-REF0001382,NorthStar EHR,PAT000960,COV000960,PRC0002,ORG002,LOC002,SPC002,PRC0047,ORG018,,2025-10-13 01:48:59,2025-10-13 02:48:59,Synthetic evaluation request for Dermatology,Z26.4,Routine,Closed—Completed,,2025-10-26 13:48:59,,2025-10-16 11:48:59,2025-10-18 02:48:59,2025-10-19 02:48:59,2025-11-13 02:48:59,2025-11-15 02:48:59,2025-11-16 09:48:59,Completed,,2025-10-13 02:48:59,2025-11-16 09:48:59
REF001383,EHR-REF0001383,NorthStar EHR,PAT001819,COV001819,PRC0010,ORG004,LOC004,SPC004,PRC0059,ORG030,,2025-12-24 17:22:43,2025-12-24 22:22:43,Synthetic evaluation request for Gastroenterology,Z44.4,Routine,Closed—Completed,,2026-01-06 05:22:43,,2025-12-28 08:22:43,2025-12-27 06:22:43,2025-12-29 04:22:43,2026-01-25 04:22:43,2026-01-29 04:22:43,2026-01-30 04:22:43,Completed,,2025-12-24 22:22:43,2026-01-30 04:22:43
REF001384,EHR-REF0001384,NorthStar EHR,PAT000071,COV000071,PRC0027,ORG003,LOC003,SPC006,PRC0076,ORG022,,2026-05-17 06:59:36,2026-05-17 06:59:36,Synthetic evaluation request for Orthopedics,Z42.7,Urgent,Closed—Completed,,2026-05-26 01:59:36,,2026-05-17 11:59:36,2026-05-20 15:59:36,2026-05-21 10:59:36,2026-06-19 10:59:36,2026-06-20 10:59:36,2026-06-21 15:59:36,Completed,,2026-05-17 06:59:36,2026-06-21 15:59:36
REF001385,EHR-REF0001385,NorthStar EHR,PAT001871,COV001871,PRC0015,ORG003,LOC003,SPC003,PRC0038,ORG009,,2026-05-05 06:42:58,2026-05-05 16:42:58,Synthetic evaluation request for Endocrinology,Z85.2,Routine,Closed—Completed,,2026-05-14 16:42:58,,2026-05-06 23:42:58,2026-05-07 11:42:58,2026-05-07 13:42:58,2026-05-23 13:42:58,2026-05-28 13:42:58,2026-05-29 01:42:58,Completed,,2026-05-05 16:42:58,2026-05-29 01:42:58
REF001386,EHR-REF0001386,NorthStar EHR,PAT000308,COV000308,PRC0035,ORG005,LOC005,SPC006,PRC0076,ORG022,USR003,2025-11-25 16:54:06,2025-11-26 11:54:06,Synthetic evaluation request for Orthopedics,Z54.8,Routine,Scheduled,Appointment Verification,2025-12-03 02:54:06,2025-12-06 02:54:06,2025-11-28 07:54:06,2025-11-28 18:54:06,2025-11-29 08:54:06,,,,,,2025-11-26 11:54:06,2025-12-03 02:54:06
REF001387,EHR-REF0001387,NorthStar EHR,PAT000525,COV000525,PRC0014,ORG002,LOC002,SPC004,PRC0064,ORG010,,2026-02-10 06:09:50,2026-02-10 22:09:50,Synthetic evaluation request for Gastroenterology,Z29.9,Urgent,Closed—Not Completed,,2026-02-14 10:09:50,,2026-02-11 11:09:50,2026-02-13 23:09:50,,,,2026-02-14 10:09:50,Not Completed,Patient Declined,2026-02-10 22:09:50,2026-02-14 10:09:50
REF001388,EHR-REF0001388,NorthStar EHR,PAT000917,COV000917,PRC0015,ORG003,LOC003,SPC007,PRC0067,ORG013,,2025-09-22 06:21:40,2025-09-22 08:21:40,Synthetic evaluation request for Otolaryngology,Z65.8,Routine,Closed—Not Completed,,2025-09-26 22:21:40,,2025-09-23 09:21:40,2025-09-24 18:21:40,,,,2025-09-26 22:21:40,Not Completed,Unable to Contact After Protocol,2025-09-22 08:21:40,2025-09-26 22:21:40
REF001389,EHR-REF0001389,NorthStar EHR,PAT001375,COV001375,PRC0029,ORG005,LOC005,SPC003,PRC0063,ORG009,,2026-04-27 02:49:38,2026-04-27 04:49:38,Synthetic evaluation request for Endocrinology,Z28.3,Routine,Closed—Completed,,2026-05-07 18:49:38,,2026-04-29 01:49:38,2026-04-29 21:49:38,2026-05-01 03:49:38,2026-05-25 03:49:38,2026-05-29 03:49:38,2026-05-29 14:49:38,Completed,,2026-04-27 04:49:38,2026-05-29 14:49:38
REF001390,EHR-REF0001390,NorthStar EHR,PAT000693,COV000693,PRC0034,ORG004,LOC004,SPC009,PRC0069,ORG015,USR003,2026-01-21 09:02:52,2026-01-21 22:02:52,Synthetic evaluation request for Rheumatology,Z48.1,Routine,Completed—Report Pending,Report Pending,2026-01-30 11:02:52,2026-02-02 11:02:52,2026-01-23 21:02:52,2026-01-24 19:02:52,2026-01-26 12:02:52,2026-03-01 12:02:52,,,,,2026-01-21 22:02:52,2026-01-30 11:02:52
REF001391,EHR-REF0001391,NorthStar EHR,PAT001469,COV001469,PRC0030,ORG006,LOC006,SPC002,PRC0097,ORG018,,2025-09-02 07:39:04,2025-09-02 08:39:04,Synthetic evaluation request for Dermatology,Z37.2,Urgent,Closed—Completed,,2025-09-18 02:39:04,,2025-09-05 16:39:04,2025-09-04 06:39:04,2025-09-06 04:39:04,2025-10-02 04:39:04,2025-10-08 04:39:04,2025-10-09 03:39:04,Completed,,2025-09-02 08:39:04,2025-10-09 03:39:04
REF001392,EHR-REF0001392,NorthStar EHR,PAT001767,COV001767,PRC0034,ORG004,LOC004,SPC003,PRC0048,ORG019,USR014,2025-08-12 03:04:37,2025-08-13 02:04:37,Synthetic evaluation request for Endocrinology,Z85.4,Routine,Scheduled,Appointment Verification,2025-08-19 22:04:37,2025-08-22 22:04:37,2025-08-16 05:04:37,2025-08-14 17:04:37,2025-08-15 19:04:37,,,,,,2025-08-13 02:04:37,2025-08-19 22:04:37
REF001393,EHR-REF0001393,NorthStar EHR,PAT001307,COV001307,PRC0016,ORG004,LOC004,SPC002,PRC0062,ORG008,USR006,2026-02-26 01:54:11,2026-02-26 08:54:11,Synthetic evaluation request for Dermatology,Z12.0,Routine,Scheduled,Appointment Verification,2026-03-05 11:54:11,2026-03-08 11:54:11,2026-03-01 04:54:11,2026-03-01 12:54:11,2026-03-02 10:54:11,,,,,,2026-02-26 08:54:11,2026-03-05 11:54:11
REF001394,EHR-REF0001394,NorthStar EHR,PAT000490,COV000490,PRC0015,ORG003,LOC003,SPC008,PRC0043,ORG014,,2026-02-12 06:14:44,2026-02-12 19:14:44,Synthetic evaluation request for Pulmonology,Z65.9,Routine,Closed—Completed,,2026-02-28 11:14:44,,2026-02-15 19:14:44,2026-02-14 18:14:44,2026-02-15 18:14:44,2026-03-20 18:14:44,2026-03-26 18:14:44,2026-03-28 08:14:44,Completed,,2026-02-12 19:14:44,2026-03-28 08:14:44
REF001395,EHR-REF0001395,NorthStar EHR,PAT000055,COV000055,PRC0015,ORG003,LOC003,SPC005,PRC0065,ORG011,USR008,2025-08-20 14:39:00,2025-08-21 03:39:00,Synthetic evaluation request for Neurology,Z32.5,Routine,Completed—Report Pending,Report Pending,2025-08-28 17:39:00,2025-08-31 17:39:00,2025-08-24 08:39:00,2025-08-23 06:39:00,2025-08-25 01:39:00,2025-09-01 01:39:00,,,,,2025-08-21 03:39:00,2025-08-28 17:39:00
REF001396,EHR-REF0001396,NorthStar EHR,PAT001074,COV001074,PRC0032,ORG002,LOC002,SPC002,PRC0057,ORG028,USR010,2026-06-21 06:52:28,2026-06-21 08:52:28,Synthetic evaluation request for Dermatology,Z28.7,Urgent,Needs Information,Needs Information,2026-06-25 08:52:28,2026-06-26 08:52:28,,,,,,,,,2026-06-21 08:52:28,2026-06-25 08:52:28
REF001397,EHR-REF0001397,NorthStar EHR,PAT000595,COV000595,PRC0020,ORG002,LOC002,SPC006,PRC0101,ORG022,,2026-03-11 05:34:16,2026-03-12 01:34:16,Synthetic evaluation request for Orthopedics,Z16.9,Urgent,Closed—Completed,,2026-03-21 09:34:16,,2026-03-13 15:34:16,2026-03-14 12:34:16,2026-03-14 18:34:16,2026-03-27 18:34:16,2026-04-01 18:34:16,2026-04-02 04:34:16,Completed,,2026-03-12 01:34:16,2026-04-02 04:34:16
REF001398,EHR-REF0001398,NorthStar EHR,PAT001235,COV001235,PRC0002,ORG002,LOC002,SPC007,PRC0077,ORG023,USR002,2025-11-11 18:52:34,2025-11-12 13:52:34,Synthetic evaluation request for Otolaryngology,Z39.3,Routine,Scheduled,Appointment Verification,2025-11-17 08:52:34,2025-11-20 08:52:34,2025-11-15 02:52:34,2025-11-17 04:52:34,2025-11-18 02:52:34,,,,,,2025-11-12 13:52:34,2025-11-17 08:52:34
REF001399,EHR-REF0001399,NorthStar EHR,PAT001597,COV001597,PRC0010,ORG004,LOC004,SPC010,PRC0045,ORG016,,2025-08-13 07:55:20,2025-08-13 14:55:20,Synthetic evaluation request for General Surgery,Z25.7,Routine,Closed—Completed,,2025-08-26 13:55:20,,2025-08-16 19:55:20,2025-08-18 12:55:20,2025-08-19 06:55:20,2025-09-09 06:55:20,2025-09-11 06:55:20,2025-09-12 19:55:20,Completed,,2025-08-13 14:55:20,2025-09-12 19:55:20
REF001400,EHR-REF0001400,NorthStar EHR,PAT001458,COV001458,PRC0009,ORG003,LOC003,SPC001,PRC0086,ORG007,,2026-02-16 18:03:19,2026-02-17 17:03:19,Synthetic evaluation request for Cardiology,Z15.2,Routine,Closed—Completed,,2026-02-23 05:03:19,,2026-02-18 12:03:19,2026-02-18 23:03:19,2026-02-19 17:03:19,2026-03-13 17:03:19,2026-03-23 17:03:19,2026-03-25 03:03:19,Completed,,2026-02-17 17:03:19,2026-03-25 03:03:19
REF001401,EHR-REF0001401,NorthStar EHR,PAT001173,COV001173,PRC0024,ORG006,LOC006,SPC008,PRC0053,ORG024,,2025-10-14 20:27:30,2025-10-14 23:27:30,Synthetic evaluation request for Pulmonology,Z48.7,Routine,Closed—Completed,,2025-10-25 20:27:30,,2025-10-17 19:27:30,2025-10-19 01:27:30,2025-10-20 22:27:30,2025-11-10 22:27:30,2025-11-14 22:27:30,2025-11-15 20:27:30,Completed,,2025-10-14 23:27:30,2025-11-15 20:27:30
REF001402,EHR-REF0001402,NorthStar EHR,PAT000226,COV000226,PRC0012,ORG006,LOC006,SPC007,PRC0067,ORG013,USR008,2025-10-05 00:46:49,2025-10-05 03:46:49,Synthetic evaluation request for Otolaryngology,Z13.8,Routine,Needs Information,Needs Information,2025-10-06 03:46:49,2025-10-09 03:46:49,,,,,,,,,2025-10-05 03:46:49,2025-10-06 03:46:49
REF001403,EHR-REF0001403,NorthStar EHR,PAT001940,COV001940,PRC0022,ORG004,LOC004,SPC004,PRC0059,ORG030,,2026-05-19 01:44:43,2026-05-19 15:44:43,Synthetic evaluation request for Gastroenterology,Z13.1,Routine,Closed—Not Completed,,2026-05-22 14:44:43,,2026-05-20 16:44:43,2026-05-21 19:44:43,,,,2026-05-22 14:44:43,Not Completed,Patient Chose Another Provider,2026-05-19 15:44:43,2026-05-22 14:44:43
REF001404,EHR-REF0001404,NorthStar EHR,PAT001740,COV001740,PRC0035,ORG005,LOC005,SPC006,PRC0041,ORG012,USR004,2025-09-04 14:53:04,2025-09-05 08:53:04,Synthetic evaluation request for Orthopedics,Z13.7,Routine,Outreach in Progress,Outreach Follow-Up,2025-09-08 11:53:04,2025-09-11 11:53:04,2025-09-05 12:53:04,2025-09-05 23:53:04,,,,,,,2025-09-05 08:53:04,2025-09-08 11:53:04
REF001405,EHR-REF0001405,NorthStar EHR,PAT001082,COV001082,PRC0023,ORG005,LOC005,SPC004,PRC0064,ORG010,USR012,2025-12-17 20:39:30,2025-12-18 10:39:30,Synthetic evaluation request for Gastroenterology,Z24.1,Urgent,Needs Information,Needs Information,2025-12-21 06:39:30,2025-12-22 06:39:30,,,,,,,,,2025-12-18 10:39:30,2025-12-21 06:39:30
REF001406,EHR-REF0001406,NorthStar EHR,PAT000695,COV000695,PRC0031,ORG001,LOC001,SPC002,PRC0097,ORG018,,2025-12-19 05:18:45,2025-12-20 01:18:45,Synthetic evaluation request for Dermatology,Z20.4,Routine,Closed—Completed,,2026-01-02 03:18:45,,2025-12-23 05:18:45,2025-12-22 00:18:45,2025-12-23 13:18:45,2026-01-21 13:18:45,2026-01-28 13:18:45,2026-01-29 15:18:45,Completed,,2025-12-20 01:18:45,2026-01-29 15:18:45
REF001407,EHR-REF0001407,NorthStar EHR,PAT000451,COV000451,PRC0033,ORG003,LOC003,SPC010,PRC0055,ORG026,USR006,2026-06-22 03:40:43,2026-06-22 11:40:43,Synthetic evaluation request for General Surgery,Z58.3,Routine,Ready for Outreach,Ready for Outreach,2026-06-25 08:40:43,2026-06-28 08:40:43,2026-06-25 08:40:43,,,,,,,,2026-06-22 11:40:43,2026-06-25 08:40:43
REF001408,EHR-REF0001408,NorthStar EHR,PAT001425,COV001425,PRC0005,ORG005,LOC005,SPC010,PRC0095,ORG016,,2026-04-10 18:29:27,2026-04-11 04:29:27,Synthetic evaluation request for General Surgery,Z52.2,Routine,Closed—Completed,,2026-04-19 17:29:27,,2026-04-11 15:29:27,2026-04-12 17:29:27,2026-04-14 17:29:27,2026-05-05 17:29:27,2026-05-11 17:29:27,2026-05-12 11:29:27,Completed,,2026-04-11 04:29:27,2026-05-12 11:29:27
REF001409,EHR-REF0001409,NorthStar EHR,PAT001602,COV001602,PRC0026,ORG002,LOC002,SPC010,PRC0105,ORG026,USR003,2026-04-02 23:36:38,2026-04-03 11:36:38,Synthetic evaluation request for General Surgery,Z18.3,Urgent,Completed—Report Pending,Report Pending,2026-04-11 19:36:38,2026-04-12 19:36:38,2026-04-07 02:36:38,2026-04-06 11:36:38,2026-04-07 19:36:38,2026-04-26 19:36:38,,,,,2026-04-03 11:36:38,2026-04-11 19:36:38
REF001410,EHR-REF0001410,NorthStar EHR,PAT000577,COV000577,PRC0035,ORG005,LOC005,SPC007,PRC0077,ORG023,,2026-01-10 09:48:57,2026-01-10 18:48:57,Synthetic evaluation request for Otolaryngology,Z37.3,Routine,Closed—Completed,,2026-01-20 20:48:57,,2026-01-12 21:48:57,2026-01-15 06:48:57,2026-01-16 04:48:57,2026-02-14 04:48:57,2026-02-21 04:48:57,2026-02-22 08:48:57,Completed,,2026-01-10 18:48:57,2026-02-22 08:48:57
REF001411,EHR-REF0001411,NorthStar EHR,PAT001518,COV001518,PRC0017,ORG005,LOC005,SPC008,PRC0053,ORG024,,2025-09-05 12:07:12,2025-09-06 12:07:12,Synthetic evaluation request for Pulmonology,Z87.5,Routine,Closed—Not Completed,,2025-09-11 14:07:12,,2025-09-07 12:07:12,2025-09-07 20:07:12,,,,2025-09-11 14:07:12,Not Completed,Insurance or Access Barrier,2025-09-06 12:07:12,2025-09-11 14:07:12
REF001412,EHR-REF0001412,NorthStar EHR,PAT001673,COV001673,PRC0018,ORG006,LOC006,SPC001,PRC0071,ORG017,,2025-10-17 19:56:36,2025-10-18 00:56:36,Synthetic evaluation request for Cardiology,Z38.9,Routine,Closed—Completed,,2025-10-28 13:56:36,,2025-10-18 14:56:36,2025-10-21 03:56:36,2025-10-22 12:56:36,2025-11-17 12:56:36,2025-11-19 12:56:36,2025-11-20 17:56:36,Completed,,2025-10-18 00:56:36,2025-11-20 17:56:36
REF001413,EHR-REF0001413,NorthStar EHR,PAT001063,COV001063,PRC0009,ORG003,LOC003,SPC010,PRC0095,ORG016,USR003,2025-09-30 13:43:19,2025-09-30 23:43:19,Synthetic evaluation request for General Surgery,Z13.8,Routine,Needs Information,Needs Information,2025-10-03 07:43:19,2025-10-06 07:43:19,,,,,,,,,2025-09-30 23:43:19,2025-10-03 07:43:19
REF001414,EHR-REF0001414,NorthStar EHR,PAT000461,COV000461,PRC0004,ORG004,LOC004,SPC007,PRC0102,ORG023,USR011,2026-05-08 03:08:13,2026-05-08 14:08:13,Synthetic evaluation request for Otolaryngology,Z55.3,Routine,Scheduled,Appointment Verification,2026-05-16 06:08:13,2026-05-19 06:08:13,2026-05-10 18:08:13,2026-05-12 01:08:13,2026-05-13 23:08:13,,,,,,2026-05-08 14:08:13,2026-05-16 06:08:13
REF001415,EHR-REF0001415,NorthStar EHR,PAT001460,COV001460,PRC0017,ORG005,LOC005,SPC006,PRC0066,ORG012,USR006,2026-03-17 14:06:12,2026-03-17 18:06:12,Synthetic evaluation request for Orthopedics,Z39.2,Routine,Ready for Outreach,Ready for Outreach,2026-03-21 17:06:12,2026-03-24 17:06:12,2026-03-21 17:06:12,,,,,,,,2026-03-17 18:06:12,2026-03-21 17:06:12
REF001416,EHR-REF0001416,NorthStar EHR,PAT001190,COV001190,PRC0021,ORG003,LOC003,SPC010,PRC0105,ORG026,,2025-08-21 11:07:59,2025-08-21 15:07:59,Synthetic evaluation request for General Surgery,Z66.9,Routine,Closed—Completed,,2025-08-30 23:07:59,,2025-08-22 14:07:59,2025-08-22 11:07:59,2025-08-23 04:07:59,2025-08-31 04:07:59,2025-09-08 04:07:59,2025-09-09 07:07:59,Completed,,2025-08-21 15:07:59,2025-09-09 07:07:59
REF001417,EHR-REF0001417,NorthStar EHR,PAT001367,COV001367,PRC0004,ORG004,LOC004,SPC001,PRC0096,ORG017,,2026-05-23 16:15:47,2026-05-24 06:15:47,Synthetic evaluation request for Cardiology,Z83.2,Routine,Closed—Not Completed,,2026-05-29 02:15:47,,2026-05-25 12:15:47,2026-05-27 14:15:47,,,,2026-05-29 02:15:47,Not Completed,Transferred Care,2026-05-24 06:15:47,2026-05-29 02:15:47
REF001418,EHR-REF0001418,NorthStar EHR,PAT000610,COV000610,PRC0027,ORG003,LOC003,SPC002,PRC0097,ORG018,USR014,2025-10-16 13:05:28,2025-10-16 23:05:28,Synthetic evaluation request for Dermatology,Z34.7,Routine,Outreach in Progress,Outreach Follow-Up,2025-10-19 01:05:28,2025-10-22 01:05:28,2025-10-18 02:05:28,2025-10-21 12:05:28,,,,,,,2025-10-16 23:05:28,2025-10-19 01:05:28
REF001419,EHR-REF0001419,NorthStar EHR,PAT000363,COV000363,PRC0024,ORG006,LOC006,SPC007,PRC0052,ORG023,USR008,2025-09-19 04:57:18,2025-09-19 08:57:18,Synthetic evaluation request for Otolaryngology,Z34.0,Routine,Scheduled,Appointment Verification,2025-09-28 11:57:18,2025-10-01 11:57:18,2025-09-22 17:57:18,2025-09-22 23:57:18,2025-09-23 16:57:18,,,,,,2025-09-19 08:57:18,2025-09-28 11:57:18
REF001420,EHR-REF0001420,NorthStar EHR,PAT001318,COV001318,PRC0020,ORG002,LOC002,SPC010,PRC0070,ORG016,USR013,2025-12-10 05:12:43,2025-12-10 21:12:43,Synthetic evaluation request for General Surgery,Z74.0,Routine,Scheduled,Appointment Verification,2025-12-17 07:12:43,2025-12-20 07:12:43,2025-12-12 21:12:43,2025-12-15 09:12:43,2025-12-16 15:12:43,,,,,,2025-12-10 21:12:43,2025-12-17 07:12:43
REF001421,EHR-REF0001421,NorthStar EHR,PAT000619,COV000619,PRC0022,ORG004,LOC004,SPC009,PRC0079,ORG025,,2026-01-27 11:04:17,2026-01-27 15:04:17,Synthetic evaluation request for Rheumatology,Z25.9,Routine,Closed—Completed,,2026-02-02 15:04:17,,2026-01-28 02:04:17,2026-01-31 20:04:17,2026-02-02 10:04:17,2026-02-21 10:04:17,2026-02-23 10:04:17,2026-02-24 08:04:17,Completed,,2026-01-27 15:04:17,2026-02-24 08:04:17
REF001422,EHR-REF0001422,NorthStar EHR,PAT001259,COV001259,PRC0015,ORG003,LOC003,SPC010,PRC0105,ORG026,,2025-11-28 16:18:03,2025-11-29 09:18:03,Synthetic evaluation request for General Surgery,Z60.2,Routine,Closed—Completed,,2025-12-10 09:18:03,,2025-11-30 18:18:03,2025-12-01 16:18:03,2025-12-02 20:18:03,2025-12-24 20:18:03,2025-12-27 20:18:03,2025-12-28 10:18:03,Completed,,2025-11-29 09:18:03,2025-12-28 10:18:03
REF001423,EHR-REF0001423,NorthStar EHR,PAT000831,COV000831,PRC0002,ORG002,LOC002,SPC006,PRC0076,ORG022,,2026-02-08 01:16:53,2026-02-08 12:16:53,Synthetic evaluation request for Orthopedics,Z63.2,Urgent,Closed—Completed,,2026-02-18 14:16:53,,2026-02-12 10:16:53,2026-02-10 18:16:53,2026-02-11 06:16:53,2026-02-19 06:16:53,2026-02-27 06:16:53,2026-02-27 23:16:53,Completed,,2026-02-08 12:16:53,2026-02-27 23:16:53
REF001424,EHR-REF0001424,NorthStar EHR,PAT000417,COV000417,PRC0002,ORG002,LOC002,SPC009,PRC0069,ORG015,,2025-12-23 09:05:53,2025-12-23 12:05:53,Synthetic evaluation request for Rheumatology,Z15.8,Routine,Closed—Completed,,2026-01-10 06:05:53,,2025-12-26 18:05:53,2025-12-27 05:05:53,2025-12-27 12:05:53,2026-01-29 12:05:53,2026-02-08 12:05:53,2026-02-10 07:05:53,Completed,,2025-12-23 12:05:53,2026-02-10 07:05:53
REF001425,EHR-REF0001425,NorthStar EHR,PAT001251,COV001251,PRC0023,ORG005,LOC005,SPC009,PRC0094,ORG015,,2025-11-20 10:16:34,2025-11-21 10:16:34,Synthetic evaluation request for Rheumatology,Z20.1,Urgent,Closed—Completed,,2025-12-01 17:16:34,,2025-11-23 14:16:34,2025-11-26 06:16:34,2025-11-27 20:16:34,2025-12-10 20:16:34,2025-12-16 20:16:34,2025-12-17 18:16:34,Completed,,2025-11-21 10:16:34,2025-12-17 18:16:34
REF001426,EHR-REF0001426,NorthStar EHR,PAT000374,COV000374,PRC0015,ORG003,LOC003,SPC001,PRC0061,ORG007,USR014,2026-04-05 04:38:55,2026-04-05 15:38:55,Synthetic evaluation request for Cardiology,Z77.5,Routine,Outreach in Progress,Outreach Follow-Up,2026-04-11 08:38:55,2026-04-14 08:38:55,2026-04-09 12:38:55,2026-04-07 21:38:55,,,,,,,2026-04-05 15:38:55,2026-04-11 08:38:55
REF001427,EHR-REF0001427,NorthStar EHR,PAT000319,COV000319,PRC0030,ORG006,LOC006,SPC004,PRC0074,ORG020,USR002,2026-01-04 04:05:50,2026-01-04 17:05:50,Synthetic evaluation request for Gastroenterology,Z42.6,Routine,Completed—Report Pending,Report Pending,2026-01-13 10:05:50,2026-01-16 10:05:50,2026-01-06 08:05:50,2026-01-07 06:05:50,2026-01-08 06:05:50,2026-01-31 06:05:50,,,,,2026-01-04 17:05:50,2026-01-13 10:05:50
REF001428,EHR-REF0001428,NorthStar EHR,PAT000894,COV000894,PRC0024,ORG006,LOC006,SPC010,PRC0095,ORG016,,2025-08-05 14:21:59,2025-08-06 03:21:59,Synthetic evaluation request for General Surgery,Z31.4,Routine,Closed—Completed,,2025-08-19 21:21:59,,2025-08-06 18:21:59,2025-08-09 05:21:59,2025-08-10 00:21:59,2025-09-09 00:21:59,2025-09-12 00:21:59,2025-09-13 11:21:59,Completed,,2025-08-06 03:21:59,2025-09-13 11:21:59
REF001429,EHR-REF0001429,NorthStar EHR,PAT000666,COV000666,PRC0034,ORG004,LOC004,SPC009,PRC0104,ORG025,,2025-12-16 06:05:15,2025-12-16 13:05:15,Synthetic evaluation request for Rheumatology,Z43.5,Routine,Cancelled,,2025-12-18 22:05:15,,2025-12-18 22:05:15,,,,,2025-12-18 22:05:15,Cancelled,Duplicate Referral,2025-12-16 13:05:15,2025-12-18 22:05:15
REF001430,EHR-REF0001430,NorthStar EHR,PAT001169,COV001169,PRC0023,ORG005,LOC005,SPC001,PRC0096,ORG017,,2026-02-27 10:54:52,2026-02-28 04:54:52,Synthetic evaluation request for Cardiology,Z36.3,Routine,Closed—Completed,,2026-03-10 03:54:52,,2026-03-02 09:54:52,2026-03-03 08:54:52,2026-03-04 08:54:52,2026-03-27 08:54:52,2026-03-28 08:54:52,2026-03-29 19:54:52,Completed,,2026-02-28 04:54:52,2026-03-29 19:54:52
REF001431,EHR-REF0001431,NorthStar EHR,PAT001590,COV001590,PRC0020,ORG002,LOC002,SPC005,PRC0085,ORG031,USR013,2025-12-27 18:42:39,2025-12-28 07:42:39,Synthetic evaluation request for Neurology,Z83.7,Routine,Ready for Outreach,Ready for Outreach,2025-12-29 20:42:39,2026-01-01 20:42:39,2025-12-29 20:42:39,,,,,,,,2025-12-28 07:42:39,2025-12-29 20:42:39
REF001432,EHR-REF0001432,NorthStar EHR,PAT000452,COV000452,PRC0006,ORG006,LOC006,SPC009,PRC0044,ORG015,,2025-09-20 20:09:56,2025-09-21 01:09:56,Synthetic evaluation request for Rheumatology,Z20.7,Routine,Closed—Completed,,2025-10-02 23:09:56,,2025-09-23 09:09:56,2025-09-23 15:09:56,2025-09-24 23:09:56,2025-10-26 23:09:56,2025-10-30 23:09:56,2025-11-01 05:09:56,Completed,,2025-09-21 01:09:56,2025-11-01 05:09:56
REF001433,EHR-REF0001433,NorthStar EHR,PAT000216,COV000216,PRC0008,ORG002,LOC002,SPC004,PRC0049,ORG020,USR009,2025-08-13 01:09:43,2025-08-13 22:09:43,Synthetic evaluation request for Gastroenterology,Z29.8,Routine,Completed—Report Pending,Report Pending,2025-08-24 08:09:43,2025-08-27 08:09:43,2025-08-17 07:09:43,2025-08-17 06:09:43,2025-08-17 09:09:43,2025-09-01 09:09:43,,,,,2025-08-13 22:09:43,2025-08-24 08:09:43
REF001434,EHR-REF0001434,NorthStar EHR,PAT000464,COV000464,PRC0023,ORG005,LOC005,SPC006,PRC0051,ORG022,,2026-02-27 15:04:04,2026-02-28 00:04:04,Synthetic evaluation request for Orthopedics,Z30.5,Routine,Closed—Completed,,2026-03-10 02:04:04,,2026-02-28 19:04:04,2026-03-02 18:04:04,2026-03-02 21:04:04,2026-04-06 21:04:04,2026-04-16 21:04:04,2026-04-17 15:04:04,Completed,,2026-02-28 00:04:04,2026-04-17 15:04:04
REF001435,EHR-REF0001435,NorthStar EHR,PAT000212,COV000212,PRC0022,ORG004,LOC004,SPC002,PRC0097,ORG018,USR013,2025-08-05 20:38:15,2025-08-06 17:38:15,Synthetic evaluation request for Dermatology,Z67.5,Routine,Received,New Intake,2025-08-06 17:38:15,2025-08-09 17:38:15,,,,,,,,,2025-08-06 17:38:15,2025-08-06 17:38:15
REF001436,EHR-REF0001436,NorthStar EHR,PAT000740,COV000740,PRC0015,ORG003,LOC003,SPC004,PRC0089,ORG010,USR012,2025-11-20 15:14:51,2025-11-21 04:14:51,Synthetic evaluation request for Gastroenterology,Z16.0,Routine,Completed—Report Pending,Report Pending,2025-12-02 03:14:51,2025-12-05 03:14:51,2025-11-21 21:14:51,2025-11-21 22:14:51,2025-11-23 03:14:51,2025-12-26 03:14:51,,,,,2025-11-21 04:14:51,2025-12-02 03:14:51
REF001437,EHR-REF0001437,NorthStar EHR,PAT000350,COV000350,PRC0013,ORG001,LOC001,SPC004,PRC0109,ORG030,,2026-03-17 14:29:43,2026-03-18 07:29:43,Synthetic evaluation request for Gastroenterology,Z71.8,Routine,Closed—Completed,,2026-03-28 18:29:43,,2026-03-21 12:29:43,2026-03-19 17:29:43,2026-03-21 10:29:43,2026-03-26 10:29:43,2026-03-28 10:29:43,2026-03-29 11:29:43,Completed,,2026-03-18 07:29:43,2026-03-29 11:29:43
REF001438,EHR-REF0001438,NorthStar EHR,PAT001036,COV001036,PRC0030,ORG006,LOC006,SPC005,PRC0075,ORG021,USR008,2026-07-02 16:59:59,2026-07-03 00:59:59,Synthetic evaluation request for Neurology,Z50.2,Routine,Ready for Outreach,Ready for Outreach,2026-07-06 16:59:59,2026-07-09 16:59:59,2026-07-06 16:59:59,,,,,,,,2026-07-03 00:59:59,2026-07-06 16:59:59
REF001439,EHR-REF0001439,NorthStar EHR,PAT000292,COV000292,PRC0022,ORG004,LOC004,SPC010,PRC0105,ORG026,USR002,2025-09-28 18:58:09,2025-09-28 22:58:09,Synthetic evaluation request for General Surgery,Z11.0,Routine,Scheduled,Appointment Verification,2025-10-01 22:58:09,2025-10-04 22:58:09,2025-09-30 20:58:09,2025-09-29 16:58:09,2025-09-30 08:58:09,,,,,,2025-09-28 22:58:09,2025-10-01 22:58:09
REF001440,EHR-REF0001440,NorthStar EHR,PAT000769,COV000769,PRC0015,ORG003,LOC003,SPC004,PRC0089,ORG010,,2025-10-23 17:58:02,2025-10-24 09:58:02,Synthetic evaluation request for Gastroenterology,Z68.1,Urgent,Closed—Completed,,2025-11-02 15:58:02,,2025-10-25 01:58:02,2025-10-28 07:58:02,2025-10-29 02:58:02,2025-11-09 02:58:02,2025-11-18 02:58:02,2025-11-19 11:58:02,Completed,,2025-10-24 09:58:02,2025-11-19 11:58:02
REF001441,EHR-REF0001441,NorthStar EHR,PAT001478,COV001478,PRC0004,ORG004,LOC004,SPC006,PRC0041,ORG012,USR004,2025-11-17 08:33:53,2025-11-18 05:33:53,Synthetic evaluation request for Orthopedics,Z39.7,Routine,Scheduled,Appointment Verification,2025-11-25 02:33:53,2025-11-28 02:33:53,2025-11-18 16:33:53,2025-11-22 19:33:53,2025-11-23 01:33:53,,,,,,2025-11-18 05:33:53,2025-11-25 02:33:53
REF001442,EHR-REF0001442,NorthStar EHR,PAT000399,COV000399,PRC0033,ORG003,LOC003,SPC003,PRC0108,ORG029,USR010,2026-06-21 02:18:48,2026-06-21 17:18:48,Synthetic evaluation request for Endocrinology,Z37.9,Routine,Scheduled,Appointment Verification,2026-06-26 11:18:48,2026-06-29 11:18:48,2026-06-22 21:18:48,2026-06-24 10:18:48,2026-06-24 16:18:48,,,,,,2026-06-21 17:18:48,2026-06-26 11:18:48
REF001443,EHR-REF0001443,NorthStar EHR,PAT000177,COV000177,PRC0016,ORG004,LOC004,SPC002,PRC0097,ORG018,,2026-03-28 00:57:19,2026-03-28 14:57:19,Synthetic evaluation request for Dermatology,Z56.9,Routine,Closed—Completed,,2026-04-11 00:57:19,,2026-03-31 11:57:19,2026-04-02 04:57:19,2026-04-03 12:57:19,2026-05-05 12:57:19,2026-05-07 12:57:19,2026-05-09 07:57:19,Completed,,2026-03-28 14:57:19,2026-05-09 07:57:19
REF001444,EHR-REF0001444,NorthStar EHR,PAT000329,COV000329,PRC0008,ORG002,LOC002,SPC009,PRC0104,ORG025,USR009,2026-07-06 09:47:53,2026-07-07 04:47:53,Synthetic evaluation request for Rheumatology,Z16.0,Routine,Scheduled,Appointment Verification,2026-07-15 19:47:53,2026-07-18 19:47:53,2026-07-09 06:47:53,2026-07-10 03:47:53,2026-07-11 00:47:53,,,,,,2026-07-07 04:47:53,2026-07-15 19:47:53
REF001445,EHR-REF0001445,NorthStar EHR,PAT001242,COV001242,PRC0013,ORG001,LOC001,SPC002,PRC0097,ORG018,,2025-10-23 22:29:45,2025-10-24 07:29:45,Synthetic evaluation request for Dermatology,Z63.5,Routine,Closed—Completed,,2025-11-06 05:29:45,,2025-10-26 03:29:45,2025-10-29 04:29:45,2025-10-29 10:29:45,2025-12-02 10:29:45,2025-12-08 10:29:45,2025-12-09 06:29:45,Completed,,2025-10-24 07:29:45,2025-12-09 06:29:45
REF001446,EHR-REF0001446,NorthStar EHR,PAT000378,COV000378,PRC0025,ORG001,LOC001,SPC006,PRC0101,ORG022,,2026-06-15 08:50:50,2026-06-15 22:50:50,Synthetic evaluation request for Orthopedics,Z31.2,Routine,Closed—Completed,,2026-06-25 03:50:50,,2026-06-18 03:50:50,2026-06-17 16:50:50,2026-06-18 18:50:50,2026-07-11 18:50:50,2026-07-13 18:50:50,2026-07-14 19:50:50,Completed,,2026-06-15 22:50:50,2026-07-14 19:50:50
REF001447,EHR-REF0001447,NorthStar EHR,PAT001063,COV001063,PRC0009,ORG003,LOC003,SPC003,PRC0058,ORG029,,2026-07-08 16:55:55,2026-07-09 03:55:55,Synthetic evaluation request for Endocrinology,Z28.1,Routine,Closed—Completed,,2026-07-19 21:55:55,,2026-07-10 23:55:55,2026-07-11 04:55:55,2026-07-12 10:55:55,2026-07-25 10:55:55,2026-07-28 10:55:55,2026-07-30 03:55:55,Completed,,2026-07-09 03:55:55,2026-07-30 03:55:55
REF001448,EHR-REF0001448,NorthStar EHR,PAT000202,COV000202,PRC0003,ORG003,LOC003,SPC001,PRC0106,ORG027,,2026-03-12 04:17:12,2026-03-13 01:17:12,Synthetic evaluation request for Cardiology,Z57.1,Routine,Closed—Completed,,2026-03-19 13:17:12,,2026-03-14 15:17:12,2026-03-14 06:17:12,2026-03-14 20:17:12,2026-04-05 20:17:12,2026-04-10 20:17:12,2026-04-11 14:17:12,Completed,,2026-03-13 01:17:12,2026-04-11 14:17:12
REF001449,EHR-REF0001449,NorthStar EHR,PAT001870,COV001870,PRC0009,ORG003,LOC003,SPC007,PRC0102,ORG023,USR001,2026-05-15 21:58:10,2026-05-16 01:58:10,Synthetic evaluation request for Otolaryngology,Z25.7,Routine,Scheduled,Appointment Verification,2026-05-22 03:58:10,2026-05-25 03:58:10,2026-05-17 04:58:10,2026-05-16 14:58:10,2026-05-18 05:58:10,,,,,,2026-05-16 01:58:10,2026-05-22 03:58:10
REF001450,EHR-REF0001450,NorthStar EHR,PAT000235,COV000235,PRC0003,ORG003,LOC003,SPC003,PRC0048,ORG019,,2026-03-20 14:40:27,2026-03-20 21:40:27,Synthetic evaluation request for Endocrinology,Z23.2,Routine,Closed—Completed,,2026-04-04 07:40:27,,2026-03-21 22:40:27,2026-03-23 21:40:27,2026-03-24 12:40:27,2026-03-29 12:40:27,2026-04-06 12:40:27,2026-04-08 01:40:27,Completed,,2026-03-20 21:40:27,2026-04-08 01:40:27
REF001451,EHR-REF0001451,NorthStar EHR,PAT001840,COV001840,PRC0002,ORG002,LOC002,SPC008,PRC0053,ORG024,,2026-04-22 07:22:00,2026-04-22 21:22:00,Synthetic evaluation request for Pulmonology,Z86.0,Routine,Closed—Completed,,2026-05-06 04:22:00,,2026-04-25 17:22:00,2026-04-27 13:22:00,2026-04-29 04:22:00,2026-06-02 04:22:00,2026-06-08 04:22:00,2026-06-09 03:22:00,Completed,,2026-04-22 21:22:00,2026-06-09 03:22:00
REF001452,EHR-REF0001452,NorthStar EHR,PAT000388,COV000388,PRC0016,ORG004,LOC004,SPC001,PRC0106,ORG027,,2025-08-08 09:53:38,2025-08-08 14:53:38,Synthetic evaluation request for Cardiology,Z22.4,Urgent,Closed—Not Completed,,2025-08-13 17:53:38,,2025-08-10 07:53:38,2025-08-13 01:53:38,,,,2025-08-13 17:53:38,Not Completed,Unable to Contact After Protocol,2025-08-08 14:53:38,2025-08-13 17:53:38
REF001453,EHR-REF0001453,NorthStar EHR,PAT001619,COV001619,PRC0008,ORG002,LOC002,SPC006,PRC0101,ORG022,,2026-04-26 01:17:23,2026-04-26 23:17:23,Synthetic evaluation request for Orthopedics,Z60.0,Routine,Closed—Not Completed,,2026-05-03 11:17:23,,2026-04-30 22:17:23,2026-04-30 05:17:23,,,,2026-05-03 11:17:23,Not Completed,No Longer Clinically Indicated,2026-04-26 23:17:23,2026-05-03 11:17:23
REF001454,EHR-REF0001454,NorthStar EHR,PAT000697,COV000697,PRC0003,ORG003,LOC003,SPC009,PRC0054,ORG025,,2026-06-22 09:30:29,2026-06-23 03:30:29,Synthetic evaluation request for Rheumatology,Z26.8,Routine,Closed—Completed,,2026-06-28 23:30:29,,2026-06-25 11:30:29,2026-06-27 04:30:29,2026-06-27 07:30:29,2026-07-20 07:30:29,2026-07-27 07:30:29,2026-07-28 08:30:29,Completed,,2026-06-23 03:30:29,2026-07-28 08:30:29
REF001455,EHR-REF0001455,NorthStar EHR,PAT000206,COV000206,PRC0006,ORG006,LOC006,SPC002,PRC0097,ORG018,,2026-02-21 18:36:07,2026-02-22 18:36:07,Synthetic evaluation request for Dermatology,Z87.3,Routine,Closed—Not Completed,,2026-02-26 21:36:07,,2026-02-23 23:36:07,2026-02-26 03:36:07,,,,2026-02-26 21:36:07,Not Completed,Insurance or Access Barrier,2026-02-22 18:36:07,2026-02-26 21:36:07
REF001456,EHR-REF0001456,NorthStar EHR,PAT000135,COV000135,PRC0023,ORG005,LOC005,SPC006,PRC0076,ORG022,USR006,2026-04-05 06:55:26,2026-04-06 00:55:26,Synthetic evaluation request for Orthopedics,Z61.9,Routine,Outreach in Progress,Outreach Follow-Up,2026-04-12 09:55:26,2026-04-15 09:55:26,2026-04-08 20:55:26,2026-04-08 05:55:26,,,,,,,2026-04-06 00:55:26,2026-04-12 09:55:26
REF001457,EHR-REF0001457,NorthStar EHR,PAT001575,COV001575,PRC0019,ORG001,LOC001,SPC009,PRC0054,ORG025,,2026-06-23 05:25:29,2026-06-23 15:25:29,Synthetic evaluation request for Rheumatology,Z62.8,Routine,Closed—Completed,,2026-07-03 02:25:29,,2026-06-24 22:25:29,2026-06-25 00:25:29,2026-06-25 06:25:29,2026-06-29 06:25:29,2026-07-03 06:25:29,2026-07-03 22:25:29,Completed,,2026-06-23 15:25:29,2026-07-03 22:25:29
REF001458,EHR-REF0001458,NorthStar EHR,PAT000735,COV000735,PRC0002,ORG002,LOC002,SPC002,PRC0097,ORG018,,2025-09-24 07:05:58,2025-09-24 21:05:58,Synthetic evaluation request for Dermatology,Z12.3,Routine,Closed—Completed,,2025-10-07 15:05:58,,2025-09-26 14:05:58,2025-09-26 20:05:58,2025-09-28 16:05:58,2025-10-13 16:05:58,2025-10-19 16:05:58,2025-10-20 07:05:58,Completed,,2025-09-24 21:05:58,2025-10-20 07:05:58
REF001459,EHR-REF0001459,NorthStar EHR,PAT000151,COV000151,PRC0008,ORG002,LOC002,SPC006,PRC0051,ORG022,,2026-01-30 09:43:05,2026-01-30 09:43:05,Synthetic evaluation request for Orthopedics,Z58.9,Routine,Closed—Completed,,2026-02-07 22:43:05,,2026-02-02 04:43:05,2026-02-02 00:43:05,2026-02-03 20:43:05,2026-02-27 20:43:05,2026-03-01 20:43:05,2026-03-02 08:43:05,Completed,,2026-01-30 09:43:05,2026-03-02 08:43:05
REF001460,EHR-REF0001460,NorthStar EHR,PAT000347,COV000347,PRC0020,ORG002,LOC002,SPC010,PRC0080,ORG026,,2026-04-11 15:02:05,2026-04-12 02:02:05,Synthetic evaluation request for General Surgery,Z14.9,Routine,Closed—Completed,,2026-04-21 02:02:05,,2026-04-14 21:02:05,2026-04-14 18:02:05,2026-04-16 03:02:05,2026-05-13 03:02:05,2026-05-23 03:02:05,2026-05-24 15:02:05,Completed,,2026-04-12 02:02:05,2026-05-24 15:02:05
REF001461,EHR-REF0001461,NorthStar EHR,PAT000816,COV000816,PRC0004,ORG004,LOC004,SPC005,PRC0085,ORG031,,2025-10-15 10:31:04,2025-10-16 06:31:04,Synthetic evaluation request for Neurology,Z53.2,Urgent,Closed—Completed,,2025-10-27 16:31:04,,2025-10-19 18:31:04,2025-10-17 02:31:04,2025-10-18 05:31:04,2025-11-08 05:31:04,2025-11-12 05:31:04,2025-11-13 10:31:04,Completed,,2025-10-16 06:31:04,2025-11-13 10:31:04
REF001462,EHR-REF0001462,NorthStar EHR,PAT000809,COV000809,PRC0023,ORG005,LOC005,SPC005,PRC0110,ORG031,,2026-02-28 09:23:27,2026-03-01 02:23:27,Synthetic evaluation request for Neurology,Z84.4,Routine,Closed—Completed,,2026-03-13 09:23:27,,2026-03-02 09:23:27,2026-03-05 15:23:27,2026-03-06 23:23:27,2026-03-25 23:23:27,2026-03-26 23:23:27,2026-03-28 02:23:27,Completed,,2026-03-01 02:23:27,2026-03-28 02:23:27
REF001463,EHR-REF0001463,NorthStar EHR,PAT001928,COV001928,PRC0023,ORG005,LOC005,SPC008,PRC0103,ORG024,,2026-03-15 14:12:36,2026-03-15 15:12:36,Synthetic evaluation request for Pulmonology,Z56.7,Routine,Cancelled,,2026-03-19 00:12:36,,2026-03-19 00:12:36,,,,,2026-03-19 00:12:36,Cancelled,Duplicate Referral,2026-03-15 15:12:36,2026-03-19 00:12:36
REF001464,EHR-REF0001464,NorthStar EHR,PAT001623,COV001623,PRC0024,ORG006,LOC006,SPC003,PRC0048,ORG019,USR011,2025-11-09 10:53:20,2025-11-09 15:53:20,Synthetic evaluation request for Endocrinology,Z17.6,Routine,Outreach in Progress,Outreach Follow-Up,2025-11-16 06:53:20,2025-11-19 06:53:20,2025-11-13 04:53:20,2025-11-12 12:53:20,,,,,,,2025-11-09 15:53:20,2025-11-16 06:53:20
REF001465,EHR-REF0001465,NorthStar EHR,PAT001306,COV001306,PRC0016,ORG004,LOC004,SPC004,PRC0064,ORG010,,2025-11-10 00:44:54,2025-11-11 00:44:54,Synthetic evaluation request for Gastroenterology,Z68.3,Routine,Closed—Completed,,2025-11-19 13:44:54,,2025-11-12 19:44:54,2025-11-12 05:44:54,2025-11-12 16:44:54,2025-12-04 16:44:54,2025-12-09 16:44:54,2025-12-10 05:44:54,Completed,,2025-11-11 00:44:54,2025-12-10 05:44:54
REF001466,EHR-REF0001466,NorthStar EHR,PAT000813,COV000813,PRC0029,ORG005,LOC005,SPC005,PRC0050,ORG021,,2025-08-17 16:33:34,2025-08-17 19:33:34,Synthetic evaluation request for Neurology,Z78.6,Routine,Closed—Completed,,2025-08-29 19:33:34,,2025-08-20 05:33:34,2025-08-22 07:33:34,2025-08-23 22:33:34,2025-09-06 22:33:34,2025-09-14 22:33:34,2025-09-15 08:33:34,Completed,,2025-08-17 19:33:34,2025-09-15 08:33:34
REF001467,EHR-REF0001467,NorthStar EHR,PAT001682,COV001682,PRC0030,ORG006,LOC006,SPC002,PRC0062,ORG008,,2026-03-21 21:30:44,2026-03-22 18:30:44,Synthetic evaluation request for Dermatology,Z76.9,Routine,Closed—Completed,,2026-04-02 11:30:44,,2026-03-25 06:30:44,2026-03-26 15:30:44,2026-03-27 18:30:44,2026-04-16 18:30:44,2026-04-24 18:30:44,2026-04-26 04:30:44,Completed,,2026-03-22 18:30:44,2026-04-26 04:30:44
REF001468,EHR-REF0001468,NorthStar EHR,PAT000387,COV000387,PRC0009,ORG003,LOC003,SPC006,PRC0091,ORG012,,2025-09-22 21:09:56,2025-09-23 03:09:56,Synthetic evaluation request for Orthopedics,Z16.4,Routine,Closed—Not Completed,,2025-09-27 11:09:56,,2025-09-23 11:09:56,2025-09-27 19:09:56,,,,2025-09-27 11:09:56,Not Completed,Duplicate Referral,2025-09-23 03:09:56,2025-09-27 11:09:56
REF001469,EHR-REF0001469,NorthStar EHR,PAT001731,COV001731,PRC0004,ORG004,LOC004,SPC008,PRC0103,ORG024,,2026-04-29 00:01:54,2026-04-29 19:01:54,Synthetic evaluation request for Pulmonology,Z16.5,Routine,Closed—Completed,,2026-05-05 15:01:54,,2026-05-01 18:01:54,2026-05-03 01:01:54,2026-05-04 08:01:54,2026-06-01 08:01:54,2026-06-09 08:01:54,2026-06-10 12:01:54,Completed,,2026-04-29 19:01:54,2026-06-10 12:01:54
REF001470,EHR-REF0001470,NorthStar EHR,PAT001513,COV001513,PRC0007,ORG001,LOC001,SPC002,PRC0107,ORG028,,2025-11-27 20:24:05,2025-11-28 00:24:05,Synthetic evaluation request for Dermatology,Z47.9,Routine,Closed—Completed,,2025-12-07 01:24:05,,2025-11-28 16:24:05,2025-12-01 18:24:05,2025-12-03 00:24:05,2026-01-07 00:24:05,2026-01-08 00:24:05,2026-01-09 16:24:05,Completed,,2025-11-28 00:24:05,2026-01-09 16:24:05
REF001471,EHR-REF0001471,NorthStar EHR,PAT001676,COV001676,PRC0019,ORG001,LOC001,SPC007,PRC0042,ORG013,,2026-01-12 21:40:31,2026-01-13 06:40:31,Synthetic evaluation request for Otolaryngology,Z58.5,Routine,Closed—Completed,,2026-01-22 16:40:31,,2026-01-13 19:40:31,2026-01-16 22:40:31,2026-01-17 04:40:31,2026-01-25 04:40:31,2026-02-04 04:40:31,2026-02-05 08:40:31,Completed,,2026-01-13 06:40:31,2026-02-05 08:40:31
REF001472,EHR-REF0001472,NorthStar EHR,PAT000703,COV000703,PRC0008,ORG002,LOC002,SPC008,PRC0053,ORG024,USR008,2025-11-05 10:53:14,2025-11-05 18:53:14,Synthetic evaluation request for Pulmonology,Z45.6,Routine,Outreach in Progress,Outreach Follow-Up,2025-11-10 16:53:14,2025-11-13 16:53:14,2025-11-08 13:53:14,2025-11-10 12:53:14,,,,,,,2025-11-05 18:53:14,2025-11-10 16:53:14
REF001473,EHR-REF0001473,NorthStar EHR,PAT001147,COV001147,PRC0021,ORG003,LOC003,SPC010,PRC0080,ORG026,,2025-09-13 06:41:17,2025-09-13 19:41:17,Synthetic evaluation request for General Surgery,Z19.3,Routine,Closed—Completed,,2025-09-21 18:41:17,,2025-09-14 16:41:17,2025-09-15 01:41:17,2025-09-16 06:41:17,2025-09-20 06:41:17,2025-09-25 06:41:17,2025-09-25 22:41:17,Completed,,2025-09-13 19:41:17,2025-09-25 22:41:17
REF001474,EHR-REF0001474,NorthStar EHR,PAT001869,COV001869,PRC0011,ORG005,LOC005,SPC002,PRC0087,ORG008,USR012,2026-05-01 14:28:55,2026-05-02 09:28:55,Synthetic evaluation request for Dermatology,Z79.1,Routine,Scheduled,Appointment Verification,2026-05-08 13:28:55,2026-05-11 13:28:55,2026-05-05 17:28:55,2026-05-06 06:28:55,2026-05-06 14:28:55,,,,,,2026-05-02 09:28:55,2026-05-08 13:28:55
REF001475,EHR-REF0001475,NorthStar EHR,PAT000964,COV000964,PRC0005,ORG005,LOC005,SPC008,PRC0053,ORG024,USR014,2025-10-08 01:47:05,2025-10-08 04:47:05,Synthetic evaluation request for Pulmonology,Z21.4,Routine,Outreach in Progress,Outreach Follow-Up,2025-10-14 00:47:05,2025-10-17 00:47:05,2025-10-11 19:47:05,2025-10-11 17:47:05,,,,,,,2025-10-08 04:47:05,2025-10-14 00:47:05
REF001476,EHR-REF0001476,NorthStar EHR,PAT001051,COV001051,PRC0022,ORG004,LOC004,SPC006,PRC0091,ORG012,,2026-01-24 16:01:07,2026-01-24 17:01:07,Synthetic evaluation request for Orthopedics,Z79.8,Routine,Closed—Completed,,2026-02-08 04:01:07,,2026-01-28 13:01:07,2026-01-27 22:01:07,2026-01-29 20:01:07,2026-02-14 20:01:07,2026-02-17 20:01:07,2026-02-18 17:01:07,Completed,,2026-01-24 17:01:07,2026-02-18 17:01:07
REF001477,EHR-REF0001477,NorthStar EHR,PAT001583,COV001583,PRC0003,ORG003,LOC003,SPC009,PRC0094,ORG015,,2026-06-03 07:31:43,2026-06-03 10:31:43,Synthetic evaluation request for Rheumatology,Z73.1,Routine,Closed—Completed,,2026-06-09 15:31:43,,2026-06-07 07:31:43,2026-06-07 21:31:43,2026-06-08 09:31:43,2026-06-18 09:31:43,2026-06-19 09:31:43,2026-06-20 11:31:43,Completed,,2026-06-03 10:31:43,2026-06-20 11:31:43
REF001478,EHR-REF0001478,NorthStar EHR,PAT001005,COV001005,PRC0003,ORG003,LOC003,SPC004,PRC0084,ORG030,USR012,2026-01-31 16:19:10,2026-01-31 20:19:10,Synthetic evaluation request for Gastroenterology,Z24.8,Routine,Scheduled,Appointment Verification,2026-02-06 23:19:10,2026-02-09 23:19:10,2026-02-03 14:19:10,2026-02-02 12:19:10,2026-02-03 01:19:10,,,,,,2026-01-31 20:19:10,2026-02-06 23:19:10
REF001479,EHR-REF0001479,NorthStar EHR,PAT000351,COV000351,PRC0011,ORG005,LOC005,SPC003,PRC0058,ORG029,USR003,2026-01-29 10:58:44,2026-01-30 03:58:44,Synthetic evaluation request for Endocrinology,Z32.8,Routine,Scheduled,Appointment Verification,2026-02-03 14:58:44,2026-02-06 14:58:44,2026-01-31 10:58:44,2026-02-02 04:58:44,2026-02-03 04:58:44,,,,,,2026-01-30 03:58:44,2026-02-03 14:58:44
REF001480,EHR-REF0001480,NorthStar EHR,PAT000033,COV000033,PRC0001,ORG001,LOC001,SPC007,PRC0102,ORG023,USR013,2026-06-24 00:04:49,2026-06-24 13:04:49,Synthetic evaluation request for Otolaryngology,Z53.7,Routine,Scheduled,Appointment Verification,2026-06-28 21:04:49,2026-07-01 21:04:49,2026-06-25 06:04:49,2026-06-27 02:04:49,2026-06-28 12:04:49,,,,,,2026-06-24 13:04:49,2026-06-28 21:04:49
REF001481,EHR-REF0001481,NorthStar EHR,PAT001778,COV001778,PRC0001,ORG001,LOC001,SPC002,PRC0057,ORG028,,2025-11-15 09:33:18,2025-11-16 09:33:18,Synthetic evaluation request for Dermatology,Z25.9,Routine,Closed—Completed,,2025-11-29 07:33:18,,2025-11-20 03:33:18,2025-11-18 23:33:18,2025-11-20 20:33:18,2025-12-25 20:33:18,2025-12-30 20:33:18,2026-01-01 01:33:18,Completed,,2025-11-16 09:33:18,2026-01-01 01:33:18
REF001482,EHR-REF0001482,NorthStar EHR,PAT001150,COV001150,PRC0016,ORG004,LOC004,SPC009,PRC0044,ORG015,,2026-05-05 10:52:01,2026-05-06 04:52:01,Synthetic evaluation request for Rheumatology,Z31.4,Routine,Cancelled,,2026-05-08 05:52:01,,2026-05-08 05:52:01,,,,,2026-05-08 05:52:01,Cancelled,No Longer Clinically Indicated,2026-05-06 04:52:01,2026-05-08 05:52:01
REF001483,EHR-REF0001483,NorthStar EHR,PAT000648,COV000648,PRC0020,ORG002,LOC002,SPC004,PRC0064,ORG010,,2025-09-12 13:06:36,2025-09-13 02:06:36,Synthetic evaluation request for Gastroenterology,Z79.6,Routine,Closed—Completed,,2025-09-22 14:06:36,,2025-09-13 23:06:36,2025-09-17 07:06:36,2025-09-18 13:06:36,2025-10-06 13:06:36,2025-10-09 13:06:36,2025-10-10 15:06:36,Completed,,2025-09-13 02:06:36,2025-10-10 15:06:36
REF001484,EHR-REF0001484,NorthStar EHR,PAT001637,COV001637,PRC0016,ORG004,LOC004,SPC010,PRC0095,ORG016,USR013,2025-10-22 14:03:22,2025-10-23 11:03:22,Synthetic evaluation request for General Surgery,Z54.6,Urgent,Completed—Report Pending,Report Pending,2025-11-01 23:03:22,2025-11-02 23:03:22,2025-10-26 13:03:22,2025-10-28 10:03:22,2025-10-30 01:03:22,2025-11-07 01:03:22,,,,,2025-10-23 11:03:22,2025-11-01 23:03:22
REF001485,EHR-REF0001485,NorthStar EHR,PAT000896,COV000896,PRC0008,ORG002,LOC002,SPC006,PRC0051,ORG022,USR002,2026-02-15 21:00:25,2026-02-16 09:00:25,Synthetic evaluation request for Orthopedics,Z20.8,Routine,Scheduled,Appointment Verification,2026-02-26 08:00:25,2026-03-01 08:00:25,2026-02-19 11:00:25,2026-02-19 20:00:25,2026-02-20 03:00:25,,,,,,2026-02-16 09:00:25,2026-02-26 08:00:25
REF001486,EHR-REF0001486,NorthStar EHR,PAT000835,COV000835,PRC0021,ORG003,LOC003,SPC004,PRC0039,ORG010,USR005,2026-02-26 06:13:52,2026-02-26 19:13:52,Synthetic evaluation request for Gastroenterology,Z55.9,Routine,Needs Information,Needs Information,2026-02-27 16:13:52,2026-03-02 16:13:52,,,,,,,,,2026-02-26 19:13:52,2026-02-27 16:13:52
REF001487,EHR-REF0001487,NorthStar EHR,PAT001732,COV001732,PRC0031,ORG001,LOC001,SPC001,PRC0096,ORG017,,2026-07-01 22:53:36,2026-07-02 12:53:36,Synthetic evaluation request for Cardiology,Z76.0,Routine,Closed—Not Completed,,2026-07-09 21:53:36,,2026-07-06 11:53:36,2026-07-05 09:53:36,,,,2026-07-09 21:53:36,Not Completed,Patient Chose Another Provider,2026-07-02 12:53:36,2026-07-09 21:53:36
REF001488,EHR-REF0001488,NorthStar EHR,PAT000369,COV000369,PRC0009,ORG003,LOC003,SPC002,PRC0097,ORG018,,2026-05-03 14:17:35,2026-05-03 20:17:35,Synthetic evaluation request for Dermatology,Z34.0,Routine,Cancelled,,2026-05-07 12:17:35,,2026-05-07 12:17:35,,,,,2026-05-07 12:17:35,Cancelled,Duplicate Referral,2026-05-03 20:17:35,2026-05-07 12:17:35
REF001489,EHR-REF0001489,NorthStar EHR,PAT000288,COV000288,PRC0021,ORG003,LOC003,SPC002,PRC0062,ORG008,USR014,2026-03-16 17:36:15,2026-03-17 15:36:15,Synthetic evaluation request for Dermatology,Z51.4,Routine,Scheduled,Appointment Verification,2026-03-26 17:36:15,2026-03-29 17:36:15,2026-03-20 16:36:15,2026-03-20 11:36:15,2026-03-21 18:36:15,,,,,,2026-03-17 15:36:15,2026-03-26 17:36:15
REF001490,EHR-REF0001490,NorthStar EHR,PAT001311,COV001311,PRC0003,ORG003,LOC003,SPC002,PRC0082,ORG028,,2026-01-25 01:17:43,2026-01-25 19:17:43,Synthetic evaluation request for Dermatology,Z73.9,Routine,Closed—Completed,,2026-02-02 23:17:43,,2026-01-26 06:17:43,2026-01-29 13:17:43,2026-01-30 07:17:43,2026-03-03 07:17:43,2026-03-10 07:17:43,2026-03-11 06:17:43,Completed,,2026-01-25 19:17:43,2026-03-11 06:17:43
REF001491,EHR-REF0001491,NorthStar EHR,PAT001395,COV001395,PRC0010,ORG004,LOC004,SPC008,PRC0103,ORG024,,2026-04-11 23:12:34,2026-04-12 10:12:34,Synthetic evaluation request for Pulmonology,Z58.0,Routine,Closed—Not Completed,,2026-04-14 07:12:34,,2026-04-13 06:12:34,2026-04-13 16:12:34,,,,2026-04-14 07:12:34,Not Completed,Insurance or Access Barrier,2026-04-12 10:12:34,2026-04-14 07:12:34
REF001492,EHR-REF0001492,NorthStar EHR,PAT000779,COV000779,PRC0010,ORG004,LOC004,SPC010,PRC0045,ORG016,,2026-05-26 07:29:32,2026-05-27 00:29:32,Synthetic evaluation request for General Surgery,Z45.9,Urgent,Closed—Not Completed,,2026-06-03 00:29:32,,2026-05-28 05:29:32,2026-05-29 03:29:32,,,,2026-06-03 00:29:32,Not Completed,Patient Declined,2026-05-27 00:29:32,2026-06-03 00:29:32
REF001493,EHR-REF0001493,NorthStar EHR,PAT000269,COV000269,PRC0029,ORG005,LOC005,SPC010,PRC0055,ORG026,USR012,2026-02-15 13:29:01,2026-02-15 14:29:01,Synthetic evaluation request for General Surgery,Z33.5,Routine,Completed—Report Pending,Report Pending,2026-02-24 06:29:01,2026-02-27 06:29:01,2026-02-15 20:29:01,2026-02-18 19:29:01,2026-02-20 04:29:01,2026-03-23 04:29:01,,,,,2026-02-15 14:29:01,2026-02-24 06:29:01
REF001494,EHR-REF0001494,NorthStar EHR,PAT001458,COV001458,PRC0021,ORG003,LOC003,SPC005,PRC0040,ORG011,,2026-05-19 13:49:33,2026-05-19 18:49:33,Synthetic evaluation request for Neurology,Z49.9,Routine,Closed—Completed,,2026-06-01 02:49:33,,2026-05-23 05:49:33,2026-05-21 15:49:33,2026-05-23 09:49:33,2026-06-22 09:49:33,2026-07-02 09:49:33,2026-07-03 02:49:33,Completed,,2026-05-19 18:49:33,2026-07-03 02:49:33
REF001495,EHR-REF0001495,NorthStar EHR,PAT000702,COV000702,PRC0012,ORG006,LOC006,SPC004,PRC0084,ORG030,,2026-04-13 17:53:53,2026-04-14 02:53:53,Synthetic evaluation request for Gastroenterology,Z63.1,Urgent,Closed—Completed,,2026-04-26 11:53:53,,2026-04-18 00:53:53,2026-04-18 06:53:53,2026-04-19 09:53:53,2026-05-07 09:53:53,2026-05-17 09:53:53,2026-05-18 12:53:53,Completed,,2026-04-14 02:53:53,2026-05-18 12:53:53
REF001496,EHR-REF0001496,NorthStar EHR,PAT000178,COV000178,PRC0018,ORG006,LOC006,SPC002,PRC0107,ORG028,,2025-12-18 09:43:06,2025-12-18 15:43:06,Synthetic evaluation request for Dermatology,Z73.9,Routine,Closed—Completed,,2025-12-29 21:43:06,,2025-12-21 11:43:06,2025-12-22 07:43:06,2025-12-24 03:43:06,2026-01-27 03:43:06,2026-01-30 03:43:06,2026-01-31 06:43:06,Completed,,2025-12-18 15:43:06,2026-01-31 06:43:06
REF001497,EHR-REF0001497,NorthStar EHR,PAT000040,COV000040,PRC0001,ORG001,LOC001,SPC009,PRC0104,ORG025,USR004,2026-02-08 12:29:04,2026-02-08 19:29:04,Synthetic evaluation request for Rheumatology,Z66.7,Routine,Scheduled,Appointment Verification,2026-02-14 09:29:04,2026-02-17 09:29:04,2026-02-09 19:29:04,2026-02-10 22:29:04,2026-02-11 23:29:04,,,,,,2026-02-08 19:29:04,2026-02-14 09:29:04
REF001498,EHR-REF0001498,NorthStar EHR,PAT001183,COV001183,PRC0016,ORG004,LOC004,SPC009,PRC0069,ORG015,,2026-02-25 23:29:14,2026-02-25 23:29:14,Synthetic evaluation request for Rheumatology,Z63.4,Routine,Closed—Completed,,2026-03-07 21:29:14,,2026-03-01 02:29:14,2026-03-02 08:29:14,2026-03-02 14:29:14,2026-03-19 14:29:14,2026-03-23 14:29:14,2026-03-24 16:29:14,Completed,,2026-02-25 23:29:14,2026-03-24 16:29:14
REF001499,EHR-REF0001499,NorthStar EHR,PAT000533,COV000533,PRC0033,ORG003,LOC003,SPC010,PRC0055,ORG026,,2025-09-07 21:45:33,2025-09-08 03:45:33,Synthetic evaluation request for General Surgery,Z19.3,Routine,Closed—Completed,,2025-09-17 08:45:33,,2025-09-09 18:45:33,2025-09-08 19:45:33,2025-09-09 09:45:33,2025-10-06 09:45:33,2025-10-13 09:45:33,2025-10-14 11:45:33,Completed,,2025-09-08 03:45:33,2025-10-14 11:45:33
REF001500,EHR-REF0001500,NorthStar EHR,PAT000649,COV000649,PRC0005,ORG005,LOC005,SPC001,PRC0061,ORG007,,2026-07-03 11:43:04,2026-07-04 03:43:04,Synthetic evaluation request for Cardiology,Z16.0,Routine,Closed—Not Completed,,2026-07-12 20:43:04,,2026-07-06 05:43:04,2026-07-07 22:43:04,,,,2026-07-12 20:43:04,Not Completed,Insurance or Access Barrier,2026-07-04 03:43:04,2026-07-12 20:43:04
REF001501,EHR-REF0001501,NorthStar EHR,PAT000774,COV000774,PRC0006,ORG006,LOC006,SPC008,PRC0053,ORG024,,2025-12-10 23:00:21,2025-12-11 05:00:21,Synthetic evaluation request for Pulmonology,Z82.3,Routine,Closed—Completed,,2025-12-21 19:00:21,,2025-12-13 12:00:21,2025-12-13 13:00:21,2025-12-14 06:00:21,2026-01-16 06:00:21,2026-01-24 06:00:21,2026-01-25 11:00:21,Completed,,2025-12-11 05:00:21,2026-01-25 11:00:21
REF001502,EHR-REF0001502,NorthStar EHR,PAT000253,COV000253,PRC0012,ORG006,LOC006,SPC002,PRC0082,ORG028,,2026-02-05 13:09:00,2026-02-05 17:09:00,Synthetic evaluation request for Dermatology,Z56.8,Routine,Closed—Completed,,2026-02-12 04:09:00,,2026-02-07 09:09:00,2026-02-06 19:09:00,2026-02-07 03:09:00,2026-02-13 03:09:00,2026-02-22 03:09:00,2026-02-23 01:09:00,Completed,,2026-02-05 17:09:00,2026-02-23 01:09:00
REF001503,EHR-REF0001503,NorthStar EHR,PAT000526,COV000526,PRC0007,ORG001,LOC001,SPC009,PRC0044,ORG015,,2026-06-11 15:02:02,2026-06-11 17:02:02,Synthetic evaluation request for Rheumatology,Z55.2,Routine,Closed—Completed,,2026-06-24 17:02:02,,2026-06-14 17:02:02,2026-06-13 14:02:02,2026-06-15 00:02:02,2026-07-10 00:02:02,2026-07-20 00:02:02,2026-07-21 17:02:02,Completed,,2026-06-11 17:02:02,2026-07-21 17:02:02
REF001504,EHR-REF0001504,NorthStar EHR,PAT000749,COV000749,PRC0019,ORG001,LOC001,SPC005,PRC0065,ORG011,USR011,2025-10-25 17:58:09,2025-10-26 08:58:09,Synthetic evaluation request for Neurology,Z67.9,Routine,Scheduled,Appointment Verification,2025-11-02 05:58:09,2025-11-05 05:58:09,2025-10-28 01:58:09,2025-10-30 21:58:09,2025-10-31 11:58:09,,,,,,2025-10-26 08:58:09,2025-11-02 05:58:09
REF001505,EHR-REF0001505,NorthStar EHR,PAT000082,COV000082,PRC0002,ORG002,LOC002,SPC008,PRC0068,ORG014,,2025-08-23 12:24:54,2025-08-23 16:24:54,Synthetic evaluation request for Pulmonology,Z86.4,Routine,Closed—Completed,,2025-09-05 03:24:54,,2025-08-26 06:24:54,2025-08-24 13:24:54,2025-08-24 22:24:54,2025-09-12 22:24:54,2025-09-20 22:24:54,2025-09-22 19:24:54,Completed,,2025-08-23 16:24:54,2025-09-22 19:24:54
REF001506,EHR-REF0001506,NorthStar EHR,PAT000279,COV000279,PRC0005,ORG005,LOC005,SPC009,PRC0069,ORG015,,2025-10-29 15:36:30,2025-10-29 23:36:30,Synthetic evaluation request for Rheumatology,Z43.9,Routine,Closed—Completed,,2025-11-08 19:36:30,,2025-11-02 19:36:30,2025-10-31 20:36:30,2025-11-02 04:36:30,2025-11-07 04:36:30,2025-11-11 04:36:30,2025-11-12 11:36:30,Completed,,2025-10-29 23:36:30,2025-11-12 11:36:30
REF001507,EHR-REF0001507,NorthStar EHR,PAT000577,COV000577,PRC0007,ORG001,LOC001,SPC004,PRC0109,ORG030,,2025-08-09 16:42:49,2025-08-10 01:42:49,Synthetic evaluation request for Gastroenterology,Z78.2,Routine,Closed—Completed,,2025-08-21 08:42:49,,2025-08-13 23:42:49,2025-08-10 23:42:49,2025-08-12 21:42:49,2025-09-02 21:42:49,2025-09-11 21:42:49,2025-09-13 05:42:49,Completed,,2025-08-10 01:42:49,2025-09-13 05:42:49
REF001508,EHR-REF0001508,NorthStar EHR,PAT000454,COV000454,PRC0009,ORG003,LOC003,SPC009,PRC0094,ORG015,,2025-12-28 04:58:54,2025-12-29 01:58:54,Synthetic evaluation request for Rheumatology,Z48.4,Routine,Closed—Not Completed,,2026-01-05 04:58:54,,2025-12-31 00:58:54,2025-12-30 14:58:54,,,,2026-01-05 04:58:54,Not Completed,Insurance or Access Barrier,2025-12-29 01:58:54,2026-01-05 04:58:54
REF001509,EHR-REF0001509,NorthStar EHR,PAT001382,COV001382,PRC0023,ORG005,LOC005,SPC004,PRC0049,ORG020,,2025-09-09 11:33:50,2025-09-10 08:33:50,Synthetic evaluation request for Gastroenterology,Z84.8,Routine,Closed—Completed,,2025-09-23 03:33:50,,2025-09-13 22:33:50,2025-09-14 01:33:50,2025-09-15 20:33:50,2025-09-29 20:33:50,2025-10-06 20:33:50,2025-10-08 00:33:50,Completed,,2025-09-10 08:33:50,2025-10-08 00:33:50
REF001510,EHR-REF0001510,NorthStar EHR,PAT000145,COV000145,PRC0006,ORG006,LOC006,SPC003,PRC0048,ORG019,,2026-06-15 17:09:36,2026-06-16 16:09:36,Synthetic evaluation request for Endocrinology,Z11.0,Routine,Cancelled,,2026-06-19 17:09:36,,2026-06-19 17:09:36,,,,,2026-06-19 17:09:36,Cancelled,Duplicate Referral,2026-06-16 16:09:36,2026-06-19 17:09:36
REF001511,EHR-REF0001511,NorthStar EHR,PAT000271,COV000271,PRC0002,ORG002,LOC002,SPC005,PRC0060,ORG031,,2025-12-31 10:10:39,2025-12-31 15:10:39,Synthetic evaluation request for Neurology,Z16.4,Routine,Closed—Completed,,2026-01-14 14:10:39,,2026-01-03 03:10:39,2026-01-02 00:10:39,2026-01-03 01:10:39,2026-02-01 01:10:39,2026-02-02 01:10:39,2026-02-02 21:10:39,Completed,,2025-12-31 15:10:39,2026-02-02 21:10:39
REF001512,EHR-REF0001512,NorthStar EHR,PAT000066,COV000066,PRC0022,ORG004,LOC004,SPC006,PRC0066,ORG012,,2025-11-17 23:11:53,2025-11-18 21:11:53,Synthetic evaluation request for Orthopedics,Z81.6,Routine,Closed—Completed,,2025-12-02 11:11:53,,2025-11-21 11:11:53,2025-11-22 04:11:53,2025-11-23 01:11:53,2025-12-04 01:11:53,2025-12-12 01:11:53,2025-12-13 11:11:53,Completed,,2025-11-18 21:11:53,2025-12-13 11:11:53
REF001513,EHR-REF0001513,NorthStar EHR,PAT000630,COV000630,PRC0034,ORG004,LOC004,SPC001,PRC0106,ORG027,,2026-06-01 05:11:12,2026-06-01 23:11:12,Synthetic evaluation request for Cardiology,Z34.0,Routine,Cancelled,,2026-06-03 23:11:12,,2026-06-03 23:11:12,,,,,2026-06-03 23:11:12,Cancelled,No Longer Clinically Indicated,2026-06-01 23:11:12,2026-06-03 23:11:12
REF001514,EHR-REF0001514,NorthStar EHR,PAT001192,COV001192,PRC0008,ORG002,LOC002,SPC004,PRC0064,ORG010,,2026-04-22 14:42:05,2026-04-22 22:42:05,Synthetic evaluation request for Gastroenterology,Z72.9,Routine,Closed—Completed,,2026-05-05 00:42:05,,2026-04-26 21:42:05,2026-04-27 10:42:05,2026-04-27 15:42:05,2026-05-28 15:42:05,2026-06-03 15:42:05,2026-06-04 17:42:05,Completed,,2026-04-22 22:42:05,2026-06-04 17:42:05
REF001515,EHR-REF0001515,NorthStar EHR,PAT001762,COV001762,PRC0016,ORG004,LOC004,SPC005,PRC0075,ORG021,,2025-12-09 20:10:59,2025-12-10 14:10:59,Synthetic evaluation request for Neurology,Z58.1,Routine,Closed—Completed,,2025-12-19 03:10:59,,2025-12-12 01:10:59,2025-12-14 07:10:59,2025-12-15 16:10:59,2026-01-01 16:10:59,2026-01-11 16:10:59,2026-01-12 10:10:59,Completed,,2025-12-10 14:10:59,2026-01-12 10:10:59
REF001516,EHR-REF0001516,NorthStar EHR,PAT000140,COV000140,PRC0005,ORG005,LOC005,SPC002,PRC0097,ORG018,USR010,2025-08-11 17:44:11,2025-08-12 04:44:11,Synthetic evaluation request for Dermatology,Z45.6,Urgent,Outreach in Progress,Outreach Follow-Up,2025-08-16 03:44:11,2025-08-17 03:44:11,2025-08-14 04:44:11,2025-08-13 03:44:11,,,,,,,2025-08-12 04:44:11,2025-08-16 03:44:11
REF001517,EHR-REF0001517,NorthStar EHR,PAT000097,COV000097,PRC0028,ORG004,LOC004,SPC002,PRC0097,ORG018,,2026-06-15 06:43:14,2026-06-15 10:43:14,Synthetic evaluation request for Dermatology,Z30.5,Routine,Closed—Completed,,2026-06-24 20:43:14,,2026-06-18 04:43:14,2026-06-17 04:43:14,2026-06-18 21:43:14,2026-07-13 21:43:14,2026-07-18 21:43:14,2026-07-20 10:43:14,Completed,,2026-06-15 10:43:14,2026-07-20 10:43:14
REF001518,EHR-REF0001518,NorthStar EHR,PAT001492,COV001492,PRC0024,ORG006,LOC006,SPC004,PRC0074,ORG020,USR014,2026-03-04 08:34:28,2026-03-04 23:34:28,Synthetic evaluation request for Gastroenterology,Z74.3,Routine,Outreach in Progress,Outreach Follow-Up,2026-03-07 13:34:28,2026-03-10 13:34:28,2026-03-05 09:34:28,2026-03-08 11:34:28,,,,,,,2026-03-04 23:34:28,2026-03-07 13:34:28
REF001519,EHR-REF0001519,NorthStar EHR,PAT000545,COV000545,PRC0003,ORG003,LOC003,SPC009,PRC0094,ORG015,,2025-10-28 22:14:24,2025-10-29 07:14:24,Synthetic evaluation request for Rheumatology,Z65.5,Urgent,Closed—Completed,,2025-11-05 18:14:24,,2025-10-29 12:14:24,2025-11-02 03:14:24,2025-11-02 18:14:24,2025-11-20 18:14:24,2025-11-26 18:14:24,2025-11-27 14:14:24,Completed,,2025-10-29 07:14:24,2025-11-27 14:14:24
REF001520,EHR-REF0001520,NorthStar EHR,PAT001075,COV001075,PRC0007,ORG001,LOC001,SPC004,PRC0099,ORG020,,2025-09-23 06:40:57,2025-09-23 14:40:57,Synthetic evaluation request for Gastroenterology,Z71.4,Routine,Closed—Not Completed,,2025-10-01 21:40:57,,2025-09-25 12:40:57,2025-09-27 16:40:57,,,,2025-10-01 21:40:57,Not Completed,Patient Chose Another Provider,2025-09-23 14:40:57,2025-10-01 21:40:57
REF001521,EHR-REF0001521,NorthStar EHR,PAT000524,COV000524,PRC0006,ORG006,LOC006,SPC004,PRC0109,ORG030,USR013,2026-04-18 11:05:52,2026-04-19 10:05:52,Synthetic evaluation request for Gastroenterology,Z64.9,Urgent,Scheduled,Appointment Verification,2026-04-28 19:05:52,2026-04-29 19:05:52,2026-04-21 04:05:52,2026-04-20 09:05:52,2026-04-21 22:05:52,,,,,,2026-04-19 10:05:52,2026-04-28 19:05:52
REF001522,EHR-REF0001522,NorthStar EHR,PAT001991,COV001991,PRC0017,ORG005,LOC005,SPC010,PRC0105,ORG026,USR008,2025-08-22 10:23:21,2025-08-22 12:23:21,Synthetic evaluation request for General Surgery,Z15.1,Routine,Needs Information,Needs Information,2025-08-23 21:23:21,2025-08-26 21:23:21,,,,,,,,,2025-08-22 12:23:21,2025-08-23 21:23:21
REF001523,EHR-REF0001523,NorthStar EHR,PAT000336,COV000336,PRC0008,ORG002,LOC002,SPC009,PRC0079,ORG025,,2025-10-11 11:52:24,2025-10-11 15:52:24,Synthetic evaluation request for Rheumatology,Z55.3,Routine,Closed—Completed,,2025-10-24 15:52:24,,2025-10-13 02:52:24,2025-10-14 23:52:24,2025-10-16 01:52:24,2025-11-16 01:52:24,2025-11-22 01:52:24,2025-11-22 11:52:24,Completed,,2025-10-11 15:52:24,2025-11-22 11:52:24
REF001524,EHR-REF0001524,NorthStar EHR,PAT001977,COV001977,PRC0012,ORG006,LOC006,SPC008,PRC0103,ORG024,USR005,2026-04-22 13:01:37,2026-04-22 23:01:37,Synthetic evaluation request for Pulmonology,Z88.0,Routine,Ready for Outreach,Ready for Outreach,2026-04-25 03:01:37,2026-04-28 03:01:37,2026-04-25 03:01:37,,,,,,,,2026-04-22 23:01:37,2026-04-25 03:01:37
REF001525,EHR-REF0001525,NorthStar EHR,PAT001734,COV001734,PRC0021,ORG003,LOC003,SPC004,PRC0064,ORG010,,2025-10-15 17:37:07,2025-10-16 05:37:07,Synthetic evaluation request for Gastroenterology,Z23.2,Routine,Closed—Completed,,2025-10-27 08:37:07,,2025-10-18 16:37:07,2025-10-17 06:37:07,2025-10-17 08:37:07,2025-11-21 08:37:07,2025-11-25 08:37:07,2025-11-25 17:37:07,Completed,,2025-10-16 05:37:07,2025-11-25 17:37:07
REF001526,EHR-REF0001526,NorthStar EHR,PAT000578,COV000578,PRC0010,ORG004,LOC004,SPC005,PRC0100,ORG021,,2026-03-07 17:54:47,2026-03-07 21:54:47,Synthetic evaluation request for Neurology,Z67.6,Routine,Closed—Completed,,2026-03-16 20:54:47,,2026-03-08 16:54:47,2026-03-10 17:54:47,2026-03-11 02:54:47,2026-03-31 02:54:47,2026-04-10 02:54:47,2026-04-10 19:54:47,Completed,,2026-03-07 21:54:47,2026-04-10 19:54:47
REF001527,EHR-REF0001527,NorthStar EHR,PAT000689,COV000689,PRC0004,ORG004,LOC004,SPC005,PRC0050,ORG021,USR001,2026-01-02 04:43:16,2026-01-02 05:43:16,Synthetic evaluation request for Neurology,Z10.5,Routine,Scheduled,Appointment Verification,2026-01-07 11:43:16,2026-01-10 11:43:16,2026-01-05 01:43:16,2026-01-07 04:43:16,2026-01-08 02:43:16,,,,,,2026-01-02 05:43:16,2026-01-07 11:43:16
REF001528,EHR-REF0001528,NorthStar EHR,PAT001295,COV001295,PRC0011,ORG005,LOC005,SPC009,PRC0104,ORG025,,2026-06-10 14:59:49,2026-06-11 00:59:49,Synthetic evaluation request for Rheumatology,Z50.6,Urgent,Closed—Completed,,2026-06-20 10:59:49,,2026-06-12 14:59:49,2026-06-11 22:59:49,2026-06-13 05:59:49,2026-07-04 05:59:49,2026-07-12 05:59:49,2026-07-12 16:59:49,Completed,,2026-06-11 00:59:49,2026-07-12 16:59:49
REF001529,EHR-REF0001529,NorthStar EHR,PAT000800,COV000800,PRC0018,ORG006,LOC006,SPC008,PRC0103,ORG024,,2026-04-17 08:35:00,2026-04-18 00:35:00,Synthetic evaluation request for Pulmonology,Z58.1,Routine,Closed—Completed,,2026-04-26 11:35:00,,2026-04-19 02:35:00,2026-04-21 13:35:00,2026-04-22 13:35:00,2026-05-21 13:35:00,2026-05-31 13:35:00,2026-06-01 05:35:00,Completed,,2026-04-18 00:35:00,2026-06-01 05:35:00
REF001530,EHR-REF0001530,NorthStar EHR,PAT000882,COV000882,PRC0032,ORG002,LOC002,SPC003,PRC0098,ORG019,,2026-06-09 06:29:39,2026-06-09 14:29:39,Synthetic evaluation request for Endocrinology,Z85.0,Urgent,Closed—Completed,,2026-06-18 01:29:39,,2026-06-09 18:29:39,2026-06-13 16:29:39,2026-06-15 03:29:39,2026-06-29 03:29:39,2026-07-09 03:29:39,2026-07-09 22:29:39,Completed,,2026-06-09 14:29:39,2026-07-09 22:29:39
REF001531,EHR-REF0001531,NorthStar EHR,PAT001760,COV001760,PRC0007,ORG001,LOC001,SPC009,PRC0094,ORG015,,2026-04-29 06:10:09,2026-04-30 02:10:09,Synthetic evaluation request for Rheumatology,Z68.9,Routine,Closed—Not Completed,,2026-05-08 00:10:09,,2026-05-03 23:10:09,2026-04-30 14:10:09,,,,2026-05-08 00:10:09,Not Completed,Patient Chose Another Provider,2026-04-30 02:10:09,2026-05-08 00:10:09
REF001532,EHR-REF0001532,NorthStar EHR,PAT001457,COV001457,PRC0032,ORG002,LOC002,SPC007,PRC0052,ORG023,,2026-03-03 08:29:10,2026-03-04 08:29:10,Synthetic evaluation request for Otolaryngology,Z52.7,Routine,Closed—Completed,,2026-03-16 00:29:10,,2026-03-07 00:29:10,2026-03-06 02:29:10,2026-03-08 02:29:10,2026-03-25 02:29:10,2026-04-02 02:29:10,2026-04-02 09:29:10,Completed,,2026-03-04 08:29:10,2026-04-02 09:29:10
REF001533,EHR-REF0001533,NorthStar EHR,PAT001103,COV001103,PRC0018,ORG006,LOC006,SPC009,PRC0079,ORG025,,2025-11-17 20:37:31,2025-11-18 18:37:31,Synthetic evaluation request for Rheumatology,Z49.5,Routine,Closed—Completed,,2025-11-29 00:37:31,,2025-11-20 18:37:31,2025-11-19 22:37:31,2025-11-21 20:37:31,2025-12-05 20:37:31,2025-12-13 20:37:31,2025-12-15 10:37:31,Completed,,2025-11-18 18:37:31,2025-12-15 10:37:31
REF001534,EHR-REF0001534,NorthStar EHR,PAT001831,COV001831,PRC0011,ORG005,LOC005,SPC005,PRC0110,ORG031,USR001,2026-05-14 10:02:00,2026-05-14 11:02:00,Synthetic evaluation request for Neurology,Z84.6,Routine,Scheduled,Appointment Verification,2026-05-17 06:02:00,2026-05-20 06:02:00,2026-05-14 20:02:00,2026-05-16 04:02:00,2026-05-18 02:02:00,,,,,,2026-05-14 11:02:00,2026-05-17 06:02:00
REF001535,EHR-REF0001535,NorthStar EHR,PAT000818,COV000818,PRC0023,ORG005,LOC005,SPC001,PRC0096,ORG017,,2026-07-10 01:49:57,2026-07-10 12:49:57,Synthetic evaluation request for Cardiology,Z81.1,Routine,Cancelled,,2026-07-13 19:49:57,,2026-07-13 19:49:57,,,,,2026-07-13 19:49:57,Cancelled,No Longer Clinically Indicated,2026-07-10 12:49:57,2026-07-13 19:49:57
REF001536,EHR-REF0001536,NorthStar EHR,PAT000650,COV000650,PRC0034,ORG004,LOC004,SPC005,PRC0050,ORG021,,2026-03-27 00:18:55,2026-03-27 07:18:55,Synthetic evaluation request for Neurology,Z55.1,Routine,Closed—Completed,,2026-04-05 03:18:55,,2026-03-28 02:18:55,2026-04-01 01:18:55,2026-04-01 05:18:55,2026-04-29 05:18:55,2026-05-08 05:18:55,2026-05-09 20:18:55,Completed,,2026-03-27 07:18:55,2026-05-09 20:18:55
REF001537,EHR-REF0001537,NorthStar EHR,PAT000411,COV000411,PRC0022,ORG004,LOC004,SPC005,PRC0065,ORG011,,2025-11-19 02:59:38,2025-11-20 01:59:38,Synthetic evaluation request for Neurology,Z25.9,Routine,Closed—Completed,,2025-11-30 09:59:38,,2025-11-23 19:59:38,2025-11-21 07:59:38,2025-11-21 23:59:38,2025-12-21 23:59:38,2025-12-22 23:59:38,2025-12-23 22:59:38,Completed,,2025-11-20 01:59:38,2025-12-23 22:59:38
REF001538,EHR-REF0001538,NorthStar EHR,PAT000755,COV000755,PRC0017,ORG005,LOC005,SPC002,PRC0057,ORG028,,2025-09-12 01:56:38,2025-09-13 01:56:38,Synthetic evaluation request for Dermatology,Z20.3,Routine,Closed—Completed,,2025-09-27 17:56:38,,2025-09-16 02:56:38,2025-09-17 23:56:38,2025-09-19 10:56:38,2025-10-12 10:56:38,2025-10-15 10:56:38,2025-10-16 21:56:38,Completed,,2025-09-13 01:56:38,2025-10-16 21:56:38
REF001539,EHR-REF0001539,NorthStar EHR,PAT001856,COV001856,PRC0016,ORG004,LOC004,SPC003,PRC0058,ORG029,,2026-06-20 02:44:17,2026-06-20 17:44:17,Synthetic evaluation request for Endocrinology,Z82.8,Routine,Closed—Completed,,2026-06-28 12:44:17,,2026-06-23 23:44:17,2026-06-24 02:44:17,2026-06-24 17:44:17,2026-07-24 17:44:17,2026-07-27 17:44:17,2026-07-29 12:44:17,Completed,,2026-06-20 17:44:17,2026-07-29 12:44:17
REF001540,EHR-REF0001540,NorthStar EHR,PAT000127,COV000127,PRC0013,ORG001,LOC001,SPC001,PRC0086,ORG007,,2026-02-15 01:03:16,2026-02-15 05:03:16,Synthetic evaluation request for Cardiology,Z31.7,Routine,Closed—Completed,,2026-02-25 04:03:16,,2026-02-16 23:03:16,2026-02-16 00:03:16,2026-02-17 23:03:16,2026-03-14 23:03:16,2026-03-21 23:03:16,2026-03-23 02:03:16,Completed,,2026-02-15 05:03:16,2026-03-23 02:03:16
REF001541,EHR-REF0001541,NorthStar EHR,PAT001047,COV001047,PRC0033,ORG003,LOC003,SPC009,PRC0069,ORG015,,2025-10-03 04:28:11,2025-10-03 12:28:11,Synthetic evaluation request for Rheumatology,Z45.4,Routine,Closed—Completed,,2025-10-09 13:28:11,,2025-10-04 22:28:11,2025-10-07 00:28:11,2025-10-08 01:28:11,2025-11-10 01:28:11,2025-11-20 01:28:11,2025-11-21 13:28:11,Completed,,2025-10-03 12:28:11,2025-11-21 13:28:11
REF001542,EHR-REF0001542,NorthStar EHR,PAT001928,COV001928,PRC0031,ORG001,LOC001,SPC009,PRC0069,ORG015,USR005,2025-11-11 11:05:27,2025-11-11 23:05:27,Synthetic evaluation request for Rheumatology,Z27.8,Routine,Scheduled,Appointment Verification,2025-11-17 02:05:27,2025-11-20 02:05:27,2025-11-12 22:05:27,2025-11-14 15:05:27,2025-11-15 07:05:27,,,,,,2025-11-11 23:05:27,2025-11-17 02:05:27
REF001543,EHR-REF0001543,NorthStar EHR,PAT001996,COV001996,PRC0035,ORG005,LOC005,SPC008,PRC0068,ORG014,,2025-11-28 18:05:11,2025-11-29 06:05:11,Synthetic evaluation request for Pulmonology,Z56.0,Routine,Closed—Completed,,2025-12-04 19:05:11,,2025-11-29 22:05:11,2025-12-02 09:05:11,2025-12-02 11:05:11,2025-12-22 11:05:11,2025-12-30 11:05:11,2025-12-31 20:05:11,Completed,,2025-11-29 06:05:11,2025-12-31 20:05:11
REF001544,EHR-REF0001544,NorthStar EHR,PAT000686,COV000686,PRC0035,ORG005,LOC005,SPC008,PRC0093,ORG014,USR013,2026-05-15 08:30:47,2026-05-16 01:30:47,Synthetic evaluation request for Pulmonology,Z28.6,Routine,Scheduled,Appointment Verification,2026-05-21 08:30:47,2026-05-24 08:30:47,2026-05-17 09:30:47,2026-05-18 14:30:47,2026-05-20 03:30:47,,,,,,2026-05-16 01:30:47,2026-05-21 08:30:47
REF001545,EHR-REF0001545,NorthStar EHR,PAT000317,COV000317,PRC0035,ORG005,LOC005,SPC005,PRC0040,ORG011,USR014,2026-01-17 21:51:18,2026-01-18 03:51:18,Synthetic evaluation request for Neurology,Z25.3,Routine,Scheduled,Appointment Verification,2026-01-25 22:51:18,2026-01-28 22:51:18,2026-01-19 22:51:18,2026-01-21 17:51:18,2026-01-22 16:51:18,,,,,,2026-01-18 03:51:18,2026-01-25 22:51:18
REF001546,EHR-REF0001546,NorthStar EHR,PAT000541,COV000541,PRC0008,ORG002,LOC002,SPC009,PRC0069,ORG015,USR005,2026-01-15 14:29:15,2026-01-15 21:29:15,Synthetic evaluation request for Rheumatology,Z62.7,Routine,Scheduled,Appointment Verification,2026-01-18 14:29:15,2026-01-21 14:29:15,2026-01-16 11:29:15,2026-01-19 02:29:15,2026-01-20 20:29:15,,,,,,2026-01-15 21:29:15,2026-01-18 14:29:15
REF001547,EHR-REF0001547,NorthStar EHR,PAT000836,COV000836,PRC0020,ORG002,LOC002,SPC010,PRC0080,ORG026,USR008,2026-04-15 08:18:18,2026-04-15 19:18:18,Synthetic evaluation request for General Surgery,Z52.9,Urgent,Scheduled,Appointment Verification,2026-04-20 10:18:18,2026-04-21 10:18:18,2026-04-19 02:18:18,2026-04-20 08:18:18,2026-04-21 16:18:18,,,,,,2026-04-15 19:18:18,2026-04-20 10:18:18
REF001548,EHR-REF0001548,NorthStar EHR,PAT000990,COV000990,PRC0030,ORG006,LOC006,SPC003,PRC0038,ORG009,,2026-04-24 10:24:31,2026-04-24 15:24:31,Synthetic evaluation request for Endocrinology,Z55.8,Routine,Closed—Not Completed,,2026-04-30 00:24:31,,2026-04-25 20:24:31,2026-04-25 14:24:31,,,,2026-04-30 00:24:31,Not Completed,Insurance or Access Barrier,2026-04-24 15:24:31,2026-04-30 00:24:31
REF001549,EHR-REF0001549,NorthStar EHR,PAT001272,COV001272,PRC0021,ORG003,LOC003,SPC001,PRC0081,ORG027,USR003,2025-11-13 01:51:30,2025-11-14 01:51:30,Synthetic evaluation request for Cardiology,Z50.0,Routine,Completed—Report Pending,Report Pending,2025-11-25 09:51:30,2025-11-28 09:51:30,2025-11-15 17:51:30,2025-11-18 20:51:30,2025-11-20 20:51:30,2025-11-27 20:51:30,,,,,2025-11-14 01:51:30,2025-11-25 09:51:30
REF001550,EHR-REF0001550,NorthStar EHR,PAT000608,COV000608,PRC0015,ORG003,LOC003,SPC007,PRC0092,ORG013,USR003,2026-02-16 12:44:21,2026-02-17 02:44:21,Synthetic evaluation request for Otolaryngology,Z58.5,Routine,Outreach in Progress,Outreach Follow-Up,2026-02-22 14:44:21,2026-02-25 14:44:21,2026-02-19 10:44:21,2026-02-19 18:44:21,,,,,,,2026-02-17 02:44:21,2026-02-22 14:44:21
REF001551,EHR-REF0001551,NorthStar EHR,PAT000783,COV000783,PRC0027,ORG003,LOC003,SPC001,PRC0056,ORG027,,2026-06-23 07:27:26,2026-06-24 06:27:26,Synthetic evaluation request for Cardiology,Z74.2,Routine,Closed—Completed,,2026-07-09 06:27:26,,2026-06-27 17:27:26,2026-06-25 06:27:26,2026-06-25 11:27:26,2026-07-06 11:27:26,2026-07-13 11:27:26,2026-07-14 12:27:26,Completed,,2026-06-24 06:27:26,2026-07-14 12:27:26
REF001552,EHR-REF0001552,NorthStar EHR,PAT001517,COV001517,PRC0028,ORG004,LOC004,SPC010,PRC0080,ORG026,,2026-05-17 06:49:01,2026-05-17 14:49:01,Synthetic evaluation request for General Surgery,Z54.0,Routine,Closed—Not Completed,,2026-05-23 20:49:01,,2026-05-18 14:49:01,2026-05-19 05:49:01,,,,2026-05-23 20:49:01,Not Completed,Patient Chose Another Provider,2026-05-17 14:49:01,2026-05-23 20:49:01
REF001553,EHR-REF0001553,NorthStar EHR,PAT000785,COV000785,PRC0002,ORG002,LOC002,SPC006,PRC0091,ORG012,,2025-11-14 21:09:03,2025-11-15 11:09:03,Synthetic evaluation request for Orthopedics,Z33.3,Routine,Cancelled,,2025-11-16 12:09:03,,2025-11-16 12:09:03,,,,,2025-11-16 12:09:03,Cancelled,No Longer Clinically Indicated,2025-11-15 11:09:03,2025-11-16 12:09:03
REF001554,EHR-REF0001554,NorthStar EHR,PAT001809,COV001809,PRC0025,ORG001,LOC001,SPC006,PRC0076,ORG022,,2026-06-28 15:09:56,2026-06-29 15:09:56,Synthetic evaluation request for Orthopedics,Z29.3,Routine,Closed—Completed,,2026-07-15 02:09:56,,2026-07-03 13:09:56,2026-07-01 15:09:56,2026-07-03 05:09:56,2026-07-22 05:09:56,2026-07-27 05:09:56,2026-07-28 18:09:56,Completed,,2026-06-29 15:09:56,2026-07-28 18:09:56
REF001555,EHR-REF0001555,NorthStar EHR,PAT000133,COV000133,PRC0001,ORG001,LOC001,SPC001,PRC0071,ORG017,,2025-09-04 02:04:34,2025-09-04 18:04:34,Synthetic evaluation request for Cardiology,Z18.2,Routine,Closed—Not Completed,,2025-09-14 15:04:34,,2025-09-08 17:04:34,2025-09-08 12:04:34,,,,2025-09-14 15:04:34,Not Completed,Insurance or Access Barrier,2025-09-04 18:04:34,2025-09-14 15:04:34
REF001556,EHR-REF0001556,NorthStar EHR,PAT000015,COV000015,PRC0014,ORG002,LOC002,SPC005,PRC0100,ORG021,USR012,2026-04-15 11:49:11,2026-04-16 10:49:11,Synthetic evaluation request for Neurology,Z75.9,Routine,Received,New Intake,2026-04-16 10:49:11,2026-04-19 10:49:11,,,,,,,,,2026-04-16 10:49:11,2026-04-16 10:49:11
REF001557,EHR-REF0001557,NorthStar EHR,PAT000301,COV000301,PRC0027,ORG003,LOC003,SPC009,PRC0079,ORG025,USR013,2025-10-13 00:52:40,2025-10-14 00:52:40,Synthetic evaluation request for Rheumatology,Z80.0,Routine,Outreach in Progress,Outreach Follow-Up,2025-10-17 17:52:40,2025-10-20 17:52:40,2025-10-17 06:52:40,2025-10-16 07:52:40,,,,,,,2025-10-14 00:52:40,2025-10-17 17:52:40
REF001558,EHR-REF0001558,NorthStar EHR,PAT001206,COV001206,PRC0031,ORG001,LOC001,SPC007,PRC0077,ORG023,,2025-08-21 21:45:37,2025-08-22 03:45:37,Synthetic evaluation request for Otolaryngology,Z17.9,Routine,Closed—Completed,,2025-08-31 04:45:37,,2025-08-24 06:45:37,2025-08-26 06:45:37,2025-08-26 23:45:37,2025-09-24 23:45:37,2025-10-02 23:45:37,2025-10-03 13:45:37,Completed,,2025-08-22 03:45:37,2025-10-03 13:45:37
REF001559,EHR-REF0001559,NorthStar EHR,PAT000043,COV000043,PRC0006,ORG006,LOC006,SPC004,PRC0039,ORG010,,2026-06-26 05:22:07,2026-06-26 05:22:07,Synthetic evaluation request for Gastroenterology,Z42.5,Routine,Closed—Completed,,2026-07-05 12:22:07,,2026-06-26 14:22:07,2026-06-29 03:22:07,2026-06-30 12:22:07,2026-07-22 12:22:07,2026-07-23 12:22:07,2026-07-24 08:22:07,Completed,,2026-06-26 05:22:07,2026-07-24 08:22:07
REF001560,EHR-REF0001560,NorthStar EHR,PAT000013,COV000013,PRC0024,ORG006,LOC006,SPC001,PRC0036,ORG007,USR005,2025-11-26 06:49:54,2025-11-26 17:49:54,Synthetic evaluation request for Cardiology,Z46.1,Routine,Outreach in Progress,Outreach Follow-Up,2025-11-30 15:49:54,2025-12-03 15:49:54,2025-11-27 14:49:54,2025-11-27 03:49:54,,,,,,,2025-11-26 17:49:54,2025-11-30 15:49:54
REF001561,EHR-REF0001561,NorthStar EHR,PAT001529,COV001529,PRC0003,ORG003,LOC003,SPC001,PRC0096,ORG017,,2026-05-31 07:59:42,2026-06-01 01:59:42,Synthetic evaluation request for Cardiology,Z38.4,Routine,Closed—Completed,,2026-06-14 16:59:42,,2026-06-04 07:59:42,2026-06-05 06:59:42,2026-06-06 07:59:42,2026-06-30 07:59:42,2026-07-06 07:59:42,2026-07-07 22:59:42,Completed,,2026-06-01 01:59:42,2026-07-07 22:59:42
REF001562,EHR-REF0001562,NorthStar EHR,PAT000613,COV000613,PRC0008,ORG002,LOC002,SPC009,PRC0079,ORG025,,2026-04-28 08:12:17,2026-04-29 01:12:17,Synthetic evaluation request for Rheumatology,Z78.2,Routine,Closed—Completed,,2026-05-06 13:12:17,,2026-05-02 08:12:17,2026-05-03 21:12:17,2026-05-05 11:12:17,2026-05-25 11:12:17,2026-05-30 11:12:17,2026-05-31 13:12:17,Completed,,2026-04-29 01:12:17,2026-05-31 13:12:17
REF001563,EHR-REF0001563,NorthStar EHR,PAT001553,COV001553,PRC0003,ORG003,LOC003,SPC010,PRC0080,ORG026,USR005,2026-04-20 05:13:19,2026-04-20 09:13:19,Synthetic evaluation request for General Surgery,Z56.3,Routine,Scheduled,Appointment Verification,2026-04-29 11:13:19,2026-05-02 11:13:19,2026-04-22 10:13:19,2026-04-20 20:13:19,2026-04-21 21:13:19,,,,,,2026-04-20 09:13:19,2026-04-29 11:13:19
REF001564,EHR-REF0001564,NorthStar EHR,PAT000352,COV000352,PRC0024,ORG006,LOC006,SPC007,PRC0052,ORG023,USR012,2026-07-12 05:43:58,2026-07-12 10:43:58,Synthetic evaluation request for Otolaryngology,Z13.3,Routine,Outreach in Progress,Outreach Follow-Up,2026-07-15 13:43:58,2026-07-18 13:43:58,2026-07-13 08:43:58,2026-07-16 05:43:58,,,,,,,2026-07-12 10:43:58,2026-07-15 13:43:58
REF001565,EHR-REF0001565,NorthStar EHR,PAT000842,COV000842,PRC0026,ORG002,LOC002,SPC001,PRC0071,ORG017,USR009,2026-03-02 03:00:57,2026-03-02 10:00:57,Synthetic evaluation request for Cardiology,Z36.2,Routine,Completed—Report Pending,Report Pending,2026-03-11 13:00:57,2026-03-14 13:00:57,2026-03-05 20:00:57,2026-03-03 14:00:57,2026-03-04 11:00:57,2026-03-22 11:00:57,,,,,2026-03-02 10:00:57,2026-03-11 13:00:57
REF001566,EHR-REF0001566,NorthStar EHR,PAT000675,COV000675,PRC0004,ORG004,LOC004,SPC005,PRC0090,ORG011,,2025-10-15 09:52:29,2025-10-15 22:52:29,Synthetic evaluation request for Neurology,Z25.9,Routine,Closed—Completed,,2025-10-26 12:52:29,,2025-10-16 15:52:29,2025-10-17 09:52:29,2025-10-18 07:52:29,2025-11-05 07:52:29,2025-11-07 07:52:29,2025-11-08 10:52:29,Completed,,2025-10-15 22:52:29,2025-11-08 10:52:29
REF001567,EHR-REF0001567,NorthStar EHR,PAT001841,COV001841,PRC0008,ORG002,LOC002,SPC008,PRC0053,ORG024,,2025-09-04 09:33:20,2025-09-05 05:33:20,Synthetic evaluation request for Pulmonology,Z54.4,Routine,Closed—Completed,,2025-09-17 08:33:20,,2025-09-05 12:33:20,2025-09-06 14:33:20,2025-09-08 00:33:20,2025-10-07 00:33:20,2025-10-10 00:33:20,2025-10-10 22:33:20,Completed,,2025-09-05 05:33:20,2025-10-10 22:33:20
REF001568,EHR-REF0001568,NorthStar EHR,PAT001365,COV001365,PRC0019,ORG001,LOC001,SPC010,PRC0055,ORG026,,2025-11-24 12:47:01,2025-11-24 14:47:01,Synthetic evaluation request for General Surgery,Z31.4,Routine,Closed—Completed,,2025-12-04 16:47:01,,2025-11-25 13:47:01,2025-11-26 16:47:01,2025-11-28 00:47:01,2025-12-12 00:47:01,2025-12-18 00:47:01,2025-12-19 04:47:01,Completed,,2025-11-24 14:47:01,2025-12-19 04:47:01
REF001569,EHR-REF0001569,NorthStar EHR,PAT001648,COV001648,PRC0005,ORG005,LOC005,SPC006,PRC0076,ORG022,,2025-08-24 15:56:43,2025-08-25 10:56:43,Synthetic evaluation request for Orthopedics,Z74.1,Routine,Closed—Completed,,2025-09-02 04:56:43,,2025-08-27 19:56:43,2025-08-29 02:56:43,2025-08-29 11:56:43,2025-09-20 11:56:43,2025-09-25 11:56:43,2025-09-27 03:56:43,Completed,,2025-08-25 10:56:43,2025-09-27 03:56:43
REF001570,EHR-REF0001570,NorthStar EHR,PAT000498,COV000498,PRC0008,ORG002,LOC002,SPC005,PRC0060,ORG031,,2026-01-21 15:49:15,2026-01-22 02:49:15,Synthetic evaluation request for Neurology,Z31.3,Routine,Closed—Not Completed,,2026-01-29 06:49:15,,2026-01-24 13:49:15,2026-01-22 19:49:15,,,,2026-01-29 06:49:15,Not Completed,Patient Moved,2026-01-22 02:49:15,2026-01-29 06:49:15
REF001571,EHR-REF0001571,NorthStar EHR,PAT001309,COV001309,PRC0004,ORG004,LOC004,SPC003,PRC0063,ORG009,USR013,2026-02-21 13:30:30,2026-02-22 11:30:30,Synthetic evaluation request for Endocrinology,Z82.1,Routine,Outreach in Progress,Outreach Follow-Up,2026-02-25 08:30:30,2026-02-28 08:30:30,2026-02-25 01:30:30,2026-02-25 22:30:30,,,,,,,2026-02-22 11:30:30,2026-02-25 08:30:30
REF001572,EHR-REF0001572,NorthStar EHR,PAT001999,COV001999,PRC0035,ORG005,LOC005,SPC006,PRC0076,ORG022,USR003,2025-08-13 02:56:54,2025-08-13 10:56:54,Synthetic evaluation request for Orthopedics,Z35.5,Routine,Outreach in Progress,Outreach Follow-Up,2025-08-16 22:56:54,2025-08-19 22:56:54,2025-08-14 09:56:54,2025-08-18 02:56:54,,,,,,,2025-08-13 10:56:54,2025-08-16 22:56:54
REF001573,EHR-REF0001573,NorthStar EHR,PAT000202,COV000202,PRC0019,ORG001,LOC001,SPC005,PRC0050,ORG021,,2026-01-15 11:17:17,2026-01-16 06:17:17,Synthetic evaluation request for Neurology,Z82.8,Routine,Closed—Not Completed,,2026-01-26 02:17:17,,2026-01-20 05:17:17,2026-01-20 08:17:17,,,,2026-01-26 02:17:17,Not Completed,Patient Moved,2026-01-16 06:17:17,2026-01-26 02:17:17
REF001574,EHR-REF0001574,NorthStar EHR,PAT000401,COV000401,PRC0028,ORG004,LOC004,SPC009,PRC0044,ORG015,,2025-11-05 16:58:10,2025-11-06 13:58:10,Synthetic evaluation request for Rheumatology,Z57.1,Routine,Closed—Completed,,2025-11-18 17:58:10,,2025-11-07 11:58:10,2025-11-07 15:58:10,2025-11-09 03:58:10,2025-11-18 03:58:10,2025-11-25 03:58:10,2025-11-26 16:58:10,Completed,,2025-11-06 13:58:10,2025-11-26 16:58:10
REF001575,EHR-REF0001575,NorthStar EHR,PAT001748,COV001748,PRC0008,ORG002,LOC002,SPC009,PRC0069,ORG015,,2025-08-01 07:46:05,2025-08-01 23:46:05,Synthetic evaluation request for Rheumatology,Z84.0,Routine,Closed—Completed,,2025-08-13 06:46:05,,2025-08-05 11:46:05,2025-08-06 13:46:05,2025-08-07 20:46:05,2025-08-21 20:46:05,2025-08-22 20:46:05,2025-08-24 05:46:05,Completed,,2025-08-01 23:46:05,2025-08-24 05:46:05
REF001576,EHR-REF0001576,NorthStar EHR,PAT001237,COV001237,PRC0029,ORG005,LOC005,SPC010,PRC0055,ORG026,,2026-04-22 09:53:23,2026-04-22 20:53:23,Synthetic evaluation request for General Surgery,Z38.9,Routine,Closed—Completed,,2026-05-01 08:53:23,,2026-04-24 01:53:23,2026-04-26 15:53:23,2026-04-26 22:53:23,2026-05-24 22:53:23,2026-06-03 22:53:23,2026-06-04 16:53:23,Completed,,2026-04-22 20:53:23,2026-06-04 16:53:23
REF001577,EHR-REF0001577,NorthStar EHR,PAT001082,COV001082,PRC0032,ORG002,LOC002,SPC006,PRC0076,ORG022,USR007,2025-08-10 14:41:59,2025-08-11 08:41:59,Synthetic evaluation request for Orthopedics,Z59.7,Routine,Scheduled,Appointment Verification,2025-08-21 07:41:59,2025-08-24 07:41:59,2025-08-14 03:41:59,2025-08-12 10:41:59,2025-08-13 10:41:59,,,,,,2025-08-11 08:41:59,2025-08-21 07:41:59
REF001578,EHR-REF0001578,NorthStar EHR,PAT000235,COV000235,PRC0004,ORG004,LOC004,SPC005,PRC0090,ORG011,,2025-08-21 12:33:26,2025-08-22 08:33:26,Synthetic evaluation request for Neurology,Z75.6,Urgent,Closed—Not Completed,,2025-08-27 00:33:26,,2025-08-23 01:33:26,2025-08-27 02:33:26,,,,2025-08-27 00:33:26,Not Completed,Unable to Contact After Protocol,2025-08-22 08:33:26,2025-08-27 00:33:26
REF001579,EHR-REF0001579,NorthStar EHR,PAT000174,COV000174,PRC0010,ORG004,LOC004,SPC008,PRC0093,ORG014,,2026-03-05 12:18:56,2026-03-06 01:18:56,Synthetic evaluation request for Pulmonology,Z38.6,Routine,Closed—Completed,,2026-03-12 04:18:56,,2026-03-06 06:18:56,2026-03-07 08:18:56,2026-03-07 17:18:56,2026-04-11 17:18:56,2026-04-19 17:18:56,2026-04-20 18:18:56,Completed,,2026-03-06 01:18:56,2026-04-20 18:18:56
REF001580,EHR-REF0001580,NorthStar EHR,PAT001856,COV001856,PRC0033,ORG003,LOC003,SPC002,PRC0087,ORG008,USR010,2026-03-04 08:45:42,2026-03-04 15:45:42,Synthetic evaluation request for Dermatology,Z69.8,Routine,Outreach in Progress,Outreach Follow-Up,2026-03-07 10:45:42,2026-03-10 10:45:42,2026-03-05 09:45:42,2026-03-07 06:45:42,,,,,,,2026-03-04 15:45:42,2026-03-07 10:45:42
REF001581,EHR-REF0001581,NorthStar EHR,PAT001595,COV001595,PRC0007,ORG001,LOC001,SPC009,PRC0054,ORG025,USR008,2026-06-18 20:27:30,2026-06-19 06:27:30,Synthetic evaluation request for Rheumatology,Z20.0,Urgent,Outreach in Progress,Outreach Follow-Up,2026-06-21 03:27:30,2026-06-22 03:27:30,2026-06-20 20:27:30,2026-06-19 18:27:30,,,,,,,2026-06-19 06:27:30,2026-06-21 03:27:30
REF001582,EHR-REF0001582,NorthStar EHR,PAT000416,COV000416,PRC0021,ORG003,LOC003,SPC005,PRC0110,ORG031,USR005,2025-10-14 11:13:20,2025-10-15 01:13:20,Synthetic evaluation request for Neurology,Z21.0,Routine,Needs Information,Needs Information,2025-10-17 16:13:20,2025-10-20 16:13:20,,,,,,,,,2025-10-15 01:13:20,2025-10-17 16:13:20
REF001583,EHR-REF0001583,NorthStar EHR,PAT001398,COV001398,PRC0019,ORG001,LOC001,SPC005,PRC0060,ORG031,,2026-02-04 10:10:30,2026-02-05 06:10:30,Synthetic evaluation request for Neurology,Z66.9,Routine,Closed—Completed,,2026-02-12 03:10:30,,2026-02-07 05:10:30,2026-02-08 22:10:30,2026-02-10 03:10:30,2026-02-15 03:10:30,2026-02-23 03:10:30,2026-02-24 03:10:30,Completed,,2026-02-05 06:10:30,2026-02-24 03:10:30
REF001584,EHR-REF0001584,NorthStar EHR,PAT001422,COV001422,PRC0023,ORG005,LOC005,SPC010,PRC0080,ORG026,,2025-09-19 08:44:25,2025-09-19 10:44:25,Synthetic evaluation request for General Surgery,Z22.3,Routine,Closed—Completed,,2025-09-30 22:44:25,,2025-09-21 18:44:25,2025-09-24 01:44:25,2025-09-24 03:44:25,2025-10-19 03:44:25,2025-10-25 03:44:25,2025-10-26 00:44:25,Completed,,2025-09-19 10:44:25,2025-10-26 00:44:25
REF001585,EHR-REF0001585,NorthStar EHR,PAT001428,COV001428,PRC0001,ORG001,LOC001,SPC005,PRC0090,ORG011,USR002,2026-03-24 15:20:52,2026-03-25 12:20:52,Synthetic evaluation request for Neurology,Z73.9,Routine,Outreach in Progress,Outreach Follow-Up,2026-03-30 12:20:52,2026-04-02 12:20:52,2026-03-29 09:20:52,2026-03-26 11:20:52,,,,,,,2026-03-25 12:20:52,2026-03-30 12:20:52
REF001586,EHR-REF0001586,NorthStar EHR,PAT000873,COV000873,PRC0032,ORG002,LOC002,SPC009,PRC0079,ORG025,USR013,2026-03-28 21:13:29,2026-03-29 14:13:29,Synthetic evaluation request for Rheumatology,Z24.4,Routine,Scheduled,Appointment Verification,2026-04-09 10:13:29,2026-04-12 10:13:29,2026-04-01 20:13:29,2026-04-01 12:13:29,2026-04-01 17:13:29,,,,,,2026-03-29 14:13:29,2026-04-09 10:13:29
REF001587,EHR-REF0001587,NorthStar EHR,PAT001672,COV001672,PRC0032,ORG002,LOC002,SPC002,PRC0107,ORG028,USR009,2026-05-29 19:12:41,2026-05-30 05:12:41,Synthetic evaluation request for Dermatology,Z19.5,Routine,Scheduled,Appointment Verification,2026-06-04 00:12:41,2026-06-07 00:12:41,2026-05-31 21:12:41,2026-06-04 00:12:41,2026-06-04 13:12:41,,,,,,2026-05-30 05:12:41,2026-06-04 00:12:41
REF001588,EHR-REF0001588,NorthStar EHR,PAT001594,COV001594,PRC0025,ORG001,LOC001,SPC005,PRC0050,ORG021,,2025-11-28 17:19:11,2025-11-29 08:19:11,Synthetic evaluation request for Neurology,Z62.2,Routine,Closed—Not Completed,,2025-12-01 01:19:11,,2025-11-30 15:19:11,2025-11-29 23:19:11,,,,2025-12-01 01:19:11,Not Completed,Patient Chose Another Provider,2025-11-29 08:19:11,2025-12-01 01:19:11
REF001589,EHR-REF0001589,NorthStar EHR,PAT000825,COV000825,PRC0028,ORG004,LOC004,SPC001,PRC0071,ORG017,,2026-05-06 15:33:46,2026-05-07 14:33:46,Synthetic evaluation request for Cardiology,Z88.2,Routine,Closed—Completed,,2026-05-21 23:33:46,,2026-05-11 14:33:46,2026-05-08 16:33:46,2026-05-09 00:33:46,2026-05-18 00:33:46,2026-05-27 00:33:46,2026-05-27 22:33:46,Completed,,2026-05-07 14:33:46,2026-05-27 22:33:46
REF001590,EHR-REF0001590,NorthStar EHR,PAT001752,COV001752,PRC0019,ORG001,LOC001,SPC001,PRC0046,ORG017,USR009,2025-11-28 16:38:07,2025-11-28 21:38:07,Synthetic evaluation request for Cardiology,Z82.3,Routine,Completed—Report Pending,Report Pending,2025-12-08 09:38:07,2025-12-11 09:38:07,2025-11-30 05:38:07,2025-12-01 21:38:07,2025-12-02 08:38:07,2026-01-03 08:38:07,,,,,2025-11-28 21:38:07,2025-12-08 09:38:07
REF001591,EHR-REF0001591,NorthStar EHR,PAT001977,COV001977,PRC0034,ORG004,LOC004,SPC006,PRC0101,ORG022,,2026-02-22 20:45:35,2026-02-23 06:45:35,Synthetic evaluation request for Orthopedics,Z34.9,Urgent,Closed—Completed,,2026-03-02 23:45:35,,2026-02-24 08:45:35,2026-02-25 21:45:35,2026-02-27 03:45:35,2026-03-22 03:45:35,2026-03-30 03:45:35,2026-03-30 19:45:35,Completed,,2026-02-23 06:45:35,2026-03-30 19:45:35
REF001592,EHR-REF0001592,NorthStar EHR,PAT000083,COV000083,PRC0017,ORG005,LOC005,SPC006,PRC0051,ORG022,USR006,2025-10-08 18:18:07,2025-10-09 04:18:07,Synthetic evaluation request for Orthopedics,Z78.1,Routine,Needs Information,Needs Information,2025-10-10 19:18:07,2025-10-13 19:18:07,,,,,,,,,2025-10-09 04:18:07,2025-10-10 19:18:07
REF001593,EHR-REF0001593,NorthStar EHR,PAT000363,COV000363,PRC0026,ORG002,LOC002,SPC002,PRC0057,ORG028,,2026-03-14 18:58:59,2026-03-15 08:58:59,Synthetic evaluation request for Dermatology,Z21.3,Routine,Closed—Completed,,2026-03-27 23:58:59,,2026-03-16 15:58:59,2026-03-18 06:58:59,2026-03-19 19:58:59,2026-04-06 19:58:59,2026-04-15 19:58:59,2026-04-16 13:58:59,Completed,,2026-03-15 08:58:59,2026-04-16 13:58:59
REF001594,EHR-REF0001594,NorthStar EHR,PAT001828,COV001828,PRC0023,ORG005,LOC005,SPC010,PRC0045,ORG016,USR007,2025-12-06 13:13:07,2025-12-06 15:13:07,Synthetic evaluation request for General Surgery,Z62.6,Routine,Ready for Outreach,Ready for Outreach,2025-12-07 17:13:07,2025-12-10 17:13:07,2025-12-07 17:13:07,,,,,,,,2025-12-06 15:13:07,2025-12-07 17:13:07
REF001595,EHR-REF0001595,NorthStar EHR,PAT001626,COV001626,PRC0002,ORG002,LOC002,SPC006,PRC0101,ORG022,,2025-09-11 06:08:24,2025-09-12 02:08:24,Synthetic evaluation request for Orthopedics,Z52.2,Routine,Closed—Completed,,2025-09-21 05:08:24,,2025-09-14 11:08:24,2025-09-13 13:08:24,2025-09-15 04:08:24,2025-09-24 04:08:24,2025-09-26 04:08:24,2025-09-26 17:08:24,Completed,,2025-09-12 02:08:24,2025-09-26 17:08:24
REF001596,EHR-REF0001596,NorthStar EHR,PAT001426,COV001426,PRC0013,ORG001,LOC001,SPC001,PRC0086,ORG007,USR005,2026-02-06 19:53:15,2026-02-07 04:53:15,Synthetic evaluation request for Cardiology,Z35.1,Routine,Ready for Outreach,Ready for Outreach,2026-02-08 21:53:15,2026-02-11 21:53:15,2026-02-08 21:53:15,,,,,,,,2026-02-07 04:53:15,2026-02-08 21:53:15
REF001597,EHR-REF0001597,NorthStar EHR,PAT001026,COV001026,PRC0035,ORG005,LOC005,SPC004,PRC0049,ORG020,,2026-04-07 09:01:56,2026-04-07 11:01:56,Synthetic evaluation request for Gastroenterology,Z41.5,Routine,Closed—Not Completed,,2026-04-17 00:01:56,,2026-04-10 17:01:56,2026-04-11 11:01:56,,,,2026-04-17 00:01:56,Not Completed,Insurance or Access Barrier,2026-04-07 11:01:56,2026-04-17 00:01:56
REF001598,EHR-REF0001598,NorthStar EHR,PAT000265,COV000265,PRC0020,ORG002,LOC002,SPC008,PRC0053,ORG024,,2026-05-17 07:50:25,2026-05-18 03:50:25,Synthetic evaluation request for Pulmonology,Z31.4,Routine,Closed—Completed,,2026-05-29 08:50:25,,2026-05-20 15:50:25,2026-05-21 03:50:25,2026-05-21 13:50:25,2026-05-31 13:50:25,2026-06-07 13:50:25,2026-06-08 13:50:25,Completed,,2026-05-18 03:50:25,2026-06-08 13:50:25
REF001599,EHR-REF0001599,NorthStar EHR,PAT001783,COV001783,PRC0014,ORG002,LOC002,SPC010,PRC0055,ORG026,USR010,2025-08-08 21:57:35,2025-08-09 07:57:35,Synthetic evaluation request for General Surgery,Z57.7,Routine,Outreach in Progress,Outreach Follow-Up,2025-08-10 13:57:35,2025-08-13 13:57:35,2025-08-10 04:57:35,2025-08-13 04:57:35,,,,,,,2025-08-09 07:57:35,2025-08-10 13:57:35
REF001600,EHR-REF0001600,NorthStar EHR,PAT000871,COV000871,PRC0028,ORG004,LOC004,SPC004,PRC0039,ORG010,,2025-11-22 23:56:33,2025-11-23 17:56:33,Synthetic evaluation request for Gastroenterology,Z75.6,Routine,Closed—Completed,,2025-12-02 17:56:33,,2025-11-26 04:56:33,2025-11-27 10:56:33,2025-11-29 05:56:33,2025-12-06 05:56:33,2025-12-08 05:56:33,2025-12-09 10:56:33,Completed,,2025-11-23 17:56:33,2025-12-09 10:56:33
REF001601,EHR-REF0001601,NorthStar EHR,PAT001752,COV001752,PRC0018,ORG006,LOC006,SPC003,PRC0063,ORG009,USR002,2026-07-09 07:46:06,2026-07-10 04:46:06,Synthetic evaluation request for Endocrinology,Z76.6,Routine,Completed—Report Pending,Report Pending,2026-07-17 17:46:06,2026-07-20 17:46:06,2026-07-10 20:46:06,2026-07-10 22:46:06,2026-07-11 01:46:06,2026-08-07 01:46:06,,,,,2026-07-10 04:46:06,2026-07-17 17:46:06
REF001602,EHR-REF0001602,NorthStar EHR,PAT001576,COV001576,PRC0034,ORG004,LOC004,SPC010,PRC0095,ORG016,,2025-12-27 11:49:03,2025-12-28 10:49:03,Synthetic evaluation request for General Surgery,Z36.9,Routine,Closed—Completed,,2026-01-05 21:49:03,,2025-12-30 23:49:03,2025-12-30 14:49:03,2025-12-31 13:49:03,2026-01-11 13:49:03,2026-01-20 13:49:03,2026-01-21 21:49:03,Completed,,2025-12-28 10:49:03,2026-01-21 21:49:03
REF001603,EHR-REF0001603,NorthStar EHR,PAT001192,COV001192,PRC0011,ORG005,LOC005,SPC010,PRC0080,ORG026,,2026-01-31 13:10:49,2026-02-01 00:10:49,Synthetic evaluation request for General Surgery,Z62.4,Routine,Closed—Not Completed,,2026-02-05 12:10:49,,2026-02-01 14:10:49,2026-02-02 05:10:49,,,,2026-02-05 12:10:49,Not Completed,Transferred Care,2026-02-01 00:10:49,2026-02-05 12:10:49
REF001604,EHR-REF0001604,NorthStar EHR,PAT001269,COV001269,PRC0009,ORG003,LOC003,SPC005,PRC0090,ORG011,USR012,2026-02-24 13:10:18,2026-02-25 03:10:18,Synthetic evaluation request for Neurology,Z82.5,Routine,Needs Information,Needs Information,2026-02-26 07:10:18,2026-03-01 07:10:18,,,,,,,,,2026-02-25 03:10:18,2026-02-26 07:10:18
REF001605,EHR-REF0001605,NorthStar EHR,PAT000982,COV000982,PRC0014,ORG002,LOC002,SPC008,PRC0068,ORG014,,2025-09-05 10:15:40,2025-09-06 02:15:40,Synthetic evaluation request for Pulmonology,Z44.1,Routine,Closed—Not Completed,,2025-09-12 19:15:40,,2025-09-09 11:15:40,2025-09-10 22:15:40,,,,2025-09-12 19:15:40,Not Completed,Unable to Contact After Protocol,2025-09-06 02:15:40,2025-09-12 19:15:40
REF001606,EHR-REF0001606,NorthStar EHR,PAT001254,COV001254,PRC0004,ORG004,LOC004,SPC007,PRC0077,ORG023,,2026-02-08 18:01:41,2026-02-09 13:01:41,Synthetic evaluation request for Otolaryngology,Z51.6,Routine,Closed—Completed,,2026-02-17 23:01:41,,2026-02-11 00:01:41,2026-02-12 14:01:41,2026-02-14 04:01:41,2026-03-02 04:01:41,2026-03-05 04:01:41,2026-03-05 12:01:41,Completed,,2026-02-09 13:01:41,2026-03-05 12:01:41
REF001607,EHR-REF0001607,NorthStar EHR,PAT000007,COV000007,PRC0015,ORG003,LOC003,SPC009,PRC0104,ORG025,,2026-04-05 14:39:48,2026-04-06 03:39:48,Synthetic evaluation request for Rheumatology,Z34.0,Routine,Closed—Completed,,2026-04-16 20:39:48,,2026-04-06 21:39:48,2026-04-06 12:39:48,2026-04-07 22:39:48,2026-04-28 22:39:48,2026-05-02 22:39:48,2026-05-03 20:39:48,Completed,,2026-04-06 03:39:48,2026-05-03 20:39:48
REF001608,EHR-REF0001608,NorthStar EHR,PAT000233,COV000233,PRC0019,ORG001,LOC001,SPC009,PRC0044,ORG015,USR003,2026-05-17 17:11:33,2026-05-17 23:11:33,Synthetic evaluation request for Rheumatology,Z33.7,Routine,Outreach in Progress,Outreach Follow-Up,2026-05-20 18:11:33,2026-05-23 18:11:33,2026-05-19 20:11:33,2026-05-21 00:11:33,,,,,,,2026-05-17 23:11:33,2026-05-20 18:11:33
REF001609,EHR-REF0001609,NorthStar EHR,PAT001629,COV001629,PRC0009,ORG003,LOC003,SPC010,PRC0105,ORG026,,2026-01-22 22:48:15,2026-01-23 14:48:15,Synthetic evaluation request for General Surgery,Z77.1,Routine,Closed—Completed,,2026-02-02 23:48:15,,2026-01-26 02:48:15,2026-01-26 11:48:15,2026-01-27 09:48:15,2026-02-20 09:48:15,2026-02-23 09:48:15,2026-02-24 01:48:15,Completed,,2026-01-23 14:48:15,2026-02-24 01:48:15
REF001610,EHR-REF0001610,NorthStar EHR,PAT000367,COV000367,PRC0018,ORG006,LOC006,SPC002,PRC0072,ORG018,,2026-06-21 11:53:22,2026-06-21 21:53:22,Synthetic evaluation request for Dermatology,Z46.5,Routine,Closed—Completed,,2026-07-01 04:53:22,,2026-06-23 08:53:22,2026-06-24 10:53:22,2026-06-25 08:53:22,2026-07-21 08:53:22,2026-07-22 08:53:22,2026-07-23 02:53:22,Completed,,2026-06-21 21:53:22,2026-07-23 02:53:22
REF001611,EHR-REF0001611,NorthStar EHR,PAT000763,COV000763,PRC0017,ORG005,LOC005,SPC010,PRC0070,ORG016,USR007,2026-05-04 04:20:35,2026-05-04 11:20:35,Synthetic evaluation request for General Surgery,Z65.0,Routine,Outreach in Progress,Outreach Follow-Up,2026-05-05 09:20:35,2026-05-08 09:20:35,2026-05-04 15:20:35,2026-05-07 14:20:35,,,,,,,2026-05-04 11:20:35,2026-05-05 09:20:35
REF001612,EHR-REF0001612,NorthStar EHR,PAT000759,COV000759,PRC0007,ORG001,LOC001,SPC003,PRC0073,ORG019,,2026-02-14 15:04:31,2026-02-15 11:04:31,Synthetic evaluation request for Endocrinology,Z53.2,Routine,Closed—Completed,,2026-02-28 20:04:31,,2026-02-19 07:04:31,2026-02-20 11:04:31,2026-02-22 00:04:31,2026-02-26 00:04:31,2026-03-01 00:04:31,2026-03-02 03:04:31,Completed,,2026-02-15 11:04:31,2026-03-02 03:04:31
REF001613,EHR-REF0001613,NorthStar EHR,PAT001413,COV001413,PRC0029,ORG005,LOC005,SPC010,PRC0055,ORG026,,2026-05-20 15:26:57,2026-05-21 00:26:57,Synthetic evaluation request for General Surgery,Z49.2,Routine,Cancelled,,2026-05-22 05:26:57,,2026-05-22 05:26:57,,,,,2026-05-22 05:26:57,Cancelled,Duplicate Referral,2026-05-21 00:26:57,2026-05-22 05:26:57
REF001614,EHR-REF0001614,NorthStar EHR,PAT000733,COV000733,PRC0020,ORG002,LOC002,SPC004,PRC0084,ORG030,USR014,2026-06-11 12:08:37,2026-06-11 21:08:37,Synthetic evaluation request for Gastroenterology,Z44.8,Routine,Outreach in Progress,Outreach Follow-Up,2026-06-16 11:08:37,2026-06-19 11:08:37,2026-06-13 18:08:37,2026-06-15 20:08:37,,,,,,,2026-06-11 21:08:37,2026-06-16 11:08:37
REF001615,EHR-REF0001615,NorthStar EHR,PAT001183,COV001183,PRC0002,ORG002,LOC002,SPC010,PRC0080,ORG026,,2026-06-15 11:26:01,2026-06-15 22:26:01,Synthetic evaluation request for General Surgery,Z13.5,Routine,Closed—Not Completed,,2026-06-23 23:26:01,,2026-06-18 22:26:01,2026-06-16 16:26:01,,,,2026-06-23 23:26:01,Not Completed,Patient Chose Another Provider,2026-06-15 22:26:01,2026-06-23 23:26:01
REF001616,EHR-REF0001616,NorthStar EHR,PAT001355,COV001355,PRC0035,ORG005,LOC005,SPC009,PRC0044,ORG015,USR014,2025-10-12 17:42:10,2025-10-13 07:42:10,Synthetic evaluation request for Rheumatology,Z74.7,Routine,Scheduled,Appointment Verification,2025-10-21 17:42:10,2025-10-24 17:42:10,2025-10-16 10:42:10,2025-10-15 14:42:10,2025-10-17 10:42:10,,,,,,2025-10-13 07:42:10,2025-10-21 17:42:10
REF001617,EHR-REF0001617,NorthStar EHR,PAT001631,COV001631,PRC0002,ORG002,LOC002,SPC005,PRC0040,ORG011,,2026-06-13 14:34:04,2026-06-14 09:34:04,Synthetic evaluation request for Neurology,Z77.2,Urgent,Closed—Not Completed,,2026-06-19 16:34:04,,2026-06-16 04:34:04,2026-06-15 23:34:04,,,,2026-06-19 16:34:04,Not Completed,No Longer Clinically Indicated,2026-06-14 09:34:04,2026-06-19 16:34:04
REF001618,EHR-REF0001618,NorthStar EHR,PAT001552,COV001552,PRC0020,ORG002,LOC002,SPC002,PRC0087,ORG008,USR012,2026-04-08 16:03:33,2026-04-09 12:03:33,Synthetic evaluation request for Dermatology,Z20.5,Routine,Completed—Report Pending,Report Pending,2026-04-17 09:03:33,2026-04-20 09:03:33,2026-04-11 11:03:33,2026-04-10 01:03:33,2026-04-11 16:03:33,2026-04-27 16:03:33,,,,,2026-04-09 12:03:33,2026-04-17 09:03:33
REF001619,EHR-REF0001619,NorthStar EHR,PAT000760,COV000760,PRC0001,ORG001,LOC001,SPC006,PRC0091,ORG012,,2026-07-02 04:35:59,2026-07-02 14:35:59,Synthetic evaluation request for Orthopedics,Z84.8,Routine,Closed—Completed,,2026-07-13 02:35:59,,2026-07-06 13:35:59,2026-07-06 14:35:59,2026-07-07 23:35:59,2026-07-31 23:35:59,2026-08-08 23:35:59,2026-08-10 03:35:59,Completed,,2026-07-02 14:35:59,2026-08-10 03:35:59
REF001620,EHR-REF0001620,NorthStar EHR,PAT001021,COV001021,PRC0031,ORG001,LOC001,SPC003,PRC0108,ORG029,,2025-09-06 09:44:22,2025-09-06 23:44:22,Synthetic evaluation request for Endocrinology,Z79.3,Routine,Closed—Completed,,2025-09-18 13:44:22,,2025-09-07 14:44:22,2025-09-09 02:44:22,2025-09-09 23:44:22,2025-09-13 23:44:22,2025-09-20 23:44:22,2025-09-22 11:44:22,Completed,,2025-09-06 23:44:22,2025-09-22 11:44:22
REF001621,EHR-REF0001621,NorthStar EHR,PAT000501,COV000501,PRC0017,ORG005,LOC005,SPC001,PRC0086,ORG007,,2026-02-12 21:29:45,2026-02-13 21:29:45,Synthetic evaluation request for Cardiology,Z59.7,Routine,Closed—Completed,,2026-02-25 11:29:45,,2026-02-17 09:29:45,2026-02-16 00:29:45,2026-02-16 02:29:45,2026-03-17 02:29:45,2026-03-25 02:29:45,2026-03-26 04:29:45,Completed,,2026-02-13 21:29:45,2026-03-26 04:29:45
REF001622,EHR-REF0001622,NorthStar EHR,PAT000832,COV000832,PRC0030,ORG006,LOC006,SPC009,PRC0079,ORG025,,2026-03-16 08:22:11,2026-03-17 04:22:11,Synthetic evaluation request for Rheumatology,Z38.9,Routine,Closed—Completed,,2026-03-24 21:22:11,,2026-03-19 05:22:11,2026-03-19 08:22:11,2026-03-20 14:22:11,2026-04-07 14:22:11,2026-04-11 14:22:11,2026-04-13 04:22:11,Completed,,2026-03-17 04:22:11,2026-04-13 04:22:11
REF001623,EHR-REF0001623,NorthStar EHR,PAT000037,COV000037,PRC0002,ORG002,LOC002,SPC007,PRC0102,ORG023,USR009,2025-11-19 10:51:06,2025-11-20 06:51:06,Synthetic evaluation request for Otolaryngology,Z13.4,Urgent,Scheduled,Appointment Verification,2025-11-21 10:51:06,2025-11-22 10:51:06,2025-11-20 20:51:06,2025-11-23 03:51:06,2025-11-24 04:51:06,,,,,,2025-11-20 06:51:06,2025-11-21 10:51:06
REF001624,EHR-REF0001624,NorthStar EHR,PAT000500,COV000500,PRC0015,ORG003,LOC003,SPC002,PRC0082,ORG028,USR007,2025-08-15 13:16:38,2025-08-15 18:16:38,Synthetic evaluation request for Dermatology,Z11.7,Routine,Completed—Report Pending,Report Pending,2025-08-23 01:16:38,2025-08-26 01:16:38,2025-08-17 01:16:38,2025-08-17 15:16:38,2025-08-19 00:16:38,2025-08-31 00:16:38,,,,,2025-08-15 18:16:38,2025-08-23 01:16:38
REF001625,EHR-REF0001625,NorthStar EHR,PAT001309,COV001309,PRC0005,ORG005,LOC005,SPC009,PRC0094,ORG015,,2026-04-30 11:46:15,2026-04-30 18:46:15,Synthetic evaluation request for Rheumatology,Z80.1,Urgent,Closed—Completed,,2026-05-12 11:46:15,,2026-05-02 12:46:15,2026-05-05 10:46:15,2026-05-06 13:46:15,2026-05-16 13:46:15,2026-05-25 13:46:15,2026-05-26 23:46:15,Completed,,2026-04-30 18:46:15,2026-05-26 23:46:15
REF001626,EHR-REF0001626,NorthStar EHR,PAT001135,COV001135,PRC0025,ORG001,LOC001,SPC008,PRC0043,ORG014,,2026-05-09 04:10:29,2026-05-09 14:10:29,Synthetic evaluation request for Pulmonology,Z36.0,Routine,Closed—Completed,,2026-05-18 12:10:29,,2026-05-12 17:10:29,2026-05-10 16:10:29,2026-05-10 20:10:29,2026-06-01 20:10:29,2026-06-11 20:10:29,2026-06-12 13:10:29,Completed,,2026-05-09 14:10:29,2026-06-12 13:10:29
REF001627,EHR-REF0001627,NorthStar EHR,PAT000397,COV000397,PRC0027,ORG003,LOC003,SPC010,PRC0045,ORG016,USR005,2026-03-23 11:35:05,2026-03-24 04:35:05,Synthetic evaluation request for General Surgery,Z39.7,Routine,Scheduled,Appointment Verification,2026-03-29 19:35:05,2026-04-01 19:35:05,2026-03-26 02:35:05,2026-03-27 16:35:05,2026-03-28 03:35:05,,,,,,2026-03-24 04:35:05,2026-03-29 19:35:05
REF001628,EHR-REF0001628,NorthStar EHR,PAT000987,COV000987,PRC0017,ORG005,LOC005,SPC010,PRC0055,ORG026,USR001,2025-08-08 21:03:54,2025-08-09 10:03:54,Synthetic evaluation request for General Surgery,Z62.2,Routine,Ready for Outreach,Ready for Outreach,2025-08-10 01:03:54,2025-08-13 01:03:54,2025-08-10 01:03:54,,,,,,,,2025-08-09 10:03:54,2025-08-10 01:03:54
REF001629,EHR-REF0001629,NorthStar EHR,PAT001715,COV001715,PRC0019,ORG001,LOC001,SPC004,PRC0099,ORG020,USR004,2026-03-10 18:18:09,2026-03-11 07:18:09,Synthetic evaluation request for Gastroenterology,Z66.3,Urgent,Completed—Report Pending,Report Pending,2026-03-25 15:18:09,2026-03-26 15:18:09,2026-03-14 00:18:09,2026-03-11 16:18:09,2026-03-13 13:18:09,2026-04-02 13:18:09,,,,,2026-03-11 07:18:09,2026-03-25 15:18:09
REF001630,EHR-REF0001630,NorthStar EHR,PAT000738,COV000738,PRC0030,ORG006,LOC006,SPC006,PRC0041,ORG012,,2026-06-19 13:33:14,2026-06-19 15:33:14,Synthetic evaluation request for Orthopedics,Z30.8,Routine,Closed—Not Completed,,2026-06-24 21:33:14,,2026-06-20 04:33:14,2026-06-20 03:33:14,,,,2026-06-24 21:33:14,Not Completed,Duplicate Referral,2026-06-19 15:33:14,2026-06-24 21:33:14
REF001631,EHR-REF0001631,NorthStar EHR,PAT001557,COV001557,PRC0002,ORG002,LOC002,SPC004,PRC0064,ORG010,,2025-10-30 09:13:52,2025-10-31 08:13:52,Synthetic evaluation request for Gastroenterology,Z58.5,Urgent,Cancelled,,2025-11-03 05:13:52,,2025-11-03 05:13:52,,,,,2025-11-03 05:13:52,Cancelled,No Longer Clinically Indicated,2025-10-31 08:13:52,2025-11-03 05:13:52
REF001632,EHR-REF0001632,NorthStar EHR,PAT000049,COV000049,PRC0028,ORG004,LOC004,SPC003,PRC0038,ORG009,,2025-12-24 19:21:56,2025-12-25 07:21:56,Synthetic evaluation request for Endocrinology,Z25.2,Routine,Closed—Completed,,2026-01-06 22:21:56,,2025-12-28 07:21:56,2025-12-26 13:21:56,2025-12-27 02:21:56,2026-01-22 02:21:56,2026-02-01 02:21:56,2026-02-02 08:21:56,Completed,,2025-12-25 07:21:56,2026-02-02 08:21:56
REF001633,EHR-REF0001633,NorthStar EHR,PAT000503,COV000503,PRC0014,ORG002,LOC002,SPC006,PRC0101,ORG022,USR007,2025-09-10 20:18:27,2025-09-11 18:18:27,Synthetic evaluation request for Orthopedics,Z16.5,Routine,Scheduled,Appointment Verification,2025-09-16 02:18:27,2025-09-19 02:18:27,2025-09-14 08:18:27,2025-09-16 15:18:27,2025-09-17 00:18:27,,,,,,2025-09-11 18:18:27,2025-09-16 02:18:27
REF001634,EHR-REF0001634,NorthStar EHR,PAT001762,COV001762,PRC0025,ORG001,LOC001,SPC008,PRC0053,ORG024,,2026-04-24 18:11:53,2026-04-24 18:11:53,Synthetic evaluation request for Pulmonology,Z30.6,Routine,Closed—Completed,,2026-05-04 22:11:53,,2026-04-27 18:11:53,2026-04-26 21:11:53,2026-04-27 23:11:53,2026-05-30 23:11:53,2026-06-01 23:11:53,2026-06-02 12:11:53,Completed,,2026-04-24 18:11:53,2026-06-02 12:11:53
REF001635,EHR-REF0001635,NorthStar EHR,PAT001238,COV001238,PRC0007,ORG001,LOC001,SPC008,PRC0053,ORG024,,2025-09-08 14:47:17,2025-09-08 17:47:17,Synthetic evaluation request for Pulmonology,Z28.9,Routine,Closed—Not Completed,,2025-09-18 09:47:17,,2025-09-12 08:47:17,2025-09-13 17:47:17,,,,2025-09-18 09:47:17,Not Completed,Unable to Contact After Protocol,2025-09-08 17:47:17,2025-09-18 09:47:17
REF001636,EHR-REF0001636,NorthStar EHR,PAT001675,COV001675,PRC0029,ORG005,LOC005,SPC008,PRC0043,ORG014,,2025-10-23 13:01:52,2025-10-23 21:01:52,Synthetic evaluation request for Pulmonology,Z29.9,Routine,Cancelled,,2025-10-24 20:01:52,,2025-10-24 20:01:52,,,,,2025-10-24 20:01:52,Cancelled,Duplicate Referral,2025-10-23 21:01:52,2025-10-24 20:01:52
REF001637,EHR-REF0001637,NorthStar EHR,PAT000398,COV000398,PRC0005,ORG005,LOC005,SPC004,PRC0089,ORG010,,2026-05-22 00:22:37,2026-05-23 00:22:37,Synthetic evaluation request for Gastroenterology,Z27.4,Routine,Closed—Completed,,2026-06-05 19:22:37,,2026-05-24 11:22:37,2026-05-25 02:22:37,2026-05-26 02:22:37,2026-06-23 02:22:37,2026-06-25 02:22:37,2026-06-25 21:22:37,Completed,,2026-05-23 00:22:37,2026-06-25 21:22:37
REF001638,EHR-REF0001638,NorthStar EHR,PAT001463,COV001463,PRC0009,ORG003,LOC003,SPC004,PRC0049,ORG020,,2026-04-23 06:12:29,2026-04-24 00:12:29,Synthetic evaluation request for Gastroenterology,Z71.1,Routine,Closed—Completed,,2026-05-05 09:12:29,,2026-04-25 09:12:29,2026-04-25 05:12:29,2026-04-26 06:12:29,2026-05-17 06:12:29,2026-05-21 06:12:29,2026-05-22 01:12:29,Completed,,2026-04-24 00:12:29,2026-05-22 01:12:29
REF001639,EHR-REF0001639,NorthStar EHR,PAT001860,COV001860,PRC0006,ORG006,LOC006,SPC007,PRC0092,ORG013,,2026-04-07 04:24:30,2026-04-08 02:24:30,Synthetic evaluation request for Otolaryngology,Z34.8,Routine,Closed—Not Completed,,2026-04-15 21:24:30,,2026-04-10 07:24:30,2026-04-12 03:24:30,,,,2026-04-15 21:24:30,Not Completed,Patient Chose Another Provider,2026-04-08 02:24:30,2026-04-15 21:24:30
REF001640,EHR-REF0001640,NorthStar EHR,PAT001309,COV001309,PRC0032,ORG002,LOC002,SPC001,PRC0086,ORG007,,2026-05-01 13:55:26,2026-05-01 17:55:26,Synthetic evaluation request for Cardiology,Z81.2,Routine,Cancelled,,2026-05-04 03:55:26,,2026-05-04 03:55:26,,,,,2026-05-04 03:55:26,Cancelled,No Longer Clinically Indicated,2026-05-01 17:55:26,2026-05-04 03:55:26
REF001641,EHR-REF0001641,NorthStar EHR,PAT000638,COV000638,PRC0011,ORG005,LOC005,SPC002,PRC0097,ORG018,,2025-12-21 06:11:47,2025-12-21 09:11:47,Synthetic evaluation request for Dermatology,Z14.4,Routine,Closed—Completed,,2026-01-01 05:11:47,,2025-12-21 21:11:47,2025-12-24 22:11:47,2025-12-25 12:11:47,2026-01-28 12:11:47,2026-02-07 12:11:47,2026-02-08 00:11:47,Completed,,2025-12-21 09:11:47,2026-02-08 00:11:47
REF001642,EHR-REF0001642,NorthStar EHR,PAT000753,COV000753,PRC0029,ORG005,LOC005,SPC006,PRC0091,ORG012,,2026-07-12 05:13:28,2026-07-12 09:13:28,Synthetic evaluation request for Orthopedics,Z70.6,Routine,Closed—Not Completed,,2026-07-16 10:13:28,,2026-07-12 23:13:28,2026-07-15 21:13:28,,,,2026-07-16 10:13:28,Not Completed,Patient Moved,2026-07-12 09:13:28,2026-07-16 10:13:28
REF001643,EHR-REF0001643,NorthStar EHR,PAT000403,COV000403,PRC0030,ORG006,LOC006,SPC008,PRC0093,ORG014,,2026-04-13 22:16:51,2026-04-14 11:16:51,Synthetic evaluation request for Pulmonology,Z24.6,Routine,Closed—Completed,,2026-04-26 20:16:51,,2026-04-16 02:16:51,2026-04-18 06:16:51,2026-04-18 15:16:51,2026-05-01 15:16:51,2026-05-10 15:16:51,2026-05-11 21:16:51,Completed,,2026-04-14 11:16:51,2026-05-11 21:16:51
REF001644,EHR-REF0001644,NorthStar EHR,PAT000001,COV000001,PRC0007,ORG001,LOC001,SPC010,PRC0095,ORG016,,2025-12-23 01:10:58,2025-12-23 11:10:58,Synthetic evaluation request for General Surgery,Z38.6,Routine,Closed—Completed,,2026-01-02 19:10:58,,2025-12-26 06:10:58,2025-12-25 02:10:58,2025-12-26 12:10:58,2026-01-17 12:10:58,2026-01-21 12:10:58,2026-01-22 05:10:58,Completed,,2025-12-23 11:10:58,2026-01-22 05:10:58
REF001645,EHR-REF0001645,NorthStar EHR,PAT001245,COV001245,PRC0001,ORG001,LOC001,SPC004,PRC0099,ORG020,,2026-06-26 22:13:52,2026-06-27 15:13:52,Synthetic evaluation request for Gastroenterology,Z49.4,Routine,Closed—Completed,,2026-07-08 13:13:52,,2026-06-28 17:13:52,2026-06-30 12:13:52,2026-07-01 13:13:52,2026-07-25 13:13:52,2026-07-29 13:13:52,2026-07-30 00:13:52,Completed,,2026-06-27 15:13:52,2026-07-30 00:13:52
REF001646,EHR-REF0001646,NorthStar EHR,PAT001992,COV001992,PRC0028,ORG004,LOC004,SPC010,PRC0055,ORG026,,2026-07-07 02:39:55,2026-07-07 05:39:55,Synthetic evaluation request for General Surgery,Z56.4,Routine,Closed—Completed,,2026-07-17 23:39:55,,2026-07-07 09:39:55,2026-07-11 00:39:55,2026-07-12 11:39:55,2026-07-23 11:39:55,2026-07-29 11:39:55,2026-07-30 14:39:55,Completed,,2026-07-07 05:39:55,2026-07-30 14:39:55
REF001647,EHR-REF0001647,NorthStar EHR,PAT001864,COV001864,PRC0021,ORG003,LOC003,SPC004,PRC0039,ORG010,,2025-11-14 13:36:39,2025-11-14 22:36:39,Synthetic evaluation request for Gastroenterology,Z60.7,Urgent,Closed—Completed,,2025-11-24 07:36:39,,2025-11-16 20:36:39,2025-11-15 10:36:39,2025-11-15 14:36:39,2025-12-16 14:36:39,2025-12-26 14:36:39,2025-12-27 02:36:39,Completed,,2025-11-14 22:36:39,2025-12-27 02:36:39
REF001648,EHR-REF0001648,NorthStar EHR,PAT001140,COV001140,PRC0030,ORG006,LOC006,SPC006,PRC0101,ORG022,,2025-11-20 03:28:15,2025-11-20 18:28:15,Synthetic evaluation request for Orthopedics,Z48.6,Routine,Cancelled,,2025-11-21 00:28:15,,2025-11-21 00:28:15,,,,,2025-11-21 00:28:15,Cancelled,No Longer Clinically Indicated,2025-11-20 18:28:15,2025-11-21 00:28:15
REF001649,EHR-REF0001649,NorthStar EHR,PAT000499,COV000499,PRC0023,ORG005,LOC005,SPC010,PRC0105,ORG026,,2026-05-19 07:08:23,2026-05-19 17:08:23,Synthetic evaluation request for General Surgery,Z29.2,Routine,Cancelled,,2026-05-23 07:08:23,,2026-05-23 07:08:23,,,,,2026-05-23 07:08:23,Cancelled,No Longer Clinically Indicated,2026-05-19 17:08:23,2026-05-23 07:08:23
REF001650,EHR-REF0001650,NorthStar EHR,PAT001697,COV001697,PRC0009,ORG003,LOC003,SPC009,PRC0079,ORG025,,2026-05-27 15:07:25,2026-05-27 21:07:25,Synthetic evaluation request for Rheumatology,Z11.1,Routine,Closed—Completed,,2026-06-03 10:07:25,,2026-05-28 05:07:25,2026-05-29 03:07:25,2026-05-29 12:07:25,2026-06-26 12:07:25,2026-06-28 12:07:25,2026-06-30 02:07:25,Completed,,2026-05-27 21:07:25,2026-06-30 02:07:25
REF001651,EHR-REF0001651,NorthStar EHR,PAT000918,COV000918,PRC0006,ORG006,LOC006,SPC001,PRC0046,ORG017,USR003,2026-02-01 18:38:23,2026-02-01 21:38:23,Synthetic evaluation request for Cardiology,Z39.7,Urgent,Scheduled,Appointment Verification,2026-02-09 02:38:23,2026-02-10 02:38:23,2026-02-02 19:38:23,2026-02-05 18:38:23,2026-02-06 08:38:23,,,,,,2026-02-01 21:38:23,2026-02-09 02:38:23
REF001652,EHR-REF0001652,NorthStar EHR,PAT001942,COV001942,PRC0027,ORG003,LOC003,SPC010,PRC0045,ORG016,USR002,2025-09-06 06:52:26,2025-09-06 12:52:26,Synthetic evaluation request for General Surgery,Z67.8,Routine,Needs Information,Needs Information,2025-09-08 18:52:26,2025-09-11 18:52:26,,,,,,,,,2025-09-06 12:52:26,2025-09-08 18:52:26
REF001653,EHR-REF0001653,NorthStar EHR,PAT000969,COV000969,PRC0034,ORG004,LOC004,SPC002,PRC0107,ORG028,,2026-06-03 17:04:45,2026-06-04 12:04:45,Synthetic evaluation request for Dermatology,Z34.8,Routine,Closed—Completed,,2026-06-11 16:04:45,,2026-06-07 18:04:45,2026-06-05 20:04:45,2026-06-06 09:04:45,2026-06-14 09:04:45,2026-06-17 09:04:45,2026-06-18 01:04:45,Completed,,2026-06-04 12:04:45,2026-06-18 01:04:45
REF001654,EHR-REF0001654,NorthStar EHR,PAT000013,COV000013,PRC0033,ORG003,LOC003,SPC006,PRC0041,ORG012,USR007,2025-11-04 12:35:32,2025-11-04 21:35:32,Synthetic evaluation request for Orthopedics,Z75.2,Urgent,Scheduled,Appointment Verification,2025-11-15 05:35:32,2025-11-16 05:35:32,2025-11-08 08:35:32,2025-11-08 22:35:32,2025-11-09 10:35:32,,,,,,2025-11-04 21:35:32,2025-11-15 05:35:32
REF001655,EHR-REF0001655,NorthStar EHR,PAT000359,COV000359,PRC0012,ORG006,LOC006,SPC007,PRC0092,ORG013,,2026-02-20 23:45:09,2026-02-21 04:45:09,Synthetic evaluation request for Otolaryngology,Z38.5,Routine,Closed—Completed,,2026-03-01 04:45:09,,2026-02-21 10:45:09,2026-02-26 02:45:09,2026-02-26 12:45:09,2026-03-05 12:45:09,2026-03-08 12:45:09,2026-03-09 18:45:09,Completed,,2026-02-21 04:45:09,2026-03-09 18:45:09
REF001656,EHR-REF0001656,NorthStar EHR,PAT000192,COV000192,PRC0029,ORG005,LOC005,SPC006,PRC0066,ORG012,,2026-03-12 01:18:58,2026-03-12 04:18:58,Synthetic evaluation request for Orthopedics,Z45.1,Routine,Closed—Completed,,2026-03-18 20:18:58,,2026-03-12 18:18:58,2026-03-17 00:18:58,2026-03-17 05:18:58,2026-03-26 05:18:58,2026-04-01 05:18:58,2026-04-01 23:18:58,Completed,,2026-03-12 04:18:58,2026-04-01 23:18:58
REF001657,EHR-REF0001657,NorthStar EHR,PAT001777,COV001777,PRC0002,ORG002,LOC002,SPC001,PRC0056,ORG027,USR012,2026-05-24 19:08:14,2026-05-25 13:08:14,Synthetic evaluation request for Cardiology,Z46.8,Routine,Outreach in Progress,Outreach Follow-Up,2026-05-27 10:08:14,2026-05-30 10:08:14,2026-05-26 03:08:14,2026-05-29 14:08:14,,,,,,,2026-05-25 13:08:14,2026-05-27 10:08:14
REF001658,EHR-REF0001658,NorthStar EHR,PAT001978,COV001978,PRC0031,ORG001,LOC001,SPC004,PRC0039,ORG010,,2026-04-24 21:45:56,2026-04-25 11:45:56,Synthetic evaluation request for Gastroenterology,Z75.8,Urgent,Closed—Completed,,2026-05-03 19:45:56,,2026-04-28 14:45:56,2026-04-27 10:45:56,2026-04-28 07:45:56,2026-05-28 07:45:56,2026-06-04 07:45:56,2026-06-05 10:45:56,Completed,,2026-04-25 11:45:56,2026-06-05 10:45:56
REF001659,EHR-REF0001659,NorthStar EHR,PAT001572,COV001572,PRC0001,ORG001,LOC001,SPC009,PRC0104,ORG025,,2026-02-14 07:12:40,2026-02-14 14:12:40,Synthetic evaluation request for Rheumatology,Z87.0,Urgent,Closed—Completed,,2026-02-25 20:12:40,,2026-02-18 00:12:40,2026-02-16 02:12:40,2026-02-17 14:12:40,2026-02-27 14:12:40,2026-03-02 14:12:40,2026-03-03 19:12:40,Completed,,2026-02-14 14:12:40,2026-03-03 19:12:40
REF001660,EHR-REF0001660,NorthStar EHR,PAT001705,COV001705,PRC0020,ORG002,LOC002,SPC005,PRC0085,ORG031,,2025-09-22 12:13:58,2025-09-23 03:13:58,Synthetic evaluation request for Neurology,Z78.1,Urgent,Closed—Not Completed,,2025-09-27 06:13:58,,2025-09-23 14:13:58,2025-09-25 15:13:58,,,,2025-09-27 06:13:58,Not Completed,Duplicate Referral,2025-09-23 03:13:58,2025-09-27 06:13:58
REF001661,EHR-REF0001661,NorthStar EHR,PAT000485,COV000485,PRC0028,ORG004,LOC004,SPC008,PRC0093,ORG014,USR007,2026-06-16 18:29:12,2026-06-17 14:29:12,Synthetic evaluation request for Pulmonology,Z78.6,Routine,Outreach in Progress,Outreach Follow-Up,2026-06-24 03:29:12,2026-06-27 03:29:12,2026-06-20 09:29:12,2026-06-18 01:29:12,,,,,,,2026-06-17 14:29:12,2026-06-24 03:29:12
REF001662,EHR-REF0001662,NorthStar EHR,PAT001363,COV001363,PRC0001,ORG001,LOC001,SPC004,PRC0059,ORG030,,2026-04-03 02:43:22,2026-04-03 11:43:22,Synthetic evaluation request for Gastroenterology,Z73.5,Routine,Closed—Not Completed,,2026-04-09 04:43:22,,2026-04-05 03:43:22,2026-04-07 10:43:22,,,,2026-04-09 04:43:22,Not Completed,No Longer Clinically Indicated,2026-04-03 11:43:22,2026-04-09 04:43:22
REF001663,EHR-REF0001663,NorthStar EHR,PAT000586,COV000586,PRC0007,ORG001,LOC001,SPC010,PRC0080,ORG026,,2026-06-27 03:49:00,2026-06-28 03:49:00,Synthetic evaluation request for General Surgery,Z49.4,Routine,Closed—Completed,,2026-07-15 06:49:00,,2026-07-01 13:49:00,2026-06-30 00:49:00,2026-06-30 04:49:00,2026-07-14 04:49:00,2026-07-24 04:49:00,2026-07-25 08:49:00,Completed,,2026-06-28 03:49:00,2026-07-25 08:49:00
REF001664,EHR-REF0001664,NorthStar EHR,PAT000693,COV000693,PRC0012,ORG006,LOC006,SPC003,PRC0108,ORG029,,2025-08-21 19:48:46,2025-08-22 15:48:46,Synthetic evaluation request for Endocrinology,Z78.9,Routine,Closed—Not Completed,,2025-08-31 17:48:46,,2025-08-25 03:48:46,2025-08-25 14:48:46,,,,2025-08-31 17:48:46,Not Completed,Patient Chose Another Provider,2025-08-22 15:48:46,2025-08-31 17:48:46
REF001665,EHR-REF0001665,NorthStar EHR,PAT001823,COV001823,PRC0027,ORG003,LOC003,SPC006,PRC0091,ORG012,USR011,2025-11-21 02:32:37,2025-11-21 05:32:37,Synthetic evaluation request for Orthopedics,Z19.7,Routine,Scheduled,Appointment Verification,2025-11-30 05:32:37,2025-12-03 05:32:37,2025-11-24 09:32:37,2025-11-25 18:32:37,2025-11-25 23:32:37,,,,,,2025-11-21 05:32:37,2025-11-30 05:32:37
REF001666,EHR-REF0001666,NorthStar EHR,PAT001368,COV001368,PRC0017,ORG005,LOC005,SPC010,PRC0080,ORG026,,2026-02-05 08:50:53,2026-02-05 10:50:53,Synthetic evaluation request for General Surgery,Z21.7,Routine,Closed—Not Completed,,2026-02-13 14:50:53,,2026-02-08 20:50:53,2026-02-08 17:50:53,,,,2026-02-13 14:50:53,Not Completed,Patient Declined,2026-02-05 10:50:53,2026-02-13 14:50:53
REF001667,EHR-REF0001667,NorthStar EHR,PAT000823,COV000823,PRC0003,ORG003,LOC003,SPC005,PRC0050,ORG021,,2025-11-12 10:31:59,2025-11-12 23:31:59,Synthetic evaluation request for Neurology,Z52.8,Routine,Closed—Completed,,2025-11-25 20:31:59,,2025-11-15 17:31:59,2025-11-16 04:31:59,2025-11-17 18:31:59,2025-11-24 18:31:59,2025-11-28 18:31:59,2025-11-29 19:31:59,Completed,,2025-11-12 23:31:59,2025-11-29 19:31:59
REF001668,EHR-REF0001668,NorthStar EHR,PAT000703,COV000703,PRC0022,ORG004,LOC004,SPC009,PRC0054,ORG025,,2026-01-15 13:13:48,2026-01-15 20:13:48,Synthetic evaluation request for Rheumatology,Z48.2,Routine,Closed—Completed,,2026-01-24 07:13:48,,2026-01-17 06:13:48,2026-01-19 12:13:48,2026-01-20 02:13:48,2026-02-07 02:13:48,2026-02-11 02:13:48,2026-02-12 10:13:48,Completed,,2026-01-15 20:13:48,2026-02-12 10:13:48
REF001669,EHR-REF0001669,NorthStar EHR,PAT000195,COV000195,PRC0006,ORG006,LOC006,SPC009,PRC0104,ORG025,USR010,2026-06-17 20:33:59,2026-06-18 10:33:59,Synthetic evaluation request for Rheumatology,Z54.1,Routine,Scheduled,Appointment Verification,2026-06-26 01:33:59,2026-06-29 01:33:59,2026-06-20 00:33:59,2026-06-23 05:33:59,2026-06-25 01:33:59,,,,,,2026-06-18 10:33:59,2026-06-26 01:33:59
REF001670,EHR-REF0001670,NorthStar EHR,PAT000087,COV000087,PRC0011,ORG005,LOC005,SPC003,PRC0083,ORG029,,2025-10-11 01:14:30,2025-10-11 21:14:30,Synthetic evaluation request for Endocrinology,Z47.8,Urgent,Closed—Completed,,2025-10-22 06:14:30,,2025-10-15 15:14:30,2025-10-15 05:14:30,2025-10-17 05:14:30,2025-11-01 05:14:30,2025-11-07 05:14:30,2025-11-08 06:14:30,Completed,,2025-10-11 21:14:30,2025-11-08 06:14:30
REF001671,EHR-REF0001671,NorthStar EHR,PAT001222,COV001222,PRC0015,ORG003,LOC003,SPC007,PRC0102,ORG023,USR005,2026-04-11 15:46:10,2026-04-12 08:46:10,Synthetic evaluation request for Otolaryngology,Z56.9,Urgent,Needs Information,Needs Information,2026-04-13 07:46:10,2026-04-14 07:46:10,,,,,,,,,2026-04-12 08:46:10,2026-04-13 07:46:10
REF001672,EHR-REF0001672,NorthStar EHR,PAT001784,COV001784,PRC0007,ORG001,LOC001,SPC004,PRC0089,ORG010,,2025-12-29 02:27:07,2025-12-29 16:27:07,Synthetic evaluation request for Gastroenterology,Z57.6,Routine,Closed—Completed,,2026-01-11 12:27:07,,2025-12-29 23:27:07,2026-01-03 05:27:07,2026-01-04 03:27:07,2026-02-07 03:27:07,2026-02-12 03:27:07,2026-02-12 18:27:07,Completed,,2025-12-29 16:27:07,2026-02-12 18:27:07
REF001673,EHR-REF0001673,NorthStar EHR,PAT000535,COV000535,PRC0033,ORG003,LOC003,SPC007,PRC0042,ORG013,,2026-02-22 10:38:16,2026-02-23 09:38:16,Synthetic evaluation request for Otolaryngology,Z83.3,Routine,Closed—Completed,,2026-03-02 14:38:16,,2026-02-25 10:38:16,2026-02-23 17:38:16,2026-02-25 09:38:16,2026-03-18 09:38:16,2026-03-20 09:38:16,2026-03-21 15:38:16,Completed,,2026-02-23 09:38:16,2026-03-21 15:38:16
REF001674,EHR-REF0001674,NorthStar EHR,PAT001207,COV001207,PRC0012,ORG006,LOC006,SPC001,PRC0046,ORG017,,2026-01-23 07:18:51,2026-01-23 23:18:51,Synthetic evaluation request for Cardiology,Z15.8,Routine,Closed—Completed,,2026-02-02 04:18:51,,2026-01-27 01:18:51,2026-01-26 23:18:51,2026-01-28 09:18:51,2026-01-31 09:18:51,2026-02-01 09:18:51,2026-02-01 22:18:51,Completed,,2026-01-23 23:18:51,2026-02-01 22:18:51
REF001675,EHR-REF0001675,NorthStar EHR,PAT000081,COV000081,PRC0031,ORG001,LOC001,SPC002,PRC0107,ORG028,USR007,2025-12-29 01:18:46,2025-12-29 13:18:46,Synthetic evaluation request for Dermatology,Z58.5,Urgent,Outreach in Progress,Outreach Follow-Up,2026-01-04 21:18:46,2026-01-05 21:18:46,2026-01-01 00:18:46,2026-01-01 05:18:46,,,,,,,2025-12-29 13:18:46,2026-01-04 21:18:46
REF001676,EHR-REF0001676,NorthStar EHR,PAT000289,COV000289,PRC0005,ORG005,LOC005,SPC003,PRC0088,ORG009,,2026-06-13 07:16:55,2026-06-13 12:16:55,Synthetic evaluation request for Endocrinology,Z61.6,Routine,Closed—Completed,,2026-06-23 06:16:55,,2026-06-16 01:16:55,2026-06-15 18:16:55,2026-06-15 23:16:55,2026-06-21 23:16:55,2026-06-23 23:16:55,2026-06-25 01:16:55,Completed,,2026-06-13 12:16:55,2026-06-25 01:16:55
REF001677,EHR-REF0001677,NorthStar EHR,PAT001307,COV001307,PRC0010,ORG004,LOC004,SPC004,PRC0039,ORG010,USR012,2025-08-29 10:28:30,2025-08-30 05:28:30,Synthetic evaluation request for Gastroenterology,Z15.7,Routine,Scheduled,Appointment Verification,2025-09-06 08:28:30,2025-09-09 08:28:30,2025-09-01 20:28:30,2025-08-30 19:28:30,2025-09-01 18:28:30,,,,,,2025-08-30 05:28:30,2025-09-06 08:28:30
REF001678,EHR-REF0001678,NorthStar EHR,PAT001770,COV001770,PRC0014,ORG002,LOC002,SPC001,PRC0056,ORG027,,2026-01-02 20:28:26,2026-01-03 12:28:26,Synthetic evaluation request for Cardiology,Z18.6,Urgent,Closed—Completed,,2026-01-15 07:28:26,,2026-01-05 20:28:26,2026-01-07 09:28:26,2026-01-08 06:28:26,2026-02-03 06:28:26,2026-02-11 06:28:26,2026-02-12 03:28:26,Completed,,2026-01-03 12:28:26,2026-02-12 03:28:26
REF001679,EHR-REF0001679,NorthStar EHR,PAT001807,COV001807,PRC0026,ORG002,LOC002,SPC010,PRC0070,ORG016,USR011,2026-03-12 17:55:20,2026-03-13 05:55:20,Synthetic evaluation request for General Surgery,Z51.9,Routine,Scheduled,Appointment Verification,2026-03-15 13:55:20,2026-03-18 13:55:20,2026-03-14 09:55:20,2026-03-16 08:55:20,2026-03-17 14:55:20,,,,,,2026-03-13 05:55:20,2026-03-15 13:55:20
REF001680,EHR-REF0001680,NorthStar EHR,PAT000961,COV000961,PRC0001,ORG001,LOC001,SPC004,PRC0049,ORG020,USR006,2026-03-05 09:00:50,2026-03-06 02:00:50,Synthetic evaluation request for Gastroenterology,Z45.0,Routine,Scheduled,Appointment Verification,2026-03-10 19:00:50,2026-03-13 19:00:50,2026-03-07 03:00:50,2026-03-09 01:00:50,2026-03-09 08:00:50,,,,,,2026-03-06 02:00:50,2026-03-10 19:00:50
REF001681,EHR-REF0001681,NorthStar EHR,PAT000801,COV000801,PRC0024,ORG006,LOC006,SPC008,PRC0068,ORG014,USR007,2025-10-17 08:55:25,2025-10-18 04:55:25,Synthetic evaluation request for Pulmonology,Z71.4,Routine,Ready for Outreach,Ready for Outreach,2025-10-21 08:55:25,2025-10-24 08:55:25,2025-10-21 08:55:25,,,,,,,,2025-10-18 04:55:25,2025-10-21 08:55:25
REF001682,EHR-REF0001682,NorthStar EHR,PAT000996,COV000996,PRC0004,ORG004,LOC004,SPC005,PRC0075,ORG021,,2026-04-20 22:24:05,2026-04-21 13:24:05,Synthetic evaluation request for Neurology,Z76.6,Routine,Closed—Completed,,2026-05-01 14:24:05,,2026-04-22 05:24:05,2026-04-23 07:24:05,2026-04-25 02:24:05,2026-05-20 02:24:05,2026-05-28 02:24:05,2026-05-29 02:24:05,Completed,,2026-04-21 13:24:05,2026-05-29 02:24:05
REF001683,EHR-REF0001683,NorthStar EHR,PAT001439,COV001439,PRC0023,ORG005,LOC005,SPC002,PRC0107,ORG028,USR003,2025-09-25 02:33:57,2025-09-25 14:33:57,Synthetic evaluation request for Dermatology,Z64.7,Urgent,Completed—Report Pending,Report Pending,2025-10-06 11:33:57,2025-10-07 11:33:57,2025-09-29 02:33:57,2025-09-29 03:33:57,2025-09-29 11:33:57,2025-10-23 11:33:57,,,,,2025-09-25 14:33:57,2025-10-06 11:33:57
REF001684,EHR-REF0001684,NorthStar EHR,PAT000166,COV000166,PRC0023,ORG005,LOC005,SPC001,PRC0046,ORG017,,2026-02-17 19:08:17,2026-02-18 11:08:17,Synthetic evaluation request for Cardiology,Z46.5,Urgent,Closed—Completed,,2026-03-01 18:08:17,,2026-02-20 18:08:17,2026-02-23 03:08:17,2026-02-23 20:08:17,2026-03-01 20:08:17,2026-03-02 20:08:17,2026-03-04 11:08:17,Completed,,2026-02-18 11:08:17,2026-03-04 11:08:17
REF001685,EHR-REF0001685,NorthStar EHR,PAT000405,COV000405,PRC0025,ORG001,LOC001,SPC006,PRC0051,ORG022,USR014,2026-07-11 15:38:18,2026-07-12 09:38:18,Synthetic evaluation request for Orthopedics,Z43.8,Urgent,Scheduled,Appointment Verification,2026-07-20 19:38:18,2026-07-21 19:38:18,2026-07-13 04:38:18,2026-07-17 04:38:18,2026-07-17 12:38:18,,,,,,2026-07-12 09:38:18,2026-07-20 19:38:18
REF001686,EHR-REF0001686,NorthStar EHR,PAT001696,COV001696,PRC0015,ORG003,LOC003,SPC002,PRC0107,ORG028,USR010,2025-09-30 16:56:21,2025-09-30 19:56:21,Synthetic evaluation request for Dermatology,Z80.6,Routine,Completed—Report Pending,Report Pending,2025-10-10 12:56:21,2025-10-13 12:56:21,2025-10-04 13:56:21,2025-10-02 23:56:21,2025-10-03 22:56:21,2025-10-19 22:56:21,,,,,2025-09-30 19:56:21,2025-10-10 12:56:21
REF001687,EHR-REF0001687,NorthStar EHR,PAT000640,COV000640,PRC0003,ORG003,LOC003,SPC002,PRC0082,ORG028,,2025-12-01 16:30:45,2025-12-01 20:30:45,Synthetic evaluation request for Dermatology,Z54.3,Routine,Closed—Completed,,2025-12-11 10:30:45,,2025-12-02 12:30:45,2025-12-04 01:30:45,2025-12-05 10:30:45,2025-12-26 10:30:45,2026-01-04 10:30:45,2026-01-05 19:30:45,Completed,,2025-12-01 20:30:45,2026-01-05 19:30:45
REF001688,EHR-REF0001688,NorthStar EHR,PAT000474,COV000474,PRC0033,ORG003,LOC003,SPC007,PRC0042,ORG013,,2025-08-17 18:03:28,2025-08-18 17:03:28,Synthetic evaluation request for Otolaryngology,Z43.9,Routine,Closed—Completed,,2025-08-31 09:03:28,,2025-08-19 03:03:28,2025-08-22 13:03:28,2025-08-24 06:03:28,2025-09-07 06:03:28,2025-09-16 06:03:28,2025-09-16 20:03:28,Completed,,2025-08-18 17:03:28,2025-09-16 20:03:28
REF001689,EHR-REF0001689,NorthStar EHR,PAT000308,COV000308,PRC0025,ORG001,LOC001,SPC010,PRC0105,ORG026,,2025-11-02 16:13:21,2025-11-03 04:13:21,Synthetic evaluation request for General Surgery,Z11.6,Routine,Closed—Completed,,2025-11-11 06:13:21,,2025-11-03 20:13:21,2025-11-06 08:13:21,2025-11-07 19:13:21,2025-12-03 19:13:21,2025-12-08 19:13:21,2025-12-10 11:13:21,Completed,,2025-11-03 04:13:21,2025-12-10 11:13:21
REF001690,EHR-REF0001690,NorthStar EHR,PAT001659,COV001659,PRC0026,ORG002,LOC002,SPC002,PRC0087,ORG008,USR009,2026-03-08 16:45:15,2026-03-08 23:45:15,Synthetic evaluation request for Dermatology,Z45.5,Routine,Scheduled,Appointment Verification,2026-03-13 03:45:15,2026-03-16 03:45:15,2026-03-09 06:45:15,2026-03-10 07:45:15,2026-03-10 21:45:15,,,,,,2026-03-08 23:45:15,2026-03-13 03:45:15
REF001691,EHR-REF0001691,NorthStar EHR,PAT001820,COV001820,PRC0015,ORG003,LOC003,SPC006,PRC0066,ORG012,USR009,2026-01-16 03:44:34,2026-01-17 02:44:34,Synthetic evaluation request for Orthopedics,Z48.3,Routine,Completed—Report Pending,Report Pending,2026-01-20 22:44:34,2026-01-23 22:44:34,2026-01-17 12:44:34,2026-01-20 17:44:34,2026-01-22 09:44:34,2026-01-29 09:44:34,,,,,2026-01-17 02:44:34,2026-01-20 22:44:34
REF001692,EHR-REF0001692,NorthStar EHR,PAT001189,COV001189,PRC0014,ORG002,LOC002,SPC003,PRC0063,ORG009,,2025-09-10 21:57:47,2025-09-11 00:57:47,Synthetic evaluation request for Endocrinology,Z12.2,Routine,Closed—Completed,,2025-09-14 15:57:47,,2025-09-11 07:57:47,2025-09-14 14:57:47,2025-09-16 05:57:47,2025-10-10 05:57:47,2025-10-11 05:57:47,2025-10-12 15:57:47,Completed,,2025-09-11 00:57:47,2025-10-12 15:57:47
REF001693,EHR-REF0001693,NorthStar EHR,PAT001259,COV001259,PRC0001,ORG001,LOC001,SPC010,PRC0105,ORG026,USR002,2025-12-02 12:17:30,2025-12-02 12:17:30,Synthetic evaluation request for General Surgery,Z78.9,Routine,Completed—Report Pending,Report Pending,2025-12-15 16:17:30,2025-12-18 16:17:30,2025-12-04 23:17:30,2025-12-06 17:17:30,2025-12-07 13:17:30,2025-12-30 13:17:30,,,,,2025-12-02 12:17:30,2025-12-15 16:17:30
REF001694,EHR-REF0001694,NorthStar EHR,PAT001763,COV001763,PRC0020,ORG002,LOC002,SPC009,PRC0079,ORG025,USR012,2025-09-12 02:18:16,2025-09-13 02:18:16,Synthetic evaluation request for Rheumatology,Z80.9,Routine,Scheduled,Appointment Verification,2025-09-20 18:18:16,2025-09-23 18:18:16,2025-09-16 16:18:16,2025-09-14 09:18:16,2025-09-16 03:18:16,,,,,,2025-09-13 02:18:16,2025-09-20 18:18:16
REF001695,EHR-REF0001695,NorthStar EHR,PAT000708,COV000708,PRC0029,ORG005,LOC005,SPC004,PRC0109,ORG030,,2025-09-03 09:40:47,2025-09-03 23:40:47,Synthetic evaluation request for Gastroenterology,Z14.6,Routine,Closed—Completed,,2025-09-15 23:40:47,,2025-09-05 23:40:47,2025-09-07 02:40:47,2025-09-08 13:40:47,2025-10-10 13:40:47,2025-10-15 13:40:47,2025-10-16 14:40:47,Completed,,2025-09-03 23:40:47,2025-10-16 14:40:47
REF001696,EHR-REF0001696,NorthStar EHR,PAT001339,COV001339,PRC0012,ORG006,LOC006,SPC002,PRC0097,ORG018,,2026-01-03 18:46:28,2026-01-04 18:46:28,Synthetic evaluation request for Dermatology,Z51.0,Routine,Closed—Not Completed,,2026-01-08 03:46:28,,2026-01-06 09:46:28,2026-01-09 18:46:28,,,,2026-01-08 03:46:28,Not Completed,Patient Moved,2026-01-04 18:46:28,2026-01-08 03:46:28
REF001697,EHR-REF0001697,NorthStar EHR,PAT000093,COV000093,PRC0031,ORG001,LOC001,SPC010,PRC0080,ORG026,USR012,2026-01-30 14:42:03,2026-01-31 12:42:03,Synthetic evaluation request for General Surgery,Z53.3,Routine,Needs Information,Needs Information,2026-02-03 11:42:03,2026-02-06 11:42:03,,,,,,,,,2026-01-31 12:42:03,2026-02-03 11:42:03
REF001698,EHR-REF0001698,NorthStar EHR,PAT000055,COV000055,PRC0016,ORG004,LOC004,SPC010,PRC0080,ORG026,USR005,2025-08-23 12:24:38,2025-08-24 12:24:38,Synthetic evaluation request for General Surgery,Z44.6,Routine,Ready for Outreach,Ready for Outreach,2025-08-26 21:24:38,2025-08-29 21:24:38,2025-08-26 21:24:38,,,,,,,,2025-08-24 12:24:38,2025-08-26 21:24:38
REF001699,EHR-REF0001699,NorthStar EHR,PAT000831,COV000831,PRC0032,ORG002,LOC002,SPC001,PRC0056,ORG027,,2025-09-30 02:51:56,2025-09-30 16:51:56,Synthetic evaluation request for Cardiology,Z87.8,Routine,Closed—Completed,,2025-10-12 22:51:56,,2025-10-04 06:51:56,2025-10-05 11:51:56,2025-10-06 18:51:56,2025-11-07 18:51:56,2025-11-17 18:51:56,2025-11-19 04:51:56,Completed,,2025-09-30 16:51:56,2025-11-19 04:51:56
REF001700,EHR-REF0001700,NorthStar EHR,PAT001646,COV001646,PRC0007,ORG001,LOC001,SPC010,PRC0080,ORG026,,2026-04-08 20:36:29,2026-04-09 09:36:29,Synthetic evaluation request for General Surgery,Z18.5,Routine,Closed—Not Completed,,2026-04-13 02:36:29,,2026-04-11 12:36:29,2026-04-13 17:36:29,,,,2026-04-13 02:36:29,Not Completed,Patient Declined,2026-04-09 09:36:29,2026-04-13 02:36:29
REF001701,EHR-REF0001701,NorthStar EHR,PAT000899,COV000899,PRC0005,ORG005,LOC005,SPC002,PRC0097,ORG018,,2025-10-21 01:45:01,2025-10-21 12:45:01,Synthetic evaluation request for Dermatology,Z85.0,Urgent,Closed—Completed,,2025-11-03 18:45:01,,2025-10-22 14:45:01,2025-10-26 10:45:01,2025-10-27 19:45:01,2025-11-02 19:45:01,2025-11-10 19:45:01,2025-11-11 19:45:01,Completed,,2025-10-21 12:45:01,2025-11-11 19:45:01
REF001702,EHR-REF0001702,NorthStar EHR,PAT001270,COV001270,PRC0027,ORG003,LOC003,SPC002,PRC0057,ORG028,,2025-08-26 11:03:13,2025-08-26 16:03:13,Synthetic evaluation request for Dermatology,Z52.6,Routine,Closed—Completed,,2025-09-09 07:03:13,,2025-08-30 07:03:13,2025-08-28 14:03:13,2025-08-30 02:03:13,2025-09-25 02:03:13,2025-10-01 02:03:13,2025-10-02 00:03:13,Completed,,2025-08-26 16:03:13,2025-10-02 00:03:13
REF001703,EHR-REF0001703,NorthStar EHR,PAT001323,COV001323,PRC0028,ORG004,LOC004,SPC001,PRC0086,ORG007,,2025-12-04 08:36:47,2025-12-04 22:36:47,Synthetic evaluation request for Cardiology,Z55.8,Routine,Closed—Not Completed,,2025-12-09 07:36:47,,2025-12-06 10:36:47,2025-12-06 15:36:47,,,,2025-12-09 07:36:47,Not Completed,Unable to Contact After Protocol,2025-12-04 22:36:47,2025-12-09 07:36:47
REF001704,EHR-REF0001704,NorthStar EHR,PAT000076,COV000076,PRC0024,ORG006,LOC006,SPC004,PRC0049,ORG020,USR009,2025-10-21 20:57:47,2025-10-22 15:57:47,Synthetic evaluation request for Gastroenterology,Z22.5,Urgent,Scheduled,Appointment Verification,2025-10-27 04:57:47,2025-10-28 04:57:47,2025-10-24 17:57:47,2025-10-26 01:57:47,2025-10-26 15:57:47,,,,,,2025-10-22 15:57:47,2025-10-27 04:57:47
REF001705,EHR-REF0001705,NorthStar EHR,PAT000640,COV000640,PRC0021,ORG003,LOC003,SPC010,PRC0095,ORG016,USR001,2025-11-20 08:02:41,2025-11-21 07:02:41,Synthetic evaluation request for General Surgery,Z76.4,Routine,Scheduled,Appointment Verification,2025-11-26 21:02:41,2025-11-29 21:02:41,2025-11-22 04:02:41,2025-11-21 20:02:41,2025-11-22 02:02:41,,,,,,2025-11-21 07:02:41,2025-11-26 21:02:41
REF001706,EHR-REF0001706,NorthStar EHR,PAT000535,COV000535,PRC0031,ORG001,LOC001,SPC002,PRC0062,ORG008,,2025-12-15 06:49:10,2025-12-15 23:49:10,Synthetic evaluation request for Dermatology,Z88.7,Routine,Closed—Completed,,2025-12-26 01:49:10,,2025-12-17 08:49:10,2025-12-17 12:49:10,2025-12-18 18:49:10,2026-01-14 18:49:10,2026-01-23 18:49:10,2026-01-24 22:49:10,Completed,,2025-12-15 23:49:10,2026-01-24 22:49:10
REF001707,EHR-REF0001707,NorthStar EHR,PAT000543,COV000543,PRC0034,ORG004,LOC004,SPC006,PRC0041,ORG012,,2026-02-18 01:46:06,2026-02-19 01:46:06,Synthetic evaluation request for Orthopedics,Z79.6,Routine,Closed—Completed,,2026-02-26 23:46:06,,2026-02-20 01:46:06,2026-02-22 23:46:06,2026-02-23 13:46:06,2026-03-18 13:46:06,2026-03-19 13:46:06,2026-03-20 11:46:06,Completed,,2026-02-19 01:46:06,2026-03-20 11:46:06
REF001708,EHR-REF0001708,NorthStar EHR,PAT000439,COV000439,PRC0007,ORG001,LOC001,SPC009,PRC0104,ORG025,,2025-10-02 01:48:32,2025-10-02 02:48:32,Synthetic evaluation request for Rheumatology,Z27.0,Urgent,Closed—Completed,,2025-10-12 12:48:32,,2025-10-02 18:48:32,2025-10-03 21:48:32,2025-10-05 15:48:32,2025-10-20 15:48:32,2025-10-26 15:48:32,2025-10-28 05:48:32,Completed,,2025-10-02 02:48:32,2025-10-28 05:48:32
REF001709,EHR-REF0001709,NorthStar EHR,PAT000456,COV000456,PRC0027,ORG003,LOC003,SPC004,PRC0059,ORG030,USR003,2026-03-11 17:14:42,2026-03-12 09:14:42,Synthetic evaluation request for Gastroenterology,Z74.3,Routine,Scheduled,Appointment Verification,2026-03-19 05:14:42,2026-03-22 05:14:42,2026-03-14 20:14:42,2026-03-12 20:14:42,2026-03-14 05:14:42,,,,,,2026-03-12 09:14:42,2026-03-19 05:14:42
REF001710,EHR-REF0001710,NorthStar EHR,PAT000240,COV000240,PRC0016,ORG004,LOC004,SPC005,PRC0040,ORG011,USR009,2025-09-12 09:36:23,2025-09-12 21:36:23,Synthetic evaluation request for Neurology,Z20.8,Routine,Ready for Outreach,Ready for Outreach,2025-09-15 10:36:23,2025-09-18 10:36:23,2025-09-15 10:36:23,,,,,,,,2025-09-12 21:36:23,2025-09-15 10:36:23
REF001711,EHR-REF0001711,NorthStar EHR,PAT000591,COV000591,PRC0031,ORG001,LOC001,SPC007,PRC0067,ORG013,USR001,2026-07-15 08:50:53,2026-07-15 16:50:53,Synthetic evaluation request for Otolaryngology,Z10.0,Routine,Scheduled,Appointment Verification,2026-07-22 12:50:53,2026-07-25 12:50:53,2026-07-18 18:50:53,2026-07-16 00:50:53,2026-07-17 10:50:53,,,,,,2026-07-15 16:50:53,2026-07-22 12:50:53
REF001712,EHR-REF0001712,NorthStar EHR,PAT001073,COV001073,PRC0018,ORG006,LOC006,SPC008,PRC0078,ORG024,,2025-10-12 13:25:31,2025-10-13 03:25:31,Synthetic evaluation request for Pulmonology,Z50.4,Routine,Cancelled,,2025-10-13 07:25:31,,2025-10-13 07:25:31,,,,,2025-10-13 07:25:31,Cancelled,Duplicate Referral,2025-10-13 03:25:31,2025-10-13 07:25:31
REF001713,EHR-REF0001713,NorthStar EHR,PAT000677,COV000677,PRC0008,ORG002,LOC002,SPC006,PRC0041,ORG012,,2025-09-05 18:09:13,2025-09-06 04:09:13,Synthetic evaluation request for Orthopedics,Z80.4,Routine,Closed—Completed,,2025-09-15 18:09:13,,2025-09-08 01:09:13,2025-09-11 03:09:13,2025-09-11 20:09:13,2025-09-19 20:09:13,2025-09-26 20:09:13,2025-09-28 11:09:13,Completed,,2025-09-06 04:09:13,2025-09-28 11:09:13
REF001714,EHR-REF0001714,NorthStar EHR,PAT000616,COV000616,PRC0011,ORG005,LOC005,SPC008,PRC0053,ORG024,,2025-12-02 13:34:57,2025-12-02 15:34:57,Synthetic evaluation request for Pulmonology,Z59.7,Urgent,Closed—Completed,,2025-12-11 13:34:57,,2025-12-03 00:34:57,2025-12-04 20:34:57,2025-12-05 05:34:57,2025-12-08 05:34:57,2025-12-17 05:34:57,2025-12-18 04:34:57,Completed,,2025-12-02 15:34:57,2025-12-18 04:34:57
REF001715,EHR-REF0001715,NorthStar EHR,PAT000758,COV000758,PRC0011,ORG005,LOC005,SPC010,PRC0080,ORG026,,2025-12-21 23:08:44,2025-12-22 09:08:44,Synthetic evaluation request for General Surgery,Z79.3,Routine,Closed—Completed,,2026-01-07 01:08:44,,2025-12-25 13:08:44,2025-12-27 00:08:44,2025-12-29 00:08:44,2026-01-09 00:08:44,2026-01-13 00:08:44,2026-01-14 02:08:44,Completed,,2025-12-22 09:08:44,2026-01-14 02:08:44
REF001716,EHR-REF0001716,NorthStar EHR,PAT000413,COV000413,PRC0032,ORG002,LOC002,SPC005,PRC0110,ORG031,,2026-06-03 11:25:32,2026-06-04 05:25:32,Synthetic evaluation request for Neurology,Z68.5,Urgent,Closed—Completed,,2026-06-14 19:25:32,,2026-06-07 04:25:32,2026-06-06 09:25:32,2026-06-07 14:25:32,2026-06-26 14:25:32,2026-07-01 14:25:32,2026-07-02 16:25:32,Completed,,2026-06-04 05:25:32,2026-07-02 16:25:32
REF001717,EHR-REF0001717,NorthStar EHR,PAT000080,COV000080,PRC0002,ORG002,LOC002,SPC003,PRC0108,ORG029,USR006,2025-08-20 23:19:53,2025-08-21 12:19:53,Synthetic evaluation request for Endocrinology,Z45.6,Urgent,Outreach in Progress,Outreach Follow-Up,2025-08-28 19:19:53,2025-08-29 19:19:53,2025-08-25 12:19:53,2025-08-23 12:19:53,,,,,,,2025-08-21 12:19:53,2025-08-28 19:19:53
REF001718,EHR-REF0001718,NorthStar EHR,PAT000890,COV000890,PRC0022,ORG004,LOC004,SPC004,PRC0074,ORG020,,2026-06-11 07:23:59,2026-06-11 23:23:59,Synthetic evaluation request for Gastroenterology,Z41.8,Routine,Closed—Completed,,2026-06-26 10:23:59,,2026-06-13 13:23:59,2026-06-14 16:23:59,2026-06-15 05:23:59,2026-07-07 05:23:59,2026-07-14 05:23:59,2026-07-15 00:23:59,Completed,,2026-06-11 23:23:59,2026-07-15 00:23:59
REF001719,EHR-REF0001719,NorthStar EHR,PAT000477,COV000477,PRC0008,ORG002,LOC002,SPC001,PRC0056,ORG027,USR002,2025-09-16 08:52:29,2025-09-16 17:52:29,Synthetic evaluation request for Cardiology,Z87.0,Routine,Outreach in Progress,Outreach Follow-Up,2025-09-20 05:52:29,2025-09-23 05:52:29,2025-09-17 16:52:29,2025-09-21 14:52:29,,,,,,,2025-09-16 17:52:29,2025-09-20 05:52:29
REF001720,EHR-REF0001720,NorthStar EHR,PAT000450,COV000450,PRC0014,ORG002,LOC002,SPC002,PRC0047,ORG018,,2026-05-20 12:17:24,2026-05-20 14:17:24,Synthetic evaluation request for Dermatology,Z23.8,Routine,Closed—Completed,,2026-05-28 09:17:24,,2026-05-21 18:17:24,2026-05-25 12:17:24,2026-05-26 01:17:24,2026-06-29 01:17:24,2026-07-04 01:17:24,2026-07-05 05:17:24,Completed,,2026-05-20 14:17:24,2026-07-05 05:17:24
REF001721,EHR-REF0001721,NorthStar EHR,PAT001149,COV001149,PRC0035,ORG005,LOC005,SPC001,PRC0046,ORG017,,2026-05-21 01:56:06,2026-05-21 20:56:06,Synthetic evaluation request for Cardiology,Z28.9,Routine,Cancelled,,2026-05-22 06:56:06,,2026-05-22 06:56:06,,,,,2026-05-22 06:56:06,Cancelled,No Longer Clinically Indicated,2026-05-21 20:56:06,2026-05-22 06:56:06
REF001722,EHR-REF0001722,NorthStar EHR,PAT001291,COV001291,PRC0002,ORG002,LOC002,SPC001,PRC0081,ORG027,USR012,2025-10-24 12:39:27,2025-10-24 22:39:27,Synthetic evaluation request for Cardiology,Z70.5,Routine,Outreach in Progress,Outreach Follow-Up,2025-11-01 06:39:27,2025-11-04 06:39:27,2025-10-28 12:39:27,2025-10-28 02:39:27,,,,,,,2025-10-24 22:39:27,2025-11-01 06:39:27
REF001723,EHR-REF0001723,NorthStar EHR,PAT000500,COV000500,PRC0014,ORG002,LOC002,SPC010,PRC0070,ORG016,,2026-03-27 16:26:11,2026-03-28 09:26:11,Synthetic evaluation request for General Surgery,Z26.6,Routine,Closed—Completed,,2026-04-01 23:26:11,,2026-03-30 08:26:11,2026-04-02 02:26:11,2026-04-02 15:26:11,2026-04-10 15:26:11,2026-04-14 15:26:11,2026-04-15 06:26:11,Completed,,2026-03-28 09:26:11,2026-04-15 06:26:11
REF001724,EHR-REF0001724,NorthStar EHR,PAT001727,COV001727,PRC0009,ORG003,LOC003,SPC001,PRC0081,ORG027,,2025-10-03 13:21:54,2025-10-03 23:21:54,Synthetic evaluation request for Cardiology,Z36.7,Routine,Closed—Completed,,2025-10-13 15:21:54,,2025-10-07 09:21:54,2025-10-08 02:21:54,2025-10-08 12:21:54,2025-10-19 12:21:54,2025-10-23 12:21:54,2025-10-24 17:21:54,Completed,,2025-10-03 23:21:54,2025-10-24 17:21:54
REF001725,EHR-REF0001725,NorthStar EHR,PAT001991,COV001991,PRC0034,ORG004,LOC004,SPC001,PRC0046,ORG017,,2026-05-25 05:03:29,2026-05-25 07:03:29,Synthetic evaluation request for Cardiology,Z19.9,Routine,Closed—Completed,,2026-06-07 16:03:29,,2026-05-27 09:03:29,2026-05-29 10:03:29,2026-05-31 06:03:29,2026-06-25 06:03:29,2026-06-28 06:03:29,2026-06-28 21:03:29,Completed,,2026-05-25 07:03:29,2026-06-28 21:03:29
REF001726,EHR-REF0001726,NorthStar EHR,PAT001037,COV001037,PRC0011,ORG005,LOC005,SPC007,PRC0067,ORG013,,2025-11-29 21:37:55,2025-11-30 05:37:55,Synthetic evaluation request for Otolaryngology,Z11.6,Routine,Closed—Completed,,2025-12-08 12:37:55,,2025-12-01 01:37:55,2025-12-03 00:37:55,2025-12-04 21:37:55,2025-12-21 21:37:55,2025-12-25 21:37:55,2025-12-26 22:37:55,Completed,,2025-11-30 05:37:55,2025-12-26 22:37:55
REF001727,EHR-REF0001727,NorthStar EHR,PAT000843,COV000843,PRC0033,ORG003,LOC003,SPC003,PRC0098,ORG019,USR004,2026-04-22 09:04:36,2026-04-23 06:04:36,Synthetic evaluation request for Endocrinology,Z89.2,Routine,Outreach in Progress,Outreach Follow-Up,2026-04-29 18:04:36,2026-05-02 18:04:36,2026-04-26 13:04:36,2026-04-26 18:04:36,,,,,,,2026-04-23 06:04:36,2026-04-29 18:04:36
REF001728,EHR-REF0001728,NorthStar EHR,PAT001363,COV001363,PRC0014,ORG002,LOC002,SPC005,PRC0040,ORG011,,2025-10-27 22:18:06,2025-10-28 22:18:06,Synthetic evaluation request for Neurology,Z40.7,Routine,Closed—Completed,,2025-11-07 14:18:06,,2025-10-30 17:18:06,2025-11-02 05:18:06,2025-11-02 07:18:06,2025-11-20 07:18:06,2025-11-30 07:18:06,2025-12-01 00:18:06,Completed,,2025-10-28 22:18:06,2025-12-01 00:18:06
REF001729,EHR-REF0001729,NorthStar EHR,PAT001545,COV001545,PRC0014,ORG002,LOC002,SPC002,PRC0097,ORG018,,2025-12-08 14:21:29,2025-12-09 07:21:29,Synthetic evaluation request for Dermatology,Z45.1,Routine,Closed—Not Completed,,2025-12-15 02:21:29,,2025-12-10 19:21:29,2025-12-10 11:21:29,,,,2025-12-15 02:21:29,Not Completed,Duplicate Referral,2025-12-09 07:21:29,2025-12-15 02:21:29
REF001730,EHR-REF0001730,NorthStar EHR,PAT000698,COV000698,PRC0003,ORG003,LOC003,SPC007,PRC0077,ORG023,USR011,2025-10-05 03:27:32,2025-10-05 13:27:32,Synthetic evaluation request for Otolaryngology,Z88.3,Routine,Needs Information,Needs Information,2025-10-08 19:27:32,2025-10-11 19:27:32,,,,,,,,,2025-10-05 13:27:32,2025-10-08 19:27:32
REF001731,EHR-REF0001731,NorthStar EHR,PAT000773,COV000773,PRC0019,ORG001,LOC001,SPC001,PRC0061,ORG007,,2026-03-20 20:53:36,2026-03-21 17:53:36,Synthetic evaluation request for Cardiology,Z51.1,Routine,Closed—Completed,,2026-03-29 17:53:36,,2026-03-23 10:53:36,2026-03-25 08:53:36,2026-03-26 00:53:36,2026-04-30 00:53:36,2026-05-09 00:53:36,2026-05-09 22:53:36,Completed,,2026-03-21 17:53:36,2026-05-09 22:53:36
REF001732,EHR-REF0001732,NorthStar EHR,PAT000231,COV000231,PRC0031,ORG001,LOC001,SPC005,PRC0060,ORG031,USR008,2025-10-06 17:51:49,2025-10-07 05:51:49,Synthetic evaluation request for Neurology,Z39.3,Routine,Completed—Report Pending,Report Pending,2025-10-15 09:51:49,2025-10-18 09:51:49,2025-10-08 07:51:49,2025-10-10 17:51:49,2025-10-11 16:51:49,2025-10-17 16:51:49,,,,,2025-10-07 05:51:49,2025-10-15 09:51:49
REF001733,EHR-REF0001733,NorthStar EHR,PAT000933,COV000933,PRC0017,ORG005,LOC005,SPC009,PRC0054,ORG025,,2026-06-10 09:42:01,2026-06-11 02:42:01,Synthetic evaluation request for Rheumatology,Z71.0,Urgent,Cancelled,,2026-06-12 15:42:01,,2026-06-12 15:42:01,,,,,2026-06-12 15:42:01,Cancelled,No Longer Clinically Indicated,2026-06-11 02:42:01,2026-06-12 15:42:01
REF001734,EHR-REF0001734,NorthStar EHR,PAT000544,COV000544,PRC0033,ORG003,LOC003,SPC003,PRC0073,ORG019,,2025-11-18 16:23:51,2025-11-19 00:23:51,Synthetic evaluation request for Endocrinology,Z70.6,Routine,Cancelled,,2025-11-22 06:23:51,,2025-11-22 06:23:51,,,,,2025-11-22 06:23:51,Cancelled,Duplicate Referral,2025-11-19 00:23:51,2025-11-22 06:23:51
REF001735,EHR-REF0001735,NorthStar EHR,PAT001983,COV001983,PRC0013,ORG001,LOC001,SPC002,PRC0037,ORG008,USR013,2025-08-05 02:55:11,2025-08-05 14:55:11,Synthetic evaluation request for Dermatology,Z76.6,Routine,Completed—Report Pending,Report Pending,2025-08-16 11:55:11,2025-08-19 11:55:11,2025-08-08 18:55:11,2025-08-09 12:55:11,2025-08-11 10:55:11,2025-08-24 10:55:11,,,,,2025-08-05 14:55:11,2025-08-16 11:55:11
REF001736,EHR-REF0001736,NorthStar EHR,PAT000010,COV000010,PRC0012,ORG006,LOC006,SPC003,PRC0048,ORG019,USR011,2026-05-14 06:19:32,2026-05-14 15:19:32,Synthetic evaluation request for Endocrinology,Z30.4,Routine,Needs Information,Needs Information,2026-05-16 13:19:32,2026-05-19 13:19:32,,,,,,,,,2026-05-14 15:19:32,2026-05-16 13:19:32
REF001737,EHR-REF0001737,NorthStar EHR,PAT001303,COV001303,PRC0021,ORG003,LOC003,SPC009,PRC0104,ORG025,,2025-11-12 03:27:13,2025-11-12 12:27:13,Synthetic evaluation request for Rheumatology,Z78.8,Routine,Closed—Not Completed,,2025-11-18 13:27:13,,2025-11-15 10:27:13,2025-11-15 08:27:13,,,,2025-11-18 13:27:13,Not Completed,Duplicate Referral,2025-11-12 12:27:13,2025-11-18 13:27:13
REF001738,EHR-REF0001738,NorthStar EHR,PAT000930,COV000930,PRC0004,ORG004,LOC004,SPC004,PRC0099,ORG020,,2026-04-12 17:44:03,2026-04-13 12:44:03,Synthetic evaluation request for Gastroenterology,Z55.5,Routine,Closed—Completed,,2026-04-27 19:44:03,,2026-04-17 11:44:03,2026-04-16 03:44:03,2026-04-17 03:44:03,2026-05-13 03:44:03,2026-05-16 03:44:03,2026-05-17 10:44:03,Completed,,2026-04-13 12:44:03,2026-05-17 10:44:03
REF001739,EHR-REF0001739,NorthStar EHR,PAT001048,COV001048,PRC0017,ORG005,LOC005,SPC003,PRC0083,ORG029,USR007,2025-11-06 17:48:40,2025-11-06 18:48:40,Synthetic evaluation request for Endocrinology,Z41.6,Routine,Scheduled,Appointment Verification,2025-11-11 22:48:40,2025-11-14 22:48:40,2025-11-07 12:48:40,2025-11-10 09:48:40,2025-11-11 20:48:40,,,,,,2025-11-06 18:48:40,2025-11-11 22:48:40
REF001740,EHR-REF0001740,NorthStar EHR,PAT001153,COV001153,PRC0009,ORG003,LOC003,SPC010,PRC0095,ORG016,USR005,2025-11-02 14:26:40,2025-11-03 13:26:40,Synthetic evaluation request for General Surgery,Z21.2,Routine,Completed—Report Pending,Report Pending,2025-11-16 00:26:40,2025-11-19 00:26:40,2025-11-04 18:26:40,2025-11-04 18:26:40,2025-11-05 04:26:40,2025-11-11 04:26:40,,,,,2025-11-03 13:26:40,2025-11-16 00:26:40
REF001741,EHR-REF0001741,NorthStar EHR,PAT000048,COV000048,PRC0006,ORG006,LOC006,SPC002,PRC0082,ORG028,,2025-11-11 16:57:06,2025-11-12 02:57:06,Synthetic evaluation request for Dermatology,Z76.2,Routine,Closed—Completed,,2025-11-25 06:57:06,,2025-11-15 10:57:06,2025-11-14 18:57:06,2025-11-16 12:57:06,2025-12-04 12:57:06,2025-12-14 12:57:06,2025-12-15 14:57:06,Completed,,2025-11-12 02:57:06,2025-12-15 14:57:06
REF001742,EHR-REF0001742,NorthStar EHR,PAT000910,COV000910,PRC0031,ORG001,LOC001,SPC002,PRC0082,ORG028,USR005,2026-07-05 12:16:10,2026-07-05 21:16:10,Synthetic evaluation request for Dermatology,Z35.7,Urgent,Scheduled,Appointment Verification,2026-07-10 14:16:10,2026-07-11 14:16:10,2026-07-07 13:16:10,2026-07-06 15:16:10,2026-07-07 18:16:10,,,,,,2026-07-05 21:16:10,2026-07-10 14:16:10
REF001743,EHR-REF0001743,NorthStar EHR,PAT000795,COV000795,PRC0025,ORG001,LOC001,SPC009,PRC0104,ORG025,USR011,2026-05-01 11:53:23,2026-05-02 09:53:23,Synthetic evaluation request for Rheumatology,Z10.5,Routine,Outreach in Progress,Outreach Follow-Up,2026-05-06 06:53:23,2026-05-09 06:53:23,2026-05-03 21:53:23,2026-05-05 10:53:23,,,,,,,2026-05-02 09:53:23,2026-05-06 06:53:23
REF001744,EHR-REF0001744,NorthStar EHR,PAT000273,COV000273,PRC0006,ORG006,LOC006,SPC003,PRC0083,ORG029,,2026-05-23 17:13:46,2026-05-23 19:13:46,Synthetic evaluation request for Endocrinology,Z37.9,Routine,Closed—Completed,,2026-06-04 17:13:46,,2026-05-27 09:13:46,2026-05-26 06:13:46,2026-05-27 02:13:46,2026-06-04 02:13:46,2026-06-09 02:13:46,2026-06-10 16:13:46,Completed,,2026-05-23 19:13:46,2026-06-10 16:13:46
REF001745,EHR-REF0001745,NorthStar EHR,PAT000705,COV000705,PRC0024,ORG006,LOC006,SPC010,PRC0055,ORG026,USR001,2026-01-28 22:07:58,2026-01-29 01:07:58,Synthetic evaluation request for General Surgery,Z40.6,Routine,Completed—Report Pending,Report Pending,2026-02-07 17:07:58,2026-02-10 17:07:58,2026-01-29 08:07:58,2026-01-31 11:07:58,2026-02-01 22:07:58,2026-02-08 22:07:58,,,,,2026-01-29 01:07:58,2026-02-07 17:07:58
REF001746,EHR-REF0001746,NorthStar EHR,PAT000738,COV000738,PRC0002,ORG002,LOC002,SPC005,PRC0100,ORG021,,2025-10-11 10:29:05,2025-10-12 03:29:05,Synthetic evaluation request for Neurology,Z10.6,Urgent,Closed—Completed,,2025-10-22 01:29:05,,2025-10-16 03:29:05,2025-10-14 21:29:05,2025-10-15 12:29:05,2025-11-13 12:29:05,2025-11-19 12:29:05,2025-11-21 03:29:05,Completed,,2025-10-12 03:29:05,2025-11-21 03:29:05
REF001747,EHR-REF0001747,NorthStar EHR,PAT001187,COV001187,PRC0034,ORG004,LOC004,SPC008,PRC0068,ORG014,,2025-10-16 19:57:41,2025-10-17 03:57:41,Synthetic evaluation request for Pulmonology,Z73.7,Routine,Closed—Completed,,2025-10-28 09:57:41,,2025-10-19 03:57:41,2025-10-18 07:57:41,2025-10-18 23:57:41,2025-11-05 23:57:41,2025-11-12 23:57:41,2025-11-13 21:57:41,Completed,,2025-10-17 03:57:41,2025-11-13 21:57:41
REF001748,EHR-REF0001748,NorthStar EHR,PAT000402,COV000402,PRC0010,ORG004,LOC004,SPC009,PRC0044,ORG015,,2025-09-14 08:54:13,2025-09-14 16:54:13,Synthetic evaluation request for Rheumatology,Z17.7,Routine,Cancelled,,2025-09-15 07:54:13,,2025-09-15 07:54:13,,,,,2025-09-15 07:54:13,Cancelled,Duplicate Referral,2025-09-14 16:54:13,2025-09-15 07:54:13
REF001749,EHR-REF0001749,NorthStar EHR,PAT001862,COV001862,PRC0004,ORG004,LOC004,SPC002,PRC0057,ORG028,,2025-08-28 09:51:01,2025-08-28 12:51:01,Synthetic evaluation request for Dermatology,Z26.9,Urgent,Closed—Completed,,2025-09-12 22:51:01,,2025-09-01 11:51:01,2025-08-29 10:51:01,2025-08-31 06:51:01,2025-09-28 06:51:01,2025-09-29 06:51:01,2025-09-30 13:51:01,Completed,,2025-08-28 12:51:01,2025-09-30 13:51:01
REF001750,EHR-REF0001750,NorthStar EHR,PAT001825,COV001825,PRC0020,ORG002,LOC002,SPC009,PRC0079,ORG025,,2026-06-30 01:09:55,2026-06-30 04:09:55,Synthetic evaluation request for Rheumatology,Z80.5,Routine,Closed—Completed,,2026-07-08 07:09:55,,2026-07-01 14:09:55,2026-07-05 02:09:55,2026-07-06 15:09:55,2026-07-24 15:09:55,2026-07-29 15:09:55,2026-07-30 12:09:55,Completed,,2026-06-30 04:09:55,2026-07-30 12:09:55
REF001751,EHR-REF0001751,NorthStar EHR,PAT000928,COV000928,PRC0032,ORG002,LOC002,SPC009,PRC0044,ORG015,USR008,2025-10-17 00:04:01,2025-10-17 14:04:01,Synthetic evaluation request for Rheumatology,Z60.7,Routine,Outreach in Progress,Outreach Follow-Up,2025-10-21 08:04:01,2025-10-24 08:04:01,2025-10-18 07:04:01,2025-10-19 11:04:01,,,,,,,2025-10-17 14:04:01,2025-10-21 08:04:01
REF001752,EHR-REF0001752,NorthStar EHR,PAT001576,COV001576,PRC0014,ORG002,LOC002,SPC008,PRC0093,ORG014,,2025-12-23 08:21:15,2025-12-24 08:21:15,Synthetic evaluation request for Pulmonology,Z10.9,Urgent,Closed—Not Completed,,2025-12-31 12:21:15,,2025-12-26 15:21:15,2025-12-25 23:21:15,,,,2025-12-31 12:21:15,Not Completed,Patient Chose Another Provider,2025-12-24 08:21:15,2025-12-31 12:21:15
REF001753,EHR-REF0001753,NorthStar EHR,PAT001766,COV001766,PRC0029,ORG005,LOC005,SPC004,PRC0099,ORG020,,2026-06-15 10:16:48,2026-06-15 12:16:48,Synthetic evaluation request for Gastroenterology,Z87.8,Urgent,Closed—Completed,,2026-06-26 20:16:48,,2026-06-19 05:16:48,2026-06-19 18:16:48,2026-06-21 11:16:48,2026-07-08 11:16:48,2026-07-09 11:16:48,2026-07-10 04:16:48,Completed,,2026-06-15 12:16:48,2026-07-10 04:16:48
REF001754,EHR-REF0001754,NorthStar EHR,PAT000877,COV000877,PRC0028,ORG004,LOC004,SPC009,PRC0054,ORG025,,2026-02-23 02:05:31,2026-02-23 21:05:31,Synthetic evaluation request for Rheumatology,Z33.1,Routine,Closed—Completed,,2026-03-04 08:05:31,,2026-02-24 20:05:31,2026-02-28 14:05:31,2026-02-28 18:05:31,2026-03-19 18:05:31,2026-03-28 18:05:31,2026-03-29 08:05:31,Completed,,2026-02-23 21:05:31,2026-03-29 08:05:31
REF001755,EHR-REF0001755,NorthStar EHR,PAT001490,COV001490,PRC0033,ORG003,LOC003,SPC003,PRC0088,ORG009,USR004,2025-12-31 22:40:20,2026-01-01 03:40:20,Synthetic evaluation request for Endocrinology,Z83.7,Routine,Received,New Intake,2026-01-01 03:40:20,2026-01-04 03:40:20,,,,,,,,,2026-01-01 03:40:20,2026-01-01 03:40:20
REF001756,EHR-REF0001756,NorthStar EHR,PAT000201,COV000201,PRC0001,ORG001,LOC001,SPC002,PRC0062,ORG008,USR008,2026-07-01 02:28:27,2026-07-01 05:28:27,Synthetic evaluation request for Dermatology,Z32.7,Routine,Scheduled,Appointment Verification,2026-07-05 11:28:27,2026-07-08 11:28:27,2026-07-02 21:28:27,2026-07-02 09:28:27,2026-07-03 19:28:27,,,,,,2026-07-01 05:28:27,2026-07-05 11:28:27
REF001757,EHR-REF0001757,NorthStar EHR,PAT001154,COV001154,PRC0030,ORG006,LOC006,SPC008,PRC0103,ORG024,USR012,2026-04-14 05:02:24,2026-04-14 19:02:24,Synthetic evaluation request for Pulmonology,Z23.0,Routine,Completed—Report Pending,Report Pending,2026-04-22 09:02:24,2026-04-25 09:02:24,2026-04-15 01:02:24,2026-04-18 02:02:24,2026-04-19 16:02:24,2026-04-25 16:02:24,,,,,2026-04-14 19:02:24,2026-04-22 09:02:24
REF001758,EHR-REF0001758,NorthStar EHR,PAT000851,COV000851,PRC0026,ORG002,LOC002,SPC007,PRC0067,ORG013,,2025-09-08 01:42:47,2025-09-09 01:42:47,Synthetic evaluation request for Otolaryngology,Z64.0,Routine,Closed—Completed,,2025-09-17 19:42:47,,2025-09-09 14:42:47,2025-09-11 20:42:47,2025-09-11 23:42:47,2025-09-14 23:42:47,2025-09-24 23:42:47,2025-09-25 10:42:47,Completed,,2025-09-09 01:42:47,2025-09-25 10:42:47
REF001759,EHR-REF0001759,NorthStar EHR,PAT000509,COV000509,PRC0002,ORG002,LOC002,SPC002,PRC0062,ORG008,,2025-10-02 17:34:35,2025-10-02 22:34:35,Synthetic evaluation request for Dermatology,Z40.7,Urgent,Closed—Completed,,2025-10-13 03:34:35,,2025-10-06 07:34:35,2025-10-03 13:34:35,2025-10-04 11:34:35,2025-10-29 11:34:35,2025-11-08 11:34:35,2025-11-09 15:34:35,Completed,,2025-10-02 22:34:35,2025-11-09 15:34:35
REF001760,EHR-REF0001760,NorthStar EHR,PAT000481,COV000481,PRC0024,ORG006,LOC006,SPC003,PRC0073,ORG019,,2025-10-23 10:26:16,2025-10-24 08:26:16,Synthetic evaluation request for Endocrinology,Z81.4,Routine,Closed—Completed,,2025-10-31 07:26:16,,2025-10-25 02:26:16,2025-10-26 02:26:16,2025-10-27 15:26:16,2025-10-31 15:26:16,2025-11-06 15:26:16,2025-11-07 23:26:16,Completed,,2025-10-24 08:26:16,2025-11-07 23:26:16
REF001761,EHR-REF0001761,NorthStar EHR,PAT000335,COV000335,PRC0004,ORG004,LOC004,SPC004,PRC0064,ORG010,USR001,2025-09-14 00:22:20,2025-09-14 21:22:20,Synthetic evaluation request for Gastroenterology,Z39.9,Routine,Needs Information,Needs Information,2025-09-18 20:22:20,2025-09-21 20:22:20,,,,,,,,,2025-09-14 21:22:20,2025-09-18 20:22:20
REF001762,EHR-REF0001762,NorthStar EHR,PAT001642,COV001642,PRC0022,ORG004,LOC004,SPC010,PRC0045,ORG016,USR013,2025-09-27 19:13:40,2025-09-28 16:13:40,Synthetic evaluation request for General Surgery,Z89.0,Routine,Completed—Report Pending,Report Pending,2025-10-03 12:13:40,2025-10-06 12:13:40,2025-09-29 01:13:40,2025-10-02 22:13:40,2025-10-03 23:13:40,2025-10-31 23:13:40,,,,,2025-09-28 16:13:40,2025-10-03 12:13:40
REF001763,EHR-REF0001763,NorthStar EHR,PAT001300,COV001300,PRC0012,ORG006,LOC006,SPC009,PRC0069,ORG015,,2026-07-05 16:56:43,2026-07-05 17:56:43,Synthetic evaluation request for Rheumatology,Z26.9,Routine,Closed—Completed,,2026-07-14 08:56:43,,2026-07-08 12:56:43,2026-07-09 20:56:43,2026-07-10 00:56:43,2026-07-28 00:56:43,2026-08-03 00:56:43,2026-08-04 11:56:43,Completed,,2026-07-05 17:56:43,2026-08-04 11:56:43
REF001764,EHR-REF0001764,NorthStar EHR,PAT001821,COV001821,PRC0022,ORG004,LOC004,SPC008,PRC0043,ORG014,,2025-09-12 04:50:13,2025-09-12 14:50:13,Synthetic evaluation request for Pulmonology,Z17.6,Routine,Closed—Not Completed,,2025-09-18 20:50:13,,2025-09-12 21:50:13,2025-09-15 09:50:13,,,,2025-09-18 20:50:13,Not Completed,Duplicate Referral,2025-09-12 14:50:13,2025-09-18 20:50:13
REF001765,EHR-REF0001765,NorthStar EHR,PAT001012,COV001012,PRC0035,ORG005,LOC005,SPC005,PRC0110,ORG031,,2026-05-12 21:37:10,2026-05-12 21:37:10,Synthetic evaluation request for Neurology,Z19.3,Routine,Closed—Completed,,2026-05-23 17:37:10,,2026-05-15 06:37:10,2026-05-13 10:37:10,2026-05-13 16:37:10,2026-05-20 16:37:10,2026-05-23 16:37:10,2026-05-24 22:37:10,Completed,,2026-05-12 21:37:10,2026-05-24 22:37:10
REF001766,EHR-REF0001766,NorthStar EHR,PAT001331,COV001331,PRC0022,ORG004,LOC004,SPC004,PRC0064,ORG010,,2026-05-18 04:28:18,2026-05-18 19:28:18,Synthetic evaluation request for Gastroenterology,Z80.4,Routine,Cancelled,,2026-05-19 06:28:18,,2026-05-19 06:28:18,,,,,2026-05-19 06:28:18,Cancelled,No Longer Clinically Indicated,2026-05-18 19:28:18,2026-05-19 06:28:18
REF001767,EHR-REF0001767,NorthStar EHR,PAT001110,COV001110,PRC0006,ORG006,LOC006,SPC009,PRC0054,ORG025,USR011,2025-10-20 22:42:13,2025-10-21 20:42:13,Synthetic evaluation request for Rheumatology,Z26.7,Routine,Completed—Report Pending,Report Pending,2025-11-03 03:42:13,2025-11-06 03:42:13,2025-10-24 01:42:13,2025-10-26 02:42:13,2025-10-26 05:42:13,2025-11-04 05:42:13,,,,,2025-10-21 20:42:13,2025-11-03 03:42:13
REF001768,EHR-REF0001768,NorthStar EHR,PAT000613,COV000613,PRC0024,ORG006,LOC006,SPC006,PRC0076,ORG022,USR012,2025-09-15 15:02:37,2025-09-16 08:02:37,Synthetic evaluation request for Orthopedics,Z49.2,Routine,Completed—Report Pending,Report Pending,2025-09-24 10:02:37,2025-09-27 10:02:37,2025-09-18 14:02:37,2025-09-21 08:02:37,2025-09-22 23:02:37,2025-10-25 23:02:37,,,,,2025-09-16 08:02:37,2025-09-24 10:02:37
REF001769,EHR-REF0001769,NorthStar EHR,PAT001773,COV001773,PRC0018,ORG006,LOC006,SPC003,PRC0088,ORG009,USR012,2026-04-22 13:41:22,2026-04-23 13:41:22,Synthetic evaluation request for Endocrinology,Z52.9,Routine,Completed—Report Pending,Report Pending,2026-05-01 20:41:22,2026-05-04 20:41:22,2026-04-24 08:41:22,2026-04-25 22:41:22,2026-04-27 13:41:22,2026-05-25 13:41:22,,,,,2026-04-23 13:41:22,2026-05-01 20:41:22
REF001770,EHR-REF0001770,NorthStar EHR,PAT000278,COV000278,PRC0030,ORG006,LOC006,SPC003,PRC0048,ORG019,USR014,2025-08-16 12:07:03,2025-08-16 18:07:03,Synthetic evaluation request for Endocrinology,Z14.7,Routine,Completed—Report Pending,Report Pending,2025-08-22 03:07:03,2025-08-25 03:07:03,2025-08-19 02:07:03,2025-08-18 00:07:03,2025-08-19 08:07:03,2025-08-27 08:07:03,,,,,2025-08-16 18:07:03,2025-08-22 03:07:03
REF001771,EHR-REF0001771,NorthStar EHR,PAT001017,COV001017,PRC0010,ORG004,LOC004,SPC001,PRC0096,ORG017,,2026-01-04 20:45:00,2026-01-05 18:45:00,Synthetic evaluation request for Cardiology,Z45.7,Routine,Closed—Completed,,2026-01-18 03:45:00,,2026-01-09 07:45:00,2026-01-09 15:45:00,2026-01-10 06:45:00,2026-02-10 06:45:00,2026-02-14 06:45:00,2026-02-15 23:45:00,Completed,,2026-01-05 18:45:00,2026-02-15 23:45:00
REF001772,EHR-REF0001772,NorthStar EHR,PAT000519,COV000519,PRC0005,ORG005,LOC005,SPC007,PRC0092,ORG013,,2025-09-18 10:03:57,2025-09-19 02:03:57,Synthetic evaluation request for Otolaryngology,Z19.7,Urgent,Closed—Not Completed,,2025-09-26 15:03:57,,2025-09-19 20:03:57,2025-09-20 02:03:57,,,,2025-09-26 15:03:57,Not Completed,No Longer Clinically Indicated,2025-09-19 02:03:57,2025-09-26 15:03:57
REF001773,EHR-REF0001773,NorthStar EHR,PAT001381,COV001381,PRC0027,ORG003,LOC003,SPC003,PRC0063,ORG009,USR002,2025-08-18 14:54:40,2025-08-19 08:54:40,Synthetic evaluation request for Endocrinology,Z14.1,Routine,Completed—Report Pending,Report Pending,2025-08-29 01:54:40,2025-09-01 01:54:40,2025-08-22 02:54:40,2025-08-23 05:54:40,2025-08-25 03:54:40,2025-09-25 03:54:40,,,,,2025-08-19 08:54:40,2025-08-29 01:54:40
REF001774,EHR-REF0001774,NorthStar EHR,PAT001492,COV001492,PRC0019,ORG001,LOC001,SPC002,PRC0047,ORG018,,2026-01-11 23:58:50,2026-01-12 00:58:50,Synthetic evaluation request for Dermatology,Z40.2,Routine,Closed—Not Completed,,2026-01-18 14:58:50,,2026-01-14 19:58:50,2026-01-16 06:58:50,,,,2026-01-18 14:58:50,Not Completed,Patient Moved,2026-01-12 00:58:50,2026-01-18 14:58:50
REF001775,EHR-REF0001775,NorthStar EHR,PAT000413,COV000413,PRC0033,ORG003,LOC003,SPC005,PRC0100,ORG021,USR008,2026-03-14 05:47:31,2026-03-15 02:47:31,Synthetic evaluation request for Neurology,Z17.0,Routine,Scheduled,Appointment Verification,2026-03-19 01:47:31,2026-03-22 01:47:31,2026-03-16 20:47:31,2026-03-19 08:47:31,2026-03-19 16:47:31,,,,,,2026-03-15 02:47:31,2026-03-19 01:47:31
REF001776,EHR-REF0001776,NorthStar EHR,PAT001402,COV001402,PRC0034,ORG004,LOC004,SPC009,PRC0044,ORG015,USR009,2026-05-27 01:42:54,2026-05-27 13:42:54,Synthetic evaluation request for Rheumatology,Z10.9,Urgent,Scheduled,Appointment Verification,2026-06-03 16:42:54,2026-06-04 16:42:54,2026-05-29 06:42:54,2026-05-28 00:42:54,2026-05-29 16:42:54,,,,,,2026-05-27 13:42:54,2026-06-03 16:42:54
REF001777,EHR-REF0001777,NorthStar EHR,PAT000665,COV000665,PRC0028,ORG004,LOC004,SPC010,PRC0105,ORG026,USR011,2025-08-20 11:27:30,2025-08-20 16:27:30,Synthetic evaluation request for General Surgery,Z32.7,Routine,Completed—Report Pending,Report Pending,2025-08-28 17:27:30,2025-08-31 17:27:30,2025-08-24 00:27:30,2025-08-25 11:27:30,2025-08-26 03:27:30,2025-09-01 03:27:30,,,,,2025-08-20 16:27:30,2025-08-28 17:27:30
REF001778,EHR-REF0001778,NorthStar EHR,PAT001985,COV001985,PRC0031,ORG001,LOC001,SPC004,PRC0074,ORG020,USR009,2025-11-06 16:26:01,2025-11-07 05:26:01,Synthetic evaluation request for Gastroenterology,Z75.4,Routine,Completed—Report Pending,Report Pending,2025-11-13 07:26:01,2025-11-16 07:26:01,2025-11-09 07:26:01,2025-11-11 03:26:01,2025-11-12 23:26:01,2025-12-11 23:26:01,,,,,2025-11-07 05:26:01,2025-11-13 07:26:01
REF001779,EHR-REF0001779,NorthStar EHR,PAT000773,COV000773,PRC0030,ORG006,LOC006,SPC008,PRC0103,ORG024,USR012,2026-02-04 10:00:08,2026-02-05 03:00:08,Synthetic evaluation request for Pulmonology,Z45.4,Urgent,Scheduled,Appointment Verification,2026-02-09 20:00:08,2026-02-10 20:00:08,2026-02-08 00:00:08,2026-02-08 15:00:08,2026-02-10 15:00:08,,,,,,2026-02-05 03:00:08,2026-02-09 20:00:08
REF001780,EHR-REF0001780,NorthStar EHR,PAT001475,COV001475,PRC0027,ORG003,LOC003,SPC006,PRC0066,ORG012,,2025-08-16 20:46:13,2025-08-17 19:46:13,Synthetic evaluation request for Orthopedics,Z30.9,Routine,Closed—Completed,,2025-08-30 05:46:13,,2025-08-20 07:46:13,2025-08-18 13:46:13,2025-08-20 00:46:13,2025-09-13 00:46:13,2025-09-18 00:46:13,2025-09-18 22:46:13,Completed,,2025-08-17 19:46:13,2025-09-18 22:46:13
REF001781,EHR-REF0001781,NorthStar EHR,PAT000724,COV000724,PRC0026,ORG002,LOC002,SPC010,PRC0045,ORG016,USR004,2025-11-20 03:58:39,2025-11-20 06:58:39,Synthetic evaluation request for General Surgery,Z17.8,Routine,Outreach in Progress,Outreach Follow-Up,2025-11-23 15:58:39,2025-11-26 15:58:39,2025-11-20 15:58:39,2025-11-24 09:58:39,,,,,,,2025-11-20 06:58:39,2025-11-23 15:58:39
REF001782,EHR-REF0001782,NorthStar EHR,PAT000802,COV000802,PRC0025,ORG001,LOC001,SPC003,PRC0108,ORG029,,2025-11-27 11:33:03,2025-11-27 16:33:03,Synthetic evaluation request for Endocrinology,Z38.2,Routine,Closed—Not Completed,,2025-12-04 17:33:03,,2025-11-30 02:33:03,2025-11-29 04:33:03,,,,2025-12-04 17:33:03,Not Completed,Patient Chose Another Provider,2025-11-27 16:33:03,2025-12-04 17:33:03
REF001783,EHR-REF0001783,NorthStar EHR,PAT001213,COV001213,PRC0031,ORG001,LOC001,SPC005,PRC0075,ORG021,USR007,2025-11-10 07:56:22,2025-11-11 01:56:22,Synthetic evaluation request for Neurology,Z44.1,Routine,Ready for Outreach,Ready for Outreach,2025-11-11 14:56:22,2025-11-14 14:56:22,2025-11-11 14:56:22,,,,,,,,2025-11-11 01:56:22,2025-11-11 14:56:22
REF001784,EHR-REF0001784,NorthStar EHR,PAT000527,COV000527,PRC0032,ORG002,LOC002,SPC003,PRC0058,ORG029,,2026-05-16 01:52:52,2026-05-16 13:52:52,Synthetic evaluation request for Endocrinology,Z55.0,Routine,Closed—Completed,,2026-05-28 11:52:52,,2026-05-17 22:52:52,2026-05-19 16:52:52,2026-05-21 00:52:52,2026-06-11 00:52:52,2026-06-12 00:52:52,2026-06-12 22:52:52,Completed,,2026-05-16 13:52:52,2026-06-12 22:52:52
REF001785,EHR-REF0001785,NorthStar EHR,PAT001054,COV001054,PRC0001,ORG001,LOC001,SPC001,PRC0086,ORG007,USR003,2026-02-21 19:29:56,2026-02-22 17:29:56,Synthetic evaluation request for Cardiology,Z48.0,Routine,Outreach in Progress,Outreach Follow-Up,2026-02-26 04:29:56,2026-03-01 04:29:56,2026-02-24 12:29:56,2026-02-23 08:29:56,,,,,,,2026-02-22 17:29:56,2026-02-26 04:29:56
REF001786,EHR-REF0001786,NorthStar EHR,PAT000507,COV000507,PRC0002,ORG002,LOC002,SPC006,PRC0091,ORG012,,2025-08-09 07:08:51,2025-08-10 04:08:51,Synthetic evaluation request for Orthopedics,Z72.6,Routine,Closed—Not Completed,,2025-08-17 18:08:51,,2025-08-14 01:08:51,2025-08-11 15:08:51,,,,2025-08-17 18:08:51,Not Completed,Unable to Contact After Protocol,2025-08-10 04:08:51,2025-08-17 18:08:51
REF001787,EHR-REF0001787,NorthStar EHR,PAT000763,COV000763,PRC0001,ORG001,LOC001,SPC002,PRC0082,ORG028,,2026-03-08 10:17:05,2026-03-08 11:17:05,Synthetic evaluation request for Dermatology,Z66.9,Routine,Closed—Completed,,2026-03-19 15:17:05,,2026-03-12 07:17:05,2026-03-13 02:17:05,2026-03-15 01:17:05,2026-03-31 01:17:05,2026-04-07 01:17:05,2026-04-08 01:17:05,Completed,,2026-03-08 11:17:05,2026-04-08 01:17:05
REF001788,EHR-REF0001788,NorthStar EHR,PAT001375,COV001375,PRC0009,ORG003,LOC003,SPC008,PRC0103,ORG024,,2025-12-04 14:20:05,2025-12-04 23:20:05,Synthetic evaluation request for Pulmonology,Z57.9,Routine,Closed—Completed,,2025-12-12 06:20:05,,2025-12-07 12:20:05,2025-12-06 02:20:05,2025-12-06 14:20:05,2025-12-31 14:20:05,2026-01-02 14:20:05,2026-01-04 04:20:05,Completed,,2025-12-04 23:20:05,2026-01-04 04:20:05
REF001789,EHR-REF0001789,NorthStar EHR,PAT001119,COV001119,PRC0026,ORG002,LOC002,SPC004,PRC0089,ORG010,,2025-12-23 14:03:44,2025-12-23 15:03:44,Synthetic evaluation request for Gastroenterology,Z80.9,Routine,Closed—Completed,,2026-01-02 18:03:44,,2025-12-27 00:03:44,2025-12-28 01:03:44,2025-12-29 23:03:44,2026-01-03 23:03:44,2026-01-09 23:03:44,2026-01-10 15:03:44,Completed,,2025-12-23 15:03:44,2026-01-10 15:03:44
REF001790,EHR-REF0001790,NorthStar EHR,PAT000658,COV000658,PRC0033,ORG003,LOC003,SPC010,PRC0070,ORG016,,2025-12-24 14:33:59,2025-12-25 07:33:59,Synthetic evaluation request for General Surgery,Z69.3,Routine,Closed—Completed,,2026-01-02 16:33:59,,2025-12-28 17:33:59,2025-12-27 13:33:59,2025-12-28 20:33:59,2026-01-07 20:33:59,2026-01-17 20:33:59,2026-01-18 20:33:59,Completed,,2025-12-25 07:33:59,2026-01-18 20:33:59
REF001791,EHR-REF0001791,NorthStar EHR,PAT001831,COV001831,PRC0015,ORG003,LOC003,SPC001,PRC0046,ORG017,USR005,2026-03-15 11:51:41,2026-03-16 00:51:41,Synthetic evaluation request for Cardiology,Z18.2,Routine,Outreach in Progress,Outreach Follow-Up,2026-03-20 02:51:41,2026-03-23 02:51:41,2026-03-16 08:51:41,2026-03-19 14:51:41,,,,,,,2026-03-16 00:51:41,2026-03-20 02:51:41
REF001792,EHR-REF0001792,NorthStar EHR,PAT001706,COV001706,PRC0017,ORG005,LOC005,SPC002,PRC0037,ORG008,USR014,2025-08-20 07:48:14,2025-08-20 15:48:14,Synthetic evaluation request for Dermatology,Z73.1,Routine,Completed—Report Pending,Report Pending,2025-08-29 19:48:14,2025-09-01 19:48:14,2025-08-22 05:48:14,2025-08-21 14:48:14,2025-08-21 18:48:14,2025-08-29 18:48:14,,,,,2025-08-20 15:48:14,2025-08-29 19:48:14
REF001793,EHR-REF0001793,NorthStar EHR,PAT000032,COV000032,PRC0003,ORG003,LOC003,SPC001,PRC0046,ORG017,,2025-10-10 06:28:16,2025-10-10 18:28:16,Synthetic evaluation request for Cardiology,Z11.3,Routine,Closed—Completed,,2025-10-21 16:28:16,,2025-10-11 03:28:16,2025-10-11 15:28:16,2025-10-13 15:28:16,2025-11-13 15:28:16,2025-11-16 15:28:16,2025-11-17 03:28:16,Completed,,2025-10-10 18:28:16,2025-11-17 03:28:16
REF001794,EHR-REF0001794,NorthStar EHR,PAT000430,COV000430,PRC0031,ORG001,LOC001,SPC005,PRC0100,ORG021,,2025-10-07 10:51:51,2025-10-07 21:51:51,Synthetic evaluation request for Neurology,Z44.1,Routine,Closed—Completed,,2025-10-17 06:51:51,,2025-10-10 03:51:51,2025-10-11 19:51:51,2025-10-13 03:51:51,2025-10-22 03:51:51,2025-10-27 03:51:51,2025-10-27 21:51:51,Completed,,2025-10-07 21:51:51,2025-10-27 21:51:51
REF001795,EHR-REF0001795,NorthStar EHR,PAT000984,COV000984,PRC0027,ORG003,LOC003,SPC006,PRC0076,ORG022,USR004,2026-01-13 15:32:36,2026-01-14 00:32:36,Synthetic evaluation request for Orthopedics,Z19.9,Urgent,Outreach in Progress,Outreach Follow-Up,2026-01-18 14:32:36,2026-01-19 14:32:36,2026-01-14 22:32:36,2026-01-14 12:32:36,,,,,,,2026-01-14 00:32:36,2026-01-18 14:32:36
REF001796,EHR-REF0001796,NorthStar EHR,PAT000539,COV000539,PRC0003,ORG003,LOC003,SPC005,PRC0110,ORG031,USR002,2026-03-24 05:37:49,2026-03-24 12:37:49,Synthetic evaluation request for Neurology,Z63.1,Routine,Scheduled,Appointment Verification,2026-04-01 07:37:49,2026-04-04 07:37:49,2026-03-26 04:37:49,2026-03-26 01:37:49,2026-03-26 18:37:49,,,,,,2026-03-24 12:37:49,2026-04-01 07:37:49
REF001797,EHR-REF0001797,NorthStar EHR,PAT001090,COV001090,PRC0019,ORG001,LOC001,SPC004,PRC0074,ORG020,USR010,2025-09-09 20:18:52,2025-09-10 06:18:52,Synthetic evaluation request for Gastroenterology,Z21.8,Routine,Completed—Report Pending,Report Pending,2025-09-15 21:18:52,2025-09-18 21:18:52,2025-09-13 11:18:52,2025-09-11 13:18:52,2025-09-13 03:18:52,2025-10-07 03:18:52,,,,,2025-09-10 06:18:52,2025-09-15 21:18:52
REF001798,EHR-REF0001798,NorthStar EHR,PAT000358,COV000358,PRC0006,ORG006,LOC006,SPC009,PRC0079,ORG025,,2026-03-27 05:19:28,2026-03-27 20:19:28,Synthetic evaluation request for Rheumatology,Z42.6,Urgent,Closed—Completed,,2026-04-07 14:19:28,,2026-03-30 13:19:28,2026-03-30 12:19:28,2026-03-31 05:19:28,2026-04-25 05:19:28,2026-05-03 05:19:28,2026-05-03 22:19:28,Completed,,2026-03-27 20:19:28,2026-05-03 22:19:28
REF001799,EHR-REF0001799,NorthStar EHR,PAT000223,COV000223,PRC0008,ORG002,LOC002,SPC001,PRC0036,ORG007,,2026-02-19 07:16:21,2026-02-20 06:16:21,Synthetic evaluation request for Cardiology,Z39.7,Routine,Closed—Completed,,2026-02-27 14:16:21,,2026-02-21 05:16:21,2026-02-23 00:16:21,2026-02-24 06:16:21,2026-03-11 06:16:21,2026-03-19 06:16:21,2026-03-20 04:16:21,Completed,,2026-02-20 06:16:21,2026-03-20 04:16:21
REF001800,EHR-REF0001800,NorthStar EHR,PAT000973,COV000973,PRC0012,ORG006,LOC006,SPC006,PRC0101,ORG022,,2025-09-09 20:36:18,2025-09-10 17:36:18,Synthetic evaluation request for Orthopedics,Z37.2,Routine,Closed—Completed,,2025-09-23 02:36:18,,2025-09-14 13:36:18,2025-09-14 01:36:18,2025-09-15 09:36:18,2025-10-07 09:36:18,2025-10-17 09:36:18,2025-10-18 06:36:18,Completed,,2025-09-10 17:36:18,2025-10-18 06:36:18
REF001801,EHR-REF0001801,NorthStar EHR,PAT001067,COV001067,PRC0022,ORG004,LOC004,SPC003,PRC0073,ORG019,USR013,2025-09-21 09:00:46,2025-09-21 21:00:46,Synthetic evaluation request for Endocrinology,Z39.2,Routine,Scheduled,Appointment Verification,2025-09-28 12:00:46,2025-10-01 12:00:46,2025-09-22 17:00:46,2025-09-26 02:00:46,2025-09-26 22:00:46,,,,,,2025-09-21 21:00:46,2025-09-28 12:00:46
REF001802,EHR-REF0001802,NorthStar EHR,PAT001693,COV001693,PRC0005,ORG005,LOC005,SPC005,PRC0040,ORG011,USR006,2025-11-10 13:24:33,2025-11-11 09:24:33,Synthetic evaluation request for Neurology,Z15.7,Routine,Needs Information,Needs Information,2025-11-12 13:24:33,2025-11-15 13:24:33,,,,,,,,,2025-11-11 09:24:33,2025-11-12 13:24:33
REF001803,EHR-REF0001803,NorthStar EHR,PAT001980,COV001980,PRC0014,ORG002,LOC002,SPC002,PRC0072,ORG018,,2026-06-06 15:59:22,2026-06-07 02:59:22,Synthetic evaluation request for Dermatology,Z21.0,Routine,Closed—Completed,,2026-06-21 05:59:22,,2026-06-07 22:59:22,2026-06-09 13:59:22,2026-06-10 15:59:22,2026-06-16 15:59:22,2026-06-18 15:59:22,2026-06-19 20:59:22,Completed,,2026-06-07 02:59:22,2026-06-19 20:59:22
REF001804,EHR-REF0001804,NorthStar EHR,PAT001843,COV001843,PRC0021,ORG003,LOC003,SPC001,PRC0061,ORG007,,2026-01-14 04:28:51,2026-01-15 00:28:51,Synthetic evaluation request for Cardiology,Z72.1,Routine,Closed—Not Completed,,2026-01-19 11:28:51,,2026-01-17 09:28:51,2026-01-18 11:28:51,,,,2026-01-19 11:28:51,Not Completed,Patient Moved,2026-01-15 00:28:51,2026-01-19 11:28:51
REF001805,EHR-REF0001805,NorthStar EHR,PAT001642,COV001642,PRC0031,ORG001,LOC001,SPC002,PRC0087,ORG008,USR007,2026-01-23 12:24:46,2026-01-24 02:24:46,Synthetic evaluation request for Dermatology,Z50.4,Urgent,Scheduled,Appointment Verification,2026-02-03 18:24:46,2026-02-04 18:24:46,2026-01-27 09:24:46,2026-01-29 00:24:46,2026-01-29 21:24:46,,,,,,2026-01-24 02:24:46,2026-02-03 18:24:46
REF001806,EHR-REF0001806,NorthStar EHR,PAT001890,COV001890,PRC0034,ORG004,LOC004,SPC009,PRC0044,ORG015,,2025-11-25 15:10:50,2025-11-25 16:10:50,Synthetic evaluation request for Rheumatology,Z58.3,Routine,Closed—Not Completed,,2025-12-04 19:10:50,,2025-11-29 11:10:50,2025-11-26 21:10:50,,,,2025-12-04 19:10:50,Not Completed,Insurance or Access Barrier,2025-11-25 16:10:50,2025-12-04 19:10:50
REF001807,EHR-REF0001807,NorthStar EHR,PAT001028,COV001028,PRC0026,ORG002,LOC002,SPC005,PRC0085,ORG031,,2026-05-05 04:01:51,2026-05-06 01:01:51,Synthetic evaluation request for Neurology,Z68.8,Routine,Closed—Completed,,2026-05-14 02:01:51,,2026-05-07 17:01:51,2026-05-06 23:01:51,2026-05-08 19:01:51,2026-05-23 19:01:51,2026-05-30 19:01:51,2026-06-01 01:01:51,Completed,,2026-05-06 01:01:51,2026-06-01 01:01:51
REF001808,EHR-REF0001808,NorthStar EHR,PAT001222,COV001222,PRC0034,ORG004,LOC004,SPC005,PRC0040,ORG011,,2026-03-29 11:56:02,2026-03-29 22:56:02,Synthetic evaluation request for Neurology,Z81.9,Routine,Closed—Completed,,2026-04-10 00:56:02,,2026-03-31 20:56:02,2026-04-01 13:56:02,2026-04-02 23:56:02,2026-05-01 23:56:02,2026-05-02 23:56:02,2026-05-04 01:56:02,Completed,,2026-03-29 22:56:02,2026-05-04 01:56:02
REF001809,EHR-REF0001809,NorthStar EHR,PAT001711,COV001711,PRC0011,ORG005,LOC005,SPC001,PRC0056,ORG027,USR005,2026-03-04 05:36:20,2026-03-04 10:36:20,Synthetic evaluation request for Cardiology,Z36.3,Routine,Completed—Report Pending,Report Pending,2026-03-13 08:36:20,2026-03-16 08:36:20,2026-03-08 03:36:20,2026-03-06 20:36:20,2026-03-07 10:36:20,2026-04-03 10:36:20,,,,,2026-03-04 10:36:20,2026-03-13 08:36:20
REF001810,EHR-REF0001810,NorthStar EHR,PAT000183,COV000183,PRC0032,ORG002,LOC002,SPC006,PRC0041,ORG012,USR012,2025-10-06 18:58:32,2025-10-07 03:58:32,Synthetic evaluation request for Orthopedics,Z73.5,Routine,Completed—Report Pending,Report Pending,2025-10-15 15:58:32,2025-10-18 15:58:32,2025-10-09 09:58:32,2025-10-09 22:58:32,2025-10-10 17:58:32,2025-10-26 17:58:32,,,,,2025-10-07 03:58:32,2025-10-15 15:58:32
REF001811,EHR-REF0001811,NorthStar EHR,PAT001737,COV001737,PRC0014,ORG002,LOC002,SPC005,PRC0075,ORG021,,2026-02-19 04:06:57,2026-02-19 09:06:57,Synthetic evaluation request for Neurology,Z23.6,Routine,Closed—Completed,,2026-02-28 20:06:57,,2026-02-21 18:06:57,2026-02-24 02:06:57,2026-02-25 13:06:57,2026-03-28 13:06:57,2026-04-01 13:06:57,2026-04-02 08:06:57,Completed,,2026-02-19 09:06:57,2026-04-02 08:06:57
REF001812,EHR-REF0001812,NorthStar EHR,PAT000188,COV000188,PRC0028,ORG004,LOC004,SPC004,PRC0109,ORG030,USR013,2025-08-05 21:38:01,2025-08-06 18:38:01,Synthetic evaluation request for Gastroenterology,Z80.1,Routine,Ready for Outreach,Ready for Outreach,2025-08-08 20:38:01,2025-08-11 20:38:01,2025-08-08 20:38:01,,,,,,,,2025-08-06 18:38:01,2025-08-08 20:38:01
REF001813,EHR-REF0001813,NorthStar EHR,PAT000023,COV000023,PRC0010,ORG004,LOC004,SPC003,PRC0038,ORG009,,2026-05-03 07:27:38,2026-05-03 16:27:38,Synthetic evaluation request for Endocrinology,Z59.2,Routine,Closed—Completed,,2026-05-12 21:27:38,,2026-05-06 22:27:38,2026-05-06 19:27:38,2026-05-07 01:27:38,2026-06-06 01:27:38,2026-06-15 01:27:38,2026-06-15 21:27:38,Completed,,2026-05-03 16:27:38,2026-06-15 21:27:38
REF001814,EHR-REF0001814,NorthStar EHR,PAT000685,COV000685,PRC0024,ORG006,LOC006,SPC009,PRC0079,ORG025,,2025-07-31 16:28:11,2025-08-01 13:28:11,Synthetic evaluation request for Rheumatology,Z42.6,Routine,Closed—Not Completed,,2025-08-07 18:28:11,,2025-08-02 04:28:11,2025-08-06 03:28:11,,,,2025-08-07 18:28:11,Not Completed,Patient Chose Another Provider,2025-08-01 13:28:11,2025-08-07 18:28:11
REF001815,EHR-REF0001815,NorthStar EHR,PAT000979,COV000979,PRC0005,ORG005,LOC005,SPC010,PRC0095,ORG016,USR014,2025-11-21 20:54:11,2025-11-22 03:54:11,Synthetic evaluation request for General Surgery,Z27.0,Routine,Scheduled,Appointment Verification,2025-11-29 00:54:11,2025-12-02 00:54:11,2025-11-24 16:54:11,2025-11-23 08:54:11,2025-11-24 06:54:11,,,,,,2025-11-22 03:54:11,2025-11-29 00:54:11
REF001816,EHR-REF0001816,NorthStar EHR,PAT000856,COV000856,PRC0029,ORG005,LOC005,SPC004,PRC0089,ORG010,,2025-10-31 20:54:50,2025-11-01 15:54:50,Synthetic evaluation request for Gastroenterology,Z31.2,Routine,Closed—Not Completed,,2025-11-11 02:54:50,,2025-11-04 08:54:50,2025-11-03 15:54:50,,,,2025-11-11 02:54:50,Not Completed,Patient Chose Another Provider,2025-11-01 15:54:50,2025-11-11 02:54:50
REF001817,EHR-REF0001817,NorthStar EHR,PAT000998,COV000998,PRC0025,ORG001,LOC001,SPC007,PRC0102,ORG023,,2026-06-12 07:42:30,2026-06-12 11:42:30,Synthetic evaluation request for Otolaryngology,Z32.8,Routine,Closed—Completed,,2026-06-16 23:42:30,,2026-06-12 18:42:30,2026-06-16 10:42:30,2026-06-17 11:42:30,2026-07-20 11:42:30,2026-07-23 11:42:30,2026-07-24 05:42:30,Completed,,2026-06-12 11:42:30,2026-07-24 05:42:30
REF001818,EHR-REF0001818,NorthStar EHR,PAT000971,COV000971,PRC0035,ORG005,LOC005,SPC004,PRC0059,ORG030,USR002,2026-02-19 06:27:59,2026-02-20 00:27:59,Synthetic evaluation request for Gastroenterology,Z43.9,Urgent,Scheduled,Appointment Verification,2026-02-24 20:27:59,2026-02-25 20:27:59,2026-02-20 08:27:59,2026-02-22 14:27:59,2026-02-23 06:27:59,,,,,,2026-02-20 00:27:59,2026-02-24 20:27:59
REF001819,EHR-REF0001819,NorthStar EHR,PAT001790,COV001790,PRC0021,ORG003,LOC003,SPC002,PRC0037,ORG008,,2026-04-23 21:34:19,2026-04-24 09:34:19,Synthetic evaluation request for Dermatology,Z51.6,Routine,Closed—Not Completed,,2026-05-01 01:34:19,,2026-04-25 17:34:19,2026-04-26 19:34:19,,,,2026-05-01 01:34:19,Not Completed,Transferred Care,2026-04-24 09:34:19,2026-05-01 01:34:19
REF001820,EHR-REF0001820,NorthStar EHR,PAT001042,COV001042,PRC0031,ORG001,LOC001,SPC007,PRC0042,ORG013,USR012,2026-02-04 02:21:27,2026-02-04 16:21:27,Synthetic evaluation request for Otolaryngology,Z35.1,Routine,Outreach in Progress,Outreach Follow-Up,2026-02-10 10:21:27,2026-02-13 10:21:27,2026-02-06 22:21:27,2026-02-07 17:21:27,,,,,,,2026-02-04 16:21:27,2026-02-10 10:21:27
REF001821,EHR-REF0001821,NorthStar EHR,PAT000784,COV000784,PRC0017,ORG005,LOC005,SPC007,PRC0102,ORG023,,2025-12-25 14:52:30,2025-12-26 11:52:30,Synthetic evaluation request for Otolaryngology,Z39.3,Routine,Closed—Completed,,2026-01-07 10:52:30,,2025-12-27 11:52:30,2025-12-30 12:52:30,2026-01-01 10:52:30,2026-01-07 10:52:30,2026-01-14 10:52:30,2026-01-15 20:52:30,Completed,,2025-12-26 11:52:30,2026-01-15 20:52:30
REF001822,EHR-REF0001822,NorthStar EHR,PAT000140,COV000140,PRC0005,ORG005,LOC005,SPC003,PRC0048,ORG019,,2025-10-28 16:27:28,2025-10-29 04:27:28,Synthetic evaluation request for Endocrinology,Z73.9,Routine,Closed—Completed,,2025-11-10 00:27:28,,2025-10-31 11:27:28,2025-10-31 22:27:28,2025-11-01 04:27:28,2025-12-02 04:27:28,2025-12-06 04:27:28,2025-12-07 00:27:28,Completed,,2025-10-29 04:27:28,2025-12-07 00:27:28
REF001823,EHR-REF0001823,NorthStar EHR,PAT000890,COV000890,PRC0008,ORG002,LOC002,SPC003,PRC0058,ORG029,,2025-11-29 13:55:20,2025-11-30 04:55:20,Synthetic evaluation request for Endocrinology,Z76.5,Routine,Closed—Completed,,2025-12-09 22:55:20,,2025-12-02 19:55:20,2025-12-02 00:55:20,2025-12-02 16:55:20,2025-12-16 16:55:20,2025-12-26 16:55:20,2025-12-27 16:55:20,Completed,,2025-11-30 04:55:20,2025-12-27 16:55:20
REF001824,EHR-REF0001824,NorthStar EHR,PAT001687,COV001687,PRC0005,ORG005,LOC005,SPC006,PRC0041,ORG012,,2026-07-06 07:06:03,2026-07-06 18:06:03,Synthetic evaluation request for Orthopedics,Z62.4,Routine,Closed—Completed,,2026-07-16 11:06:03,,2026-07-09 14:06:03,2026-07-08 08:06:03,2026-07-08 16:06:03,2026-08-09 16:06:03,2026-08-13 16:06:03,2026-08-15 02:06:03,Completed,,2026-07-06 18:06:03,2026-08-15 02:06:03
REF001825,EHR-REF0001825,NorthStar EHR,PAT001274,COV001274,PRC0009,ORG003,LOC003,SPC005,PRC0040,ORG011,USR008,2025-11-14 13:42:54,2025-11-15 00:42:54,Synthetic evaluation request for Neurology,Z37.5,Routine,Scheduled,Appointment Verification,2025-11-22 13:42:54,2025-11-25 13:42:54,2025-11-16 16:42:54,2025-11-15 23:42:54,2025-11-17 02:42:54,,,,,,2025-11-15 00:42:54,2025-11-22 13:42:54
REF001826,EHR-REF0001826,NorthStar EHR,PAT000936,COV000936,PRC0017,ORG005,LOC005,SPC009,PRC0094,ORG015,USR011,2026-03-02 11:32:55,2026-03-03 10:32:55,Synthetic evaluation request for Rheumatology,Z84.8,Routine,Ready for Outreach,Ready for Outreach,2026-03-06 04:32:55,2026-03-09 04:32:55,2026-03-06 04:32:55,,,,,,,,2026-03-03 10:32:55,2026-03-06 04:32:55
REF001827,EHR-REF0001827,NorthStar EHR,PAT001716,COV001716,PRC0015,ORG003,LOC003,SPC002,PRC0057,ORG028,USR005,2026-03-29 19:34:40,2026-03-29 21:34:40,Synthetic evaluation request for Dermatology,Z45.0,Urgent,Outreach in Progress,Outreach Follow-Up,2026-04-03 01:34:40,2026-04-04 01:34:40,2026-04-01 08:34:40,2026-04-01 07:34:40,,,,,,,2026-03-29 21:34:40,2026-04-03 01:34:40
REF001828,EHR-REF0001828,NorthStar EHR,PAT001534,COV001534,PRC0024,ORG006,LOC006,SPC009,PRC0044,ORG015,,2026-03-16 03:05:49,2026-03-16 07:05:49,Synthetic evaluation request for Rheumatology,Z44.6,Routine,Closed—Not Completed,,2026-03-19 10:05:49,,2026-03-17 14:05:49,2026-03-17 20:05:49,,,,2026-03-19 10:05:49,Not Completed,Duplicate Referral,2026-03-16 07:05:49,2026-03-19 10:05:49
REF001829,EHR-REF0001829,NorthStar EHR,PAT001559,COV001559,PRC0018,ORG006,LOC006,SPC008,PRC0093,ORG014,,2025-11-02 16:49:13,2025-11-03 07:49:13,Synthetic evaluation request for Pulmonology,Z11.2,Routine,Closed—Completed,,2025-11-15 05:49:13,,2025-11-05 10:49:13,2025-11-06 20:49:13,2025-11-08 12:49:13,2025-11-19 12:49:13,2025-11-28 12:49:13,2025-11-29 19:49:13,Completed,,2025-11-03 07:49:13,2025-11-29 19:49:13
REF001830,EHR-REF0001830,NorthStar EHR,PAT001620,COV001620,PRC0029,ORG005,LOC005,SPC007,PRC0102,ORG023,,2026-01-21 20:46:08,2026-01-22 02:46:08,Synthetic evaluation request for Otolaryngology,Z54.3,Routine,Closed—Completed,,2026-02-01 10:46:08,,2026-01-25 16:46:08,2026-01-25 07:46:08,2026-01-26 16:46:08,2026-02-14 16:46:08,2026-02-22 16:46:08,2026-02-23 02:46:08,Completed,,2026-01-22 02:46:08,2026-02-23 02:46:08
REF001831,EHR-REF0001831,NorthStar EHR,PAT000411,COV000411,PRC0001,ORG001,LOC001,SPC002,PRC0107,ORG028,USR003,2025-08-09 15:22:38,2025-08-09 19:22:38,Synthetic evaluation request for Dermatology,Z40.0,Routine,Received,New Intake,2025-08-09 19:22:38,2025-08-12 19:22:38,,,,,,,,,2025-08-09 19:22:38,2025-08-09 19:22:38
REF001832,EHR-REF0001832,NorthStar EHR,PAT000416,COV000416,PRC0011,ORG005,LOC005,SPC006,PRC0091,ORG012,,2026-01-18 05:28:37,2026-01-18 19:28:37,Synthetic evaluation request for Orthopedics,Z60.6,Routine,Closed—Completed,,2026-02-02 03:28:37,,2026-01-21 03:28:37,2026-01-20 13:28:37,2026-01-20 20:28:37,2026-02-20 20:28:37,2026-02-21 20:28:37,2026-02-23 07:28:37,Completed,,2026-01-18 19:28:37,2026-02-23 07:28:37
REF001833,EHR-REF0001833,NorthStar EHR,PAT001229,COV001229,PRC0003,ORG003,LOC003,SPC002,PRC0062,ORG008,,2026-04-16 10:44:25,2026-04-16 12:44:25,Synthetic evaluation request for Dermatology,Z71.8,Urgent,Closed—Completed,,2026-04-23 23:44:25,,2026-04-18 03:44:25,2026-04-19 21:44:25,2026-04-21 20:44:25,2026-05-25 20:44:25,2026-06-03 20:44:25,2026-06-04 16:44:25,Completed,,2026-04-16 12:44:25,2026-06-04 16:44:25
REF001834,EHR-REF0001834,NorthStar EHR,PAT000901,COV000901,PRC0006,ORG006,LOC006,SPC008,PRC0068,ORG014,,2026-07-11 18:00:34,2026-07-12 15:00:34,Synthetic evaluation request for Pulmonology,Z81.9,Routine,Closed—Completed,,2026-07-26 20:00:34,,2026-07-15 14:00:34,2026-07-15 05:00:34,2026-07-16 09:00:34,2026-08-04 09:00:34,2026-08-11 09:00:34,2026-08-12 03:00:34,Completed,,2026-07-12 15:00:34,2026-08-12 03:00:34
REF001835,EHR-REF0001835,NorthStar EHR,PAT000436,COV000436,PRC0025,ORG001,LOC001,SPC005,PRC0110,ORG031,USR004,2025-11-13 05:44:38,2025-11-13 21:44:38,Synthetic evaluation request for Neurology,Z73.3,Routine,Scheduled,Appointment Verification,2025-11-19 16:44:38,2025-11-22 16:44:38,2025-11-17 19:44:38,2025-11-18 18:44:38,2025-11-18 22:44:38,,,,,,2025-11-13 21:44:38,2025-11-19 16:44:38
REF001836,EHR-REF0001836,NorthStar EHR,PAT000257,COV000257,PRC0013,ORG001,LOC001,SPC006,PRC0051,ORG022,USR011,2025-11-26 16:26:56,2025-11-26 23:26:56,Synthetic evaluation request for Orthopedics,Z68.2,Urgent,Completed—Report Pending,Report Pending,2025-12-03 12:26:56,2025-12-04 12:26:56,2025-11-30 11:26:56,2025-11-29 02:26:56,2025-11-29 06:26:56,2025-12-29 06:26:56,,,,,2025-11-26 23:26:56,2025-12-03 12:26:56
REF001837,EHR-REF0001837,NorthStar EHR,PAT000468,COV000468,PRC0025,ORG001,LOC001,SPC009,PRC0069,ORG015,USR006,2026-04-20 21:09:57,2026-04-21 07:09:57,Synthetic evaluation request for Rheumatology,Z86.7,Urgent,Completed—Report Pending,Report Pending,2026-04-24 14:09:57,2026-04-25 14:09:57,2026-04-21 21:09:57,2026-04-26 01:09:57,2026-04-27 14:09:57,2026-05-06 14:09:57,,,,,2026-04-21 07:09:57,2026-04-24 14:09:57
REF001838,EHR-REF0001838,NorthStar EHR,PAT000552,COV000552,PRC0029,ORG005,LOC005,SPC006,PRC0101,ORG022,USR013,2026-07-13 19:11:56,2026-07-14 03:11:56,Synthetic evaluation request for Orthopedics,Z78.0,Routine,Scheduled,Appointment Verification,2026-07-22 00:11:56,2026-07-25 00:11:56,2026-07-18 03:11:56,2026-07-17 04:11:56,2026-07-17 13:11:56,,,,,,2026-07-14 03:11:56,2026-07-22 00:11:56
REF001839,EHR-REF0001839,NorthStar EHR,PAT001193,COV001193,PRC0021,ORG003,LOC003,SPC003,PRC0083,ORG029,USR006,2025-08-12 06:57:38,2025-08-12 09:57:38,Synthetic evaluation request for Endocrinology,Z46.2,Routine,Scheduled,Appointment Verification,2025-08-17 13:57:38,2025-08-20 13:57:38,2025-08-15 05:57:38,2025-08-14 18:57:38,2025-08-15 20:57:38,,,,,,2025-08-12 09:57:38,2025-08-17 13:57:38
REF001840,EHR-REF0001840,NorthStar EHR,PAT000551,COV000551,PRC0035,ORG005,LOC005,SPC009,PRC0094,ORG015,,2026-03-26 09:26:33,2026-03-27 05:26:33,Synthetic evaluation request for Rheumatology,Z40.8,Routine,Closed—Completed,,2026-04-05 23:26:33,,2026-03-30 08:26:33,2026-04-01 01:26:33,2026-04-02 21:26:33,2026-04-09 21:26:33,2026-04-12 21:26:33,2026-04-14 03:26:33,Completed,,2026-03-27 05:26:33,2026-04-14 03:26:33
REF001841,EHR-REF0001841,NorthStar EHR,PAT001205,COV001205,PRC0035,ORG005,LOC005,SPC008,PRC0043,ORG014,,2026-03-08 10:19:19,2026-03-09 06:19:19,Synthetic evaluation request for Pulmonology,Z43.8,Routine,Closed—Completed,,2026-03-23 18:19:19,,2026-03-12 22:19:19,2026-03-13 15:19:19,2026-03-15 08:19:19,2026-03-22 08:19:19,2026-04-01 08:19:19,2026-04-02 07:19:19,Completed,,2026-03-09 06:19:19,2026-04-02 07:19:19
REF001842,EHR-REF0001842,NorthStar EHR,PAT001022,COV001022,PRC0022,ORG004,LOC004,SPC007,PRC0067,ORG013,,2025-09-04 07:25:17,2025-09-04 23:25:17,Synthetic evaluation request for Otolaryngology,Z39.4,Routine,Closed—Completed,,2025-09-12 16:25:17,,2025-09-08 12:25:17,2025-09-08 14:25:17,2025-09-10 06:25:17,2025-09-15 06:25:17,2025-09-25 06:25:17,2025-09-26 09:25:17,Completed,,2025-09-04 23:25:17,2025-09-26 09:25:17
REF001843,EHR-REF0001843,NorthStar EHR,PAT001135,COV001135,PRC0011,ORG005,LOC005,SPC002,PRC0082,ORG028,,2025-11-06 05:05:51,2025-11-06 12:05:51,Synthetic evaluation request for Dermatology,Z28.2,Routine,Closed—Completed,,2025-11-16 14:05:51,,2025-11-07 12:05:51,2025-11-08 04:05:51,2025-11-10 02:05:51,2025-11-19 02:05:51,2025-11-21 02:05:51,2025-11-22 15:05:51,Completed,,2025-11-06 12:05:51,2025-11-22 15:05:51
REF001844,EHR-REF0001844,NorthStar EHR,PAT000665,COV000665,PRC0014,ORG002,LOC002,SPC004,PRC0039,ORG010,USR006,2026-04-18 17:59:13,2026-04-18 19:59:13,Synthetic evaluation request for Gastroenterology,Z16.6,Routine,Needs Information,Needs Information,2026-04-19 03:59:13,2026-04-22 03:59:13,,,,,,,,,2026-04-18 19:59:13,2026-04-19 03:59:13
REF001845,EHR-REF0001845,NorthStar EHR,PAT000473,COV000473,PRC0012,ORG006,LOC006,SPC006,PRC0076,ORG022,,2026-06-28 08:20:04,2026-06-28 17:20:04,Synthetic evaluation request for Orthopedics,Z71.6,Routine,Closed—Not Completed,,2026-07-03 00:20:04,,2026-06-30 08:20:04,2026-06-29 23:20:04,,,,2026-07-03 00:20:04,Not Completed,Patient Moved,2026-06-28 17:20:04,2026-07-03 00:20:04
REF001846,EHR-REF0001846,NorthStar EHR,PAT000060,COV000060,PRC0022,ORG004,LOC004,SPC003,PRC0038,ORG009,,2026-07-10 03:02:11,2026-07-10 17:02:11,Synthetic evaluation request for Endocrinology,Z11.9,Routine,Closed—Completed,,2026-07-20 00:02:11,,2026-07-12 18:02:11,2026-07-14 03:02:11,2026-07-15 10:02:11,2026-08-18 10:02:11,2026-08-22 10:02:11,2026-08-23 16:02:11,Completed,,2026-07-10 17:02:11,2026-08-23 16:02:11
REF001847,EHR-REF0001847,NorthStar EHR,PAT001924,COV001924,PRC0019,ORG001,LOC001,SPC005,PRC0075,ORG021,,2025-10-09 16:50:41,2025-10-09 21:50:41,Synthetic evaluation request for Neurology,Z76.7,Routine,Closed—Completed,,2025-10-21 17:50:41,,2025-10-11 04:50:41,2025-10-10 12:50:41,2025-10-11 19:50:41,2025-11-15 19:50:41,2025-11-20 19:50:41,2025-11-22 05:50:41,Completed,,2025-10-09 21:50:41,2025-11-22 05:50:41
REF001848,EHR-REF0001848,NorthStar EHR,PAT001065,COV001065,PRC0020,ORG002,LOC002,SPC006,PRC0091,ORG012,,2026-01-04 03:00:51,2026-01-04 17:00:51,Synthetic evaluation request for Orthopedics,Z39.3,Routine,Closed—Completed,,2026-01-16 07:00:51,,2026-01-05 21:00:51,2026-01-05 06:00:51,2026-01-06 17:00:51,2026-01-15 17:00:51,2026-01-21 17:00:51,2026-01-23 02:00:51,Completed,,2026-01-04 17:00:51,2026-01-23 02:00:51
REF001849,EHR-REF0001849,NorthStar EHR,PAT000938,COV000938,PRC0005,ORG005,LOC005,SPC001,PRC0081,ORG027,,2025-10-18 07:04:59,2025-10-18 10:04:59,Synthetic evaluation request for Cardiology,Z14.0,Routine,Closed—Completed,,2025-10-26 00:04:59,,2025-10-19 21:04:59,2025-10-22 13:04:59,2025-10-23 11:04:59,2025-11-20 11:04:59,2025-11-25 11:04:59,2025-11-25 21:04:59,Completed,,2025-10-18 10:04:59,2025-11-25 21:04:59
REF001850,EHR-REF0001850,NorthStar EHR,PAT001997,COV001997,PRC0017,ORG005,LOC005,SPC006,PRC0091,ORG012,USR002,2025-08-02 00:12:32,2025-08-02 11:12:32,Synthetic evaluation request for Orthopedics,Z11.4,Routine,Scheduled,Appointment Verification,2025-08-10 04:12:32,2025-08-13 04:12:32,2025-08-03 23:12:32,2025-08-04 12:12:32,2025-08-04 15:12:32,,,,,,2025-08-02 11:12:32,2025-08-10 04:12:32
REF001851,EHR-REF0001851,NorthStar EHR,PAT000713,COV000713,PRC0017,ORG005,LOC005,SPC010,PRC0080,ORG026,,2026-01-24 14:44:29,2026-01-25 13:44:29,Synthetic evaluation request for General Surgery,Z76.8,Routine,Closed—Completed,,2026-02-05 06:44:29,,2026-01-26 20:44:29,2026-01-29 00:44:29,2026-01-29 17:44:29,2026-02-11 17:44:29,2026-02-17 17:44:29,2026-02-18 19:44:29,Completed,,2026-01-25 13:44:29,2026-02-18 19:44:29
REF001852,EHR-REF0001852,NorthStar EHR,PAT000032,COV000032,PRC0025,ORG001,LOC001,SPC004,PRC0109,ORG030,USR011,2026-06-21 02:03:29,2026-06-21 09:03:29,Synthetic evaluation request for Gastroenterology,Z23.4,Routine,Outreach in Progress,Outreach Follow-Up,2026-06-25 13:03:29,2026-06-28 13:03:29,2026-06-23 21:03:29,2026-06-23 10:03:29,,,,,,,2026-06-21 09:03:29,2026-06-25 13:03:29
REF001853,EHR-REF0001853,NorthStar EHR,PAT000578,COV000578,PRC0012,ORG006,LOC006,SPC003,PRC0038,ORG009,USR004,2026-06-21 00:59:54,2026-06-21 05:59:54,Synthetic evaluation request for Endocrinology,Z38.7,Routine,Outreach in Progress,Outreach Follow-Up,2026-06-22 18:59:54,2026-06-25 18:59:54,2026-06-21 14:59:54,2026-06-25 22:59:54,,,,,,,2026-06-21 05:59:54,2026-06-22 18:59:54
REF001854,EHR-REF0001854,NorthStar EHR,PAT000430,COV000430,PRC0002,ORG002,LOC002,SPC008,PRC0093,ORG014,,2026-03-20 00:52:31,2026-03-20 16:52:31,Synthetic evaluation request for Pulmonology,Z61.4,Routine,Closed—Completed,,2026-04-01 00:52:31,,2026-03-22 19:52:31,2026-03-21 00:52:31,2026-03-22 14:52:31,2026-04-21 14:52:31,2026-04-23 14:52:31,2026-04-24 01:52:31,Completed,,2026-03-20 16:52:31,2026-04-24 01:52:31
REF001855,EHR-REF0001855,NorthStar EHR,PAT000247,COV000247,PRC0013,ORG001,LOC001,SPC008,PRC0068,ORG014,,2025-12-28 01:07:44,2025-12-28 23:07:44,Synthetic evaluation request for Pulmonology,Z45.8,Routine,Closed—Completed,,2026-01-04 20:07:44,,2025-12-30 08:07:44,2025-12-31 21:07:44,2026-01-02 03:07:44,2026-01-29 03:07:44,2026-02-01 03:07:44,2026-02-02 12:07:44,Completed,,2025-12-28 23:07:44,2026-02-02 12:07:44
REF001856,EHR-REF0001856,NorthStar EHR,PAT001177,COV001177,PRC0025,ORG001,LOC001,SPC006,PRC0066,ORG012,,2026-05-05 00:00:14,2026-05-05 16:00:14,Synthetic evaluation request for Orthopedics,Z38.4,Routine,Closed—Not Completed,,2026-05-15 11:00:14,,2026-05-09 07:00:14,2026-05-07 10:00:14,,,,2026-05-15 11:00:14,Not Completed,No Longer Clinically Indicated,2026-05-05 16:00:14,2026-05-15 11:00:14
REF001857,EHR-REF0001857,NorthStar EHR,PAT000911,COV000911,PRC0033,ORG003,LOC003,SPC008,PRC0068,ORG014,,2026-01-12 23:07:51,2026-01-13 11:07:51,Synthetic evaluation request for Pulmonology,Z49.4,Urgent,Closed—Not Completed,,2026-01-19 06:07:51,,2026-01-17 02:07:51,2026-01-15 22:07:51,,,,2026-01-19 06:07:51,Not Completed,Duplicate Referral,2026-01-13 11:07:51,2026-01-19 06:07:51
REF001858,EHR-REF0001858,NorthStar EHR,PAT000070,COV000070,PRC0015,ORG003,LOC003,SPC010,PRC0080,ORG026,USR005,2025-10-27 00:52:12,2025-10-27 05:52:12,Synthetic evaluation request for General Surgery,Z60.1,Routine,Scheduled,Appointment Verification,2025-10-31 10:52:12,2025-11-03 10:52:12,2025-10-28 03:52:12,2025-10-30 17:52:12,2025-11-01 07:52:12,,,,,,2025-10-27 05:52:12,2025-10-31 10:52:12
REF001859,EHR-REF0001859,NorthStar EHR,PAT000208,COV000208,PRC0025,ORG001,LOC001,SPC004,PRC0109,ORG030,,2026-04-25 20:41:50,2026-04-26 04:41:50,Synthetic evaluation request for Gastroenterology,Z52.1,Routine,Closed—Completed,,2026-05-08 05:41:50,,2026-04-27 18:41:50,2026-04-29 05:41:50,2026-04-29 08:41:50,2026-05-07 08:41:50,2026-05-14 08:41:50,2026-05-15 07:41:50,Completed,,2026-04-26 04:41:50,2026-05-15 07:41:50
REF001860,EHR-REF0001860,NorthStar EHR,PAT001869,COV001869,PRC0032,ORG002,LOC002,SPC010,PRC0070,ORG016,,2025-09-10 14:27:37,2025-09-11 10:27:37,Synthetic evaluation request for General Surgery,Z25.9,Routine,Closed—Not Completed,,2025-09-15 18:27:37,,2025-09-11 18:27:37,2025-09-13 21:27:37,,,,2025-09-15 18:27:37,Not Completed,Patient Chose Another Provider,2025-09-11 10:27:37,2025-09-15 18:27:37
REF001861,EHR-REF0001861,NorthStar EHR,PAT001492,COV001492,PRC0023,ORG005,LOC005,SPC003,PRC0083,ORG029,,2026-01-29 20:32:11,2026-01-30 00:32:11,Synthetic evaluation request for Endocrinology,Z53.5,Routine,Closed—Completed,,2026-02-05 19:32:11,,2026-02-01 10:32:11,2026-02-01 08:32:11,2026-02-01 13:32:11,2026-03-05 13:32:11,2026-03-15 13:32:11,2026-03-16 07:32:11,Completed,,2026-01-30 00:32:11,2026-03-16 07:32:11
REF001862,EHR-REF0001862,NorthStar EHR,PAT001601,COV001601,PRC0002,ORG002,LOC002,SPC002,PRC0107,ORG028,,2025-09-13 09:03:34,2025-09-14 02:03:34,Synthetic evaluation request for Dermatology,Z45.8,Routine,Closed—Completed,,2025-09-25 08:03:34,,2025-09-17 22:03:34,2025-09-18 05:03:34,2025-09-19 16:03:34,2025-10-24 16:03:34,2025-11-01 16:03:34,2025-11-02 17:03:34,Completed,,2025-09-14 02:03:34,2025-11-02 17:03:34
REF001863,EHR-REF0001863,NorthStar EHR,PAT000454,COV000454,PRC0027,ORG003,LOC003,SPC002,PRC0047,ORG018,,2025-08-30 12:48:41,2025-08-30 14:48:41,Synthetic evaluation request for Dermatology,Z75.1,Routine,Closed—Not Completed,,2025-09-06 12:48:41,,2025-09-02 06:48:41,2025-09-03 20:48:41,,,,2025-09-06 12:48:41,Not Completed,Patient Moved,2025-08-30 14:48:41,2025-09-06 12:48:41
REF001864,EHR-REF0001864,NorthStar EHR,PAT000653,COV000653,PRC0030,ORG006,LOC006,SPC003,PRC0098,ORG019,USR011,2025-10-22 20:33:52,2025-10-23 11:33:52,Synthetic evaluation request for Endocrinology,Z61.1,Routine,Outreach in Progress,Outreach Follow-Up,2025-10-27 18:33:52,2025-10-30 18:33:52,2025-10-26 03:33:52,2025-10-25 19:33:52,,,,,,,2025-10-23 11:33:52,2025-10-27 18:33:52
REF001865,EHR-REF0001865,NorthStar EHR,PAT001705,COV001705,PRC0018,ORG006,LOC006,SPC007,PRC0092,ORG013,,2026-03-03 16:17:29,2026-03-04 11:17:29,Synthetic evaluation request for Otolaryngology,Z44.6,Routine,Closed—Completed,,2026-03-14 17:17:29,,2026-03-06 19:17:29,2026-03-09 04:17:29,2026-03-09 22:17:29,2026-04-06 22:17:29,2026-04-12 22:17:29,2026-04-14 10:17:29,Completed,,2026-03-04 11:17:29,2026-04-14 10:17:29
REF001866,EHR-REF0001866,NorthStar EHR,PAT000641,COV000641,PRC0017,ORG005,LOC005,SPC001,PRC0046,ORG017,USR001,2025-08-26 11:09:03,2025-08-26 19:09:03,Synthetic evaluation request for Cardiology,Z25.2,Urgent,Outreach in Progress,Outreach Follow-Up,2025-09-01 04:09:03,2025-09-02 04:09:03,2025-08-28 14:09:03,2025-08-29 02:09:03,,,,,,,2025-08-26 19:09:03,2025-09-01 04:09:03
REF001867,EHR-REF0001867,NorthStar EHR,PAT001480,COV001480,PRC0005,ORG005,LOC005,SPC005,PRC0085,ORG031,,2025-12-30 18:42:02,2025-12-31 10:42:02,Synthetic evaluation request for Neurology,Z19.3,Routine,Closed—Completed,,2026-01-11 09:42:02,,2026-01-03 03:42:02,2026-01-02 07:42:02,2026-01-02 23:42:02,2026-01-14 23:42:02,2026-01-19 23:42:02,2026-01-21 07:42:02,Completed,,2025-12-31 10:42:02,2026-01-21 07:42:02
REF001868,EHR-REF0001868,NorthStar EHR,PAT000655,COV000655,PRC0014,ORG002,LOC002,SPC010,PRC0055,ORG026,,2026-05-02 18:29:04,2026-05-03 02:29:04,Synthetic evaluation request for General Surgery,Z11.0,Routine,Closed—Completed,,2026-05-12 17:29:04,,2026-05-07 01:29:04,2026-05-05 13:29:04,2026-05-05 20:29:04,2026-05-13 20:29:04,2026-05-22 20:29:04,2026-05-23 19:29:04,Completed,,2026-05-03 02:29:04,2026-05-23 19:29:04
REF001869,EHR-REF0001869,NorthStar EHR,PAT000538,COV000538,PRC0006,ORG006,LOC006,SPC002,PRC0087,ORG008,USR010,2025-11-11 20:09:22,2025-11-12 15:09:22,Synthetic evaluation request for Dermatology,Z36.7,Routine,Completed—Report Pending,Report Pending,2025-11-19 04:09:22,2025-11-22 04:09:22,2025-11-16 07:09:22,2025-11-17 06:09:22,2025-11-18 11:09:22,2025-12-01 11:09:22,,,,,2025-11-12 15:09:22,2025-11-19 04:09:22
REF001870,EHR-REF0001870,NorthStar EHR,PAT001107,COV001107,PRC0030,ORG006,LOC006,SPC005,PRC0065,ORG011,,2026-04-04 03:20:36,2026-04-04 07:20:36,Synthetic evaluation request for Neurology,Z56.5,Routine,Closed—Not Completed,,2026-04-10 18:20:36,,2026-04-04 23:20:36,2026-04-05 12:20:36,,,,2026-04-10 18:20:36,Not Completed,Duplicate Referral,2026-04-04 07:20:36,2026-04-10 18:20:36
REF001871,EHR-REF0001871,NorthStar EHR,PAT000315,COV000315,PRC0005,ORG005,LOC005,SPC008,PRC0078,ORG024,,2026-01-30 04:25:48,2026-01-30 19:25:48,Synthetic evaluation request for Pulmonology,Z88.9,Routine,Closed—Completed,,2026-02-16 07:25:48,,2026-02-03 16:25:48,2026-01-31 13:25:48,2026-01-31 22:25:48,2026-03-05 22:25:48,2026-03-13 22:25:48,2026-03-15 06:25:48,Completed,,2026-01-30 19:25:48,2026-03-15 06:25:48
REF001872,EHR-REF0001872,NorthStar EHR,PAT001380,COV001380,PRC0034,ORG004,LOC004,SPC010,PRC0070,ORG016,,2025-11-07 09:41:52,2025-11-08 08:41:52,Synthetic evaluation request for General Surgery,Z65.1,Urgent,Closed—Completed,,2025-11-20 20:41:52,,2025-11-12 01:41:52,2025-11-09 06:41:52,2025-11-09 17:41:52,2025-11-12 17:41:52,2025-11-13 17:41:52,2025-11-14 14:41:52,Completed,,2025-11-08 08:41:52,2025-11-14 14:41:52
REF001873,EHR-REF0001873,NorthStar EHR,PAT001141,COV001141,PRC0023,ORG005,LOC005,SPC008,PRC0103,ORG024,,2025-08-13 01:10:53,2025-08-13 11:10:53,Synthetic evaluation request for Pulmonology,Z52.8,Routine,Closed—Not Completed,,2025-08-19 18:10:53,,2025-08-16 03:10:53,2025-08-14 08:10:53,,,,2025-08-19 18:10:53,Not Completed,Insurance or Access Barrier,2025-08-13 11:10:53,2025-08-19 18:10:53
REF001874,EHR-REF0001874,NorthStar EHR,PAT001637,COV001637,PRC0018,ORG006,LOC006,SPC007,PRC0077,ORG023,,2026-07-01 03:39:35,2026-07-01 12:39:35,Synthetic evaluation request for Otolaryngology,Z50.6,Routine,Closed—Not Completed,,2026-07-10 05:39:35,,2026-07-04 09:39:35,2026-07-05 12:39:35,,,,2026-07-10 05:39:35,Not Completed,Insurance or Access Barrier,2026-07-01 12:39:35,2026-07-10 05:39:35
REF001875,EHR-REF0001875,NorthStar EHR,PAT000889,COV000889,PRC0031,ORG001,LOC001,SPC001,PRC0086,ORG007,,2026-02-04 21:18:13,2026-02-05 21:18:13,Synthetic evaluation request for Cardiology,Z15.4,Routine,Closed—Not Completed,,2026-02-09 23:18:13,,2026-02-06 06:18:13,2026-02-08 19:18:13,,,,2026-02-09 23:18:13,Not Completed,Insurance or Access Barrier,2026-02-05 21:18:13,2026-02-09 23:18:13
REF001876,EHR-REF0001876,NorthStar EHR,PAT001342,COV001342,PRC0003,ORG003,LOC003,SPC003,PRC0063,ORG009,USR009,2026-02-09 07:02:21,2026-02-10 00:02:21,Synthetic evaluation request for Endocrinology,Z14.1,Routine,Received,New Intake,2026-02-10 00:02:21,2026-02-13 00:02:21,,,,,,,,,2026-02-10 00:02:21,2026-02-10 00:02:21
REF001877,EHR-REF0001877,NorthStar EHR,PAT000637,COV000637,PRC0033,ORG003,LOC003,SPC006,PRC0051,ORG022,USR004,2025-09-27 11:07:10,2025-09-27 11:07:10,Synthetic evaluation request for Orthopedics,Z16.7,Routine,Outreach in Progress,Outreach Follow-Up,2025-10-02 00:07:10,2025-10-05 00:07:10,2025-09-30 12:07:10,2025-10-02 02:07:10,,,,,,,2025-09-27 11:07:10,2025-10-02 00:07:10
REF001878,EHR-REF0001878,NorthStar EHR,PAT000890,COV000890,PRC0026,ORG002,LOC002,SPC007,PRC0092,ORG013,,2026-01-30 04:01:26,2026-01-30 13:01:26,Synthetic evaluation request for Otolaryngology,Z12.2,Urgent,Closed—Completed,,2026-02-07 11:01:26,,2026-01-31 07:01:26,2026-01-30 21:01:26,2026-02-01 20:01:26,2026-03-07 20:01:26,2026-03-12 20:01:26,2026-03-13 10:01:26,Completed,,2026-01-30 13:01:26,2026-03-13 10:01:26
REF001879,EHR-REF0001879,NorthStar EHR,PAT000901,COV000901,PRC0028,ORG004,LOC004,SPC004,PRC0059,ORG030,USR001,2026-02-10 20:18:51,2026-02-10 20:18:51,Synthetic evaluation request for Gastroenterology,Z61.3,Routine,Outreach in Progress,Outreach Follow-Up,2026-02-14 10:18:51,2026-02-17 10:18:51,2026-02-11 02:18:51,2026-02-12 12:18:51,,,,,,,2026-02-10 20:18:51,2026-02-14 10:18:51
REF001880,EHR-REF0001880,NorthStar EHR,PAT000151,COV000151,PRC0014,ORG002,LOC002,SPC001,PRC0046,ORG017,,2026-05-19 23:41:17,2026-05-20 16:41:17,Synthetic evaluation request for Cardiology,Z20.3,Routine,Closed—Not Completed,,2026-05-26 21:41:17,,2026-05-22 11:41:17,2026-05-21 18:41:17,,,,2026-05-26 21:41:17,Not Completed,Insurance or Access Barrier,2026-05-20 16:41:17,2026-05-26 21:41:17
REF001881,EHR-REF0001881,NorthStar EHR,PAT001893,COV001893,PRC0033,ORG003,LOC003,SPC002,PRC0097,ORG018,,2026-03-21 14:53:38,2026-03-21 23:53:38,Synthetic evaluation request for Dermatology,Z17.3,Urgent,Closed—Completed,,2026-03-29 17:53:38,,2026-03-24 07:53:38,2026-03-24 08:53:38,2026-03-25 13:53:38,2026-03-28 13:53:38,2026-03-30 13:53:38,2026-03-31 12:53:38,Completed,,2026-03-21 23:53:38,2026-03-31 12:53:38
REF001882,EHR-REF0001882,NorthStar EHR,PAT000032,COV000032,PRC0002,ORG002,LOC002,SPC005,PRC0065,ORG011,USR014,2026-07-01 10:32:47,2026-07-02 05:32:47,Synthetic evaluation request for Neurology,Z26.6,Routine,Needs Information,Needs Information,2026-07-03 09:32:47,2026-07-06 09:32:47,,,,,,,,,2026-07-02 05:32:47,2026-07-03 09:32:47
REF001883,EHR-REF0001883,NorthStar EHR,PAT001135,COV001135,PRC0004,ORG004,LOC004,SPC004,PRC0059,ORG030,USR014,2025-10-02 23:35:27,2025-10-03 05:35:27,Synthetic evaluation request for Gastroenterology,Z77.2,Routine,Scheduled,Appointment Verification,2025-10-08 01:35:27,2025-10-11 01:35:27,2025-10-06 07:35:27,2025-10-07 18:35:27,2025-10-09 01:35:27,,,,,,2025-10-03 05:35:27,2025-10-08 01:35:27
REF001884,EHR-REF0001884,NorthStar EHR,PAT001943,COV001943,PRC0029,ORG005,LOC005,SPC007,PRC0102,ORG023,,2026-01-13 14:21:34,2026-01-14 12:21:34,Synthetic evaluation request for Otolaryngology,Z85.3,Routine,Closed—Completed,,2026-01-26 06:21:34,,2026-01-18 10:21:34,2026-01-19 10:21:34,2026-01-20 11:21:34,2026-02-13 11:21:34,2026-02-17 11:21:34,2026-02-18 10:21:34,Completed,,2026-01-14 12:21:34,2026-02-18 10:21:34
REF001885,EHR-REF0001885,NorthStar EHR,PAT001418,COV001418,PRC0029,ORG005,LOC005,SPC001,PRC0096,ORG017,USR010,2025-11-01 21:07:10,2025-11-02 10:07:10,Synthetic evaluation request for Cardiology,Z38.9,Routine,Scheduled,Appointment Verification,2025-11-06 02:07:10,2025-11-09 02:07:10,2025-11-02 17:07:10,2025-11-06 05:07:10,2025-11-08 04:07:10,,,,,,2025-11-02 10:07:10,2025-11-06 02:07:10
REF001886,EHR-REF0001886,NorthStar EHR,PAT000017,COV000017,PRC0021,ORG003,LOC003,SPC002,PRC0082,ORG028,,2026-05-20 09:17:48,2026-05-20 09:17:48,Synthetic evaluation request for Dermatology,Z62.7,Routine,Closed—Completed,,2026-05-31 02:17:48,,2026-05-20 22:17:48,2026-05-23 10:17:48,2026-05-24 23:17:48,2026-06-28 23:17:48,2026-07-07 23:17:48,2026-07-08 19:17:48,Completed,,2026-05-20 09:17:48,2026-07-08 19:17:48
REF001887,EHR-REF0001887,NorthStar EHR,PAT000603,COV000603,PRC0003,ORG003,LOC003,SPC003,PRC0063,ORG009,,2025-08-12 12:32:41,2025-08-12 16:32:41,Synthetic evaluation request for Endocrinology,Z16.9,Routine,Closed—Completed,,2025-08-20 22:32:41,,2025-08-15 01:32:41,2025-08-16 22:32:41,2025-08-17 07:32:41,2025-08-21 07:32:41,2025-08-26 07:32:41,2025-08-27 21:32:41,Completed,,2025-08-12 16:32:41,2025-08-27 21:32:41
REF001888,EHR-REF0001888,NorthStar EHR,PAT001272,COV001272,PRC0002,ORG002,LOC002,SPC008,PRC0068,ORG014,,2026-02-23 05:41:33,2026-02-23 19:41:33,Synthetic evaluation request for Pulmonology,Z48.1,Urgent,Closed—Completed,,2026-03-08 18:41:33,,2026-02-26 14:41:33,2026-02-24 19:41:33,2026-02-26 04:41:33,2026-03-17 04:41:33,2026-03-20 04:41:33,2026-03-20 21:41:33,Completed,,2026-02-23 19:41:33,2026-03-20 21:41:33
REF001889,EHR-REF0001889,NorthStar EHR,PAT001044,COV001044,PRC0029,ORG005,LOC005,SPC003,PRC0038,ORG009,,2025-09-29 12:54:36,2025-09-30 11:54:36,Synthetic evaluation request for Endocrinology,Z68.7,Routine,Closed—Completed,,2025-10-07 22:54:36,,2025-10-01 08:54:36,2025-10-01 10:54:36,2025-10-02 09:54:36,2025-11-01 09:54:36,2025-11-11 09:54:36,2025-11-13 05:54:36,Completed,,2025-09-30 11:54:36,2025-11-13 05:54:36
REF001890,EHR-REF0001890,NorthStar EHR,PAT000283,COV000283,PRC0001,ORG001,LOC001,SPC009,PRC0044,ORG015,,2025-10-30 07:33:28,2025-10-31 02:33:28,Synthetic evaluation request for Rheumatology,Z55.9,Routine,Closed—Completed,,2025-11-12 04:33:28,,2025-11-03 09:33:28,2025-11-04 19:33:28,2025-11-06 16:33:28,2025-11-15 16:33:28,2025-11-20 16:33:28,2025-11-21 10:33:28,Completed,,2025-10-31 02:33:28,2025-11-21 10:33:28
REF001891,EHR-REF0001891,NorthStar EHR,PAT001308,COV001308,PRC0003,ORG003,LOC003,SPC005,PRC0085,ORG031,USR013,2026-01-13 07:46:08,2026-01-13 22:46:08,Synthetic evaluation request for Neurology,Z47.8,Routine,Scheduled,Appointment Verification,2026-01-19 22:46:08,2026-01-22 22:46:08,2026-01-15 20:46:08,2026-01-14 21:46:08,2026-01-16 01:46:08,,,,,,2026-01-13 22:46:08,2026-01-19 22:46:08
REF001892,EHR-REF0001892,NorthStar EHR,PAT001542,COV001542,PRC0020,ORG002,LOC002,SPC001,PRC0056,ORG027,,2025-09-02 17:13:13,2025-09-03 11:13:13,Synthetic evaluation request for Cardiology,Z17.8,Routine,Closed—Completed,,2025-09-17 21:13:13,,2025-09-05 10:13:13,2025-09-06 03:13:13,2025-09-07 17:13:13,2025-09-24 17:13:13,2025-10-04 17:13:13,2025-10-05 15:13:13,Completed,,2025-09-03 11:13:13,2025-10-05 15:13:13
REF001893,EHR-REF0001893,NorthStar EHR,PAT001902,COV001902,PRC0015,ORG003,LOC003,SPC009,PRC0069,ORG015,USR013,2025-08-19 08:37:53,2025-08-19 14:37:53,Synthetic evaluation request for Rheumatology,Z71.0,Routine,Needs Information,Needs Information,2025-08-20 10:37:53,2025-08-23 10:37:53,,,,,,,,,2025-08-19 14:37:53,2025-08-20 10:37:53
REF001894,EHR-REF0001894,NorthStar EHR,PAT000666,COV000666,PRC0030,ORG006,LOC006,SPC008,PRC0103,ORG024,USR008,2026-04-09 03:13:37,2026-04-09 20:13:37,Synthetic evaluation request for Pulmonology,Z66.4,Urgent,Scheduled,Appointment Verification,2026-04-17 07:13:37,2026-04-18 07:13:37,2026-04-12 20:13:37,2026-04-10 08:13:37,2026-04-11 22:13:37,,,,,,2026-04-09 20:13:37,2026-04-17 07:13:37
REF001895,EHR-REF0001895,NorthStar EHR,PAT000806,COV000806,PRC0007,ORG001,LOC001,SPC007,PRC0092,ORG013,,2026-03-24 03:54:24,2026-03-24 04:54:24,Synthetic evaluation request for Otolaryngology,Z58.8,Routine,Closed—Completed,,2026-04-06 18:54:24,,2026-03-27 07:54:24,2026-03-26 10:54:24,2026-03-28 10:54:24,2026-04-18 10:54:24,2026-04-22 10:54:24,2026-04-24 01:54:24,Completed,,2026-03-24 04:54:24,2026-04-24 01:54:24
REF001896,EHR-REF0001896,NorthStar EHR,PAT001133,COV001133,PRC0008,ORG002,LOC002,SPC009,PRC0044,ORG015,,2025-09-23 08:20:44,2025-09-23 17:20:44,Synthetic evaluation request for Rheumatology,Z81.4,Routine,Closed—Completed,,2025-10-06 07:20:44,,2025-09-26 19:20:44,2025-09-26 04:20:44,2025-09-27 21:20:44,2025-10-09 21:20:44,2025-10-15 21:20:44,2025-10-17 00:20:44,Completed,,2025-09-23 17:20:44,2025-10-17 00:20:44
REF001897,EHR-REF0001897,NorthStar EHR,PAT000394,COV000394,PRC0021,ORG003,LOC003,SPC002,PRC0057,ORG028,USR013,2025-08-18 00:34:06,2025-08-18 10:34:06,Synthetic evaluation request for Dermatology,Z45.1,Routine,Completed—Report Pending,Report Pending,2025-08-27 15:34:06,2025-08-30 15:34:06,2025-08-22 09:34:06,2025-08-20 22:34:06,2025-08-22 20:34:06,2025-09-23 20:34:06,,,,,2025-08-18 10:34:06,2025-08-27 15:34:06
REF001898,EHR-REF0001898,NorthStar EHR,PAT001022,COV001022,PRC0017,ORG005,LOC005,SPC003,PRC0108,ORG029,USR008,2025-10-18 04:15:43,2025-10-18 13:15:43,Synthetic evaluation request for Endocrinology,Z70.9,Routine,Outreach in Progress,Outreach Follow-Up,2025-10-24 08:15:43,2025-10-27 08:15:43,2025-10-21 14:15:43,2025-10-22 11:15:43,,,,,,,2025-10-18 13:15:43,2025-10-24 08:15:43
REF001899,EHR-REF0001899,NorthStar EHR,PAT000202,COV000202,PRC0029,ORG005,LOC005,SPC007,PRC0092,ORG013,,2026-03-03 05:03:22,2026-03-03 14:03:22,Synthetic evaluation request for Otolaryngology,Z27.2,Urgent,Closed—Not Completed,,2026-03-11 07:03:22,,2026-03-05 00:03:22,2026-03-08 01:03:22,,,,2026-03-11 07:03:22,Not Completed,Unable to Contact After Protocol,2026-03-03 14:03:22,2026-03-11 07:03:22
REF001900,EHR-REF0001900,NorthStar EHR,PAT001705,COV001705,PRC0029,ORG005,LOC005,SPC010,PRC0105,ORG026,,2025-12-23 01:37:07,2025-12-23 18:37:07,Synthetic evaluation request for General Surgery,Z53.9,Routine,Cancelled,,2025-12-27 04:37:07,,2025-12-27 04:37:07,,,,,2025-12-27 04:37:07,Cancelled,No Longer Clinically Indicated,2025-12-23 18:37:07,2025-12-27 04:37:07
REF001901,EHR-REF0001901,NorthStar EHR,PAT001296,COV001296,PRC0018,ORG006,LOC006,SPC002,PRC0062,ORG008,,2026-01-01 01:10:02,2026-01-01 08:10:02,Synthetic evaluation request for Dermatology,Z64.0,Routine,Closed—Completed,,2026-01-09 22:10:02,,2026-01-01 19:10:02,2026-01-03 16:10:02,2026-01-03 18:10:02,2026-01-11 18:10:02,2026-01-15 18:10:02,2026-01-16 18:10:02,Completed,,2026-01-01 08:10:02,2026-01-16 18:10:02
REF001902,EHR-REF0001902,NorthStar EHR,PAT000601,COV000601,PRC0024,ORG006,LOC006,SPC009,PRC0104,ORG025,,2025-10-17 14:56:00,2025-10-18 06:56:00,Synthetic evaluation request for Rheumatology,Z89.7,Routine,Closed—Completed,,2025-10-31 22:56:00,,2025-10-21 20:56:00,2025-10-22 02:56:00,2025-10-23 11:56:00,2025-10-28 11:56:00,2025-10-30 11:56:00,2025-10-31 11:56:00,Completed,,2025-10-18 06:56:00,2025-10-31 11:56:00
REF001903,EHR-REF0001903,NorthStar EHR,PAT001243,COV001243,PRC0014,ORG002,LOC002,SPC008,PRC0078,ORG024,USR008,2026-05-27 13:05:11,2026-05-27 22:05:11,Synthetic evaluation request for Pulmonology,Z45.8,Routine,Completed—Report Pending,Report Pending,2026-06-06 17:05:11,2026-06-09 17:05:11,2026-05-30 14:05:11,2026-05-28 21:05:11,2026-05-30 08:05:11,2026-06-18 08:05:11,,,,,2026-05-27 22:05:11,2026-06-06 17:05:11
REF001904,EHR-REF0001904,NorthStar EHR,PAT000727,COV000727,PRC0031,ORG001,LOC001,SPC002,PRC0037,ORG008,USR004,2025-11-02 12:13:57,2025-11-03 06:13:57,Synthetic evaluation request for Dermatology,Z39.3,Routine,Needs Information,Needs Information,2025-11-03 12:13:57,2025-11-06 12:13:57,,,,,,,,,2025-11-03 06:13:57,2025-11-03 12:13:57
REF001905,EHR-REF0001905,NorthStar EHR,PAT001716,COV001716,PRC0010,ORG004,LOC004,SPC009,PRC0069,ORG015,,2025-10-28 06:55:43,2025-10-28 06:55:43,Synthetic evaluation request for Rheumatology,Z79.6,Routine,Closed—Completed,,2025-11-08 18:55:43,,2025-10-30 02:55:43,2025-10-29 16:55:43,2025-10-30 11:55:43,2025-11-12 11:55:43,2025-11-20 11:55:43,2025-11-20 21:55:43,Completed,,2025-10-28 06:55:43,2025-11-20 21:55:43
REF001906,EHR-REF0001906,NorthStar EHR,PAT001029,COV001029,PRC0035,ORG005,LOC005,SPC002,PRC0097,ORG018,,2025-09-27 04:32:47,2025-09-27 23:32:47,Synthetic evaluation request for Dermatology,Z64.1,Routine,Closed—Completed,,2025-10-14 13:32:47,,2025-09-30 23:32:47,2025-09-30 08:32:47,2025-10-01 18:32:47,2025-10-17 18:32:47,2025-10-20 18:32:47,2025-10-21 20:32:47,Completed,,2025-09-27 23:32:47,2025-10-21 20:32:47
REF001907,EHR-REF0001907,NorthStar EHR,PAT001681,COV001681,PRC0023,ORG005,LOC005,SPC010,PRC0045,ORG016,USR007,2026-03-14 22:19:44,2026-03-15 17:19:44,Synthetic evaluation request for General Surgery,Z37.4,Routine,Scheduled,Appointment Verification,2026-03-21 08:19:44,2026-03-24 08:19:44,2026-03-16 01:19:44,2026-03-16 09:19:44,2026-03-18 01:19:44,,,,,,2026-03-15 17:19:44,2026-03-21 08:19:44
REF001908,EHR-REF0001908,NorthStar EHR,PAT001932,COV001932,PRC0015,ORG003,LOC003,SPC001,PRC0061,ORG007,,2025-09-09 00:13:52,2025-09-09 21:13:52,Synthetic evaluation request for Cardiology,Z39.5,Routine,Closed—Completed,,2025-09-22 15:13:52,,2025-09-13 02:13:52,2025-09-14 10:13:52,2025-09-14 13:13:52,2025-09-24 13:13:52,2025-10-02 13:13:52,2025-10-03 13:13:52,Completed,,2025-09-09 21:13:52,2025-10-03 13:13:52
REF001909,EHR-REF0001909,NorthStar EHR,PAT000734,COV000734,PRC0018,ORG006,LOC006,SPC006,PRC0066,ORG012,USR008,2025-12-06 14:12:06,2025-12-06 16:12:06,Synthetic evaluation request for Orthopedics,Z10.2,Routine,Completed—Report Pending,Report Pending,2025-12-14 08:12:06,2025-12-17 08:12:06,2025-12-07 20:12:06,2025-12-07 03:12:06,2025-12-08 15:12:06,2025-12-13 15:12:06,,,,,2025-12-06 16:12:06,2025-12-14 08:12:06
REF001910,EHR-REF0001910,NorthStar EHR,PAT000249,COV000249,PRC0005,ORG005,LOC005,SPC002,PRC0097,ORG018,,2026-04-28 21:06:13,2026-04-28 21:06:13,Synthetic evaluation request for Dermatology,Z80.1,Routine,Closed—Completed,,2026-05-13 15:06:13,,2026-05-02 09:06:13,2026-05-01 05:06:13,2026-05-02 22:06:13,2026-05-23 22:06:13,2026-05-26 22:06:13,2026-05-28 10:06:13,Completed,,2026-04-28 21:06:13,2026-05-28 10:06:13
REF001911,EHR-REF0001911,NorthStar EHR,PAT001468,COV001468,PRC0017,ORG005,LOC005,SPC002,PRC0087,ORG008,USR002,2026-07-05 18:38:01,2026-07-06 03:38:01,Synthetic evaluation request for Dermatology,Z42.2,Routine,Completed—Report Pending,Report Pending,2026-07-11 05:38:01,2026-07-14 05:38:01,2026-07-06 13:38:01,2026-07-08 12:38:01,2026-07-09 17:38:01,2026-07-19 17:38:01,,,,,2026-07-06 03:38:01,2026-07-11 05:38:01
REF001912,EHR-REF0001912,NorthStar EHR,PAT001876,COV001876,PRC0017,ORG005,LOC005,SPC002,PRC0107,ORG028,USR009,2026-06-28 23:26:37,2026-06-29 22:26:37,Synthetic evaluation request for Dermatology,Z37.1,Routine,Scheduled,Appointment Verification,2026-07-05 20:26:37,2026-07-08 20:26:37,2026-06-30 19:26:37,2026-07-02 04:26:37,2026-07-03 20:26:37,,,,,,2026-06-29 22:26:37,2026-07-05 20:26:37
REF001913,EHR-REF0001913,NorthStar EHR,PAT001264,COV001264,PRC0035,ORG005,LOC005,SPC005,PRC0060,ORG031,USR007,2026-02-15 07:36:39,2026-02-15 21:36:39,Synthetic evaluation request for Neurology,Z23.3,Routine,Completed—Report Pending,Report Pending,2026-02-22 17:36:39,2026-02-25 17:36:39,2026-02-16 21:36:39,2026-02-16 17:36:39,2026-02-17 19:36:39,2026-03-18 19:36:39,,,,,2026-02-15 21:36:39,2026-02-22 17:36:39
REF001914,EHR-REF0001914,NorthStar EHR,PAT000507,COV000507,PRC0023,ORG005,LOC005,SPC006,PRC0066,ORG012,USR004,2025-09-07 10:41:59,2025-09-07 12:41:59,Synthetic evaluation request for Orthopedics,Z64.4,Urgent,Ready for Outreach,Ready for Outreach,2025-09-08 14:41:59,2025-09-09 14:41:59,2025-09-08 14:41:59,,,,,,,,2025-09-07 12:41:59,2025-09-08 14:41:59
REF001915,EHR-REF0001915,NorthStar EHR,PAT001733,COV001733,PRC0024,ORG006,LOC006,SPC006,PRC0041,ORG012,,2026-06-01 11:56:07,2026-06-02 07:56:07,Synthetic evaluation request for Orthopedics,Z45.7,Urgent,Closed—Completed,,2026-06-15 07:56:07,,2026-06-03 15:56:07,2026-06-03 14:56:07,2026-06-05 12:56:07,2026-06-11 12:56:07,2026-06-14 12:56:07,2026-06-15 17:56:07,Completed,,2026-06-02 07:56:07,2026-06-15 17:56:07
REF001916,EHR-REF0001916,NorthStar EHR,PAT000324,COV000324,PRC0035,ORG005,LOC005,SPC003,PRC0038,ORG009,USR010,2026-06-09 15:40:34,2026-06-10 13:40:34,Synthetic evaluation request for Endocrinology,Z19.3,Routine,Needs Information,Needs Information,2026-06-11 01:40:34,2026-06-14 01:40:34,,,,,,,,,2026-06-10 13:40:34,2026-06-11 01:40:34
REF001917,EHR-REF0001917,NorthStar EHR,PAT001922,COV001922,PRC0027,ORG003,LOC003,SPC007,PRC0042,ORG013,USR014,2025-09-29 18:09:24,2025-09-30 17:09:24,Synthetic evaluation request for Otolaryngology,Z58.9,Routine,Completed—Report Pending,Report Pending,2025-10-05 01:09:24,2025-10-08 01:09:24,2025-10-02 09:09:24,2025-10-03 13:09:24,2025-10-05 10:09:24,2025-10-22 10:09:24,,,,,2025-09-30 17:09:24,2025-10-05 01:09:24
REF001918,EHR-REF0001918,NorthStar EHR,PAT001786,COV001786,PRC0004,ORG004,LOC004,SPC003,PRC0038,ORG009,,2025-11-26 23:31:18,2025-11-27 13:31:18,Synthetic evaluation request for Endocrinology,Z23.5,Routine,Closed—Completed,,2025-12-07 06:31:18,,2025-11-29 21:31:18,2025-11-30 10:31:18,2025-12-01 21:31:18,2025-12-27 21:31:18,2026-01-04 21:31:18,2026-01-06 00:31:18,Completed,,2025-11-27 13:31:18,2026-01-06 00:31:18
REF001919,EHR-REF0001919,NorthStar EHR,PAT001086,COV001086,PRC0028,ORG004,LOC004,SPC008,PRC0078,ORG024,,2026-06-09 22:10:18,2026-06-10 19:10:18,Synthetic evaluation request for Pulmonology,Z83.6,Routine,Closed—Not Completed,,2026-06-19 17:10:18,,2026-06-12 14:10:18,2026-06-11 07:10:18,,,,2026-06-19 17:10:18,Not Completed,Patient Chose Another Provider,2026-06-10 19:10:18,2026-06-19 17:10:18
REF001920,EHR-REF0001920,NorthStar EHR,PAT000794,COV000794,PRC0034,ORG004,LOC004,SPC006,PRC0091,ORG012,USR011,2026-01-18 18:52:36,2026-01-19 04:52:36,Synthetic evaluation request for Orthopedics,Z20.0,Routine,Completed—Report Pending,Report Pending,2026-01-28 00:52:36,2026-01-31 00:52:36,2026-01-20 01:52:36,2026-01-20 12:52:36,2026-01-20 18:52:36,2026-02-09 18:52:36,,,,,2026-01-19 04:52:36,2026-01-28 00:52:36
REF001921,EHR-REF0001921,NorthStar EHR,PAT000483,COV000483,PRC0011,ORG005,LOC005,SPC006,PRC0091,ORG012,,2025-10-16 08:39:53,2025-10-17 05:39:53,Synthetic evaluation request for Orthopedics,Z83.7,Routine,Closed—Completed,,2025-10-25 10:39:53,,2025-10-18 14:39:53,2025-10-19 07:39:53,2025-10-20 23:39:53,2025-11-16 23:39:53,2025-11-24 23:39:53,2025-11-25 19:39:53,Completed,,2025-10-17 05:39:53,2025-11-25 19:39:53
REF001922,EHR-REF0001922,NorthStar EHR,PAT000860,COV000860,PRC0025,ORG001,LOC001,SPC008,PRC0103,ORG024,,2025-10-08 03:47:29,2025-10-08 16:47:29,Synthetic evaluation request for Pulmonology,Z44.5,Routine,Closed—Completed,,2025-10-16 19:47:29,,2025-10-10 05:47:29,2025-10-12 13:47:29,2025-10-13 00:47:29,2025-10-25 00:47:29,2025-11-03 00:47:29,2025-11-04 01:47:29,Completed,,2025-10-08 16:47:29,2025-11-04 01:47:29
REF001923,EHR-REF0001923,NorthStar EHR,PAT000512,COV000512,PRC0027,ORG003,LOC003,SPC005,PRC0040,ORG011,,2026-04-03 00:07:48,2026-04-04 00:07:48,Synthetic evaluation request for Neurology,Z52.5,Routine,Closed—Completed,,2026-04-16 17:07:48,,2026-04-07 19:07:48,2026-04-07 07:07:48,2026-04-08 05:07:48,2026-04-15 05:07:48,2026-04-19 05:07:48,2026-04-19 16:07:48,Completed,,2026-04-04 00:07:48,2026-04-19 16:07:48
REF001924,EHR-REF0001924,NorthStar EHR,PAT000107,COV000107,PRC0035,ORG005,LOC005,SPC002,PRC0057,ORG028,,2026-01-27 16:10:34,2026-01-28 00:10:34,Synthetic evaluation request for Dermatology,Z37.8,Routine,Closed—Not Completed,,2026-02-05 00:10:34,,2026-01-31 02:10:34,2026-02-01 12:10:34,,,,2026-02-05 00:10:34,Not Completed,No Longer Clinically Indicated,2026-01-28 00:10:34,2026-02-05 00:10:34
REF001925,EHR-REF0001925,NorthStar EHR,PAT001515,COV001515,PRC0032,ORG002,LOC002,SPC007,PRC0067,ORG013,,2025-08-04 03:59:41,2025-08-04 05:59:41,Synthetic evaluation request for Otolaryngology,Z75.2,Routine,Closed—Not Completed,,2025-08-09 19:59:41,,2025-08-06 23:59:41,2025-08-06 12:59:41,,,,2025-08-09 19:59:41,Not Completed,Patient Moved,2025-08-04 05:59:41,2025-08-09 19:59:41
REF001926,EHR-REF0001926,NorthStar EHR,PAT000424,COV000424,PRC0031,ORG001,LOC001,SPC010,PRC0105,ORG026,,2026-03-28 13:08:07,2026-03-28 22:08:07,Synthetic evaluation request for General Surgery,Z35.3,Routine,Closed—Completed,,2026-04-10 04:08:07,,2026-03-31 18:08:07,2026-03-30 08:08:07,2026-03-31 12:08:07,2026-04-18 12:08:07,2026-04-27 12:08:07,2026-04-28 22:08:07,Completed,,2026-03-28 22:08:07,2026-04-28 22:08:07
REF001927,EHR-REF0001927,NorthStar EHR,PAT000536,COV000536,PRC0007,ORG001,LOC001,SPC007,PRC0077,ORG023,,2025-12-18 04:43:13,2025-12-18 11:43:13,Synthetic evaluation request for Otolaryngology,Z87.9,Routine,Closed—Completed,,2026-01-01 10:43:13,,2025-12-21 03:43:13,2025-12-22 05:43:13,2025-12-22 07:43:13,2026-01-17 07:43:13,2026-01-26 07:43:13,2026-01-27 12:43:13,Completed,,2025-12-18 11:43:13,2026-01-27 12:43:13
REF001928,EHR-REF0001928,NorthStar EHR,PAT000189,COV000189,PRC0003,ORG003,LOC003,SPC009,PRC0054,ORG025,,2025-10-02 05:53:06,2025-10-02 09:53:06,Synthetic evaluation request for Rheumatology,Z57.5,Routine,Closed—Completed,,2025-10-09 03:53:06,,2025-10-04 19:53:06,2025-10-04 11:53:06,2025-10-05 14:53:06,2025-11-07 14:53:06,2025-11-11 14:53:06,2025-11-12 09:53:06,Completed,,2025-10-02 09:53:06,2025-11-12 09:53:06
REF001929,EHR-REF0001929,NorthStar EHR,PAT001405,COV001405,PRC0025,ORG001,LOC001,SPC010,PRC0055,ORG026,,2026-03-11 19:21:01,2026-03-12 15:21:01,Synthetic evaluation request for General Surgery,Z41.6,Routine,Closed—Completed,,2026-03-18 16:21:01,,2026-03-13 12:21:01,2026-03-17 03:21:01,2026-03-18 10:21:01,2026-03-29 10:21:01,2026-03-30 10:21:01,2026-03-31 13:21:01,Completed,,2026-03-12 15:21:01,2026-03-31 13:21:01
REF001930,EHR-REF0001930,NorthStar EHR,PAT000553,COV000553,PRC0013,ORG001,LOC001,SPC007,PRC0077,ORG023,,2025-09-04 12:45:44,2025-09-04 14:45:44,Synthetic evaluation request for Otolaryngology,Z75.7,Routine,Closed—Completed,,2025-09-15 09:45:44,,2025-09-06 17:45:44,2025-09-09 14:45:44,2025-09-11 09:45:44,2025-10-05 09:45:44,2025-10-12 09:45:44,2025-10-13 10:45:44,Completed,,2025-09-04 14:45:44,2025-10-13 10:45:44
REF001931,EHR-REF0001931,NorthStar EHR,PAT001488,COV001488,PRC0006,ORG006,LOC006,SPC005,PRC0075,ORG021,,2026-03-03 16:44:24,2026-03-04 06:44:24,Synthetic evaluation request for Neurology,Z78.7,Routine,Closed—Completed,,2026-03-14 17:44:24,,2026-03-04 10:44:24,2026-03-06 12:44:24,2026-03-08 09:44:24,2026-04-07 09:44:24,2026-04-12 09:44:24,2026-04-13 02:44:24,Completed,,2026-03-04 06:44:24,2026-04-13 02:44:24
REF001932,EHR-REF0001932,NorthStar EHR,PAT001628,COV001628,PRC0032,ORG002,LOC002,SPC003,PRC0073,ORG019,,2025-09-09 11:07:46,2025-09-09 23:07:46,Synthetic evaluation request for Endocrinology,Z27.8,Routine,Closed—Completed,,2025-09-16 21:07:46,,2025-09-11 21:07:46,2025-09-14 22:07:46,2025-09-16 20:07:46,2025-10-20 20:07:46,2025-10-26 20:07:46,2025-10-28 13:07:46,Completed,,2025-09-09 23:07:46,2025-10-28 13:07:46
REF001933,EHR-REF0001933,NorthStar EHR,PAT001447,COV001447,PRC0005,ORG005,LOC005,SPC005,PRC0100,ORG021,,2025-10-03 15:26:58,2025-10-03 16:26:58,Synthetic evaluation request for Neurology,Z50.4,Routine,Closed—Completed,,2025-10-18 07:26:58,,2025-10-07 16:26:58,2025-10-06 09:26:58,2025-10-08 05:26:58,2025-10-19 05:26:58,2025-10-28 05:26:58,2025-10-29 18:26:58,Completed,,2025-10-03 16:26:58,2025-10-29 18:26:58
REF001934,EHR-REF0001934,NorthStar EHR,PAT001514,COV001514,PRC0013,ORG001,LOC001,SPC008,PRC0043,ORG014,,2025-09-23 22:12:47,2025-09-24 12:12:47,Synthetic evaluation request for Pulmonology,Z84.1,Routine,Closed—Not Completed,,2025-09-26 15:12:47,,2025-09-24 18:12:47,2025-09-25 01:12:47,,,,2025-09-26 15:12:47,Not Completed,Unable to Contact After Protocol,2025-09-24 12:12:47,2025-09-26 15:12:47
REF001935,EHR-REF0001935,NorthStar EHR,PAT001612,COV001612,PRC0004,ORG004,LOC004,SPC005,PRC0090,ORG011,,2025-10-02 06:52:55,2025-10-02 13:52:55,Synthetic evaluation request for Neurology,Z70.8,Routine,Closed—Completed,,2025-10-13 19:52:55,,2025-10-03 04:52:55,2025-10-07 03:52:55,2025-10-08 00:52:55,2025-10-12 00:52:55,2025-10-17 00:52:55,2025-10-18 00:52:55,Completed,,2025-10-02 13:52:55,2025-10-18 00:52:55
REF001936,EHR-REF0001936,NorthStar EHR,PAT001056,COV001056,PRC0011,ORG005,LOC005,SPC010,PRC0055,ORG026,USR002,2025-08-06 11:10:43,2025-08-06 21:10:43,Synthetic evaluation request for General Surgery,Z10.0,Routine,Completed—Report Pending,Report Pending,2025-08-13 05:10:43,2025-08-16 05:10:43,2025-08-10 04:10:43,2025-08-10 11:10:43,2025-08-11 21:10:43,2025-08-20 21:10:43,,,,,2025-08-06 21:10:43,2025-08-13 05:10:43
REF001937,EHR-REF0001937,NorthStar EHR,PAT001859,COV001859,PRC0034,ORG004,LOC004,SPC001,PRC0081,ORG027,,2026-04-12 16:47:57,2026-04-13 15:47:57,Synthetic evaluation request for Cardiology,Z46.0,Urgent,Closed—Completed,,2026-04-23 07:47:57,,2026-04-15 20:47:57,2026-04-17 03:47:57,2026-04-18 05:47:57,2026-04-26 05:47:57,2026-05-02 05:47:57,2026-05-03 04:47:57,Completed,,2026-04-13 15:47:57,2026-05-03 04:47:57
REF001938,EHR-REF0001938,NorthStar EHR,PAT001551,COV001551,PRC0030,ORG006,LOC006,SPC001,PRC0056,ORG027,,2026-05-22 02:56:16,2026-05-22 10:56:16,Synthetic evaluation request for Cardiology,Z56.6,Routine,Closed—Completed,,2026-06-04 06:56:16,,2026-05-25 02:56:16,2026-05-25 15:56:16,2026-05-25 20:56:16,2026-06-04 20:56:16,2026-06-13 20:56:16,2026-06-15 03:56:16,Completed,,2026-05-22 10:56:16,2026-06-15 03:56:16
REF001939,EHR-REF0001939,NorthStar EHR,PAT000058,COV000058,PRC0013,ORG001,LOC001,SPC009,PRC0104,ORG025,,2026-03-05 12:37:24,2026-03-05 14:37:24,Synthetic evaluation request for Rheumatology,Z33.3,Urgent,Closed—Completed,,2026-03-16 23:37:24,,2026-03-08 13:37:24,2026-03-10 14:37:24,2026-03-12 07:37:24,2026-04-08 07:37:24,2026-04-14 07:37:24,2026-04-15 14:37:24,Completed,,2026-03-05 14:37:24,2026-04-15 14:37:24
REF001940,EHR-REF0001940,NorthStar EHR,PAT000170,COV000170,PRC0016,ORG004,LOC004,SPC004,PRC0109,ORG030,USR004,2026-02-11 11:00:09,2026-02-12 05:00:09,Synthetic evaluation request for Gastroenterology,Z89.1,Routine,Completed—Report Pending,Report Pending,2026-02-19 06:00:09,2026-02-22 06:00:09,2026-02-14 18:00:09,2026-02-13 13:00:09,2026-02-15 03:00:09,2026-03-22 03:00:09,,,,,2026-02-12 05:00:09,2026-02-19 06:00:09
REF001941,EHR-REF0001941,NorthStar EHR,PAT000286,COV000286,PRC0005,ORG005,LOC005,SPC001,PRC0081,ORG027,USR011,2026-03-18 09:39:40,2026-03-19 08:39:40,Synthetic evaluation request for Cardiology,Z29.1,Routine,Scheduled,Appointment Verification,2026-03-25 04:39:40,2026-03-28 04:39:40,2026-03-22 16:39:40,2026-03-21 18:39:40,2026-03-22 10:39:40,,,,,,2026-03-19 08:39:40,2026-03-25 04:39:40
REF001942,EHR-REF0001942,NorthStar EHR,PAT000717,COV000717,PRC0011,ORG005,LOC005,SPC010,PRC0095,ORG016,,2025-11-18 06:30:42,2025-11-19 01:30:42,Synthetic evaluation request for General Surgery,Z14.4,Urgent,Closed—Completed,,2025-11-26 22:30:42,,2025-11-20 18:30:42,2025-11-19 22:30:42,2025-11-21 14:30:42,2025-12-05 14:30:42,2025-12-13 14:30:42,2025-12-15 03:30:42,Completed,,2025-11-19 01:30:42,2025-12-15 03:30:42
REF001943,EHR-REF0001943,NorthStar EHR,PAT001345,COV001345,PRC0007,ORG001,LOC001,SPC002,PRC0107,ORG028,,2025-09-30 04:45:22,2025-09-30 11:45:22,Synthetic evaluation request for Dermatology,Z86.7,Routine,Closed—Not Completed,,2025-10-08 03:45:22,,2025-10-04 07:45:22,2025-10-03 16:45:22,,,,2025-10-08 03:45:22,Not Completed,Unable to Contact After Protocol,2025-09-30 11:45:22,2025-10-08 03:45:22
REF001944,EHR-REF0001944,NorthStar EHR,PAT001218,COV001218,PRC0012,ORG006,LOC006,SPC010,PRC0105,ORG026,,2026-06-19 10:49:39,2026-06-20 04:49:39,Synthetic evaluation request for General Surgery,Z48.0,Routine,Closed—Completed,,2026-06-28 16:49:39,,2026-06-20 15:49:39,2026-06-24 06:49:39,2026-06-25 12:49:39,2026-07-22 12:49:39,2026-07-25 12:49:39,2026-07-26 22:49:39,Completed,,2026-06-20 04:49:39,2026-07-26 22:49:39
REF001945,EHR-REF0001945,NorthStar EHR,PAT000585,COV000585,PRC0006,ORG006,LOC006,SPC008,PRC0103,ORG024,USR012,2026-06-01 03:39:26,2026-06-02 01:39:26,Synthetic evaluation request for Pulmonology,Z71.4,Routine,Needs Information,Needs Information,2026-06-05 18:39:26,2026-06-08 18:39:26,,,,,,,,,2026-06-02 01:39:26,2026-06-05 18:39:26
REF001946,EHR-REF0001946,NorthStar EHR,PAT000686,COV000686,PRC0002,ORG002,LOC002,SPC004,PRC0099,ORG020,,2025-10-05 21:33:15,2025-10-06 01:33:15,Synthetic evaluation request for Gastroenterology,Z50.4,Routine,Cancelled,,2025-10-09 16:33:15,,2025-10-09 16:33:15,,,,,2025-10-09 16:33:15,Cancelled,No Longer Clinically Indicated,2025-10-06 01:33:15,2025-10-09 16:33:15
REF001947,EHR-REF0001947,NorthStar EHR,PAT001938,COV001938,PRC0024,ORG006,LOC006,SPC001,PRC0036,ORG007,,2026-07-13 00:02:00,2026-07-13 19:02:00,Synthetic evaluation request for Cardiology,Z22.0,Routine,Closed—Not Completed,,2026-07-20 17:02:00,,2026-07-16 16:02:00,2026-07-15 19:02:00,,,,2026-07-20 17:02:00,Not Completed,Patient Declined,2026-07-13 19:02:00,2026-07-20 17:02:00
REF001948,EHR-REF0001948,NorthStar EHR,PAT001097,COV001097,PRC0029,ORG005,LOC005,SPC001,PRC0056,ORG027,,2026-01-21 23:46:29,2026-01-22 00:46:29,Synthetic evaluation request for Cardiology,Z32.3,Routine,Closed—Completed,,2026-02-02 22:46:29,,2026-01-24 21:46:29,2026-01-26 18:46:29,2026-01-28 01:46:29,2026-02-14 01:46:29,2026-02-21 01:46:29,2026-02-22 16:46:29,Completed,,2026-01-22 00:46:29,2026-02-22 16:46:29
REF001949,EHR-REF0001949,NorthStar EHR,PAT001218,COV001218,PRC0029,ORG005,LOC005,SPC004,PRC0089,ORG010,,2026-04-11 13:13:10,2026-04-12 12:13:10,Synthetic evaluation request for Gastroenterology,Z61.0,Routine,Closed—Not Completed,,2026-04-19 19:13:10,,2026-04-15 11:13:10,2026-04-15 08:13:10,,,,2026-04-19 19:13:10,Not Completed,Transferred Care,2026-04-12 12:13:10,2026-04-19 19:13:10
REF001950,EHR-REF0001950,NorthStar EHR,PAT001426,COV001426,PRC0029,ORG005,LOC005,SPC001,PRC0106,ORG027,,2025-08-17 02:51:44,2025-08-17 02:51:44,Synthetic evaluation request for Cardiology,Z42.2,Routine,Closed—Completed,,2025-08-27 07:51:44,,2025-08-18 11:51:44,2025-08-18 20:51:44,2025-08-19 16:51:44,2025-09-13 16:51:44,2025-09-19 16:51:44,2025-09-20 23:51:44,Completed,,2025-08-17 02:51:44,2025-09-20 23:51:44
REF001951,EHR-REF0001951,NorthStar EHR,PAT001715,COV001715,PRC0024,ORG006,LOC006,SPC002,PRC0087,ORG008,,2026-02-20 17:57:40,2026-02-20 17:57:40,Synthetic evaluation request for Dermatology,Z54.7,Routine,Closed—Completed,,2026-03-09 09:57:40,,2026-02-22 19:57:40,2026-02-21 04:57:40,2026-02-21 21:57:40,2026-03-17 21:57:40,2026-03-27 21:57:40,2026-03-29 03:57:40,Completed,,2026-02-20 17:57:40,2026-03-29 03:57:40
REF001952,EHR-REF0001952,NorthStar EHR,PAT000257,COV000257,PRC0013,ORG001,LOC001,SPC003,PRC0048,ORG019,,2026-01-15 14:43:49,2026-01-16 13:43:49,Synthetic evaluation request for Endocrinology,Z30.8,Urgent,Cancelled,,2026-01-19 04:43:49,,2026-01-19 04:43:49,,,,,2026-01-19 04:43:49,Cancelled,Duplicate Referral,2026-01-16 13:43:49,2026-01-19 04:43:49
REF001953,EHR-REF0001953,NorthStar EHR,PAT001464,COV001464,PRC0017,ORG005,LOC005,SPC001,PRC0061,ORG007,,2025-10-31 04:00:17,2025-10-31 04:00:17,Synthetic evaluation request for Cardiology,Z74.4,Routine,Closed—Completed,,2025-11-13 13:00:17,,2025-11-03 16:00:17,2025-11-01 06:00:17,2025-11-02 11:00:17,2025-11-21 11:00:17,2025-12-01 11:00:17,2025-12-02 10:00:17,Completed,,2025-10-31 04:00:17,2025-12-02 10:00:17
REF001954,EHR-REF0001954,NorthStar EHR,PAT001462,COV001462,PRC0035,ORG005,LOC005,SPC009,PRC0104,ORG025,USR002,2026-05-03 19:26:12,2026-05-03 23:26:12,Synthetic evaluation request for Rheumatology,Z10.7,Routine,Received,New Intake,2026-05-03 23:26:12,2026-05-06 23:26:12,,,,,,,,,2026-05-03 23:26:12,2026-05-03 23:26:12
REF001955,EHR-REF0001955,NorthStar EHR,PAT000855,COV000855,PRC0014,ORG002,LOC002,SPC004,PRC0049,ORG020,USR008,2025-08-17 03:01:16,2025-08-17 16:01:16,Synthetic evaluation request for Gastroenterology,Z67.5,Routine,Outreach in Progress,Outreach Follow-Up,2025-08-20 05:01:16,2025-08-23 05:01:16,2025-08-18 06:01:16,2025-08-22 01:01:16,,,,,,,2025-08-17 16:01:16,2025-08-20 05:01:16
REF001956,EHR-REF0001956,NorthStar EHR,PAT000707,COV000707,PRC0026,ORG002,LOC002,SPC003,PRC0048,ORG019,USR013,2025-11-28 08:17:21,2025-11-28 15:17:21,Synthetic evaluation request for Endocrinology,Z15.2,Routine,Scheduled,Appointment Verification,2025-12-04 11:17:21,2025-12-07 11:17:21,2025-11-30 18:17:21,2025-12-02 07:17:21,2025-12-02 19:17:21,,,,,,2025-11-28 15:17:21,2025-12-04 11:17:21
REF001957,EHR-REF0001957,NorthStar EHR,PAT001516,COV001516,PRC0001,ORG001,LOC001,SPC010,PRC0095,ORG016,,2026-03-23 07:14:46,2026-03-24 02:14:46,Synthetic evaluation request for General Surgery,Z66.2,Routine,Closed—Completed,,2026-03-27 21:14:46,,2026-03-25 08:14:46,2026-03-26 09:14:46,2026-03-26 23:14:46,2026-04-26 23:14:46,2026-04-29 23:14:46,2026-05-01 11:14:46,Completed,,2026-03-24 02:14:46,2026-05-01 11:14:46
REF001958,EHR-REF0001958,NorthStar EHR,PAT000277,COV000277,PRC0028,ORG004,LOC004,SPC008,PRC0053,ORG024,USR001,2026-03-14 15:50:26,2026-03-15 12:50:26,Synthetic evaluation request for Pulmonology,Z78.9,Routine,Scheduled,Appointment Verification,2026-03-23 22:50:26,2026-03-26 22:50:26,2026-03-19 02:50:26,2026-03-16 04:50:26,2026-03-16 13:50:26,,,,,,2026-03-15 12:50:26,2026-03-23 22:50:26
REF001959,EHR-REF0001959,NorthStar EHR,PAT000631,COV000631,PRC0028,ORG004,LOC004,SPC007,PRC0092,ORG013,USR014,2025-08-13 01:14:37,2025-08-13 12:14:37,Synthetic evaluation request for Otolaryngology,Z67.0,Routine,Scheduled,Appointment Verification,2025-08-22 03:14:37,2025-08-25 03:14:37,2025-08-16 16:14:37,2025-08-14 08:14:37,2025-08-16 06:14:37,,,,,,2025-08-13 12:14:37,2025-08-22 03:14:37
REF001960,EHR-REF0001960,NorthStar EHR,PAT001853,COV001853,PRC0027,ORG003,LOC003,SPC002,PRC0097,ORG018,,2026-02-27 21:01:39,2026-02-28 04:01:39,Synthetic evaluation request for Dermatology,Z13.6,Routine,Closed—Completed,,2026-03-12 02:01:39,,2026-03-03 20:01:39,2026-02-28 23:01:39,2026-03-02 22:01:39,2026-03-17 22:01:39,2026-03-24 22:01:39,2026-03-26 07:01:39,Completed,,2026-02-28 04:01:39,2026-03-26 07:01:39
REF001961,EHR-REF0001961,NorthStar EHR,PAT000106,COV000106,PRC0005,ORG005,LOC005,SPC003,PRC0083,ORG029,USR001,2025-10-18 03:54:35,2025-10-18 15:54:35,Synthetic evaluation request for Endocrinology,Z37.0,Urgent,Scheduled,Appointment Verification,2025-10-25 12:54:35,2025-10-26 12:54:35,2025-10-21 06:54:35,2025-10-23 06:54:35,2025-10-24 17:54:35,,,,,,2025-10-18 15:54:35,2025-10-25 12:54:35
REF001962,EHR-REF0001962,NorthStar EHR,PAT000154,COV000154,PRC0030,ORG006,LOC006,SPC003,PRC0038,ORG009,,2026-02-22 05:44:29,2026-02-22 19:44:29,Synthetic evaluation request for Endocrinology,Z27.1,Routine,Closed—Completed,,2026-03-10 17:44:29,,2026-02-26 06:44:29,2026-02-27 01:44:29,2026-02-28 07:44:29,2026-03-13 07:44:29,2026-03-14 07:44:29,2026-03-14 20:44:29,Completed,,2026-02-22 19:44:29,2026-03-14 20:44:29
REF001963,EHR-REF0001963,NorthStar EHR,PAT001177,COV001177,PRC0003,ORG003,LOC003,SPC005,PRC0075,ORG021,,2026-04-09 13:22:53,2026-04-09 18:22:53,Synthetic evaluation request for Neurology,Z12.9,Routine,Closed—Not Completed,,2026-04-17 20:22:53,,2026-04-13 04:22:53,2026-04-14 11:22:53,,,,2026-04-17 20:22:53,Not Completed,Unable to Contact After Protocol,2026-04-09 18:22:53,2026-04-17 20:22:53
REF001964,EHR-REF0001964,NorthStar EHR,PAT001868,COV001868,PRC0034,ORG004,LOC004,SPC002,PRC0062,ORG008,,2025-10-11 23:27:04,2025-10-12 07:27:04,Synthetic evaluation request for Dermatology,Z44.9,Routine,Closed—Completed,,2025-10-21 05:27:04,,2025-10-14 22:27:04,2025-10-15 12:27:04,2025-10-16 18:27:04,2025-11-16 18:27:04,2025-11-24 18:27:04,2025-11-25 19:27:04,Completed,,2025-10-12 07:27:04,2025-11-25 19:27:04
REF001965,EHR-REF0001965,NorthStar EHR,PAT001562,COV001562,PRC0009,ORG003,LOC003,SPC004,PRC0064,ORG010,USR012,2026-06-03 11:15:43,2026-06-04 11:15:43,Synthetic evaluation request for Gastroenterology,Z82.4,Routine,Needs Information,Needs Information,2026-06-07 21:15:43,2026-06-10 21:15:43,,,,,,,,,2026-06-04 11:15:43,2026-06-07 21:15:43
REF001966,EHR-REF0001966,NorthStar EHR,PAT000285,COV000285,PRC0035,ORG005,LOC005,SPC002,PRC0087,ORG008,USR012,2025-08-29 18:56:25,2025-08-29 23:56:25,Synthetic evaluation request for Dermatology,Z28.6,Routine,Received,New Intake,2025-08-29 23:56:25,2025-09-01 23:56:25,,,,,,,,,2025-08-29 23:56:25,2025-08-29 23:56:25
REF001967,EHR-REF0001967,NorthStar EHR,PAT000323,COV000323,PRC0015,ORG003,LOC003,SPC007,PRC0067,ORG013,,2025-09-01 09:26:22,2025-09-01 19:26:22,Synthetic evaluation request for Otolaryngology,Z38.7,Routine,Closed—Completed,,2025-09-11 15:26:22,,2025-09-04 04:26:22,2025-09-03 10:26:22,2025-09-04 02:26:22,2025-09-22 02:26:22,2025-09-26 02:26:22,2025-09-27 08:26:22,Completed,,2025-09-01 19:26:22,2025-09-27 08:26:22
REF001968,EHR-REF0001968,NorthStar EHR,PAT001098,COV001098,PRC0033,ORG003,LOC003,SPC008,PRC0078,ORG024,,2026-01-17 19:40:19,2026-01-17 20:40:19,Synthetic evaluation request for Pulmonology,Z67.9,Routine,Closed—Completed,,2026-01-31 04:40:19,,2026-01-21 16:40:19,2026-01-20 01:40:19,2026-01-20 07:40:19,2026-02-04 07:40:19,2026-02-11 07:40:19,2026-02-12 04:40:19,Completed,,2026-01-17 20:40:19,2026-02-12 04:40:19
REF001969,EHR-REF0001969,NorthStar EHR,PAT000699,COV000699,PRC0019,ORG001,LOC001,SPC010,PRC0095,ORG016,USR014,2026-06-07 07:25:37,2026-06-07 17:25:37,Synthetic evaluation request for General Surgery,Z31.6,Routine,Completed—Report Pending,Report Pending,2026-06-17 09:25:37,2026-06-20 09:25:37,2026-06-10 17:25:37,2026-06-09 07:25:37,2026-06-11 00:25:37,2026-07-14 00:25:37,,,,,2026-06-07 17:25:37,2026-06-17 09:25:37
REF001970,EHR-REF0001970,NorthStar EHR,PAT001736,COV001736,PRC0024,ORG006,LOC006,SPC003,PRC0108,ORG029,,2025-08-24 13:17:59,2025-08-25 03:17:59,Synthetic evaluation request for Endocrinology,Z25.3,Routine,Closed—Completed,,2025-09-08 06:17:59,,2025-08-26 03:17:59,2025-08-30 01:17:59,2025-08-30 04:17:59,2025-09-03 04:17:59,2025-09-12 04:17:59,2025-09-13 13:17:59,Completed,,2025-08-25 03:17:59,2025-09-13 13:17:59
REF001971,EHR-REF0001971,NorthStar EHR,PAT001866,COV001866,PRC0014,ORG002,LOC002,SPC006,PRC0091,ORG012,USR001,2026-01-26 04:02:55,2026-01-26 22:02:55,Synthetic evaluation request for Orthopedics,Z38.7,Routine,Scheduled,Appointment Verification,2026-02-02 16:02:55,2026-02-05 16:02:55,2026-01-30 22:02:55,2026-01-27 12:02:55,2026-01-28 08:02:55,,,,,,2026-01-26 22:02:55,2026-02-02 16:02:55
REF001972,EHR-REF0001972,NorthStar EHR,PAT001514,COV001514,PRC0001,ORG001,LOC001,SPC007,PRC0102,ORG023,,2025-08-09 08:24:57,2025-08-09 10:24:57,Synthetic evaluation request for Otolaryngology,Z43.3,Routine,Closed—Completed,,2025-08-19 06:24:57,,2025-08-10 08:24:57,2025-08-09 22:24:57,2025-08-11 22:24:57,2025-09-13 22:24:57,2025-09-22 22:24:57,2025-09-23 22:24:57,Completed,,2025-08-09 10:24:57,2025-09-23 22:24:57
REF001973,EHR-REF0001973,NorthStar EHR,PAT000609,COV000609,PRC0035,ORG005,LOC005,SPC010,PRC0070,ORG016,USR014,2026-06-24 08:42:05,2026-06-25 02:42:05,Synthetic evaluation request for General Surgery,Z71.3,Routine,Outreach in Progress,Outreach Follow-Up,2026-06-26 22:42:05,2026-06-29 22:42:05,2026-06-26 15:42:05,2026-06-28 07:42:05,,,,,,,2026-06-25 02:42:05,2026-06-26 22:42:05
REF001974,EHR-REF0001974,NorthStar EHR,PAT000333,COV000333,PRC0030,ORG006,LOC006,SPC004,PRC0049,ORG020,,2026-02-05 21:09:32,2026-02-06 03:09:32,Synthetic evaluation request for Gastroenterology,Z46.8,Routine,Closed—Not Completed,,2026-02-13 15:09:32,,2026-02-07 09:09:32,2026-02-10 22:09:32,,,,2026-02-13 15:09:32,Not Completed,Duplicate Referral,2026-02-06 03:09:32,2026-02-13 15:09:32
REF001975,EHR-REF0001975,NorthStar EHR,PAT001840,COV001840,PRC0015,ORG003,LOC003,SPC009,PRC0044,ORG015,,2026-02-11 22:39:56,2026-02-12 08:39:56,Synthetic evaluation request for Rheumatology,Z38.8,Routine,Closed—Completed,,2026-02-20 20:39:56,,2026-02-12 20:39:56,2026-02-16 07:39:56,2026-02-17 17:39:56,2026-03-07 17:39:56,2026-03-16 17:39:56,2026-03-17 04:39:56,Completed,,2026-02-12 08:39:56,2026-03-17 04:39:56
REF001976,EHR-REF0001976,NorthStar EHR,PAT001149,COV001149,PRC0031,ORG001,LOC001,SPC006,PRC0101,ORG022,,2026-04-12 06:56:25,2026-04-12 19:56:25,Synthetic evaluation request for Orthopedics,Z52.8,Routine,Closed—Not Completed,,2026-04-18 01:56:25,,2026-04-16 14:56:25,2026-04-13 21:56:25,,,,2026-04-18 01:56:25,Not Completed,Unable to Contact After Protocol,2026-04-12 19:56:25,2026-04-18 01:56:25
REF001977,EHR-REF0001977,NorthStar EHR,PAT000209,COV000209,PRC0001,ORG001,LOC001,SPC009,PRC0094,ORG015,USR013,2025-09-18 01:53:21,2025-09-18 10:53:21,Synthetic evaluation request for Rheumatology,Z21.3,Routine,Completed—Report Pending,Report Pending,2025-09-26 07:53:21,2025-09-29 07:53:21,2025-09-19 17:53:21,2025-09-20 11:53:21,2025-09-21 19:53:21,2025-10-25 19:53:21,,,,,2025-09-18 10:53:21,2025-09-26 07:53:21
REF001978,EHR-REF0001978,NorthStar EHR,PAT000432,COV000432,PRC0026,ORG002,LOC002,SPC001,PRC0056,ORG027,,2026-01-31 17:10:12,2026-02-01 12:10:12,Synthetic evaluation request for Cardiology,Z59.0,Routine,Closed—Completed,,2026-02-17 22:10:12,,2026-02-05 07:10:12,2026-02-03 07:10:12,2026-02-03 19:10:12,2026-02-06 19:10:12,2026-02-09 19:10:12,2026-02-10 20:10:12,Completed,,2026-02-01 12:10:12,2026-02-10 20:10:12
REF001979,EHR-REF0001979,NorthStar EHR,PAT001756,COV001756,PRC0004,ORG004,LOC004,SPC001,PRC0071,ORG017,,2025-10-07 23:06:24,2025-10-08 18:06:24,Synthetic evaluation request for Cardiology,Z42.3,Routine,Closed—Completed,,2025-10-16 10:06:24,,2025-10-09 05:06:24,2025-10-10 16:06:24,2025-10-12 08:06:24,2025-10-19 08:06:24,2025-10-21 08:06:24,2025-10-22 11:06:24,Completed,,2025-10-08 18:06:24,2025-10-22 11:06:24
REF001980,EHR-REF0001980,NorthStar EHR,PAT000829,COV000829,PRC0011,ORG005,LOC005,SPC002,PRC0097,ORG018,,2025-08-27 06:38:28,2025-08-28 01:38:28,Synthetic evaluation request for Dermatology,Z74.7,Routine,Closed—Completed,,2025-09-08 11:38:28,,2025-08-29 16:38:28,2025-08-31 00:38:28,2025-08-31 20:38:28,2025-09-25 20:38:28,2025-09-30 20:38:28,2025-10-02 03:38:28,Completed,,2025-08-28 01:38:28,2025-10-02 03:38:28
REF001981,EHR-REF0001981,NorthStar EHR,PAT001433,COV001433,PRC0032,ORG002,LOC002,SPC004,PRC0089,ORG010,,2026-01-04 05:24:28,2026-01-04 16:24:28,Synthetic evaluation request for Gastroenterology,Z54.7,Routine,Closed—Not Completed,,2026-01-08 22:24:28,,2026-01-06 15:24:28,2026-01-08 13:24:28,,,,2026-01-08 22:24:28,Not Completed,No Longer Clinically Indicated,2026-01-04 16:24:28,2026-01-08 22:24:28
REF001982,EHR-REF0001982,NorthStar EHR,PAT000201,COV000201,PRC0028,ORG004,LOC004,SPC003,PRC0073,ORG019,,2026-06-21 18:46:21,2026-06-22 00:46:21,Synthetic evaluation request for Endocrinology,Z13.0,Routine,Closed—Not Completed,,2026-06-28 06:46:21,,2026-06-22 22:46:21,2026-06-24 01:46:21,,,,2026-06-28 06:46:21,Not Completed,Patient Chose Another Provider,2026-06-22 00:46:21,2026-06-28 06:46:21
REF001983,EHR-REF0001983,NorthStar EHR,PAT000025,COV000025,PRC0007,ORG001,LOC001,SPC004,PRC0099,ORG020,,2026-04-07 09:36:04,2026-04-07 22:36:04,Synthetic evaluation request for Gastroenterology,Z69.0,Routine,Closed—Not Completed,,2026-04-15 00:36:04,,2026-04-11 14:36:04,2026-04-12 03:36:04,,,,2026-04-15 00:36:04,Not Completed,No Longer Clinically Indicated,2026-04-07 22:36:04,2026-04-15 00:36:04
REF001984,EHR-REF0001984,NorthStar EHR,PAT001874,COV001874,PRC0012,ORG006,LOC006,SPC006,PRC0091,ORG012,,2025-09-17 13:11:31,2025-09-17 15:11:31,Synthetic evaluation request for Orthopedics,Z82.6,Routine,Closed—Completed,,2025-09-29 02:11:31,,2025-09-20 04:11:31,2025-09-20 14:11:31,2025-09-20 22:11:31,2025-10-24 22:11:31,2025-10-28 22:11:31,2025-10-30 02:11:31,Completed,,2025-09-17 15:11:31,2025-10-30 02:11:31
REF001985,EHR-REF0001985,NorthStar EHR,PAT000385,COV000385,PRC0020,ORG002,LOC002,SPC010,PRC0055,ORG026,,2026-05-06 06:10:19,2026-05-06 14:10:19,Synthetic evaluation request for General Surgery,Z85.5,Routine,Closed—Completed,,2026-05-18 00:10:19,,2026-05-10 11:10:19,2026-05-07 06:10:19,2026-05-08 09:10:19,2026-05-20 09:10:19,2026-05-29 09:10:19,2026-05-30 11:10:19,Completed,,2026-05-06 14:10:19,2026-05-30 11:10:19
REF001986,EHR-REF0001986,NorthStar EHR,PAT001495,COV001495,PRC0027,ORG003,LOC003,SPC003,PRC0108,ORG029,,2026-05-20 05:50:56,2026-05-20 12:50:56,Synthetic evaluation request for Endocrinology,Z70.5,Routine,Closed—Completed,,2026-05-29 06:50:56,,2026-05-23 10:50:56,2026-05-24 15:50:56,2026-05-26 05:50:56,2026-06-13 05:50:56,2026-06-21 05:50:56,2026-06-22 06:50:56,Completed,,2026-05-20 12:50:56,2026-06-22 06:50:56
REF001987,EHR-REF0001987,NorthStar EHR,PAT001530,COV001530,PRC0027,ORG003,LOC003,SPC010,PRC0070,ORG016,USR007,2026-05-05 00:55:10,2026-05-05 22:55:10,Synthetic evaluation request for General Surgery,Z56.0,Routine,Scheduled,Appointment Verification,2026-05-11 00:55:10,2026-05-14 00:55:10,2026-05-08 23:55:10,2026-05-06 17:55:10,2026-05-07 21:55:10,,,,,,2026-05-05 22:55:10,2026-05-11 00:55:10
REF001988,EHR-REF0001988,NorthStar EHR,PAT001070,COV001070,PRC0003,ORG003,LOC003,SPC009,PRC0054,ORG025,,2026-07-02 22:12:54,2026-07-03 05:12:54,Synthetic evaluation request for Rheumatology,Z39.4,Routine,Closed—Not Completed,,2026-07-10 21:12:54,,2026-07-06 02:12:54,2026-07-08 03:12:54,,,,2026-07-10 21:12:54,Not Completed,Duplicate Referral,2026-07-03 05:12:54,2026-07-10 21:12:54
REF001989,EHR-REF0001989,NorthStar EHR,PAT001219,COV001219,PRC0013,ORG001,LOC001,SPC010,PRC0080,ORG026,,2026-04-03 14:57:54,2026-04-04 04:57:54,Synthetic evaluation request for General Surgery,Z44.8,Routine,Closed—Completed,,2026-04-17 14:57:54,,2026-04-04 23:57:54,2026-04-07 09:57:54,2026-04-08 23:57:54,2026-04-11 23:57:54,2026-04-20 23:57:54,2026-04-22 10:57:54,Completed,,2026-04-04 04:57:54,2026-04-22 10:57:54
REF001990,EHR-REF0001990,NorthStar EHR,PAT001589,COV001589,PRC0025,ORG001,LOC001,SPC009,PRC0069,ORG015,,2026-03-23 01:59:29,2026-03-23 12:59:29,Synthetic evaluation request for Rheumatology,Z35.9,Routine,Closed—Completed,,2026-04-04 14:59:29,,2026-03-25 18:59:29,2026-03-26 00:59:29,2026-03-27 23:59:29,2026-04-19 23:59:29,2026-04-21 23:59:29,2026-04-22 22:59:29,Completed,,2026-03-23 12:59:29,2026-04-22 22:59:29
REF001991,EHR-REF0001991,NorthStar EHR,PAT001641,COV001641,PRC0012,ORG006,LOC006,SPC009,PRC0079,ORG025,,2025-08-03 13:50:41,2025-08-03 21:50:41,Synthetic evaluation request for Rheumatology,Z59.5,Routine,Closed—Completed,,2025-08-11 00:50:41,,2025-08-04 12:50:41,2025-08-05 19:50:41,2025-08-06 05:50:41,2025-09-03 05:50:41,2025-09-08 05:50:41,2025-09-09 04:50:41,Completed,,2025-08-03 21:50:41,2025-09-09 04:50:41
REF001992,EHR-REF0001992,NorthStar EHR,PAT000177,COV000177,PRC0031,ORG001,LOC001,SPC002,PRC0097,ORG018,USR012,2026-06-16 17:57:50,2026-06-17 08:57:50,Synthetic evaluation request for Dermatology,Z56.1,Urgent,Completed—Report Pending,Report Pending,2026-06-23 08:57:50,2026-06-24 08:57:50,2026-06-19 02:57:50,2026-06-19 21:57:50,2026-06-20 07:57:50,2026-06-26 07:57:50,,,,,2026-06-17 08:57:50,2026-06-23 08:57:50
REF001993,EHR-REF0001993,NorthStar EHR,PAT001042,COV001042,PRC0004,ORG004,LOC004,SPC008,PRC0078,ORG024,,2026-06-24 16:24:42,2026-06-25 12:24:42,Synthetic evaluation request for Pulmonology,Z64.2,Routine,Closed—Not Completed,,2026-07-01 02:24:42,,2026-06-27 17:24:42,2026-06-29 18:24:42,,,,2026-07-01 02:24:42,Not Completed,Patient Chose Another Provider,2026-06-25 12:24:42,2026-07-01 02:24:42
REF001994,EHR-REF0001994,NorthStar EHR,PAT001823,COV001823,PRC0015,ORG003,LOC003,SPC001,PRC0036,ORG007,,2026-03-24 00:39:48,2026-03-24 08:39:48,Synthetic evaluation request for Cardiology,Z86.2,Routine,Closed—Completed,,2026-04-06 15:39:48,,2026-03-27 11:39:48,2026-03-26 04:39:48,2026-03-26 10:39:48,2026-04-20 10:39:48,2026-04-23 10:39:48,2026-04-25 02:39:48,Completed,,2026-03-24 08:39:48,2026-04-25 02:39:48
REF001995,EHR-REF0001995,NorthStar EHR,PAT001399,COV001399,PRC0024,ORG006,LOC006,SPC005,PRC0110,ORG031,USR013,2026-06-20 10:43:22,2026-06-20 14:43:22,Synthetic evaluation request for Neurology,Z41.7,Routine,Needs Information,Needs Information,2026-06-22 21:43:22,2026-06-25 21:43:22,,,,,,,,,2026-06-20 14:43:22,2026-06-22 21:43:22
REF001996,EHR-REF0001996,NorthStar EHR,PAT000857,COV000857,PRC0002,ORG002,LOC002,SPC007,PRC0102,ORG023,USR001,2025-10-13 19:58:54,2025-10-13 19:58:54,Synthetic evaluation request for Otolaryngology,Z40.7,Urgent,Outreach in Progress,Outreach Follow-Up,2025-10-17 23:58:54,2025-10-18 23:58:54,2025-10-15 04:58:54,2025-10-18 06:58:54,,,,,,,2025-10-13 19:58:54,2025-10-17 23:58:54
REF001997,EHR-REF0001997,NorthStar EHR,PAT000426,COV000426,PRC0020,ORG002,LOC002,SPC002,PRC0072,ORG018,,2025-08-26 01:24:45,2025-08-26 01:24:45,Synthetic evaluation request for Dermatology,Z27.0,Routine,Closed—Not Completed,,2025-09-03 12:24:45,,2025-08-29 18:24:45,2025-08-27 09:24:45,,,,2025-09-03 12:24:45,Not Completed,Patient Declined,2025-08-26 01:24:45,2025-09-03 12:24:45
REF001998,EHR-REF0001998,NorthStar EHR,PAT000773,COV000773,PRC0021,ORG003,LOC003,SPC007,PRC0067,ORG013,,2026-05-07 03:08:11,2026-05-07 14:08:11,Synthetic evaluation request for Otolaryngology,Z24.3,Routine,Closed—Completed,,2026-05-21 18:08:11,,2026-05-10 07:08:11,2026-05-11 08:08:11,2026-05-11 18:08:11,2026-06-15 18:08:11,2026-06-21 18:08:11,2026-06-23 03:08:11,Completed,,2026-05-07 14:08:11,2026-06-23 03:08:11
REF001999,EHR-REF0001999,NorthStar EHR,PAT001432,COV001432,PRC0024,ORG006,LOC006,SPC008,PRC0068,ORG014,USR001,2026-07-07 06:49:36,2026-07-07 20:49:36,Synthetic evaluation request for Pulmonology,Z22.5,Routine,Completed—Report Pending,Report Pending,2026-07-16 01:49:36,2026-07-19 01:49:36,2026-07-10 21:49:36,2026-07-10 14:49:36,2026-07-11 23:49:36,2026-07-15 23:49:36,,,,,2026-07-07 20:49:36,2026-07-16 01:49:36
REF002000,EHR-REF0002000,NorthStar EHR,PAT000015,COV000015,PRC0023,ORG005,LOC005,SPC006,PRC0101,ORG022,,2026-04-27 19:11:11,2026-04-28 04:11:11,Synthetic evaluation request for Orthopedics,Z87.1,Urgent,Closed—Not Completed,,2026-05-06 12:11:11,,2026-04-30 13:11:11,2026-05-02 08:11:11,,,,2026-05-06 12:11:11,Not Completed,Duplicate Referral,2026-04-28 04:11:11,2026-05-06 12:11:11
REF002001,EHR-REF0002001,NorthStar EHR,PAT001868,COV001868,PRC0014,ORG002,LOC002,SPC003,PRC0108,ORG029,USR001,2025-09-30 03:08:12,2025-09-30 09:08:12,Synthetic evaluation request for Endocrinology,Z19.4,Routine,Completed—Report Pending,Report Pending,2025-10-09 01:08:12,2025-10-12 01:08:12,2025-10-01 19:08:12,2025-10-01 17:08:12,2025-10-01 19:08:12,2025-10-23 19:08:12,,,,,2025-09-30 09:08:12,2025-10-09 01:08:12
REF002002,EHR-REF0002002,NorthStar EHR,PAT000127,COV000127,PRC0013,ORG001,LOC001,SPC008,PRC0068,ORG014,,2026-05-12 00:33:42,2026-05-12 21:33:42,Synthetic evaluation request for Pulmonology,Z75.3,Routine,Closed—Completed,,2026-05-26 21:33:42,,2026-05-16 14:33:42,2026-05-13 07:33:42,2026-05-14 14:33:42,2026-06-16 14:33:42,2026-06-17 14:33:42,2026-06-18 16:33:42,Completed,,2026-05-12 21:33:42,2026-06-18 16:33:42
REF002003,EHR-REF0002003,NorthStar EHR,PAT001886,COV001886,PRC0019,ORG001,LOC001,SPC005,PRC0110,ORG031,,2025-08-20 16:41:05,2025-08-21 02:41:05,Synthetic evaluation request for Neurology,Z55.4,Routine,Closed—Completed,,2025-08-30 21:41:05,,2025-08-22 17:41:05,2025-08-21 23:41:05,2025-08-22 09:41:05,2025-09-25 09:41:05,2025-09-27 09:41:05,2025-09-28 17:41:05,Completed,,2025-08-21 02:41:05,2025-09-28 17:41:05
REF002004,EHR-REF0002004,NorthStar EHR,PAT001705,COV001705,PRC0035,ORG005,LOC005,SPC007,PRC0102,ORG023,USR007,2026-05-08 15:16:12,2026-05-08 15:16:12,Synthetic evaluation request for Otolaryngology,Z61.8,Routine,Ready for Outreach,Ready for Outreach,2026-05-11 22:16:12,2026-05-14 22:16:12,2026-05-11 22:16:12,,,,,,,,2026-05-08 15:16:12,2026-05-11 22:16:12
REF002005,EHR-REF0002005,NorthStar EHR,PAT001004,COV001004,PRC0027,ORG003,LOC003,SPC006,PRC0076,ORG022,,2025-12-10 20:35:19,2025-12-11 18:35:19,Synthetic evaluation request for Orthopedics,Z12.7,Routine,Closed—Completed,,2025-12-21 14:35:19,,2025-12-13 01:35:19,2025-12-12 13:35:19,2025-12-12 21:35:19,2026-01-05 21:35:19,2026-01-07 21:35:19,2026-01-09 12:35:19,Completed,,2025-12-11 18:35:19,2026-01-09 12:35:19
REF002006,EHR-REF0002006,NorthStar EHR,PAT001937,COV001937,PRC0018,ORG006,LOC006,SPC009,PRC0079,ORG025,USR004,2025-10-10 04:34:15,2025-10-11 04:34:15,Synthetic evaluation request for Rheumatology,Z63.0,Routine,Scheduled,Appointment Verification,2025-10-17 18:34:15,2025-10-20 18:34:15,2025-10-11 21:34:15,2025-10-11 20:34:15,2025-10-13 03:34:15,,,,,,2025-10-11 04:34:15,2025-10-17 18:34:15
REF002007,EHR-REF0002007,NorthStar EHR,PAT001086,COV001086,PRC0021,ORG003,LOC003,SPC004,PRC0109,ORG030,USR013,2026-02-20 14:21:23,2026-02-20 21:21:23,Synthetic evaluation request for Gastroenterology,Z76.4,Routine,Scheduled,Appointment Verification,2026-03-01 18:21:23,2026-03-04 18:21:23,2026-02-24 07:21:23,2026-02-25 15:21:23,2026-02-26 03:21:23,,,,,,2026-02-20 21:21:23,2026-03-01 18:21:23
REF002008,EHR-REF0002008,NorthStar EHR,PAT000395,COV000395,PRC0001,ORG001,LOC001,SPC004,PRC0099,ORG020,USR002,2026-06-30 03:56:49,2026-06-30 05:56:49,Synthetic evaluation request for Gastroenterology,Z73.4,Routine,Scheduled,Appointment Verification,2026-07-06 06:56:49,2026-07-09 06:56:49,2026-07-02 12:56:49,2026-07-01 23:56:49,2026-07-02 17:56:49,,,,,,2026-06-30 05:56:49,2026-07-06 06:56:49
REF002009,EHR-REF0002009,NorthStar EHR,PAT001846,COV001846,PRC0029,ORG005,LOC005,SPC006,PRC0091,ORG012,USR013,2025-10-14 04:51:51,2025-10-14 19:51:51,Synthetic evaluation request for Orthopedics,Z80.7,Routine,Completed—Report Pending,Report Pending,2025-10-20 02:51:51,2025-10-23 02:51:51,2025-10-16 14:51:51,2025-10-17 14:51:51,2025-10-19 14:51:51,2025-10-25 14:51:51,,,,,2025-10-14 19:51:51,2025-10-20 02:51:51
REF002010,EHR-REF0002010,NorthStar EHR,PAT001366,COV001366,PRC0009,ORG003,LOC003,SPC002,PRC0072,ORG018,USR014,2025-08-07 05:11:51,2025-08-07 23:11:51,Synthetic evaluation request for Dermatology,Z67.1,Routine,Scheduled,Appointment Verification,2025-08-15 03:11:51,2025-08-18 03:11:51,2025-08-09 23:11:51,2025-08-08 12:11:51,2025-08-08 17:11:51,,,,,,2025-08-07 23:11:51,2025-08-15 03:11:51
REF002011,EHR-REF0002011,NorthStar EHR,PAT001695,COV001695,PRC0030,ORG006,LOC006,SPC006,PRC0041,ORG012,,2026-04-19 01:05:45,2026-04-19 15:05:45,Synthetic evaluation request for Orthopedics,Z77.5,Routine,Closed—Completed,,2026-04-27 19:05:45,,2026-04-20 20:05:45,2026-04-22 10:05:45,2026-04-24 01:05:45,2026-05-29 01:05:45,2026-06-04 01:05:45,2026-06-04 20:05:45,Completed,,2026-04-19 15:05:45,2026-06-04 20:05:45
REF002012,EHR-REF0002012,NorthStar EHR,PAT000002,COV000002,PRC0030,ORG006,LOC006,SPC003,PRC0088,ORG009,,2025-11-24 22:46:48,2025-11-25 07:46:48,Synthetic evaluation request for Endocrinology,Z42.3,Routine,Closed—Completed,,2025-12-05 21:46:48,,2025-11-27 14:46:48,2025-11-27 17:46:48,2025-11-27 19:46:48,2025-12-27 19:46:48,2026-01-02 19:46:48,2026-01-04 00:46:48,Completed,,2025-11-25 07:46:48,2026-01-04 00:46:48
REF002013,EHR-REF0002013,NorthStar EHR,PAT000377,COV000377,PRC0017,ORG005,LOC005,SPC007,PRC0042,ORG013,,2025-12-17 16:46:47,2025-12-17 22:46:47,Synthetic evaluation request for Otolaryngology,Z36.7,Urgent,Closed—Completed,,2025-12-27 08:46:47,,2025-12-21 15:46:47,2025-12-19 02:46:47,2025-12-20 11:46:47,2025-12-29 11:46:47,2026-01-04 11:46:47,2026-01-04 20:46:47,Completed,,2025-12-17 22:46:47,2026-01-04 20:46:47
REF002014,EHR-REF0002014,NorthStar EHR,PAT000431,COV000431,PRC0032,ORG002,LOC002,SPC006,PRC0041,ORG012,,2026-07-14 19:34:25,2026-07-14 20:34:25,Synthetic evaluation request for Orthopedics,Z37.2,Routine,Closed—Completed,,2026-07-23 22:34:25,,2026-07-15 07:34:25,2026-07-16 12:34:25,2026-07-18 10:34:25,2026-07-31 10:34:25,2026-08-09 10:34:25,2026-08-09 22:34:25,Completed,,2026-07-14 20:34:25,2026-08-09 22:34:25
REF002015,EHR-REF0002015,NorthStar EHR,PAT001253,COV001253,PRC0005,ORG005,LOC005,SPC007,PRC0092,ORG013,,2026-05-05 09:45:23,2026-05-06 02:45:23,Synthetic evaluation request for Otolaryngology,Z83.8,Routine,Closed—Completed,,2026-05-13 08:45:23,,2026-05-08 20:45:23,2026-05-09 03:45:23,2026-05-10 13:45:23,2026-05-14 13:45:23,2026-05-17 13:45:23,2026-05-19 00:45:23,Completed,,2026-05-06 02:45:23,2026-05-19 00:45:23
REF002016,EHR-REF0002016,NorthStar EHR,PAT000772,COV000772,PRC0031,ORG001,LOC001,SPC009,PRC0069,ORG015,USR014,2025-11-30 21:45:27,2025-12-01 11:45:27,Synthetic evaluation request for Rheumatology,Z40.9,Routine,Scheduled,Appointment Verification,2025-12-07 00:45:27,2025-12-10 00:45:27,2025-12-04 07:45:27,2025-12-01 22:45:27,2025-12-03 00:45:27,,,,,,2025-12-01 11:45:27,2025-12-07 00:45:27
REF002017,EHR-REF0002017,NorthStar EHR,PAT000147,COV000147,PRC0021,ORG003,LOC003,SPC008,PRC0093,ORG014,,2025-10-07 04:51:39,2025-10-07 12:51:39,Synthetic evaluation request for Pulmonology,Z25.0,Routine,Closed—Completed,,2025-10-17 22:51:39,,2025-10-09 20:51:39,2025-10-11 20:51:39,2025-10-12 11:51:39,2025-10-16 11:51:39,2025-10-25 11:51:39,2025-10-26 14:51:39,Completed,,2025-10-07 12:51:39,2025-10-26 14:51:39
REF002018,EHR-REF0002018,NorthStar EHR,PAT000300,COV000300,PRC0009,ORG003,LOC003,SPC005,PRC0090,ORG011,USR013,2026-05-26 22:05:32,2026-05-27 09:05:32,Synthetic evaluation request for Neurology,Z64.8,Routine,Completed—Report Pending,Report Pending,2026-06-01 06:05:32,2026-06-04 06:05:32,2026-05-28 10:05:32,2026-05-30 12:05:32,2026-05-31 06:05:32,2026-07-03 06:05:32,,,,,2026-05-27 09:05:32,2026-06-01 06:05:32
REF002019,EHR-REF0002019,NorthStar EHR,PAT000571,COV000571,PRC0027,ORG003,LOC003,SPC006,PRC0051,ORG022,,2026-07-06 21:42:16,2026-07-07 10:42:16,Synthetic evaluation request for Orthopedics,Z18.4,Routine,Closed—Not Completed,,2026-07-12 02:42:16,,2026-07-09 01:42:16,2026-07-09 19:42:16,,,,2026-07-12 02:42:16,Not Completed,Transferred Care,2026-07-07 10:42:16,2026-07-12 02:42:16
REF002020,EHR-REF0002020,NorthStar EHR,PAT001330,COV001330,PRC0004,ORG004,LOC004,SPC002,PRC0047,ORG018,,2025-10-27 19:59:40,2025-10-27 20:59:40,Synthetic evaluation request for Dermatology,Z76.6,Routine,Closed—Not Completed,,2025-10-30 01:59:40,,2025-10-29 05:59:40,2025-11-01 13:59:40,,,,2025-10-30 01:59:40,Not Completed,Patient Chose Another Provider,2025-10-27 20:59:40,2025-10-30 01:59:40
REF002021,EHR-REF0002021,NorthStar EHR,PAT000776,COV000776,PRC0009,ORG003,LOC003,SPC007,PRC0042,ORG013,USR001,2026-04-29 15:53:38,2026-04-30 13:53:38,Synthetic evaluation request for Otolaryngology,Z33.6,Routine,Completed—Report Pending,Report Pending,2026-05-09 21:53:38,2026-05-12 21:53:38,2026-05-03 12:53:38,2026-05-04 11:53:38,2026-05-05 16:53:38,2026-05-19 16:53:38,,,,,2026-04-30 13:53:38,2026-05-09 21:53:38
REF002022,EHR-REF0002022,NorthStar EHR,PAT000929,COV000929,PRC0004,ORG004,LOC004,SPC004,PRC0089,ORG010,,2026-05-17 17:57:25,2026-05-17 23:57:25,Synthetic evaluation request for Gastroenterology,Z67.7,Routine,Closed—Completed,,2026-05-27 11:57:25,,2026-05-21 03:57:25,2026-05-19 15:57:25,2026-05-19 20:57:25,2026-06-09 20:57:25,2026-06-15 20:57:25,2026-06-16 21:57:25,Completed,,2026-05-17 23:57:25,2026-06-16 21:57:25
REF002023,EHR-REF0002023,NorthStar EHR,PAT000209,COV000209,PRC0019,ORG001,LOC001,SPC006,PRC0091,ORG012,,2026-04-28 16:02:36,2026-04-28 16:02:36,Synthetic evaluation request for Orthopedics,Z50.2,Routine,Closed—Completed,,2026-05-07 16:02:36,,2026-05-02 14:02:36,2026-05-03 08:02:36,2026-05-04 21:02:36,2026-05-24 21:02:36,2026-05-28 21:02:36,2026-05-30 08:02:36,Completed,,2026-04-28 16:02:36,2026-05-30 08:02:36
REF002024,EHR-REF0002024,NorthStar EHR,PAT001506,COV001506,PRC0005,ORG005,LOC005,SPC005,PRC0040,ORG011,USR013,2026-06-24 21:24:42,2026-06-25 15:24:42,Synthetic evaluation request for Neurology,Z19.6,Urgent,Scheduled,Appointment Verification,2026-07-03 07:24:42,2026-07-04 07:24:42,2026-06-29 08:24:42,2026-06-27 03:24:42,2026-06-28 11:24:42,,,,,,2026-06-25 15:24:42,2026-07-03 07:24:42
REF002025,EHR-REF0002025,NorthStar EHR,PAT001402,COV001402,PRC0030,ORG006,LOC006,SPC002,PRC0037,ORG008,USR014,2026-04-14 08:51:46,2026-04-15 06:51:46,Synthetic evaluation request for Dermatology,Z12.8,Routine,Ready for Outreach,Ready for Outreach,2026-04-17 04:51:46,2026-04-20 04:51:46,2026-04-17 04:51:46,,,,,,,,2026-04-15 06:51:46,2026-04-17 04:51:46
REF002026,EHR-REF0002026,NorthStar EHR,PAT000961,COV000961,PRC0031,ORG001,LOC001,SPC010,PRC0080,ORG026,USR014,2026-03-02 19:25:03,2026-03-03 01:25:03,Synthetic evaluation request for General Surgery,Z88.7,Routine,Outreach in Progress,Outreach Follow-Up,2026-03-08 11:25:03,2026-03-11 11:25:03,2026-03-05 04:25:03,2026-03-05 19:25:03,,,,,,,2026-03-03 01:25:03,2026-03-08 11:25:03
REF002027,EHR-REF0002027,NorthStar EHR,PAT000501,COV000501,PRC0022,ORG004,LOC004,SPC001,PRC0061,ORG007,,2025-09-26 10:09:00,2025-09-26 20:09:00,Synthetic evaluation request for Cardiology,Z22.3,Routine,Closed—Completed,,2025-10-12 03:09:00,,2025-09-30 07:09:00,2025-09-27 17:09:00,2025-09-28 04:09:00,2025-10-17 04:09:00,2025-10-22 04:09:00,2025-10-22 23:09:00,Completed,,2025-09-26 20:09:00,2025-10-22 23:09:00
REF002028,EHR-REF0002028,NorthStar EHR,PAT001406,COV001406,PRC0009,ORG003,LOC003,SPC003,PRC0048,ORG019,,2025-08-15 10:26:00,2025-08-16 00:26:00,Synthetic evaluation request for Endocrinology,Z31.3,Routine,Closed—Completed,,2025-08-24 03:26:00,,2025-08-16 07:26:00,2025-08-16 16:26:00,2025-08-18 09:26:00,2025-08-23 09:26:00,2025-09-02 09:26:00,2025-09-04 01:26:00,Completed,,2025-08-16 00:26:00,2025-09-04 01:26:00
REF002029,EHR-REF0002029,NorthStar EHR,PAT000937,COV000937,PRC0016,ORG004,LOC004,SPC008,PRC0068,ORG014,USR012,2025-09-04 15:54:34,2025-09-05 13:54:34,Synthetic evaluation request for Pulmonology,Z45.8,Routine,Outreach in Progress,Outreach Follow-Up,2025-09-11 18:54:34,2025-09-14 18:54:34,2025-09-09 09:54:34,2025-09-09 20:54:34,,,,,,,2025-09-05 13:54:34,2025-09-11 18:54:34
REF002030,EHR-REF0002030,NorthStar EHR,PAT001520,COV001520,PRC0029,ORG005,LOC005,SPC002,PRC0107,ORG028,,2026-02-04 10:11:34,2026-02-04 14:11:34,Synthetic evaluation request for Dermatology,Z23.7,Urgent,Cancelled,,2026-02-07 11:11:34,,2026-02-07 11:11:34,,,,,2026-02-07 11:11:34,Cancelled,No Longer Clinically Indicated,2026-02-04 14:11:34,2026-02-07 11:11:34
REF002031,EHR-REF0002031,NorthStar EHR,PAT000639,COV000639,PRC0003,ORG003,LOC003,SPC009,PRC0044,ORG015,USR013,2025-08-30 12:10:50,2025-08-30 21:10:50,Synthetic evaluation request for Rheumatology,Z87.2,Routine,Scheduled,Appointment Verification,2025-09-07 09:10:50,2025-09-10 09:10:50,2025-09-02 15:10:50,2025-08-31 05:10:50,2025-09-02 00:10:50,,,,,,2025-08-30 21:10:50,2025-09-07 09:10:50
REF002032,EHR-REF0002032,NorthStar EHR,PAT001030,COV001030,PRC0002,ORG002,LOC002,SPC003,PRC0048,ORG019,USR009,2026-05-29 13:57:06,2026-05-30 00:57:06,Synthetic evaluation request for Endocrinology,Z76.9,Routine,Completed—Report Pending,Report Pending,2026-06-02 14:57:06,2026-06-05 14:57:06,2026-05-31 06:57:06,2026-05-31 03:57:06,2026-05-31 11:57:06,2026-06-13 11:57:06,,,,,2026-05-30 00:57:06,2026-06-02 14:57:06
REF002033,EHR-REF0002033,NorthStar EHR,PAT000389,COV000389,PRC0032,ORG002,LOC002,SPC002,PRC0087,ORG008,,2025-11-17 11:25:06,2025-11-17 21:25:06,Synthetic evaluation request for Dermatology,Z70.2,Routine,Closed—Not Completed,,2025-11-23 07:25:06,,2025-11-20 19:25:06,2025-11-18 05:25:06,,,,2025-11-23 07:25:06,Not Completed,Unable to Contact After Protocol,2025-11-17 21:25:06,2025-11-23 07:25:06
REF002034,EHR-REF0002034,NorthStar EHR,PAT001845,COV001845,PRC0018,ORG006,LOC006,SPC007,PRC0052,ORG023,,2025-11-24 08:31:45,2025-11-25 07:31:45,Synthetic evaluation request for Otolaryngology,Z69.2,Urgent,Closed—Not Completed,,2025-12-03 12:31:45,,2025-11-28 05:31:45,2025-11-30 00:31:45,,,,2025-12-03 12:31:45,Not Completed,Insurance or Access Barrier,2025-11-25 07:31:45,2025-12-03 12:31:45
REF002035,EHR-REF0002035,NorthStar EHR,PAT000998,COV000998,PRC0025,ORG001,LOC001,SPC009,PRC0044,ORG015,,2025-08-25 00:12:41,2025-08-25 02:12:41,Synthetic evaluation request for Rheumatology,Z27.9,Urgent,Closed—Completed,,2025-09-05 07:12:41,,2025-08-26 07:12:41,2025-08-29 02:12:41,2025-08-30 02:12:41,2025-09-04 02:12:41,2025-09-06 02:12:41,2025-09-07 09:12:41,Completed,,2025-08-25 02:12:41,2025-09-07 09:12:41
REF002036,EHR-REF0002036,NorthStar EHR,PAT000275,COV000275,PRC0022,ORG004,LOC004,SPC002,PRC0097,ORG018,,2026-02-17 21:03:55,2026-02-18 18:03:55,Synthetic evaluation request for Dermatology,Z18.8,Routine,Closed—Completed,,2026-02-28 03:03:55,,2026-02-21 05:03:55,2026-02-23 13:03:55,2026-02-24 08:03:55,2026-03-15 08:03:55,2026-03-25 08:03:55,2026-03-26 21:03:55,Completed,,2026-02-18 18:03:55,2026-03-26 21:03:55
REF002037,EHR-REF0002037,NorthStar EHR,PAT001795,COV001795,PRC0011,ORG005,LOC005,SPC003,PRC0108,ORG029,,2026-03-09 23:41:07,2026-03-10 07:41:07,Synthetic evaluation request for Endocrinology,Z72.7,Routine,Closed—Completed,,2026-03-17 12:41:07,,2026-03-10 22:41:07,2026-03-12 11:41:07,2026-03-13 06:41:07,2026-03-22 06:41:07,2026-03-24 06:41:07,2026-03-24 23:41:07,Completed,,2026-03-10 07:41:07,2026-03-24 23:41:07
REF002038,EHR-REF0002038,NorthStar EHR,PAT001228,COV001228,PRC0032,ORG002,LOC002,SPC002,PRC0087,ORG008,USR007,2026-03-07 03:24:08,2026-03-08 02:24:08,Synthetic evaluation request for Dermatology,Z46.1,Routine,Completed—Report Pending,Report Pending,2026-03-18 12:24:08,2026-03-21 12:24:08,2026-03-11 12:24:08,2026-03-09 11:24:08,2026-03-09 20:24:08,2026-04-06 20:24:08,,,,,2026-03-08 02:24:08,2026-03-18 12:24:08
REF002039,EHR-REF0002039,NorthStar EHR,PAT000448,COV000448,PRC0031,ORG001,LOC001,SPC001,PRC0081,ORG027,,2026-02-15 23:52:56,2026-02-16 19:52:56,Synthetic evaluation request for Cardiology,Z76.0,Routine,Closed—Not Completed,,2026-02-25 18:52:56,,2026-02-20 00:52:56,2026-02-20 23:52:56,,,,2026-02-25 18:52:56,Not Completed,Transferred Care,2026-02-16 19:52:56,2026-02-25 18:52:56
REF002040,EHR-REF0002040,NorthStar EHR,PAT000928,COV000928,PRC0009,ORG003,LOC003,SPC006,PRC0091,ORG012,,2025-09-11 11:15:19,2025-09-11 22:15:19,Synthetic evaluation request for Orthopedics,Z57.8,Urgent,Closed—Completed,,2025-09-22 17:15:19,,2025-09-14 20:15:19,2025-09-16 00:15:19,2025-09-17 21:15:19,2025-10-03 21:15:19,2025-10-07 21:15:19,2025-10-09 06:15:19,Completed,,2025-09-11 22:15:19,2025-10-09 06:15:19
REF002041,EHR-REF0002041,NorthStar EHR,PAT001172,COV001172,PRC0006,ORG006,LOC006,SPC003,PRC0083,ORG029,USR004,2025-12-13 14:36:24,2025-12-14 10:36:24,Synthetic evaluation request for Endocrinology,Z27.3,Routine,Outreach in Progress,Outreach Follow-Up,2025-12-21 06:36:24,2025-12-24 06:36:24,2025-12-18 09:36:24,2025-12-18 11:36:24,,,,,,,2025-12-14 10:36:24,2025-12-21 06:36:24
REF002042,EHR-REF0002042,NorthStar EHR,PAT001628,COV001628,PRC0022,ORG004,LOC004,SPC003,PRC0048,ORG019,USR005,2026-06-07 15:24:58,2026-06-07 16:24:58,Synthetic evaluation request for Endocrinology,Z51.1,Routine,Needs Information,Needs Information,2026-06-08 05:24:58,2026-06-11 05:24:58,,,,,,,,,2026-06-07 16:24:58,2026-06-08 05:24:58
REF002043,EHR-REF0002043,NorthStar EHR,PAT001176,COV001176,PRC0007,ORG001,LOC001,SPC005,PRC0100,ORG021,USR013,2026-02-13 14:26:21,2026-02-14 01:26:21,Synthetic evaluation request for Neurology,Z61.3,Routine,Scheduled,Appointment Verification,2026-02-17 06:26:21,2026-02-20 06:26:21,2026-02-15 21:26:21,2026-02-14 09:26:21,2026-02-16 00:26:21,,,,,,2026-02-14 01:26:21,2026-02-17 06:26:21
REF002044,EHR-REF0002044,NorthStar EHR,PAT000516,COV000516,PRC0016,ORG004,LOC004,SPC001,PRC0056,ORG027,USR003,2025-12-11 01:55:20,2025-12-11 11:55:20,Synthetic evaluation request for Cardiology,Z59.5,Routine,Completed—Report Pending,Report Pending,2025-12-20 19:55:20,2025-12-23 19:55:20,2025-12-13 08:55:20,2025-12-13 20:55:20,2025-12-13 23:55:20,2026-01-03 23:55:20,,,,,2025-12-11 11:55:20,2025-12-20 19:55:20
REF002045,EHR-REF0002045,NorthStar EHR,PAT001481,COV001481,PRC0032,ORG002,LOC002,SPC002,PRC0107,ORG028,,2026-04-17 04:32:36,2026-04-17 12:32:36,Synthetic evaluation request for Dermatology,Z73.6,Routine,Closed—Completed,,2026-05-01 01:32:36,,2026-04-20 19:32:36,2026-04-20 07:32:36,2026-04-21 17:32:36,2026-05-03 17:32:36,2026-05-13 17:32:36,2026-05-14 05:32:36,Completed,,2026-04-17 12:32:36,2026-05-14 05:32:36
REF002046,EHR-REF0002046,NorthStar EHR,PAT001030,COV001030,PRC0005,ORG005,LOC005,SPC009,PRC0054,ORG025,,2026-02-23 19:31:56,2026-02-24 07:31:56,Synthetic evaluation request for Rheumatology,Z87.7,Routine,Closed—Completed,,2026-03-07 16:31:56,,2026-02-25 03:31:56,2026-02-28 23:31:56,2026-03-01 05:31:56,2026-03-04 05:31:56,2026-03-05 05:31:56,2026-03-05 21:31:56,Completed,,2026-02-24 07:31:56,2026-03-05 21:31:56
REF002047,EHR-REF0002047,NorthStar EHR,PAT001992,COV001992,PRC0011,ORG005,LOC005,SPC005,PRC0085,ORG031,,2025-12-10 23:53:44,2025-12-11 21:53:44,Synthetic evaluation request for Neurology,Z52.0,Routine,Closed—Completed,,2025-12-22 18:53:44,,2025-12-14 22:53:44,2025-12-13 05:53:44,2025-12-14 07:53:44,2025-12-28 07:53:44,2026-01-06 07:53:44,2026-01-07 16:53:44,Completed,,2025-12-11 21:53:44,2026-01-07 16:53:44
REF002048,EHR-REF0002048,NorthStar EHR,PAT000325,COV000325,PRC0001,ORG001,LOC001,SPC001,PRC0056,ORG027,,2026-06-25 10:02:06,2026-06-26 05:02:06,Synthetic evaluation request for Cardiology,Z19.4,Urgent,Closed—Completed,,2026-07-04 23:02:06,,2026-06-29 09:02:06,2026-06-28 19:02:06,2026-06-30 17:02:06,2026-07-10 17:02:06,2026-07-14 17:02:06,2026-07-15 16:02:06,Completed,,2026-06-26 05:02:06,2026-07-15 16:02:06
REF002049,EHR-REF0002049,NorthStar EHR,PAT001439,COV001439,PRC0012,ORG006,LOC006,SPC005,PRC0085,ORG031,,2025-09-08 12:30:13,2025-09-09 03:30:13,Synthetic evaluation request for Neurology,Z21.3,Routine,Closed—Completed,,2025-09-20 14:30:13,,2025-09-11 13:30:13,2025-09-10 05:30:13,2025-09-11 19:30:13,2025-10-09 19:30:13,2025-10-19 19:30:13,2025-10-20 19:30:13,Completed,,2025-09-09 03:30:13,2025-10-20 19:30:13
REF002050,EHR-REF0002050,NorthStar EHR,PAT001807,COV001807,PRC0006,ORG006,LOC006,SPC007,PRC0052,ORG023,,2026-07-03 22:15:38,2026-07-04 13:15:38,Synthetic evaluation request for Otolaryngology,Z84.9,Routine,Cancelled,,2026-07-07 01:15:38,,2026-07-07 01:15:38,,,,,2026-07-07 01:15:38,Cancelled,No Longer Clinically Indicated,2026-07-04 13:15:38,2026-07-07 01:15:38
REF002051,EHR-REF0002051,NorthStar EHR,PAT001721,COV001721,PRC0027,ORG003,LOC003,SPC002,PRC0087,ORG008,USR006,2025-11-15 22:16:36,2025-11-16 20:16:36,Synthetic evaluation request for Dermatology,Z70.0,Routine,Ready for Outreach,Ready for Outreach,2025-11-17 02:16:36,2025-11-20 02:16:36,2025-11-17 02:16:36,,,,,,,,2025-11-16 20:16:36,2025-11-17 02:16:36
REF002052,EHR-REF0002052,NorthStar EHR,PAT001879,COV001879,PRC0006,ORG006,LOC006,SPC008,PRC0043,ORG014,USR004,2025-11-14 20:10:27,2025-11-14 20:10:27,Synthetic evaluation request for Pulmonology,Z65.9,Routine,Outreach in Progress,Outreach Follow-Up,2025-11-18 22:10:27,2025-11-21 22:10:27,2025-11-18 08:10:27,2025-11-16 14:10:27,,,,,,,2025-11-14 20:10:27,2025-11-18 22:10:27
REF002053,EHR-REF0002053,NorthStar EHR,PAT001350,COV001350,PRC0008,ORG002,LOC002,SPC008,PRC0053,ORG024,USR004,2025-09-04 00:40:32,2025-09-04 13:40:32,Synthetic evaluation request for Pulmonology,Z74.8,Routine,Scheduled,Appointment Verification,2025-09-11 22:40:32,2025-09-14 22:40:32,2025-09-07 05:40:32,2025-09-09 13:40:32,2025-09-09 19:40:32,,,,,,2025-09-04 13:40:32,2025-09-11 22:40:32
REF002054,EHR-REF0002054,NorthStar EHR,PAT000713,COV000713,PRC0018,ORG006,LOC006,SPC005,PRC0040,ORG011,USR014,2025-08-13 07:41:04,2025-08-13 16:41:04,Synthetic evaluation request for Neurology,Z17.1,Urgent,Scheduled,Appointment Verification,2025-08-19 04:41:04,2025-08-20 04:41:04,2025-08-16 06:41:04,2025-08-15 14:41:04,2025-08-16 05:41:04,,,,,,2025-08-13 16:41:04,2025-08-19 04:41:04
REF002055,EHR-REF0002055,NorthStar EHR,PAT001637,COV001637,PRC0014,ORG002,LOC002,SPC010,PRC0095,ORG016,USR002,2025-10-03 20:08:27,2025-10-04 11:08:27,Synthetic evaluation request for General Surgery,Z11.7,Routine,Outreach in Progress,Outreach Follow-Up,2025-10-09 00:08:27,2025-10-12 00:08:27,2025-10-06 23:08:27,2025-10-09 07:08:27,,,,,,,2025-10-04 11:08:27,2025-10-09 00:08:27
REF002056,EHR-REF0002056,NorthStar EHR,PAT001671,COV001671,PRC0033,ORG003,LOC003,SPC005,PRC0090,ORG011,,2025-08-10 18:38:01,2025-08-11 01:38:01,Synthetic evaluation request for Neurology,Z47.6,Routine,Cancelled,,2025-08-11 22:38:01,,2025-08-11 22:38:01,,,,,2025-08-11 22:38:01,Cancelled,Duplicate Referral,2025-08-11 01:38:01,2025-08-11 22:38:01
REF002057,EHR-REF0002057,NorthStar EHR,PAT001465,COV001465,PRC0012,ORG006,LOC006,SPC010,PRC0055,ORG026,USR005,2025-10-12 10:56:42,2025-10-12 16:56:42,Synthetic evaluation request for General Surgery,Z74.1,Routine,Scheduled,Appointment Verification,2025-10-19 11:56:42,2025-10-22 11:56:42,2025-10-15 16:56:42,2025-10-17 04:56:42,2025-10-17 16:56:42,,,,,,2025-10-12 16:56:42,2025-10-19 11:56:42
REF002058,EHR-REF0002058,NorthStar EHR,PAT001564,COV001564,PRC0021,ORG003,LOC003,SPC009,PRC0094,ORG015,USR014,2025-12-01 14:05:10,2025-12-01 21:05:10,Synthetic evaluation request for Rheumatology,Z78.4,Routine,Completed—Report Pending,Report Pending,2025-12-09 00:05:10,2025-12-12 00:05:10,2025-12-03 00:05:10,2025-12-03 19:05:10,2025-12-05 07:05:10,2026-01-01 07:05:10,,,,,2025-12-01 21:05:10,2025-12-09 00:05:10
REF002059,EHR-REF0002059,NorthStar EHR,PAT001281,COV001281,PRC0011,ORG005,LOC005,SPC004,PRC0099,ORG020,,2026-05-22 12:05:50,2026-05-22 17:05:50,Synthetic evaluation request for Gastroenterology,Z28.8,Routine,Closed—Completed,,2026-06-05 06:05:50,,2026-05-26 15:05:50,2026-05-25 04:05:50,2026-05-26 13:05:50,2026-06-03 13:05:50,2026-06-11 13:05:50,2026-06-13 06:05:50,Completed,,2026-05-22 17:05:50,2026-06-13 06:05:50
REF002060,EHR-REF0002060,NorthStar EHR,PAT000890,COV000890,PRC0017,ORG005,LOC005,SPC009,PRC0094,ORG015,,2025-09-29 07:06:24,2025-09-30 02:06:24,Synthetic evaluation request for Rheumatology,Z22.0,Routine,Closed—Not Completed,,2025-10-08 13:06:24,,2025-10-03 10:06:24,2025-09-30 21:06:24,,,,2025-10-08 13:06:24,Not Completed,Transferred Care,2025-09-30 02:06:24,2025-10-08 13:06:24
REF002061,EHR-REF0002061,NorthStar EHR,PAT000874,COV000874,PRC0025,ORG001,LOC001,SPC004,PRC0099,ORG020,,2025-12-11 06:18:54,2025-12-11 16:18:54,Synthetic evaluation request for Gastroenterology,Z40.8,Routine,Closed—Completed,,2025-12-21 17:18:54,,2025-12-14 22:18:54,2025-12-12 08:18:54,2025-12-14 05:18:54,2026-01-12 05:18:54,2026-01-13 05:18:54,2026-01-13 13:18:54,Completed,,2025-12-11 16:18:54,2026-01-13 13:18:54
REF002062,EHR-REF0002062,NorthStar EHR,PAT001152,COV001152,PRC0029,ORG005,LOC005,SPC004,PRC0049,ORG020,USR014,2025-08-28 05:22:00,2025-08-28 19:22:00,Synthetic evaluation request for Gastroenterology,Z88.0,Routine,Ready for Outreach,Ready for Outreach,2025-08-31 12:22:00,2025-09-03 12:22:00,2025-08-31 12:22:00,,,,,,,,2025-08-28 19:22:00,2025-08-31 12:22:00
REF002063,EHR-REF0002063,NorthStar EHR,PAT000326,COV000326,PRC0016,ORG004,LOC004,SPC003,PRC0058,ORG029,,2025-08-16 05:11:04,2025-08-16 20:11:04,Synthetic evaluation request for Endocrinology,Z24.6,Routine,Closed—Completed,,2025-08-23 07:11:04,,2025-08-17 09:11:04,2025-08-21 19:11:04,2025-08-22 08:11:04,2025-08-29 08:11:04,2025-09-03 08:11:04,2025-09-04 03:11:04,Completed,,2025-08-16 20:11:04,2025-09-04 03:11:04
REF002064,EHR-REF0002064,NorthStar EHR,PAT000614,COV000614,PRC0014,ORG002,LOC002,SPC004,PRC0074,ORG020,,2026-04-21 14:00:06,2026-04-22 06:00:06,Synthetic evaluation request for Gastroenterology,Z66.0,Routine,Closed—Not Completed,,2026-04-27 15:00:06,,2026-04-23 05:00:06,2026-04-24 13:00:06,,,,2026-04-27 15:00:06,Not Completed,No Longer Clinically Indicated,2026-04-22 06:00:06,2026-04-27 15:00:06
REF002065,EHR-REF0002065,NorthStar EHR,PAT000353,COV000353,PRC0004,ORG004,LOC004,SPC001,PRC0106,ORG027,,2025-08-26 19:48:30,2025-08-26 19:48:30,Synthetic evaluation request for Cardiology,Z37.5,Routine,Closed—Completed,,2025-09-03 18:48:30,,2025-08-27 08:48:30,2025-08-31 07:48:30,2025-08-31 13:48:30,2025-09-22 13:48:30,2025-09-30 13:48:30,2025-10-01 09:48:30,Completed,,2025-08-26 19:48:30,2025-10-01 09:48:30
REF002066,EHR-REF0002066,NorthStar EHR,PAT001171,COV001171,PRC0004,ORG004,LOC004,SPC009,PRC0079,ORG025,,2026-02-26 06:21:13,2026-02-26 12:21:13,Synthetic evaluation request for Rheumatology,Z28.4,Routine,Closed—Completed,,2026-03-04 03:21:13,,2026-02-27 15:21:13,2026-02-28 17:21:13,2026-03-01 18:21:13,2026-03-29 18:21:13,2026-03-30 18:21:13,2026-04-01 04:21:13,Completed,,2026-02-26 12:21:13,2026-04-01 04:21:13
REF002067,EHR-REF0002067,NorthStar EHR,PAT001023,COV001023,PRC0008,ORG002,LOC002,SPC003,PRC0098,ORG019,,2025-09-27 18:27:57,2025-09-27 21:27:57,Synthetic evaluation request for Endocrinology,Z49.0,Routine,Closed—Completed,,2025-10-13 14:27:57,,2025-09-29 17:27:57,2025-10-01 14:27:57,2025-10-02 06:27:57,2025-10-23 06:27:57,2025-10-25 06:27:57,2025-10-26 13:27:57,Completed,,2025-09-27 21:27:57,2025-10-26 13:27:57
REF002068,EHR-REF0002068,NorthStar EHR,PAT000857,COV000857,PRC0015,ORG003,LOC003,SPC007,PRC0067,ORG013,USR011,2026-03-16 08:03:04,2026-03-17 07:03:04,Synthetic evaluation request for Otolaryngology,Z66.9,Routine,Outreach in Progress,Outreach Follow-Up,2026-03-24 14:03:04,2026-03-27 14:03:04,2026-03-20 22:03:04,2026-03-17 18:03:04,,,,,,,2026-03-17 07:03:04,2026-03-24 14:03:04
REF002069,EHR-REF0002069,NorthStar EHR,PAT001893,COV001893,PRC0023,ORG005,LOC005,SPC008,PRC0053,ORG024,,2025-12-16 05:38:49,2025-12-16 20:38:49,Synthetic evaluation request for Pulmonology,Z15.9,Routine,Closed—Completed,,2025-12-29 12:38:49,,2025-12-19 16:38:49,2025-12-18 09:38:49,2025-12-18 20:38:49,2026-01-20 20:38:49,2026-01-28 20:38:49,2026-01-29 15:38:49,Completed,,2025-12-16 20:38:49,2026-01-29 15:38:49
REF002070,EHR-REF0002070,NorthStar EHR,PAT001144,COV001144,PRC0006,ORG006,LOC006,SPC003,PRC0083,ORG029,,2025-11-07 13:20:30,2025-11-07 23:20:30,Synthetic evaluation request for Endocrinology,Z64.5,Routine,Closed—Completed,,2025-11-22 06:20:30,,2025-11-09 11:20:30,2025-11-12 07:20:30,2025-11-12 11:20:30,2025-11-27 11:20:30,2025-12-05 11:20:30,2025-12-06 07:20:30,Completed,,2025-11-07 23:20:30,2025-12-06 07:20:30
REF002071,EHR-REF0002071,NorthStar EHR,PAT000760,COV000760,PRC0030,ORG006,LOC006,SPC004,PRC0084,ORG030,,2026-04-02 02:25:42,2026-04-02 07:25:42,Synthetic evaluation request for Gastroenterology,Z84.9,Routine,Closed—Not Completed,,2026-04-09 22:25:42,,2026-04-04 22:25:42,2026-04-07 01:25:42,,,,2026-04-09 22:25:42,Not Completed,Patient Chose Another Provider,2026-04-02 07:25:42,2026-04-09 22:25:42
REF002072,EHR-REF0002072,NorthStar EHR,PAT001804,COV001804,PRC0026,ORG002,LOC002,SPC006,PRC0066,ORG012,USR007,2026-03-24 01:47:44,2026-03-24 21:47:44,Synthetic evaluation request for Orthopedics,Z22.1,Routine,Scheduled,Appointment Verification,2026-03-30 05:47:44,2026-04-02 05:47:44,2026-03-25 09:47:44,2026-03-28 22:47:44,2026-03-29 01:47:44,,,,,,2026-03-24 21:47:44,2026-03-30 05:47:44
REF002073,EHR-REF0002073,NorthStar EHR,PAT001590,COV001590,PRC0018,ORG006,LOC006,SPC005,PRC0090,ORG011,,2026-03-06 13:28:43,2026-03-07 11:28:43,Synthetic evaluation request for Neurology,Z39.1,Routine,Closed—Completed,,2026-03-18 18:28:43,,2026-03-09 23:28:43,2026-03-09 20:28:43,2026-03-11 15:28:43,2026-03-17 15:28:43,2026-03-27 15:28:43,2026-03-28 19:28:43,Completed,,2026-03-07 11:28:43,2026-03-28 19:28:43
REF002074,EHR-REF0002074,NorthStar EHR,PAT000885,COV000885,PRC0014,ORG002,LOC002,SPC009,PRC0069,ORG015,,2025-12-14 07:59:46,2025-12-14 14:59:46,Synthetic evaluation request for Rheumatology,Z86.7,Routine,Closed—Not Completed,,2025-12-19 18:59:46,,2025-12-15 23:59:46,2025-12-15 15:59:46,,,,2025-12-19 18:59:46,Not Completed,Patient Declined,2025-12-14 14:59:46,2025-12-19 18:59:46
REF002075,EHR-REF0002075,NorthStar EHR,PAT001815,COV001815,PRC0006,ORG006,LOC006,SPC005,PRC0075,ORG021,USR007,2026-06-05 00:55:42,2026-06-05 09:55:42,Synthetic evaluation request for Neurology,Z46.6,Routine,Outreach in Progress,Outreach Follow-Up,2026-06-09 21:55:42,2026-06-12 21:55:42,2026-06-08 13:55:42,2026-06-10 05:55:42,,,,,,,2026-06-05 09:55:42,2026-06-09 21:55:42
REF002076,EHR-REF0002076,NorthStar EHR,PAT001341,COV001341,PRC0012,ORG006,LOC006,SPC007,PRC0067,ORG013,,2026-04-06 21:12:54,2026-04-07 16:12:54,Synthetic evaluation request for Otolaryngology,Z23.6,Routine,Closed—Completed,,2026-04-19 05:12:54,,2026-04-10 09:12:54,2026-04-08 05:12:54,2026-04-09 08:12:54,2026-05-13 08:12:54,2026-05-14 08:12:54,2026-05-15 09:12:54,Completed,,2026-04-07 16:12:54,2026-05-15 09:12:54
REF002077,EHR-REF0002077,NorthStar EHR,PAT001092,COV001092,PRC0007,ORG001,LOC001,SPC008,PRC0043,ORG014,USR001,2026-06-10 23:17:08,2026-06-11 10:17:08,Synthetic evaluation request for Pulmonology,Z80.9,Routine,Outreach in Progress,Outreach Follow-Up,2026-06-13 20:17:08,2026-06-16 20:17:08,2026-06-12 15:17:08,2026-06-15 14:17:08,,,,,,,2026-06-11 10:17:08,2026-06-13 20:17:08
REF002078,EHR-REF0002078,NorthStar EHR,PAT000768,COV000768,PRC0008,ORG002,LOC002,SPC008,PRC0093,ORG014,USR011,2026-05-25 20:56:07,2026-05-25 20:56:07,Synthetic evaluation request for Pulmonology,Z89.0,Urgent,Completed—Report Pending,Report Pending,2026-06-03 14:56:07,2026-06-04 14:56:07,2026-05-27 09:56:07,2026-05-28 07:56:07,2026-05-29 12:56:07,2026-07-03 12:56:07,,,,,2026-05-25 20:56:07,2026-06-03 14:56:07
REF002079,EHR-REF0002079,NorthStar EHR,PAT001588,COV001588,PRC0018,ORG006,LOC006,SPC002,PRC0047,ORG018,USR010,2026-06-19 00:58:57,2026-06-20 00:58:57,Synthetic evaluation request for Dermatology,Z21.8,Urgent,Ready for Outreach,Ready for Outreach,2026-06-20 15:58:57,2026-06-21 15:58:57,2026-06-20 15:58:57,,,,,,,,2026-06-20 00:58:57,2026-06-20 15:58:57
REF002080,EHR-REF0002080,NorthStar EHR,PAT001426,COV001426,PRC0029,ORG005,LOC005,SPC002,PRC0047,ORG018,,2026-01-01 06:56:21,2026-01-02 06:56:21,Synthetic evaluation request for Dermatology,Z61.5,Routine,Closed—Not Completed,,2026-01-05 16:56:21,,2026-01-03 10:56:21,2026-01-03 11:56:21,,,,2026-01-05 16:56:21,Not Completed,Patient Declined,2026-01-02 06:56:21,2026-01-05 16:56:21
REF002081,EHR-REF0002081,NorthStar EHR,PAT001201,COV001201,PRC0008,ORG002,LOC002,SPC009,PRC0069,ORG015,,2026-06-09 14:16:23,2026-06-10 03:16:23,Synthetic evaluation request for Rheumatology,Z66.1,Routine,Closed—Completed,,2026-06-23 06:16:23,,2026-06-11 23:16:23,2026-06-13 23:16:23,2026-06-15 10:16:23,2026-06-21 10:16:23,2026-06-30 10:16:23,2026-07-02 04:16:23,Completed,,2026-06-10 03:16:23,2026-07-02 04:16:23
REF002082,EHR-REF0002082,NorthStar EHR,PAT001455,COV001455,PRC0027,ORG003,LOC003,SPC009,PRC0079,ORG025,,2026-02-19 04:16:03,2026-02-19 05:16:03,Synthetic evaluation request for Rheumatology,Z43.0,Urgent,Closed—Not Completed,,2026-02-26 21:16:03,,2026-02-21 22:16:03,2026-02-23 12:16:03,,,,2026-02-26 21:16:03,Not Completed,Transferred Care,2026-02-19 05:16:03,2026-02-26 21:16:03
REF002083,EHR-REF0002083,NorthStar EHR,PAT000006,COV000006,PRC0026,ORG002,LOC002,SPC008,PRC0103,ORG024,,2025-08-29 03:12:21,2025-08-30 03:12:21,Synthetic evaluation request for Pulmonology,Z88.3,Routine,Closed—Completed,,2025-09-05 02:12:21,,2025-08-31 18:12:21,2025-08-31 04:12:21,2025-08-31 19:12:21,2025-09-07 19:12:21,2025-09-14 19:12:21,2025-09-15 15:12:21,Completed,,2025-08-30 03:12:21,2025-09-15 15:12:21
REF002084,EHR-REF0002084,NorthStar EHR,PAT001900,COV001900,PRC0022,ORG004,LOC004,SPC002,PRC0097,ORG018,,2026-02-24 10:33:57,2026-02-24 17:33:57,Synthetic evaluation request for Dermatology,Z52.2,Routine,Closed—Completed,,2026-03-06 14:33:57,,2026-02-27 10:33:57,2026-02-28 13:33:57,2026-03-02 04:33:57,2026-03-20 04:33:57,2026-03-24 04:33:57,2026-03-25 00:33:57,Completed,,2026-02-24 17:33:57,2026-03-25 00:33:57
REF002085,EHR-REF0002085,NorthStar EHR,PAT001629,COV001629,PRC0017,ORG005,LOC005,SPC008,PRC0093,ORG014,,2026-06-18 11:14:21,2026-06-19 03:14:21,Synthetic evaluation request for Pulmonology,Z35.9,Routine,Closed—Completed,,2026-07-01 04:14:21,,2026-06-21 21:14:21,2026-06-20 23:14:21,2026-06-21 11:14:21,2026-07-05 11:14:21,2026-07-06 11:14:21,2026-07-07 20:14:21,Completed,,2026-06-19 03:14:21,2026-07-07 20:14:21
REF002086,EHR-REF0002086,NorthStar EHR,PAT001597,COV001597,PRC0019,ORG001,LOC001,SPC005,PRC0100,ORG021,,2025-12-25 10:21:00,2025-12-25 16:21:00,Synthetic evaluation request for Neurology,Z56.4,Routine,Closed—Completed,,2026-01-09 01:21:00,,2025-12-28 22:21:00,2025-12-29 22:21:00,2025-12-30 01:21:00,2026-01-30 01:21:00,2026-02-06 01:21:00,2026-02-07 10:21:00,Completed,,2025-12-25 16:21:00,2026-02-07 10:21:00
REF002087,EHR-REF0002087,NorthStar EHR,PAT001220,COV001220,PRC0014,ORG002,LOC002,SPC006,PRC0066,ORG012,,2025-08-31 00:11:55,2025-08-31 16:11:55,Synthetic evaluation request for Orthopedics,Z38.2,Routine,Closed—Completed,,2025-09-14 15:11:55,,2025-09-04 08:11:55,2025-09-03 14:11:55,2025-09-04 01:11:55,2025-09-18 01:11:55,2025-09-28 01:11:55,2025-09-29 15:11:55,Completed,,2025-08-31 16:11:55,2025-09-29 15:11:55
REF002088,EHR-REF0002088,NorthStar EHR,PAT001954,COV001954,PRC0034,ORG004,LOC004,SPC007,PRC0092,ORG013,USR009,2025-08-22 06:54:22,2025-08-22 18:54:22,Synthetic evaluation request for Otolaryngology,Z37.9,Routine,Completed—Report Pending,Report Pending,2025-09-01 18:54:22,2025-09-04 18:54:22,2025-08-25 04:54:22,2025-08-24 13:54:22,2025-08-25 08:54:22,2025-08-29 08:54:22,,,,,2025-08-22 18:54:22,2025-09-01 18:54:22
REF002089,EHR-REF0002089,NorthStar EHR,PAT001283,COV001283,PRC0009,ORG003,LOC003,SPC008,PRC0078,ORG024,,2026-06-07 02:01:59,2026-06-07 20:01:59,Synthetic evaluation request for Pulmonology,Z66.1,Routine,Closed—Completed,,2026-06-16 20:01:59,,2026-06-10 20:01:59,2026-06-08 17:01:59,2026-06-10 17:01:59,2026-07-13 17:01:59,2026-07-14 17:01:59,2026-07-15 20:01:59,Completed,,2026-06-07 20:01:59,2026-07-15 20:01:59
REF002090,EHR-REF0002090,NorthStar EHR,PAT000042,COV000042,PRC0014,ORG002,LOC002,SPC002,PRC0082,ORG028,,2026-05-19 08:08:53,2026-05-20 00:08:53,Synthetic evaluation request for Dermatology,Z53.5,Routine,Closed—Completed,,2026-05-29 05:08:53,,2026-05-21 17:08:53,2026-05-23 21:08:53,2026-05-24 12:08:53,2026-06-01 12:08:53,2026-06-05 12:08:53,2026-06-06 10:08:53,Completed,,2026-05-20 00:08:53,2026-06-06 10:08:53
REF002091,EHR-REF0002091,NorthStar EHR,PAT001360,COV001360,PRC0005,ORG005,LOC005,SPC004,PRC0064,ORG010,USR004,2025-11-15 17:28:06,2025-11-16 14:28:06,Synthetic evaluation request for Gastroenterology,Z44.9,Routine,Completed—Report Pending,Report Pending,2025-11-27 06:28:06,2025-11-30 06:28:06,2025-11-19 16:28:06,2025-11-20 22:28:06,2025-11-21 05:28:06,2025-12-22 05:28:06,,,,,2025-11-16 14:28:06,2025-11-27 06:28:06
REF002092,EHR-REF0002092,NorthStar EHR,PAT000408,COV000408,PRC0032,ORG002,LOC002,SPC004,PRC0109,ORG030,,2026-06-24 16:24:44,2026-06-25 08:24:44,Synthetic evaluation request for Gastroenterology,Z68.1,Routine,Closed—Completed,,2026-07-04 15:24:44,,2026-06-26 23:24:44,2026-06-27 19:24:44,2026-06-28 02:24:44,2026-07-15 02:24:44,2026-07-25 02:24:44,2026-07-26 03:24:44,Completed,,2026-06-25 08:24:44,2026-07-26 03:24:44
REF002093,EHR-REF0002093,NorthStar EHR,PAT001121,COV001121,PRC0022,ORG004,LOC004,SPC002,PRC0062,ORG008,USR007,2026-02-12 14:24:01,2026-02-13 01:24:01,Synthetic evaluation request for Dermatology,Z53.2,Routine,Completed—Report Pending,Report Pending,2026-02-24 05:24:01,2026-02-27 05:24:01,2026-02-15 20:24:01,2026-02-17 22:24:01,2026-02-19 16:24:01,2026-03-14 16:24:01,,,,,2026-02-13 01:24:01,2026-02-24 05:24:01
REF002094,EHR-REF0002094,NorthStar EHR,PAT000568,COV000568,PRC0024,ORG006,LOC006,SPC009,PRC0104,ORG025,,2026-04-25 18:13:39,2026-04-26 16:13:39,Synthetic evaluation request for Rheumatology,Z59.6,Routine,Cancelled,,2026-04-28 04:13:39,,2026-04-28 04:13:39,,,,,2026-04-28 04:13:39,Cancelled,No Longer Clinically Indicated,2026-04-26 16:13:39,2026-04-28 04:13:39
REF002095,EHR-REF0002095,NorthStar EHR,PAT000968,COV000968,PRC0015,ORG003,LOC003,SPC003,PRC0038,ORG009,USR005,2025-09-19 19:44:57,2025-09-20 17:44:57,Synthetic evaluation request for Endocrinology,Z27.0,Routine,Outreach in Progress,Outreach Follow-Up,2025-09-23 22:44:57,2025-09-26 22:44:57,2025-09-23 10:44:57,2025-09-25 06:44:57,,,,,,,2025-09-20 17:44:57,2025-09-23 22:44:57
REF002096,EHR-REF0002096,NorthStar EHR,PAT001218,COV001218,PRC0006,ORG006,LOC006,SPC005,PRC0075,ORG021,,2025-12-28 07:05:10,2025-12-28 18:05:10,Synthetic evaluation request for Neurology,Z27.4,Routine,Closed—Not Completed,,2026-01-05 21:05:10,,2025-12-31 21:05:10,2025-12-30 03:05:10,,,,2026-01-05 21:05:10,Not Completed,Patient Chose Another Provider,2025-12-28 18:05:10,2026-01-05 21:05:10
REF002097,EHR-REF0002097,NorthStar EHR,PAT001384,COV001384,PRC0024,ORG006,LOC006,SPC003,PRC0058,ORG029,,2026-04-17 02:38:00,2026-04-17 15:38:00,Synthetic evaluation request for Endocrinology,Z52.8,Routine,Closed—Completed,,2026-04-30 16:38:00,,2026-04-21 14:38:00,2026-04-21 02:38:00,2026-04-21 14:38:00,2026-04-28 14:38:00,2026-05-04 14:38:00,2026-05-05 14:38:00,Completed,,2026-04-17 15:38:00,2026-05-05 14:38:00
REF002098,EHR-REF0002098,NorthStar EHR,PAT000268,COV000268,PRC0002,ORG002,LOC002,SPC001,PRC0046,ORG017,,2026-03-26 01:57:42,2026-03-26 17:57:42,Synthetic evaluation request for Cardiology,Z18.2,Routine,Cancelled,,2026-03-28 01:57:42,,2026-03-28 01:57:42,,,,,2026-03-28 01:57:42,Cancelled,No Longer Clinically Indicated,2026-03-26 17:57:42,2026-03-28 01:57:42
REF002099,EHR-REF0002099,NorthStar EHR,PAT000793,COV000793,PRC0023,ORG005,LOC005,SPC005,PRC0110,ORG031,,2026-06-10 15:01:30,2026-06-11 03:01:30,Synthetic evaluation request for Neurology,Z88.8,Routine,Closed—Completed,,2026-06-19 21:01:30,,2026-06-12 14:01:30,2026-06-13 21:01:30,2026-06-15 14:01:30,2026-07-16 14:01:30,2026-07-24 14:01:30,2026-07-25 01:01:30,Completed,,2026-06-11 03:01:30,2026-07-25 01:01:30
REF002100,EHR-REF0002100,NorthStar EHR,PAT000378,COV000378,PRC0007,ORG001,LOC001,SPC003,PRC0038,ORG009,,2025-10-29 14:04:30,2025-10-30 05:04:30,Synthetic evaluation request for Endocrinology,Z65.1,Routine,Closed—Completed,,2025-11-12 20:04:30,,2025-11-02 07:04:30,2025-11-03 04:04:30,2025-11-04 12:04:30,2025-12-05 12:04:30,2025-12-09 12:04:30,2025-12-10 18:04:30,Completed,,2025-10-30 05:04:30,2025-12-10 18:04:30
REF002101,EHR-REF0002101,NorthStar EHR,PAT000376,COV000376,PRC0001,ORG001,LOC001,SPC005,PRC0050,ORG021,,2025-11-20 03:08:05,2025-11-20 13:08:05,Synthetic evaluation request for Neurology,Z83.0,Routine,Closed—Completed,,2025-11-28 18:08:05,,2025-11-23 01:08:05,2025-11-25 04:08:05,2025-11-26 00:08:05,2025-12-23 00:08:05,2025-12-30 00:08:05,2025-12-30 17:08:05,Completed,,2025-11-20 13:08:05,2025-12-30 17:08:05
REF002102,EHR-REF0002102,NorthStar EHR,PAT000706,COV000706,PRC0021,ORG003,LOC003,SPC004,PRC0089,ORG010,,2026-06-17 05:01:53,2026-06-18 04:01:53,Synthetic evaluation request for Gastroenterology,Z54.2,Routine,Closed—Completed,,2026-06-25 17:01:53,,2026-06-18 11:01:53,2026-06-20 06:01:53,2026-06-22 01:01:53,2026-06-28 01:01:53,2026-07-03 01:01:53,2026-07-03 15:01:53,Completed,,2026-06-18 04:01:53,2026-07-03 15:01:53
REF002103,EHR-REF0002103,NorthStar EHR,PAT000796,COV000796,PRC0001,ORG001,LOC001,SPC002,PRC0062,ORG008,USR010,2026-06-03 08:04:04,2026-06-04 02:04:04,Synthetic evaluation request for Dermatology,Z11.5,Routine,Scheduled,Appointment Verification,2026-06-08 14:04:04,2026-06-11 14:04:04,2026-06-04 15:04:04,2026-06-07 08:04:04,2026-06-09 04:04:04,,,,,,2026-06-04 02:04:04,2026-06-08 14:04:04
REF002104,EHR-REF0002104,NorthStar EHR,PAT000437,COV000437,PRC0014,ORG002,LOC002,SPC001,PRC0046,ORG017,USR012,2026-04-21 15:42:19,2026-04-21 22:42:19,Synthetic evaluation request for Cardiology,Z86.0,Routine,Scheduled,Appointment Verification,2026-04-26 17:42:19,2026-04-29 17:42:19,2026-04-23 08:42:19,2026-04-24 05:42:19,2026-04-24 19:42:19,,,,,,2026-04-21 22:42:19,2026-04-26 17:42:19
REF002105,EHR-REF0002105,NorthStar EHR,PAT001303,COV001303,PRC0018,ORG006,LOC006,SPC007,PRC0067,ORG013,USR010,2026-05-26 16:39:33,2026-05-26 23:39:33,Synthetic evaluation request for Otolaryngology,Z57.5,Routine,Scheduled,Appointment Verification,2026-06-01 03:39:33,2026-06-04 03:39:33,2026-05-30 21:39:33,2026-05-29 18:39:33,2026-05-30 04:39:33,,,,,,2026-05-26 23:39:33,2026-06-01 03:39:33
REF002106,EHR-REF0002106,NorthStar EHR,PAT001165,COV001165,PRC0021,ORG003,LOC003,SPC002,PRC0107,ORG028,USR014,2026-07-01 16:03:20,2026-07-02 13:03:20,Synthetic evaluation request for Dermatology,Z89.0,Routine,Completed—Report Pending,Report Pending,2026-07-09 17:03:20,2026-07-12 17:03:20,2026-07-05 01:03:20,2026-07-04 23:03:20,2026-07-05 22:03:20,2026-08-01 22:03:20,,,,,2026-07-02 13:03:20,2026-07-09 17:03:20
REF002107,EHR-REF0002107,NorthStar EHR,PAT000515,COV000515,PRC0005,ORG005,LOC005,SPC007,PRC0052,ORG023,,2026-06-26 13:24:13,2026-06-27 04:24:13,Synthetic evaluation request for Otolaryngology,Z43.2,Routine,Closed—Completed,,2026-07-07 21:24:13,,2026-06-27 15:24:13,2026-06-28 07:24:13,2026-06-29 13:24:13,2026-07-19 13:24:13,2026-07-24 13:24:13,2026-07-25 12:24:13,Completed,,2026-06-27 04:24:13,2026-07-25 12:24:13
REF002108,EHR-REF0002108,NorthStar EHR,PAT000388,COV000388,PRC0025,ORG001,LOC001,SPC004,PRC0109,ORG030,,2026-05-28 23:47:19,2026-05-29 15:47:19,Synthetic evaluation request for Gastroenterology,Z59.5,Routine,Closed—Not Completed,,2026-06-05 08:47:19,,2026-05-31 09:47:19,2026-06-01 01:47:19,,,,2026-06-05 08:47:19,Not Completed,Patient Moved,2026-05-29 15:47:19,2026-06-05 08:47:19
REF002109,EHR-REF0002109,NorthStar EHR,PAT000961,COV000961,PRC0035,ORG005,LOC005,SPC009,PRC0044,ORG015,USR014,2026-01-30 15:59:32,2026-01-31 05:59:32,Synthetic evaluation request for Rheumatology,Z72.7,Routine,Outreach in Progress,Outreach Follow-Up,2026-02-03 04:59:32,2026-02-06 04:59:32,2026-02-02 20:59:32,2026-02-01 04:59:32,,,,,,,2026-01-31 05:59:32,2026-02-03 04:59:32
REF002110,EHR-REF0002110,NorthStar EHR,PAT000791,COV000791,PRC0020,ORG002,LOC002,SPC002,PRC0062,ORG008,USR007,2025-12-14 14:46:11,2025-12-15 09:46:11,Synthetic evaluation request for Dermatology,Z74.0,Routine,Scheduled,Appointment Verification,2025-12-22 18:46:11,2025-12-25 18:46:11,2025-12-17 04:46:11,2025-12-19 02:46:11,2025-12-19 16:46:11,,,,,,2025-12-15 09:46:11,2025-12-22 18:46:11
REF002111,EHR-REF0002111,NorthStar EHR,PAT000931,COV000931,PRC0031,ORG001,LOC001,SPC001,PRC0056,ORG027,USR006,2026-05-14 17:47:01,2026-05-15 12:47:01,Synthetic evaluation request for Cardiology,Z39.1,Routine,Scheduled,Appointment Verification,2026-05-19 21:47:01,2026-05-22 21:47:01,2026-05-16 04:47:01,2026-05-16 01:47:01,2026-05-16 08:47:01,,,,,,2026-05-15 12:47:01,2026-05-19 21:47:01
REF002112,EHR-REF0002112,NorthStar EHR,PAT001764,COV001764,PRC0026,ORG002,LOC002,SPC010,PRC0045,ORG016,,2026-01-07 03:27:15,2026-01-07 14:27:15,Synthetic evaluation request for General Surgery,Z49.8,Routine,Closed—Completed,,2026-01-14 08:27:15,,2026-01-08 05:27:15,2026-01-09 03:27:15,2026-01-10 21:27:15,2026-01-30 21:27:15,2026-02-07 21:27:15,2026-02-09 02:27:15,Completed,,2026-01-07 14:27:15,2026-02-09 02:27:15
REF002113,EHR-REF0002113,NorthStar EHR,PAT001981,COV001981,PRC0030,ORG006,LOC006,SPC001,PRC0046,ORG017,,2025-08-10 14:39:14,2025-08-11 08:39:14,Synthetic evaluation request for Cardiology,Z55.5,Routine,Closed—Not Completed,,2025-08-14 10:39:14,,2025-08-12 17:39:14,2025-08-15 02:39:14,,,,2025-08-14 10:39:14,Not Completed,Patient Moved,2025-08-11 08:39:14,2025-08-14 10:39:14
REF002114,EHR-REF0002114,NorthStar EHR,PAT001197,COV001197,PRC0029,ORG005,LOC005,SPC010,PRC0045,ORG016,USR013,2025-09-24 00:49:32,2025-09-24 12:49:32,Synthetic evaluation request for General Surgery,Z75.3,Routine,Outreach in Progress,Outreach Follow-Up,2025-09-30 11:49:32,2025-10-03 11:49:32,2025-09-27 10:49:32,2025-09-26 07:49:32,,,,,,,2025-09-24 12:49:32,2025-09-30 11:49:32
REF002115,EHR-REF0002115,NorthStar EHR,PAT000277,COV000277,PRC0031,ORG001,LOC001,SPC001,PRC0036,ORG007,,2025-09-04 01:34:03,2025-09-04 21:34:03,Synthetic evaluation request for Cardiology,Z15.8,Routine,Closed—Not Completed,,2025-09-12 12:34:03,,2025-09-07 03:34:03,2025-09-07 19:34:03,,,,2025-09-12 12:34:03,Not Completed,Patient Declined,2025-09-04 21:34:03,2025-09-12 12:34:03
REF002116,EHR-REF0002116,NorthStar EHR,PAT000254,COV000254,PRC0005,ORG005,LOC005,SPC006,PRC0066,ORG012,,2025-10-30 03:28:20,2025-10-31 03:28:20,Synthetic evaluation request for Orthopedics,Z57.6,Routine,Closed—Completed,,2025-11-07 19:28:20,,2025-11-02 13:28:20,2025-11-01 12:28:20,2025-11-03 05:28:20,2025-11-07 05:28:20,2025-11-14 05:28:20,2025-11-16 01:28:20,Completed,,2025-10-31 03:28:20,2025-11-16 01:28:20
REF002117,EHR-REF0002117,NorthStar EHR,PAT000919,COV000919,PRC0001,ORG001,LOC001,SPC008,PRC0043,ORG014,,2026-05-11 18:04:48,2026-05-12 09:04:48,Synthetic evaluation request for Pulmonology,Z82.6,Routine,Closed—Not Completed,,2026-05-17 14:04:48,,2026-05-13 02:04:48,2026-05-13 15:04:48,,,,2026-05-17 14:04:48,Not Completed,Unable to Contact After Protocol,2026-05-12 09:04:48,2026-05-17 14:04:48
REF002118,EHR-REF0002118,NorthStar EHR,PAT001684,COV001684,PRC0018,ORG006,LOC006,SPC010,PRC0055,ORG026,USR003,2026-04-17 13:29:51,2026-04-17 17:29:51,Synthetic evaluation request for General Surgery,Z59.1,Routine,Received,New Intake,2026-04-17 17:29:51,2026-04-20 17:29:51,,,,,,,,,2026-04-17 17:29:51,2026-04-17 17:29:51
REF002119,EHR-REF0002119,NorthStar EHR,PAT000273,COV000273,PRC0025,ORG001,LOC001,SPC002,PRC0047,ORG018,USR003,2026-02-20 00:26:41,2026-02-20 23:26:41,Synthetic evaluation request for Dermatology,Z68.5,Routine,Scheduled,Appointment Verification,2026-02-28 04:26:41,2026-03-03 04:26:41,2026-02-23 11:26:41,2026-02-25 15:26:41,2026-02-27 05:26:41,,,,,,2026-02-20 23:26:41,2026-02-28 04:26:41
REF002120,EHR-REF0002120,NorthStar EHR,PAT001989,COV001989,PRC0004,ORG004,LOC004,SPC001,PRC0061,ORG007,USR004,2026-03-14 09:43:24,2026-03-15 04:43:24,Synthetic evaluation request for Cardiology,Z45.3,Routine,Scheduled,Appointment Verification,2026-03-21 11:43:24,2026-03-24 11:43:24,2026-03-16 09:43:24,2026-03-17 22:43:24,2026-03-19 04:43:24,,,,,,2026-03-15 04:43:24,2026-03-21 11:43:24
REF002121,EHR-REF0002121,NorthStar EHR,PAT000547,COV000547,PRC0011,ORG005,LOC005,SPC007,PRC0092,ORG013,,2026-07-10 17:53:21,2026-07-10 19:53:21,Synthetic evaluation request for Otolaryngology,Z62.0,Routine,Closed—Completed,,2026-07-21 20:53:21,,2026-07-14 12:53:21,2026-07-12 20:53:21,2026-07-13 12:53:21,2026-08-17 12:53:21,2026-08-24 12:53:21,2026-08-25 17:53:21,Completed,,2026-07-10 19:53:21,2026-08-25 17:53:21
REF002122,EHR-REF0002122,NorthStar EHR,PAT001245,COV001245,PRC0006,ORG006,LOC006,SPC009,PRC0069,ORG015,,2026-03-29 10:59:37,2026-03-30 08:59:37,Synthetic evaluation request for Rheumatology,Z62.4,Urgent,Closed—Not Completed,,2026-04-05 14:59:37,,2026-03-31 03:59:37,2026-03-31 04:59:37,,,,2026-04-05 14:59:37,Not Completed,Patient Moved,2026-03-30 08:59:37,2026-04-05 14:59:37
REF002123,EHR-REF0002123,NorthStar EHR,PAT000917,COV000917,PRC0030,ORG006,LOC006,SPC001,PRC0036,ORG007,USR008,2026-05-15 00:49:33,2026-05-15 04:49:33,Synthetic evaluation request for Cardiology,Z89.7,Routine,Completed—Report Pending,Report Pending,2026-05-22 13:49:33,2026-05-25 13:49:33,2026-05-16 04:49:33,2026-05-17 22:49:33,2026-05-19 09:49:33,2026-06-10 09:49:33,,,,,2026-05-15 04:49:33,2026-05-22 13:49:33
REF002124,EHR-REF0002124,NorthStar EHR,PAT001545,COV001545,PRC0017,ORG005,LOC005,SPC009,PRC0079,ORG025,,2026-05-16 07:36:07,2026-05-16 22:36:07,Synthetic evaluation request for Rheumatology,Z10.0,Routine,Closed—Completed,,2026-06-01 04:36:07,,2026-05-20 18:36:07,2026-05-17 10:36:07,2026-05-18 15:36:07,2026-05-27 15:36:07,2026-06-06 15:36:07,2026-06-07 16:36:07,Completed,,2026-05-16 22:36:07,2026-06-07 16:36:07
REF002125,EHR-REF0002125,NorthStar EHR,PAT000653,COV000653,PRC0016,ORG004,LOC004,SPC003,PRC0108,ORG029,,2026-01-19 15:38:23,2026-01-19 20:38:23,Synthetic evaluation request for Endocrinology,Z59.7,Routine,Closed—Not Completed,,2026-01-26 11:38:23,,2026-01-21 06:38:23,2026-01-21 14:38:23,,,,2026-01-26 11:38:23,Not Completed,No Longer Clinically Indicated,2026-01-19 20:38:23,2026-01-26 11:38:23
REF002126,EHR-REF0002126,NorthStar EHR,PAT001557,COV001557,PRC0007,ORG001,LOC001,SPC005,PRC0100,ORG021,USR009,2025-11-21 06:03:51,2025-11-21 10:03:51,Synthetic evaluation request for Neurology,Z12.4,Routine,Outreach in Progress,Outreach Follow-Up,2025-11-28 14:03:51,2025-12-01 14:03:51,2025-11-24 14:03:51,2025-11-25 10:03:51,,,,,,,2025-11-21 10:03:51,2025-11-28 14:03:51
REF002127,EHR-REF0002127,NorthStar EHR,PAT001065,COV001065,PRC0030,ORG006,LOC006,SPC001,PRC0071,ORG017,,2026-01-18 02:23:49,2026-01-18 12:23:49,Synthetic evaluation request for Cardiology,Z60.1,Routine,Closed—Completed,,2026-01-28 07:23:49,,2026-01-21 12:23:49,2026-01-21 05:23:49,2026-01-22 03:23:49,2026-02-13 03:23:49,2026-02-14 03:23:49,2026-02-15 06:23:49,Completed,,2026-01-18 12:23:49,2026-02-15 06:23:49
REF002128,EHR-REF0002128,NorthStar EHR,PAT000993,COV000993,PRC0029,ORG005,LOC005,SPC007,PRC0042,ORG013,USR002,2026-05-15 16:59:47,2026-05-16 12:59:47,Synthetic evaluation request for Otolaryngology,Z26.0,Routine,Completed—Report Pending,Report Pending,2026-05-23 17:59:47,2026-05-26 17:59:47,2026-05-17 04:59:47,2026-05-20 02:59:47,2026-05-20 05:59:47,2026-05-27 05:59:47,,,,,2026-05-16 12:59:47,2026-05-23 17:59:47
REF002129,EHR-REF0002129,NorthStar EHR,PAT000338,COV000338,PRC0025,ORG001,LOC001,SPC004,PRC0084,ORG030,,2025-09-23 22:44:16,2025-09-24 01:44:16,Synthetic evaluation request for Gastroenterology,Z25.4,Routine,Closed—Completed,,2025-10-07 11:44:16,,2025-09-26 12:44:16,2025-09-24 22:44:16,2025-09-25 09:44:16,2025-10-30 09:44:16,2025-11-03 09:44:16,2025-11-04 22:44:16,Completed,,2025-09-24 01:44:16,2025-11-04 22:44:16
REF002130,EHR-REF0002130,NorthStar EHR,PAT000996,COV000996,PRC0028,ORG004,LOC004,SPC001,PRC0081,ORG027,,2025-10-25 08:17:01,2025-10-25 09:17:01,Synthetic evaluation request for Cardiology,Z11.6,Routine,Closed—Completed,,2025-11-02 04:17:01,,2025-10-28 04:17:01,2025-10-30 02:17:01,2025-10-30 16:17:01,2025-11-22 16:17:01,2025-11-28 16:17:01,2025-11-29 19:17:01,Completed,,2025-10-25 09:17:01,2025-11-29 19:17:01
REF002131,EHR-REF0002131,NorthStar EHR,PAT000252,COV000252,PRC0012,ORG006,LOC006,SPC001,PRC0071,ORG017,,2026-01-30 01:20:59,2026-01-30 08:20:59,Synthetic evaluation request for Cardiology,Z13.7,Routine,Closed—Completed,,2026-02-07 17:20:59,,2026-01-31 03:20:59,2026-01-30 23:20:59,2026-01-31 10:20:59,2026-02-26 10:20:59,2026-03-04 10:20:59,2026-03-06 01:20:59,Completed,,2026-01-30 08:20:59,2026-03-06 01:20:59
REF002132,EHR-REF0002132,NorthStar EHR,PAT000686,COV000686,PRC0014,ORG002,LOC002,SPC005,PRC0085,ORG031,USR003,2026-06-06 18:40:59,2026-06-07 04:40:59,Synthetic evaluation request for Neurology,Z44.0,Routine,Scheduled,Appointment Verification,2026-06-10 20:40:59,2026-06-13 20:40:59,2026-06-08 16:40:59,2026-06-10 04:40:59,2026-06-11 18:40:59,,,,,,2026-06-07 04:40:59,2026-06-10 20:40:59
REF002133,EHR-REF0002133,NorthStar EHR,PAT001850,COV001850,PRC0032,ORG002,LOC002,SPC008,PRC0103,ORG024,,2026-06-27 14:59:34,2026-06-27 14:59:34,Synthetic evaluation request for Pulmonology,Z43.1,Routine,Closed—Completed,,2026-07-05 18:59:34,,2026-06-28 20:59:34,2026-06-29 01:59:34,2026-06-30 17:59:34,2026-07-08 17:59:34,2026-07-13 17:59:34,2026-07-14 09:59:34,Completed,,2026-06-27 14:59:34,2026-07-14 09:59:34
REF002134,EHR-REF0002134,NorthStar EHR,PAT000538,COV000538,PRC0007,ORG001,LOC001,SPC001,PRC0071,ORG017,,2025-11-09 05:21:41,2025-11-10 04:21:41,Synthetic evaluation request for Cardiology,Z60.9,Routine,Closed—Completed,,2025-11-19 11:21:41,,2025-11-11 16:21:41,2025-11-15 03:21:41,2025-11-15 12:21:41,2025-11-21 12:21:41,2025-11-24 12:21:41,2025-11-25 19:21:41,Completed,,2025-11-10 04:21:41,2025-11-25 19:21:41
REF002135,EHR-REF0002135,NorthStar EHR,PAT001636,COV001636,PRC0029,ORG005,LOC005,SPC009,PRC0094,ORG015,,2025-09-22 07:43:57,2025-09-22 13:43:57,Synthetic evaluation request for Rheumatology,Z35.9,Routine,Closed—Completed,,2025-10-02 02:43:57,,2025-09-25 16:43:57,2025-09-26 08:43:57,2025-09-27 17:43:57,2025-10-26 17:43:57,2025-10-30 17:43:57,2025-10-31 15:43:57,Completed,,2025-09-22 13:43:57,2025-10-31 15:43:57
REF002136,EHR-REF0002136,NorthStar EHR,PAT001171,COV001171,PRC0012,ORG006,LOC006,SPC008,PRC0093,ORG014,,2025-08-31 18:15:00,2025-09-01 07:15:00,Synthetic evaluation request for Pulmonology,Z27.4,Routine,Closed—Not Completed,,2025-09-10 06:15:00,,2025-09-02 06:15:00,2025-09-05 00:15:00,,,,2025-09-10 06:15:00,Not Completed,Patient Declined,2025-09-01 07:15:00,2025-09-10 06:15:00
REF002137,EHR-REF0002137,NorthStar EHR,PAT000693,COV000693,PRC0030,ORG006,LOC006,SPC010,PRC0105,ORG026,,2025-08-08 01:26:08,2025-08-08 09:26:08,Synthetic evaluation request for General Surgery,Z69.8,Routine,Closed—Not Completed,,2025-08-12 20:26:08,,2025-08-10 11:26:08,2025-08-13 08:26:08,,,,2025-08-12 20:26:08,Not Completed,Patient Declined,2025-08-08 09:26:08,2025-08-12 20:26:08
REF002138,EHR-REF0002138,NorthStar EHR,PAT000007,COV000007,PRC0026,ORG002,LOC002,SPC001,PRC0071,ORG017,USR009,2026-01-16 21:26:15,2026-01-16 23:26:15,Synthetic evaluation request for Cardiology,Z50.2,Routine,Outreach in Progress,Outreach Follow-Up,2026-01-20 16:26:15,2026-01-23 16:26:15,2026-01-18 22:26:15,2026-01-19 20:26:15,,,,,,,2026-01-16 23:26:15,2026-01-20 16:26:15
REF002139,EHR-REF0002139,NorthStar EHR,PAT000955,COV000955,PRC0022,ORG004,LOC004,SPC010,PRC0045,ORG016,USR009,2026-02-14 11:57:46,2026-02-14 20:57:46,Synthetic evaluation request for General Surgery,Z21.6,Routine,Ready for Outreach,Ready for Outreach,2026-02-15 23:57:46,2026-02-18 23:57:46,2026-02-15 23:57:46,,,,,,,,2026-02-14 20:57:46,2026-02-15 23:57:46
REF002140,EHR-REF0002140,NorthStar EHR,PAT001598,COV001598,PRC0029,ORG005,LOC005,SPC009,PRC0054,ORG025,USR013,2026-04-12 17:35:41,2026-04-13 00:35:41,Synthetic evaluation request for Rheumatology,Z46.0,Routine,Completed—Report Pending,Report Pending,2026-04-22 04:35:41,2026-04-25 04:35:41,2026-04-15 16:35:41,2026-04-17 22:35:41,2026-04-19 05:35:41,2026-05-08 05:35:41,,,,,2026-04-13 00:35:41,2026-04-22 04:35:41
REF002141,EHR-REF0002141,NorthStar EHR,PAT001049,COV001049,PRC0011,ORG005,LOC005,SPC008,PRC0078,ORG024,USR008,2025-12-26 21:05:39,2025-12-27 02:05:39,Synthetic evaluation request for Pulmonology,Z29.2,Urgent,Outreach in Progress,Outreach Follow-Up,2025-12-31 19:05:39,2026-01-01 19:05:39,2025-12-29 08:05:39,2025-12-27 14:05:39,,,,,,,2025-12-27 02:05:39,2025-12-31 19:05:39
REF002142,EHR-REF0002142,NorthStar EHR,PAT000922,COV000922,PRC0014,ORG002,LOC002,SPC009,PRC0079,ORG025,,2026-04-06 12:48:36,2026-04-07 11:48:36,Synthetic evaluation request for Rheumatology,Z76.2,Routine,Closed—Completed,,2026-04-19 03:48:36,,2026-04-09 19:48:36,2026-04-08 17:48:36,2026-04-09 03:48:36,2026-04-27 03:48:36,2026-05-05 03:48:36,2026-05-05 17:48:36,Completed,,2026-04-07 11:48:36,2026-05-05 17:48:36
REF002143,EHR-REF0002143,NorthStar EHR,PAT000981,COV000981,PRC0024,ORG006,LOC006,SPC009,PRC0054,ORG025,USR008,2026-07-04 02:22:04,2026-07-04 06:22:04,Synthetic evaluation request for Rheumatology,Z67.8,Routine,Received,New Intake,2026-07-04 06:22:04,2026-07-07 06:22:04,,,,,,,,,2026-07-04 06:22:04,2026-07-04 06:22:04
REF002144,EHR-REF0002144,NorthStar EHR,PAT000130,COV000130,PRC0007,ORG001,LOC001,SPC008,PRC0103,ORG024,,2026-07-04 16:52:00,2026-07-05 03:52:00,Synthetic evaluation request for Pulmonology,Z57.0,Urgent,Closed—Completed,,2026-07-14 23:52:00,,2026-07-05 16:52:00,2026-07-08 14:52:00,2026-07-09 00:52:00,2026-07-22 00:52:00,2026-08-01 00:52:00,2026-08-01 20:52:00,Completed,,2026-07-05 03:52:00,2026-08-01 20:52:00
REF002145,EHR-REF0002145,NorthStar EHR,PAT000547,COV000547,PRC0018,ORG006,LOC006,SPC006,PRC0051,ORG022,,2025-12-22 15:25:36,2025-12-22 21:25:36,Synthetic evaluation request for Orthopedics,Z59.5,Routine,Closed—Completed,,2025-12-30 12:25:36,,2025-12-24 18:25:36,2025-12-26 11:25:36,2025-12-28 09:25:36,2026-01-24 09:25:36,2026-01-31 09:25:36,2026-02-01 16:25:36,Completed,,2025-12-22 21:25:36,2026-02-01 16:25:36
REF002146,EHR-REF0002146,NorthStar EHR,PAT001139,COV001139,PRC0032,ORG002,LOC002,SPC001,PRC0046,ORG017,USR010,2026-06-20 01:13:11,2026-06-20 02:13:11,Synthetic evaluation request for Cardiology,Z46.9,Routine,Completed—Report Pending,Report Pending,2026-06-30 22:13:11,2026-07-03 22:13:11,2026-06-23 01:13:11,2026-06-21 15:13:11,2026-06-22 14:13:11,2026-07-11 14:13:11,,,,,2026-06-20 02:13:11,2026-06-30 22:13:11
REF002147,EHR-REF0002147,NorthStar EHR,PAT001702,COV001702,PRC0006,ORG006,LOC006,SPC006,PRC0051,ORG022,USR012,2026-01-26 14:31:48,2026-01-27 06:31:48,Synthetic evaluation request for Orthopedics,Z88.0,Routine,Ready for Outreach,Ready for Outreach,2026-01-29 22:31:48,2026-02-01 22:31:48,2026-01-29 22:31:48,,,,,,,,2026-01-27 06:31:48,2026-01-29 22:31:48
REF002148,EHR-REF0002148,NorthStar EHR,PAT000682,COV000682,PRC0019,ORG001,LOC001,SPC005,PRC0075,ORG021,,2025-09-09 12:43:37,2025-09-10 07:43:37,Synthetic evaluation request for Neurology,Z43.2,Routine,Closed—Completed,,2025-09-22 08:43:37,,2025-09-10 22:43:37,2025-09-14 05:43:37,2025-09-15 02:43:37,2025-09-21 02:43:37,2025-09-24 02:43:37,2025-09-24 18:43:37,Completed,,2025-09-10 07:43:37,2025-09-24 18:43:37
REF002149,EHR-REF0002149,NorthStar EHR,PAT001706,COV001706,PRC0008,ORG002,LOC002,SPC005,PRC0065,ORG011,,2025-12-31 08:40:59,2026-01-01 07:40:59,Synthetic evaluation request for Neurology,Z39.4,Urgent,Closed—Completed,,2026-01-14 07:40:59,,2026-01-04 06:40:59,2026-01-04 21:40:59,2026-01-06 06:40:59,2026-02-08 06:40:59,2026-02-12 06:40:59,2026-02-13 04:40:59,Completed,,2026-01-01 07:40:59,2026-02-13 04:40:59
REF002150,EHR-REF0002150,NorthStar EHR,PAT001142,COV001142,PRC0011,ORG005,LOC005,SPC003,PRC0088,ORG009,,2026-05-04 16:14:54,2026-05-04 22:14:54,Synthetic evaluation request for Endocrinology,Z49.6,Routine,Closed—Not Completed,,2026-05-09 06:14:54,,2026-05-06 21:14:54,2026-05-08 08:14:54,,,,2026-05-09 06:14:54,Not Completed,Unable to Contact After Protocol,2026-05-04 22:14:54,2026-05-09 06:14:54
REF002151,EHR-REF0002151,NorthStar EHR,PAT001727,COV001727,PRC0023,ORG005,LOC005,SPC009,PRC0044,ORG015,,2025-09-24 18:55:25,2025-09-25 02:55:25,Synthetic evaluation request for Rheumatology,Z36.9,Routine,Closed—Completed,,2025-10-10 11:55:25,,2025-09-27 18:55:25,2025-09-27 21:55:25,2025-09-29 02:55:25,2025-10-22 02:55:25,2025-10-29 02:55:25,2025-10-30 00:55:25,Completed,,2025-09-25 02:55:25,2025-10-30 00:55:25
REF002152,EHR-REF0002152,NorthStar EHR,PAT000504,COV000504,PRC0024,ORG006,LOC006,SPC005,PRC0065,ORG011,,2026-06-20 16:18:58,2026-06-21 07:18:58,Synthetic evaluation request for Neurology,Z25.5,Routine,Closed—Completed,,2026-07-02 14:18:58,,2026-06-23 09:18:58,2026-06-24 08:18:58,2026-06-26 00:18:58,2026-07-13 00:18:58,2026-07-15 00:18:58,2026-07-15 23:18:58,Completed,,2026-06-21 07:18:58,2026-07-15 23:18:58
REF002153,EHR-REF0002153,NorthStar EHR,PAT000245,COV000245,PRC0009,ORG003,LOC003,SPC007,PRC0077,ORG023,,2026-06-05 16:55:23,2026-06-06 02:55:23,Synthetic evaluation request for Otolaryngology,Z22.1,Routine,Closed—Completed,,2026-06-14 22:55:23,,2026-06-08 01:55:23,2026-06-10 14:55:23,2026-06-10 19:55:23,2026-06-30 19:55:23,2026-07-01 19:55:23,2026-07-03 04:55:23,Completed,,2026-06-06 02:55:23,2026-07-03 04:55:23
REF002154,EHR-REF0002154,NorthStar EHR,PAT000508,COV000508,PRC0023,ORG005,LOC005,SPC005,PRC0085,ORG031,USR007,2025-10-01 10:47:26,2025-10-01 15:47:26,Synthetic evaluation request for Neurology,Z82.8,Routine,Outreach in Progress,Outreach Follow-Up,2025-10-08 04:47:26,2025-10-11 04:47:26,2025-10-04 21:47:26,2025-10-05 04:47:26,,,,,,,2025-10-01 15:47:26,2025-10-08 04:47:26
REF002155,EHR-REF0002155,NorthStar EHR,PAT000585,COV000585,PRC0009,ORG003,LOC003,SPC002,PRC0072,ORG018,,2026-02-12 18:57:50,2026-02-13 11:57:50,Synthetic evaluation request for Dermatology,Z12.2,Routine,Closed—Completed,,2026-02-19 01:57:50,,2026-02-13 21:57:50,2026-02-17 02:57:50,2026-02-17 23:57:50,2026-03-13 23:57:50,2026-03-18 23:57:50,2026-03-20 08:57:50,Completed,,2026-02-13 11:57:50,2026-03-20 08:57:50
REF002156,EHR-REF0002156,NorthStar EHR,PAT000412,COV000412,PRC0006,ORG006,LOC006,SPC007,PRC0102,ORG023,,2025-09-24 12:09:41,2025-09-24 19:09:41,Synthetic evaluation request for Otolaryngology,Z46.9,Routine,Closed—Completed,,2025-10-02 08:09:41,,2025-09-25 14:09:41,2025-09-29 15:09:41,2025-09-30 13:09:41,2025-11-03 13:09:41,2025-11-12 13:09:41,2025-11-13 06:09:41,Completed,,2025-09-24 19:09:41,2025-11-13 06:09:41
REF002157,EHR-REF0002157,NorthStar EHR,PAT000812,COV000812,PRC0020,ORG002,LOC002,SPC002,PRC0037,ORG008,,2025-12-21 18:09:28,2025-12-22 16:09:28,Synthetic evaluation request for Dermatology,Z32.7,Routine,Closed—Not Completed,,2025-12-24 16:09:28,,2025-12-22 21:09:28,2025-12-26 09:09:28,,,,2025-12-24 16:09:28,Not Completed,Unable to Contact After Protocol,2025-12-22 16:09:28,2025-12-24 16:09:28
REF002158,EHR-REF0002158,NorthStar EHR,PAT000052,COV000052,PRC0007,ORG001,LOC001,SPC009,PRC0069,ORG015,,2025-09-10 20:51:20,2025-09-10 22:51:20,Synthetic evaluation request for Rheumatology,Z32.8,Routine,Closed—Completed,,2025-09-18 00:51:20,,2025-09-14 09:51:20,2025-09-11 10:51:20,2025-09-12 04:51:20,2025-10-12 04:51:20,2025-10-20 04:51:20,2025-10-21 00:51:20,Completed,,2025-09-10 22:51:20,2025-10-21 00:51:20
REF002159,EHR-REF0002159,NorthStar EHR,PAT000122,COV000122,PRC0021,ORG003,LOC003,SPC007,PRC0077,ORG023,,2026-01-09 02:51:59,2026-01-10 01:51:59,Synthetic evaluation request for Otolaryngology,Z50.5,Routine,Closed—Completed,,2026-01-20 23:51:59,,2026-01-13 02:51:59,2026-01-10 16:51:59,2026-01-12 09:51:59,2026-01-24 09:51:59,2026-01-27 09:51:59,2026-01-28 00:51:59,Completed,,2026-01-10 01:51:59,2026-01-28 00:51:59
REF002160,EHR-REF0002160,NorthStar EHR,PAT000040,COV000040,PRC0021,ORG003,LOC003,SPC003,PRC0083,ORG029,USR012,2026-06-07 17:33:13,2026-06-07 17:33:13,Synthetic evaluation request for Endocrinology,Z72.1,Routine,Completed—Report Pending,Report Pending,2026-06-16 06:33:13,2026-06-19 06:33:13,2026-06-09 21:33:13,2026-06-08 01:33:13,2026-06-09 19:33:13,2026-07-03 19:33:13,,,,,2026-06-07 17:33:13,2026-06-16 06:33:13
REF002161,EHR-REF0002161,NorthStar EHR,PAT000563,COV000563,PRC0019,ORG001,LOC001,SPC005,PRC0110,ORG031,USR004,2026-02-01 05:41:23,2026-02-01 16:41:23,Synthetic evaluation request for Neurology,Z34.6,Routine,Needs Information,Needs Information,2026-02-02 08:41:23,2026-02-05 08:41:23,,,,,,,,,2026-02-01 16:41:23,2026-02-02 08:41:23
REF002162,EHR-REF0002162,NorthStar EHR,PAT000108,COV000108,PRC0011,ORG005,LOC005,SPC007,PRC0102,ORG023,USR014,2026-02-24 08:02:25,2026-02-24 21:02:25,Synthetic evaluation request for Otolaryngology,Z15.4,Routine,Needs Information,Needs Information,2026-02-27 05:02:25,2026-03-02 05:02:25,,,,,,,,,2026-02-24 21:02:25,2026-02-27 05:02:25
REF002163,EHR-REF0002163,NorthStar EHR,PAT000003,COV000003,PRC0027,ORG003,LOC003,SPC005,PRC0050,ORG021,USR002,2026-06-12 15:10:52,2026-06-13 13:10:52,Synthetic evaluation request for Neurology,Z53.1,Routine,Scheduled,Appointment Verification,2026-06-20 00:10:52,2026-06-23 00:10:52,2026-06-16 09:10:52,2026-06-14 02:10:52,2026-06-15 21:10:52,,,,,,2026-06-13 13:10:52,2026-06-20 00:10:52
REF002164,EHR-REF0002164,NorthStar EHR,PAT000486,COV000486,PRC0023,ORG005,LOC005,SPC008,PRC0103,ORG024,,2025-12-28 19:05:22,2025-12-29 07:05:22,Synthetic evaluation request for Pulmonology,Z53.8,Routine,Closed—Completed,,2026-01-11 07:05:22,,2025-12-31 20:05:22,2025-12-30 22:05:22,2026-01-01 22:05:22,2026-02-05 22:05:22,2026-02-08 22:05:22,2026-02-10 09:05:22,Completed,,2025-12-29 07:05:22,2026-02-10 09:05:22
REF002165,EHR-REF0002165,NorthStar EHR,PAT001999,COV001999,PRC0035,ORG005,LOC005,SPC010,PRC0105,ORG026,,2026-01-13 09:40:48,2026-01-13 21:40:48,Synthetic evaluation request for General Surgery,Z38.6,Routine,Closed—Completed,,2026-01-22 17:40:48,,2026-01-14 09:40:48,2026-01-17 02:40:48,2026-01-17 06:40:48,2026-02-06 06:40:48,2026-02-07 06:40:48,2026-02-08 03:40:48,Completed,,2026-01-13 21:40:48,2026-02-08 03:40:48
REF002166,EHR-REF0002166,NorthStar EHR,PAT000860,COV000860,PRC0027,ORG003,LOC003,SPC006,PRC0041,ORG012,,2026-05-01 14:19:23,2026-05-02 05:19:23,Synthetic evaluation request for Orthopedics,Z46.0,Routine,Closed—Completed,,2026-05-07 19:19:23,,2026-05-04 06:19:23,2026-05-04 08:19:23,2026-05-05 04:19:23,2026-05-12 04:19:23,2026-05-15 04:19:23,2026-05-16 07:19:23,Completed,,2026-05-02 05:19:23,2026-05-16 07:19:23
REF002167,EHR-REF0002167,NorthStar EHR,PAT001305,COV001305,PRC0028,ORG004,LOC004,SPC008,PRC0053,ORG024,,2026-02-22 06:46:14,2026-02-23 01:46:14,Synthetic evaluation request for Pulmonology,Z20.7,Routine,Closed—Completed,,2026-03-04 23:46:14,,2026-02-25 01:46:14,2026-02-24 22:46:14,2026-02-26 08:46:14,2026-03-22 08:46:14,2026-03-28 08:46:14,2026-03-29 19:46:14,Completed,,2026-02-23 01:46:14,2026-03-29 19:46:14
REF002168,EHR-REF0002168,NorthStar EHR,PAT000913,COV000913,PRC0026,ORG002,LOC002,SPC001,PRC0106,ORG027,,2026-01-16 04:43:24,2026-01-16 13:43:24,Synthetic evaluation request for Cardiology,Z24.2,Routine,Closed—Completed,,2026-01-28 17:43:24,,2026-01-17 20:43:24,2026-01-21 13:43:24,2026-01-21 18:43:24,2026-02-17 18:43:24,2026-02-21 18:43:24,2026-02-22 22:43:24,Completed,,2026-01-16 13:43:24,2026-02-22 22:43:24
REF002169,EHR-REF0002169,NorthStar EHR,PAT000421,COV000421,PRC0007,ORG001,LOC001,SPC003,PRC0048,ORG019,,2026-03-06 15:00:29,2026-03-07 12:00:29,Synthetic evaluation request for Endocrinology,Z49.8,Routine,Closed—Not Completed,,2026-03-15 09:00:29,,2026-03-09 23:00:29,2026-03-08 15:00:29,,,,2026-03-15 09:00:29,Not Completed,Insurance or Access Barrier,2026-03-07 12:00:29,2026-03-15 09:00:29
REF002170,EHR-REF0002170,NorthStar EHR,PAT000370,COV000370,PRC0014,ORG002,LOC002,SPC002,PRC0082,ORG028,USR009,2026-04-12 01:06:52,2026-04-12 03:06:52,Synthetic evaluation request for Dermatology,Z35.0,Routine,Outreach in Progress,Outreach Follow-Up,2026-04-18 21:06:52,2026-04-21 21:06:52,2026-04-15 12:06:52,2026-04-14 16:06:52,,,,,,,2026-04-12 03:06:52,2026-04-18 21:06:52
REF002171,EHR-REF0002171,NorthStar EHR,PAT001721,COV001721,PRC0010,ORG004,LOC004,SPC010,PRC0070,ORG016,USR006,2025-09-02 05:56:22,2025-09-02 13:56:22,Synthetic evaluation request for General Surgery,Z26.4,Routine,Completed—Report Pending,Report Pending,2025-09-09 20:56:22,2025-09-12 20:56:22,2025-09-06 08:56:22,2025-09-04 23:56:22,2025-09-06 18:56:22,2025-10-06 18:56:22,,,,,2025-09-02 13:56:22,2025-09-09 20:56:22
REF002172,EHR-REF0002172,NorthStar EHR,PAT000327,COV000327,PRC0008,ORG002,LOC002,SPC007,PRC0077,ORG023,,2025-09-11 03:50:18,2025-09-11 20:50:18,Synthetic evaluation request for Otolaryngology,Z60.7,Routine,Closed—Completed,,2025-09-20 00:50:18,,2025-09-12 02:50:18,2025-09-14 02:50:18,2025-09-15 12:50:18,2025-10-13 12:50:18,2025-10-18 12:50:18,2025-10-18 16:50:18,Completed,,2025-09-11 20:50:18,2025-10-18 16:50:18
REF002173,EHR-REF0002173,NorthStar EHR,PAT000552,COV000552,PRC0014,ORG002,LOC002,SPC009,PRC0094,ORG015,,2026-04-11 11:27:34,2026-04-11 18:27:34,Synthetic evaluation request for Rheumatology,Z49.8,Urgent,Closed—Completed,,2026-04-19 20:27:34,,2026-04-12 14:27:34,2026-04-13 16:27:34,2026-04-14 20:27:34,2026-05-04 20:27:34,2026-05-14 20:27:34,2026-05-15 20:27:34,Completed,,2026-04-11 18:27:34,2026-05-15 20:27:34
REF002174,EHR-REF0002174,NorthStar EHR,PAT001186,COV001186,PRC0026,ORG002,LOC002,SPC006,PRC0051,ORG022,,2026-01-18 20:21:08,2026-01-19 11:21:08,Synthetic evaluation request for Orthopedics,Z17.8,Routine,Closed—Completed,,2026-02-02 06:21:08,,2026-01-21 18:21:08,2026-01-23 18:21:08,2026-01-23 21:21:08,2026-02-27 21:21:08,2026-03-03 21:21:08,2026-03-05 06:21:08,Completed,,2026-01-19 11:21:08,2026-03-05 06:21:08
REF002175,EHR-REF0002175,NorthStar EHR,PAT001867,COV001867,PRC0031,ORG001,LOC001,SPC009,PRC0079,ORG025,USR010,2025-11-17 04:24:32,2025-11-17 12:24:32,Synthetic evaluation request for Rheumatology,Z89.1,Urgent,Scheduled,Appointment Verification,2025-11-26 16:24:32,2025-11-27 16:24:32,2025-11-21 04:24:32,2025-11-19 08:24:32,2025-11-20 15:24:32,,,,,,2025-11-17 12:24:32,2025-11-26 16:24:32
REF002176,EHR-REF0002176,NorthStar EHR,PAT001165,COV001165,PRC0032,ORG002,LOC002,SPC003,PRC0048,ORG019,,2026-02-01 06:08:15,2026-02-01 07:08:15,Synthetic evaluation request for Endocrinology,Z81.4,Routine,Closed—Completed,,2026-02-17 15:08:15,,2026-02-03 14:08:15,2026-02-02 20:08:15,2026-02-03 03:08:15,2026-02-11 03:08:15,2026-02-12 03:08:15,2026-02-12 10:08:15,Completed,,2026-02-01 07:08:15,2026-02-12 10:08:15
REF002177,EHR-REF0002177,NorthStar EHR,PAT000689,COV000689,PRC0022,ORG004,LOC004,SPC010,PRC0105,ORG026,,2026-05-24 12:23:35,2026-05-24 15:23:35,Synthetic evaluation request for General Surgery,Z14.6,Routine,Closed—Completed,,2026-06-05 10:23:35,,2026-05-28 07:23:35,2026-05-29 12:23:35,2026-05-31 11:23:35,2026-06-28 11:23:35,2026-07-05 11:23:35,2026-07-06 09:23:35,Completed,,2026-05-24 15:23:35,2026-07-06 09:23:35
REF002178,EHR-REF0002178,NorthStar EHR,PAT001690,COV001690,PRC0034,ORG004,LOC004,SPC006,PRC0051,ORG022,,2025-08-29 16:34:56,2025-08-29 16:34:56,Synthetic evaluation request for Orthopedics,Z73.6,Routine,Closed—Completed,,2025-09-10 22:34:56,,2025-08-31 16:34:56,2025-09-01 23:34:56,2025-09-02 09:34:56,2025-10-01 09:34:56,2025-10-08 09:34:56,2025-10-09 17:34:56,Completed,,2025-08-29 16:34:56,2025-10-09 17:34:56
REF002179,EHR-REF0002179,NorthStar EHR,PAT001594,COV001594,PRC0027,ORG003,LOC003,SPC010,PRC0105,ORG026,,2025-10-20 16:00:43,2025-10-21 14:00:43,Synthetic evaluation request for General Surgery,Z64.3,Routine,Closed—Completed,,2025-10-30 10:00:43,,2025-10-23 11:00:43,2025-10-21 23:00:43,2025-10-23 11:00:43,2025-11-15 11:00:43,2025-11-23 11:00:43,2025-11-23 23:00:43,Completed,,2025-10-21 14:00:43,2025-11-23 23:00:43
REF002180,EHR-REF0002180,NorthStar EHR,PAT000633,COV000633,PRC0003,ORG003,LOC003,SPC005,PRC0060,ORG031,,2025-10-16 21:31:41,2025-10-17 20:31:41,Synthetic evaluation request for Neurology,Z19.8,Routine,Closed—Completed,,2025-10-29 17:31:41,,2025-10-19 05:31:41,2025-10-18 19:31:41,2025-10-19 21:31:41,2025-10-24 21:31:41,2025-10-25 21:31:41,2025-10-27 00:31:41,Completed,,2025-10-17 20:31:41,2025-10-27 00:31:41
REF002181,EHR-REF0002181,NorthStar EHR,PAT001164,COV001164,PRC0018,ORG006,LOC006,SPC008,PRC0078,ORG024,,2026-06-09 22:48:38,2026-06-10 04:48:38,Synthetic evaluation request for Pulmonology,Z61.0,Urgent,Closed—Completed,,2026-06-24 11:48:38,,2026-06-12 22:48:38,2026-06-13 02:48:38,2026-06-14 15:48:38,2026-07-03 15:48:38,2026-07-07 15:48:38,2026-07-08 07:48:38,Completed,,2026-06-10 04:48:38,2026-07-08 07:48:38
REF002182,EHR-REF0002182,NorthStar EHR,PAT000975,COV000975,PRC0031,ORG001,LOC001,SPC001,PRC0086,ORG007,,2026-05-26 05:08:30,2026-05-26 16:08:30,Synthetic evaluation request for Cardiology,Z27.4,Routine,Closed—Completed,,2026-06-06 06:08:30,,2026-05-28 20:08:30,2026-05-29 06:08:30,2026-05-29 22:08:30,2026-06-22 22:08:30,2026-06-25 22:08:30,2026-06-27 16:08:30,Completed,,2026-05-26 16:08:30,2026-06-27 16:08:30
REF002183,EHR-REF0002183,NorthStar EHR,PAT000857,COV000857,PRC0001,ORG001,LOC001,SPC001,PRC0061,ORG007,,2025-09-25 17:23:23,2025-09-26 05:23:23,Synthetic evaluation request for Cardiology,Z60.8,Routine,Closed—Completed,,2025-10-09 09:23:23,,2025-09-30 05:23:23,2025-09-29 14:23:23,2025-10-01 08:23:23,2025-10-06 08:23:23,2025-10-10 08:23:23,2025-10-11 14:23:23,Completed,,2025-09-26 05:23:23,2025-10-11 14:23:23
REF002184,EHR-REF0002184,NorthStar EHR,PAT001320,COV001320,PRC0006,ORG006,LOC006,SPC002,PRC0107,ORG028,,2025-12-12 17:49:38,2025-12-13 17:49:38,Synthetic evaluation request for Dermatology,Z76.1,Routine,Closed—Completed,,2025-12-23 15:49:38,,2025-12-16 03:49:38,2025-12-14 23:49:38,2025-12-15 20:49:38,2026-01-10 20:49:38,2026-01-17 20:49:38,2026-01-19 04:49:38,Completed,,2025-12-13 17:49:38,2026-01-19 04:49:38
REF002185,EHR-REF0002185,NorthStar EHR,PAT001928,COV001928,PRC0020,ORG002,LOC002,SPC004,PRC0074,ORG020,USR001,2025-09-22 15:21:01,2025-09-23 14:21:01,Synthetic evaluation request for Gastroenterology,Z76.0,Routine,Ready for Outreach,Ready for Outreach,2025-09-27 10:21:01,2025-09-30 10:21:01,2025-09-27 10:21:01,,,,,,,,2025-09-23 14:21:01,2025-09-27 10:21:01
REF002186,EHR-REF0002186,NorthStar EHR,PAT001047,COV001047,PRC0012,ORG006,LOC006,SPC009,PRC0044,ORG015,,2026-05-28 21:04:55,2026-05-29 21:04:55,Synthetic evaluation request for Rheumatology,Z51.5,Routine,Closed—Completed,,2026-06-10 00:04:55,,2026-05-31 13:04:55,2026-06-02 18:04:55,2026-06-04 16:04:55,2026-07-01 16:04:55,2026-07-11 16:04:55,2026-07-12 23:04:55,Completed,,2026-05-29 21:04:55,2026-07-12 23:04:55
REF002187,EHR-REF0002187,NorthStar EHR,PAT000779,COV000779,PRC0026,ORG002,LOC002,SPC006,PRC0091,ORG012,,2025-08-31 03:04:36,2025-08-31 14:04:36,Synthetic evaluation request for Orthopedics,Z81.0,Routine,Closed—Completed,,2025-09-09 23:04:36,,2025-09-04 14:04:36,2025-09-04 05:04:36,2025-09-05 21:04:36,2025-09-08 21:04:36,2025-09-13 21:04:36,2025-09-14 23:04:36,Completed,,2025-08-31 14:04:36,2025-09-14 23:04:36
REF002188,EHR-REF0002188,NorthStar EHR,PAT000207,COV000207,PRC0006,ORG006,LOC006,SPC002,PRC0107,ORG028,USR008,2026-02-19 06:43:27,2026-02-20 03:43:27,Synthetic evaluation request for Dermatology,Z74.2,Routine,Completed—Report Pending,Report Pending,2026-02-28 01:43:27,2026-03-03 01:43:27,2026-02-20 10:43:27,2026-02-21 21:43:27,2026-02-23 08:43:27,2026-03-16 08:43:27,,,,,2026-02-20 03:43:27,2026-02-28 01:43:27
REF002189,EHR-REF0002189,NorthStar EHR,PAT001133,COV001133,PRC0015,ORG003,LOC003,SPC001,PRC0081,ORG027,,2026-03-03 20:52:45,2026-03-04 19:52:45,Synthetic evaluation request for Cardiology,Z25.9,Routine,Closed—Completed,,2026-03-18 01:52:45,,2026-03-08 03:52:45,2026-03-06 13:52:45,2026-03-06 21:52:45,2026-03-10 21:52:45,2026-03-15 21:52:45,2026-03-17 07:52:45,Completed,,2026-03-04 19:52:45,2026-03-17 07:52:45
REF002190,EHR-REF0002190,NorthStar EHR,PAT001462,COV001462,PRC0029,ORG005,LOC005,SPC008,PRC0053,ORG024,,2026-03-14 05:22:34,2026-03-14 16:22:34,Synthetic evaluation request for Pulmonology,Z56.1,Routine,Closed—Completed,,2026-03-25 23:22:34,,2026-03-18 07:22:34,2026-03-16 16:22:34,2026-03-17 11:22:34,2026-04-17 11:22:34,2026-04-19 11:22:34,2026-04-20 05:22:34,Completed,,2026-03-14 16:22:34,2026-04-20 05:22:34
REF002191,EHR-REF0002191,NorthStar EHR,PAT001544,COV001544,PRC0022,ORG004,LOC004,SPC004,PRC0099,ORG020,,2026-04-06 06:01:35,2026-04-07 00:01:35,Synthetic evaluation request for Gastroenterology,Z68.7,Routine,Closed—Not Completed,,2026-04-12 22:01:35,,2026-04-10 08:01:35,2026-04-08 13:01:35,,,,2026-04-12 22:01:35,Not Completed,Patient Declined,2026-04-07 00:01:35,2026-04-12 22:01:35
REF002192,EHR-REF0002192,NorthStar EHR,PAT001106,COV001106,PRC0022,ORG004,LOC004,SPC001,PRC0081,ORG027,,2025-11-18 17:15:36,2025-11-19 03:15:36,Synthetic evaluation request for Cardiology,Z63.5,Routine,Closed—Not Completed,,2025-11-26 09:15:36,,2025-11-21 16:15:36,2025-11-22 11:15:36,,,,2025-11-26 09:15:36,Not Completed,Transferred Care,2025-11-19 03:15:36,2025-11-26 09:15:36
REF002193,EHR-REF0002193,NorthStar EHR,PAT000311,COV000311,PRC0026,ORG002,LOC002,SPC009,PRC0069,ORG015,USR013,2025-08-26 12:24:11,2025-08-26 22:24:11,Synthetic evaluation request for Rheumatology,Z20.6,Urgent,Scheduled,Appointment Verification,2025-08-30 04:24:11,2025-08-31 04:24:11,2025-08-27 02:24:11,2025-08-29 23:24:11,2025-08-31 19:24:11,,,,,,2025-08-26 22:24:11,2025-08-30 04:24:11
REF002194,EHR-REF0002194,NorthStar EHR,PAT001667,COV001667,PRC0012,ORG006,LOC006,SPC006,PRC0091,ORG012,,2025-11-01 23:21:41,2025-11-02 16:21:41,Synthetic evaluation request for Orthopedics,Z53.9,Routine,Closed—Completed,,2025-11-13 20:21:41,,2025-11-05 23:21:41,2025-11-06 02:21:41,2025-11-07 21:21:41,2025-11-30 21:21:41,2025-12-07 21:21:41,2025-12-09 10:21:41,Completed,,2025-11-02 16:21:41,2025-12-09 10:21:41
REF002195,EHR-REF0002195,NorthStar EHR,PAT001165,COV001165,PRC0015,ORG003,LOC003,SPC008,PRC0068,ORG014,USR008,2025-11-13 04:08:17,2025-11-13 04:08:17,Synthetic evaluation request for Pulmonology,Z84.7,Routine,Completed—Report Pending,Report Pending,2025-11-22 18:08:17,2025-11-25 18:08:17,2025-11-16 04:08:17,2025-11-17 03:08:17,2025-11-19 03:08:17,2025-12-01 03:08:17,,,,,2025-11-13 04:08:17,2025-11-22 18:08:17
REF002196,EHR-REF0002196,NorthStar EHR,PAT000053,COV000053,PRC0031,ORG001,LOC001,SPC001,PRC0081,ORG027,,2025-09-23 21:37:28,2025-09-24 11:37:28,Synthetic evaluation request for Cardiology,Z78.0,Routine,Closed—Completed,,2025-10-04 17:37:28,,2025-09-27 12:37:28,2025-09-28 07:37:28,2025-09-29 09:37:28,2025-10-24 09:37:28,2025-11-03 09:37:28,2025-11-04 04:37:28,Completed,,2025-09-24 11:37:28,2025-11-04 04:37:28
REF002197,EHR-REF0002197,NorthStar EHR,PAT001964,COV001964,PRC0001,ORG001,LOC001,SPC009,PRC0069,ORG015,,2026-02-08 00:25:12,2026-02-08 07:25:12,Synthetic evaluation request for Rheumatology,Z88.1,Routine,Closed—Completed,,2026-02-20 22:25:12,,2026-02-10 14:25:12,2026-02-09 12:25:12,2026-02-10 05:25:12,2026-03-17 05:25:12,2026-03-18 05:25:12,2026-03-19 10:25:12,Completed,,2026-02-08 07:25:12,2026-03-19 10:25:12
REF002198,EHR-REF0002198,NorthStar EHR,PAT001848,COV001848,PRC0007,ORG001,LOC001,SPC003,PRC0073,ORG019,USR003,2026-05-28 11:06:24,2026-05-28 13:06:24,Synthetic evaluation request for Endocrinology,Z77.8,Routine,Ready for Outreach,Ready for Outreach,2026-05-31 15:06:24,2026-06-03 15:06:24,2026-05-31 15:06:24,,,,,,,,2026-05-28 13:06:24,2026-05-31 15:06:24
REF002199,EHR-REF0002199,NorthStar EHR,PAT000802,COV000802,PRC0030,ORG006,LOC006,SPC004,PRC0109,ORG030,USR001,2026-02-24 10:05:41,2026-02-24 16:05:41,Synthetic evaluation request for Gastroenterology,Z21.1,Routine,Completed—Report Pending,Report Pending,2026-03-06 11:05:41,2026-03-09 11:05:41,2026-02-27 10:05:41,2026-02-27 14:05:41,2026-02-28 21:05:41,2026-03-26 21:05:41,,,,,2026-02-24 16:05:41,2026-03-06 11:05:41
REF002200,EHR-REF0002200,NorthStar EHR,PAT000575,COV000575,PRC0019,ORG001,LOC001,SPC005,PRC0110,ORG031,,2026-03-04 02:48:21,2026-03-04 02:48:21,Synthetic evaluation request for Neurology,Z63.6,Routine,Closed—Completed,,2026-03-15 14:48:21,,2026-03-05 06:48:21,2026-03-08 12:48:21,2026-03-09 11:48:21,2026-03-20 11:48:21,2026-03-26 11:48:21,2026-03-27 10:48:21,Completed,,2026-03-04 02:48:21,2026-03-27 10:48:21
REF002201,EHR-REF0002201,NorthStar EHR,PAT000984,COV000984,PRC0021,ORG003,LOC003,SPC009,PRC0054,ORG025,USR003,2025-08-19 18:23:21,2025-08-19 21:23:21,Synthetic evaluation request for Rheumatology,Z60.6,Routine,Received,New Intake,2025-08-19 21:23:21,2025-08-22 21:23:21,,,,,,,,,2025-08-19 21:23:21,2025-08-19 21:23:21
REF002202,EHR-REF0002202,NorthStar EHR,PAT000010,COV000010,PRC0020,ORG002,LOC002,SPC010,PRC0105,ORG026,USR007,2026-03-26 00:10:09,2026-03-26 07:10:09,Synthetic evaluation request for General Surgery,Z19.1,Routine,Outreach in Progress,Outreach Follow-Up,2026-03-27 07:10:09,2026-03-30 07:10:09,2026-03-26 12:10:09,2026-03-29 21:10:09,,,,,,,2026-03-26 07:10:09,2026-03-27 07:10:09
REF002203,EHR-REF0002203,NorthStar EHR,PAT000018,COV000018,PRC0015,ORG003,LOC003,SPC001,PRC0096,ORG017,USR013,2026-05-18 12:08:53,2026-05-19 08:08:53,Synthetic evaluation request for Cardiology,Z21.2,Routine,Scheduled,Appointment Verification,2026-05-28 02:08:53,2026-05-31 02:08:53,2026-05-21 19:08:53,2026-05-23 15:08:53,2026-05-25 15:08:53,,,,,,2026-05-19 08:08:53,2026-05-28 02:08:53
REF002204,EHR-REF0002204,NorthStar EHR,PAT001394,COV001394,PRC0005,ORG005,LOC005,SPC002,PRC0047,ORG018,USR005,2025-09-09 14:11:47,2025-09-09 14:11:47,Synthetic evaluation request for Dermatology,Z45.1,Routine,Scheduled,Appointment Verification,2025-09-17 16:11:47,2025-09-20 16:11:47,2025-09-12 10:11:47,2025-09-10 04:11:47,2025-09-10 11:11:47,,,,,,2025-09-09 14:11:47,2025-09-17 16:11:47
REF002205,EHR-REF0002205,NorthStar EHR,PAT001483,COV001483,PRC0022,ORG004,LOC004,SPC001,PRC0046,ORG017,USR007,2025-11-20 00:51:34,2025-11-20 10:51:34,Synthetic evaluation request for Cardiology,Z29.0,Routine,Scheduled,Appointment Verification,2025-11-27 10:51:34,2025-11-30 10:51:34,2025-11-20 20:51:34,2025-11-21 10:51:34,2025-11-22 13:51:34,,,,,,2025-11-20 10:51:34,2025-11-27 10:51:34
REF002206,EHR-REF0002206,NorthStar EHR,PAT001041,COV001041,PRC0028,ORG004,LOC004,SPC002,PRC0072,ORG018,USR002,2026-03-09 13:54:42,2026-03-10 12:54:42,Synthetic evaluation request for Dermatology,Z78.7,Routine,Scheduled,Appointment Verification,2026-03-17 02:54:42,2026-03-20 02:54:42,2026-03-12 00:54:42,2026-03-14 21:54:42,2026-03-16 12:54:42,,,,,,2026-03-10 12:54:42,2026-03-17 02:54:42
REF002207,EHR-REF0002207,NorthStar EHR,PAT000182,COV000182,PRC0016,ORG004,LOC004,SPC008,PRC0093,ORG014,USR014,2026-05-18 04:03:20,2026-05-18 21:03:20,Synthetic evaluation request for Pulmonology,Z42.9,Routine,Completed—Report Pending,Report Pending,2026-05-22 23:03:20,2026-05-25 23:03:20,2026-05-19 11:03:20,2026-05-21 02:03:20,2026-05-21 04:03:20,2026-06-12 04:03:20,,,,,2026-05-18 21:03:20,2026-05-22 23:03:20
REF002208,EHR-REF0002208,NorthStar EHR,PAT001873,COV001873,PRC0029,ORG005,LOC005,SPC010,PRC0080,ORG026,,2026-03-04 06:14:43,2026-03-05 04:14:43,Synthetic evaluation request for General Surgery,Z42.1,Routine,Closed—Completed,,2026-03-12 19:14:43,,2026-03-06 01:14:43,2026-03-08 04:14:43,2026-03-09 11:14:43,2026-03-16 11:14:43,2026-03-17 11:14:43,2026-03-18 14:14:43,Completed,,2026-03-05 04:14:43,2026-03-18 14:14:43
REF002209,EHR-REF0002209,NorthStar EHR,PAT001567,COV001567,PRC0027,ORG003,LOC003,SPC005,PRC0085,ORG031,,2026-05-09 19:32:24,2026-05-10 09:32:24,Synthetic evaluation request for Neurology,Z69.7,Routine,Closed—Completed,,2026-05-20 19:32:24,,2026-05-10 13:32:24,2026-05-12 23:32:24,2026-05-14 03:32:24,2026-05-30 03:32:24,2026-06-01 03:32:24,2026-06-02 20:32:24,Completed,,2026-05-10 09:32:24,2026-06-02 20:32:24
REF002210,EHR-REF0002210,NorthStar EHR,PAT001055,COV001055,PRC0023,ORG005,LOC005,SPC001,PRC0081,ORG027,USR002,2025-11-17 21:47:05,2025-11-18 07:47:05,Synthetic evaluation request for Cardiology,Z32.7,Routine,Ready for Outreach,Ready for Outreach,2025-11-18 15:47:05,2025-11-21 15:47:05,2025-11-18 15:47:05,,,,,,,,2025-11-18 07:47:05,2025-11-18 15:47:05
REF002211,EHR-REF0002211,NorthStar EHR,PAT000255,COV000255,PRC0007,ORG001,LOC001,SPC007,PRC0077,ORG023,USR005,2026-05-12 07:57:45,2026-05-12 08:57:45,Synthetic evaluation request for Otolaryngology,Z29.1,Routine,Scheduled,Appointment Verification,2026-05-19 21:57:45,2026-05-22 21:57:45,2026-05-15 14:57:45,2026-05-14 20:57:45,2026-05-16 05:57:45,,,,,,2026-05-12 08:57:45,2026-05-19 21:57:45
REF002212,EHR-REF0002212,NorthStar EHR,PAT000331,COV000331,PRC0032,ORG002,LOC002,SPC009,PRC0044,ORG015,,2025-10-14 22:56:34,2025-10-14 23:56:34,Synthetic evaluation request for Rheumatology,Z35.5,Routine,Closed—Completed,,2025-10-22 21:56:34,,2025-10-15 21:56:34,2025-10-18 02:56:34,2025-10-18 14:56:34,2025-11-04 14:56:34,2025-11-11 14:56:34,2025-11-12 11:56:34,Completed,,2025-10-14 23:56:34,2025-11-12 11:56:34
REF002213,EHR-REF0002213,NorthStar EHR,PAT000586,COV000586,PRC0023,ORG005,LOC005,SPC002,PRC0087,ORG008,,2026-01-06 10:48:20,2026-01-07 00:48:20,Synthetic evaluation request for Dermatology,Z21.1,Routine,Closed—Not Completed,,2026-01-12 12:48:20,,2026-01-07 10:48:20,2026-01-08 00:48:20,,,,2026-01-12 12:48:20,Not Completed,Patient Declined,2026-01-07 00:48:20,2026-01-12 12:48:20
REF002214,EHR-REF0002214,NorthStar EHR,PAT000760,COV000760,PRC0001,ORG001,LOC001,SPC005,PRC0085,ORG031,,2025-12-26 06:39:04,2025-12-26 18:39:04,Synthetic evaluation request for Neurology,Z49.3,Routine,Closed—Completed,,2026-01-02 08:39:04,,2025-12-27 01:39:04,2025-12-28 15:39:04,2025-12-29 13:39:04,2026-01-02 13:39:04,2026-01-06 13:39:04,2026-01-07 06:39:04,Completed,,2025-12-26 18:39:04,2026-01-07 06:39:04
REF002215,EHR-REF0002215,NorthStar EHR,PAT001767,COV001767,PRC0016,ORG004,LOC004,SPC005,PRC0050,ORG021,,2026-05-19 08:27:24,2026-05-19 08:27:24,Synthetic evaluation request for Neurology,Z24.6,Routine,Closed—Completed,,2026-05-25 12:27:24,,2026-05-20 03:27:24,2026-05-21 00:27:24,2026-05-23 00:27:24,2026-05-27 00:27:24,2026-06-03 00:27:24,2026-06-03 14:27:24,Completed,,2026-05-19 08:27:24,2026-06-03 14:27:24
REF002216,EHR-REF0002216,NorthStar EHR,PAT000581,COV000581,PRC0033,ORG003,LOC003,SPC004,PRC0059,ORG030,,2026-04-23 04:50:59,2026-04-23 08:50:59,Synthetic evaluation request for Gastroenterology,Z85.4,Routine,Closed—Not Completed,,2026-05-02 10:50:59,,2026-04-25 20:50:59,2026-04-27 19:50:59,,,,2026-05-02 10:50:59,Not Completed,Duplicate Referral,2026-04-23 08:50:59,2026-05-02 10:50:59
REF002217,EHR-REF0002217,NorthStar EHR,PAT000386,COV000386,PRC0025,ORG001,LOC001,SPC004,PRC0084,ORG030,,2026-06-23 01:23:32,2026-06-23 10:23:32,Synthetic evaluation request for Gastroenterology,Z29.1,Routine,Closed—Completed,,2026-06-29 00:23:32,,2026-06-24 14:23:32,2026-06-24 04:23:32,2026-06-25 11:23:32,2026-07-18 11:23:32,2026-07-23 11:23:32,2026-07-24 02:23:32,Completed,,2026-06-23 10:23:32,2026-07-24 02:23:32
REF002218,EHR-REF0002218,NorthStar EHR,PAT000734,COV000734,PRC0021,ORG003,LOC003,SPC008,PRC0068,ORG014,USR007,2025-10-30 23:21:33,2025-10-31 17:21:33,Synthetic evaluation request for Pulmonology,Z33.4,Routine,Scheduled,Appointment Verification,2025-11-07 23:21:33,2025-11-10 23:21:33,2025-11-03 05:21:33,2025-11-04 07:21:33,2025-11-05 01:21:33,,,,,,2025-10-31 17:21:33,2025-11-07 23:21:33
REF002219,EHR-REF0002219,NorthStar EHR,PAT000037,COV000037,PRC0018,ORG006,LOC006,SPC008,PRC0053,ORG024,USR005,2026-01-23 01:02:34,2026-01-23 22:02:34,Synthetic evaluation request for Pulmonology,Z58.0,Routine,Scheduled,Appointment Verification,2026-01-29 08:02:34,2026-02-01 08:02:34,2026-01-27 09:02:34,2026-01-28 01:02:34,2026-01-28 14:02:34,,,,,,2026-01-23 22:02:34,2026-01-29 08:02:34
REF002220,EHR-REF0002220,NorthStar EHR,PAT000778,COV000778,PRC0024,ORG006,LOC006,SPC004,PRC0089,ORG010,,2026-06-13 12:23:13,2026-06-13 16:23:13,Synthetic evaluation request for Gastroenterology,Z50.3,Routine,Closed—Completed,,2026-06-27 00:23:13,,2026-06-15 11:23:13,2026-06-18 16:23:13,2026-06-19 06:23:13,2026-07-04 06:23:13,2026-07-12 06:23:13,2026-07-13 23:23:13,Completed,,2026-06-13 16:23:13,2026-07-13 23:23:13
REF002221,EHR-REF0002221,NorthStar EHR,PAT000073,COV000073,PRC0007,ORG001,LOC001,SPC008,PRC0053,ORG024,USR006,2026-07-14 15:30:16,2026-07-15 11:30:16,Synthetic evaluation request for Pulmonology,Z84.0,Routine,Scheduled,Appointment Verification,2026-07-21 06:30:16,2026-07-24 06:30:16,2026-07-18 01:30:16,2026-07-20 06:30:16,2026-07-21 02:30:16,,,,,,2026-07-15 11:30:16,2026-07-21 06:30:16
REF002222,EHR-REF0002222,NorthStar EHR,PAT001328,COV001328,PRC0029,ORG005,LOC005,SPC008,PRC0068,ORG014,,2026-07-11 17:46:20,2026-07-12 14:46:20,Synthetic evaluation request for Pulmonology,Z19.0,Routine,Closed—Completed,,2026-07-20 11:46:20,,2026-07-15 10:46:20,2026-07-15 06:46:20,2026-07-15 20:46:20,2026-07-29 20:46:20,2026-08-08 20:46:20,2026-08-10 00:46:20,Completed,,2026-07-12 14:46:20,2026-08-10 00:46:20
REF002223,EHR-REF0002223,NorthStar EHR,PAT000152,COV000152,PRC0032,ORG002,LOC002,SPC003,PRC0038,ORG009,USR007,2025-12-15 03:30:28,2025-12-15 19:30:28,Synthetic evaluation request for Endocrinology,Z25.3,Routine,Ready for Outreach,Ready for Outreach,2025-12-16 02:30:28,2025-12-19 02:30:28,2025-12-16 02:30:28,,,,,,,,2025-12-15 19:30:28,2025-12-16 02:30:28
REF002224,EHR-REF0002224,NorthStar EHR,PAT000283,COV000283,PRC0015,ORG003,LOC003,SPC010,PRC0055,ORG026,USR002,2026-06-10 06:19:13,2026-06-11 00:19:13,Synthetic evaluation request for General Surgery,Z69.2,Routine,Scheduled,Appointment Verification,2026-06-16 17:19:13,2026-06-19 17:19:13,2026-06-14 22:19:13,2026-06-11 11:19:13,2026-06-12 01:19:13,,,,,,2026-06-11 00:19:13,2026-06-16 17:19:13
REF002225,EHR-REF0002225,NorthStar EHR,PAT001086,COV001086,PRC0018,ORG006,LOC006,SPC008,PRC0068,ORG014,USR010,2025-12-17 07:27:44,2025-12-17 11:27:44,Synthetic evaluation request for Pulmonology,Z54.8,Routine,Ready for Outreach,Ready for Outreach,2025-12-20 10:27:44,2025-12-23 10:27:44,2025-12-20 10:27:44,,,,,,,,2025-12-17 11:27:44,2025-12-20 10:27:44
REF002226,EHR-REF0002226,NorthStar EHR,PAT001864,COV001864,PRC0002,ORG002,LOC002,SPC004,PRC0064,ORG010,USR009,2026-02-04 13:36:42,2026-02-04 21:36:42,Synthetic evaluation request for Gastroenterology,Z53.9,Routine,Outreach in Progress,Outreach Follow-Up,2026-02-06 06:36:42,2026-02-09 06:36:42,2026-02-05 21:36:42,2026-02-08 09:36:42,,,,,,,2026-02-04 21:36:42,2026-02-06 06:36:42
REF002227,EHR-REF0002227,NorthStar EHR,PAT000570,COV000570,PRC0026,ORG002,LOC002,SPC001,PRC0046,ORG017,USR007,2025-08-02 10:13:30,2025-08-03 03:13:30,Synthetic evaluation request for Cardiology,Z27.0,Routine,Needs Information,Needs Information,2025-08-04 21:13:30,2025-08-07 21:13:30,,,,,,,,,2025-08-03 03:13:30,2025-08-04 21:13:30
REF002228,EHR-REF0002228,NorthStar EHR,PAT000633,COV000633,PRC0033,ORG003,LOC003,SPC004,PRC0099,ORG020,USR006,2026-06-20 06:03:39,2026-06-20 22:03:39,Synthetic evaluation request for Gastroenterology,Z13.1,Routine,Outreach in Progress,Outreach Follow-Up,2026-06-26 09:03:39,2026-06-29 09:03:39,2026-06-24 06:03:39,2026-06-21 07:03:39,,,,,,,2026-06-20 22:03:39,2026-06-26 09:03:39
REF002229,EHR-REF0002229,NorthStar EHR,PAT000030,COV000030,PRC0006,ORG006,LOC006,SPC002,PRC0072,ORG018,,2026-03-10 23:49:17,2026-03-11 21:49:17,Synthetic evaluation request for Dermatology,Z32.0,Urgent,Closed—Completed,,2026-03-24 18:49:17,,2026-03-14 23:49:17,2026-03-12 18:49:17,2026-03-13 07:49:17,2026-04-14 07:49:17,2026-04-19 07:49:17,2026-04-20 07:49:17,Completed,,2026-03-11 21:49:17,2026-04-20 07:49:17
REF002230,EHR-REF0002230,NorthStar EHR,PAT000286,COV000286,PRC0025,ORG001,LOC001,SPC004,PRC0064,ORG010,,2026-03-29 04:58:11,2026-03-29 21:58:11,Synthetic evaluation request for Gastroenterology,Z23.8,Routine,Closed—Not Completed,,2026-04-03 23:58:11,,2026-03-30 16:58:11,2026-04-02 10:58:11,,,,2026-04-03 23:58:11,Not Completed,Transferred Care,2026-03-29 21:58:11,2026-04-03 23:58:11
REF002231,EHR-REF0002231,NorthStar EHR,PAT000728,COV000728,PRC0013,ORG001,LOC001,SPC010,PRC0055,ORG026,,2026-05-13 06:43:53,2026-05-13 14:43:53,Synthetic evaluation request for General Surgery,Z47.5,Routine,Closed—Not Completed,,2026-05-17 14:43:53,,2026-05-14 16:43:53,2026-05-15 02:43:53,,,,2026-05-17 14:43:53,Not Completed,Patient Chose Another Provider,2026-05-13 14:43:53,2026-05-17 14:43:53
REF002232,EHR-REF0002232,NorthStar EHR,PAT001797,COV001797,PRC0007,ORG001,LOC001,SPC008,PRC0068,ORG014,,2026-07-07 04:45:21,2026-07-07 20:45:21,Synthetic evaluation request for Pulmonology,Z82.4,Routine,Closed—Completed,,2026-07-19 01:45:21,,2026-07-09 13:45:21,2026-07-10 00:45:21,2026-07-10 12:45:21,2026-08-08 12:45:21,2026-08-11 12:45:21,2026-08-12 07:45:21,Completed,,2026-07-07 20:45:21,2026-08-12 07:45:21
REF002233,EHR-REF0002233,NorthStar EHR,PAT000578,COV000578,PRC0001,ORG001,LOC001,SPC010,PRC0055,ORG026,USR001,2025-08-15 08:51:25,2025-08-16 02:51:25,Synthetic evaluation request for General Surgery,Z27.6,Routine,Received,New Intake,2025-08-16 02:51:25,2025-08-19 02:51:25,,,,,,,,,2025-08-16 02:51:25,2025-08-16 02:51:25
REF002234,EHR-REF0002234,NorthStar EHR,PAT000531,COV000531,PRC0016,ORG004,LOC004,SPC001,PRC0081,ORG027,,2026-03-13 00:44:26,2026-03-13 11:44:26,Synthetic evaluation request for Cardiology,Z15.2,Routine,Closed—Completed,,2026-03-25 17:44:26,,2026-03-15 08:44:26,2026-03-15 06:44:26,2026-03-16 23:44:26,2026-03-30 23:44:26,2026-03-31 23:44:26,2026-04-01 21:44:26,Completed,,2026-03-13 11:44:26,2026-04-01 21:44:26
REF002235,EHR-REF0002235,NorthStar EHR,PAT001423,COV001423,PRC0023,ORG005,LOC005,SPC010,PRC0095,ORG016,,2025-11-29 09:31:24,2025-11-29 18:31:24,Synthetic evaluation request for General Surgery,Z27.2,Routine,Closed—Completed,,2025-12-13 08:31:24,,2025-12-02 09:31:24,2025-12-03 06:31:24,2025-12-05 03:31:24,2025-12-26 03:31:24,2025-12-27 03:31:24,2025-12-28 08:31:24,Completed,,2025-11-29 18:31:24,2025-12-28 08:31:24
REF002236,EHR-REF0002236,NorthStar EHR,PAT001173,COV001173,PRC0028,ORG004,LOC004,SPC009,PRC0069,ORG015,,2025-09-18 13:28:57,2025-09-18 21:28:57,Synthetic evaluation request for Rheumatology,Z82.4,Routine,Closed—Completed,,2025-09-29 13:28:57,,2025-09-20 17:28:57,2025-09-23 05:28:57,2025-09-24 03:28:57,2025-10-28 03:28:57,2025-11-02 03:28:57,2025-11-02 13:28:57,Completed,,2025-09-18 21:28:57,2025-11-02 13:28:57
REF002237,EHR-REF0002237,NorthStar EHR,PAT001104,COV001104,PRC0027,ORG003,LOC003,SPC009,PRC0069,ORG015,USR006,2026-02-18 06:51:12,2026-02-19 04:51:12,Synthetic evaluation request for Rheumatology,Z88.0,Urgent,Outreach in Progress,Outreach Follow-Up,2026-02-21 12:51:12,2026-02-22 12:51:12,2026-02-21 07:51:12,2026-02-19 18:51:12,,,,,,,2026-02-19 04:51:12,2026-02-21 12:51:12
REF002238,EHR-REF0002238,NorthStar EHR,PAT000049,COV000049,PRC0012,ORG006,LOC006,SPC009,PRC0044,ORG015,,2026-01-16 00:33:15,2026-01-16 02:33:15,Synthetic evaluation request for Rheumatology,Z15.4,Routine,Closed—Completed,,2026-01-25 02:33:15,,2026-01-16 10:33:15,2026-01-17 13:33:15,2026-01-17 23:33:15,2026-01-27 23:33:15,2026-02-03 23:33:15,2026-02-04 19:33:15,Completed,,2026-01-16 02:33:15,2026-02-04 19:33:15
REF002239,EHR-REF0002239,NorthStar EHR,PAT000553,COV000553,PRC0011,ORG005,LOC005,SPC009,PRC0094,ORG015,USR003,2026-02-26 13:32:31,2026-02-26 18:32:31,Synthetic evaluation request for Rheumatology,Z69.3,Urgent,Needs Information,Needs Information,2026-02-28 04:32:31,2026-03-01 04:32:31,,,,,,,,,2026-02-26 18:32:31,2026-02-28 04:32:31
REF002240,EHR-REF0002240,NorthStar EHR,PAT000475,COV000475,PRC0007,ORG001,LOC001,SPC005,PRC0060,ORG031,USR007,2026-01-12 20:06:40,2026-01-12 20:06:40,Synthetic evaluation request for Neurology,Z85.6,Routine,Scheduled,Appointment Verification,2026-01-19 19:06:40,2026-01-22 19:06:40,2026-01-15 11:06:40,2026-01-14 23:06:40,2026-01-15 16:06:40,,,,,,2026-01-12 20:06:40,2026-01-19 19:06:40
REF002241,EHR-REF0002241,NorthStar EHR,PAT000325,COV000325,PRC0028,ORG004,LOC004,SPC005,PRC0085,ORG031,,2026-05-07 09:53:19,2026-05-07 20:53:19,Synthetic evaluation request for Neurology,Z19.4,Routine,Closed—Not Completed,,2026-05-15 12:53:19,,2026-05-11 09:53:19,2026-05-12 08:53:19,,,,2026-05-15 12:53:19,Not Completed,Unable to Contact After Protocol,2026-05-07 20:53:19,2026-05-15 12:53:19
REF002242,EHR-REF0002242,NorthStar EHR,PAT000339,COV000339,PRC0003,ORG003,LOC003,SPC009,PRC0079,ORG025,,2026-07-09 06:50:56,2026-07-10 02:50:56,Synthetic evaluation request for Rheumatology,Z42.7,Routine,Closed—Completed,,2026-07-25 06:50:56,,2026-07-12 15:50:56,2026-07-13 05:50:56,2026-07-13 08:50:56,2026-07-27 08:50:56,2026-07-29 08:50:56,2026-07-30 07:50:56,Completed,,2026-07-10 02:50:56,2026-07-30 07:50:56
REF002243,EHR-REF0002243,NorthStar EHR,PAT001936,COV001936,PRC0023,ORG005,LOC005,SPC001,PRC0081,ORG027,USR004,2026-04-20 00:52:58,2026-04-20 19:52:58,Synthetic evaluation request for Cardiology,Z28.9,Routine,Outreach in Progress,Outreach Follow-Up,2026-04-27 01:52:58,2026-04-30 01:52:58,2026-04-23 13:52:58,2026-04-25 08:52:58,,,,,,,2026-04-20 19:52:58,2026-04-27 01:52:58
REF002244,EHR-REF0002244,NorthStar EHR,PAT001380,COV001380,PRC0012,ORG006,LOC006,SPC005,PRC0040,ORG011,USR001,2026-05-09 20:36:19,2026-05-10 10:36:19,Synthetic evaluation request for Neurology,Z47.3,Routine,Scheduled,Appointment Verification,2026-05-18 15:36:19,2026-05-21 15:36:19,2026-05-12 01:36:19,2026-05-11 23:36:19,2026-05-12 15:36:19,,,,,,2026-05-10 10:36:19,2026-05-18 15:36:19
REF002245,EHR-REF0002245,NorthStar EHR,PAT000886,COV000886,PRC0007,ORG001,LOC001,SPC004,PRC0049,ORG020,,2025-10-29 13:12:00,2025-10-29 19:12:00,Synthetic evaluation request for Gastroenterology,Z82.1,Routine,Closed—Completed,,2025-11-08 00:12:00,,2025-11-02 17:12:00,2025-10-30 14:12:00,2025-10-31 05:12:00,2025-11-06 05:12:00,2025-11-11 05:12:00,2025-11-11 16:12:00,Completed,,2025-10-29 19:12:00,2025-11-11 16:12:00
REF002246,EHR-REF0002246,NorthStar EHR,PAT001178,COV001178,PRC0004,ORG004,LOC004,SPC004,PRC0049,ORG020,USR003,2026-05-18 17:30:56,2026-05-18 23:30:56,Synthetic evaluation request for Gastroenterology,Z65.0,Routine,Outreach in Progress,Outreach Follow-Up,2026-05-21 19:30:56,2026-05-24 19:30:56,2026-05-21 10:30:56,2026-05-20 10:30:56,,,,,,,2026-05-18 23:30:56,2026-05-21 19:30:56
REF002247,EHR-REF0002247,NorthStar EHR,PAT000900,COV000900,PRC0009,ORG003,LOC003,SPC004,PRC0039,ORG010,USR008,2025-11-21 05:25:24,2025-11-22 01:25:24,Synthetic evaluation request for Gastroenterology,Z64.8,Routine,Ready for Outreach,Ready for Outreach,2025-11-22 07:25:24,2025-11-25 07:25:24,2025-11-22 07:25:24,,,,,,,,2025-11-22 01:25:24,2025-11-22 07:25:24
REF002248,EHR-REF0002248,NorthStar EHR,PAT000454,COV000454,PRC0006,ORG006,LOC006,SPC008,PRC0068,ORG014,USR002,2026-03-07 04:20:57,2026-03-07 23:20:57,Synthetic evaluation request for Pulmonology,Z61.6,Routine,Scheduled,Appointment Verification,2026-03-18 03:20:57,2026-03-21 03:20:57,2026-03-11 19:20:57,2026-03-12 05:20:57,2026-03-13 08:20:57,,,,,,2026-03-07 23:20:57,2026-03-18 03:20:57
REF002249,EHR-REF0002249,NorthStar EHR,PAT000545,COV000545,PRC0020,ORG002,LOC002,SPC009,PRC0044,ORG015,,2025-12-12 23:44:43,2025-12-13 01:44:43,Synthetic evaluation request for Rheumatology,Z31.2,Routine,Closed—Completed,,2025-12-24 02:44:43,,2025-12-15 12:44:43,2025-12-15 17:44:43,2025-12-17 05:44:43,2025-12-29 05:44:43,2025-12-31 05:44:43,2026-01-01 04:44:43,Completed,,2025-12-13 01:44:43,2026-01-01 04:44:43
REF002250,EHR-REF0002250,NorthStar EHR,PAT001577,COV001577,PRC0007,ORG001,LOC001,SPC007,PRC0067,ORG013,,2026-01-16 16:59:29,2026-01-17 08:59:29,Synthetic evaluation request for Otolaryngology,Z63.1,Routine,Closed—Not Completed,,2026-01-23 15:59:29,,2026-01-18 13:59:29,2026-01-19 20:59:29,,,,2026-01-23 15:59:29,Not Completed,Patient Declined,2026-01-17 08:59:29,2026-01-23 15:59:29
REF002251,EHR-REF0002251,NorthStar EHR,PAT000562,COV000562,PRC0018,ORG006,LOC006,SPC003,PRC0073,ORG019,,2025-10-12 04:54:24,2025-10-12 23:54:24,Synthetic evaluation request for Endocrinology,Z65.4,Routine,Closed—Completed,,2025-10-23 15:54:24,,2025-10-16 02:54:24,2025-10-14 17:54:24,2025-10-15 19:54:24,2025-10-18 19:54:24,2025-10-27 19:54:24,2025-10-29 07:54:24,Completed,,2025-10-12 23:54:24,2025-10-29 07:54:24
REF002252,EHR-REF0002252,NorthStar EHR,PAT000854,COV000854,PRC0003,ORG003,LOC003,SPC005,PRC0085,ORG031,,2026-04-12 15:54:29,2026-04-13 08:54:29,Synthetic evaluation request for Neurology,Z29.0,Routine,Closed—Completed,,2026-04-27 06:54:29,,2026-04-15 22:54:29,2026-04-16 13:54:29,2026-04-16 19:54:29,2026-05-15 19:54:29,2026-05-18 19:54:29,2026-05-20 12:54:29,Completed,,2026-04-13 08:54:29,2026-05-20 12:54:29
REF002253,EHR-REF0002253,NorthStar EHR,PAT001762,COV001762,PRC0032,ORG002,LOC002,SPC008,PRC0093,ORG014,USR001,2026-01-04 20:25:43,2026-01-05 11:25:43,Synthetic evaluation request for Pulmonology,Z30.7,Routine,Outreach in Progress,Outreach Follow-Up,2026-01-09 20:25:43,2026-01-12 20:25:43,2026-01-06 18:25:43,2026-01-07 05:25:43,,,,,,,2026-01-05 11:25:43,2026-01-09 20:25:43
REF002254,EHR-REF0002254,NorthStar EHR,PAT001833,COV001833,PRC0005,ORG005,LOC005,SPC010,PRC0080,ORG026,,2025-12-25 18:07:01,2025-12-26 08:07:01,Synthetic evaluation request for General Surgery,Z14.0,Urgent,Closed—Completed,,2026-01-07 23:07:01,,2025-12-28 19:07:01,2025-12-29 17:07:01,2025-12-30 21:07:01,2026-01-19 21:07:01,2026-01-21 21:07:01,2026-01-23 00:07:01,Completed,,2025-12-26 08:07:01,2026-01-23 00:07:01
REF002255,EHR-REF0002255,NorthStar EHR,PAT001833,COV001833,PRC0033,ORG003,LOC003,SPC005,PRC0090,ORG011,,2026-07-10 22:52:17,2026-07-11 21:52:17,Synthetic evaluation request for Neurology,Z67.6,Routine,Cancelled,,2026-07-15 14:52:17,,2026-07-15 14:52:17,,,,,2026-07-15 14:52:17,Cancelled,Duplicate Referral,2026-07-11 21:52:17,2026-07-15 14:52:17
REF002256,EHR-REF0002256,NorthStar EHR,PAT000018,COV000018,PRC0034,ORG004,LOC004,SPC009,PRC0054,ORG025,,2026-04-23 17:08:07,2026-04-23 22:08:07,Synthetic evaluation request for Rheumatology,Z71.9,Routine,Closed—Completed,,2026-05-05 18:08:07,,2026-04-24 11:08:07,2026-04-27 19:08:07,2026-04-28 05:08:07,2026-05-30 05:08:07,2026-06-08 05:08:07,2026-06-09 16:08:07,Completed,,2026-04-23 22:08:07,2026-06-09 16:08:07
REF002257,EHR-REF0002257,NorthStar EHR,PAT001026,COV001026,PRC0020,ORG002,LOC002,SPC004,PRC0039,ORG010,USR009,2025-09-09 23:28:07,2025-09-10 02:28:07,Synthetic evaluation request for Gastroenterology,Z59.9,Routine,Scheduled,Appointment Verification,2025-09-16 05:28:07,2025-09-19 05:28:07,2025-09-12 12:28:07,2025-09-11 00:28:07,2025-09-12 14:28:07,,,,,,2025-09-10 02:28:07,2025-09-16 05:28:07
REF002258,EHR-REF0002258,NorthStar EHR,PAT000405,COV000405,PRC0011,ORG005,LOC005,SPC010,PRC0105,ORG026,,2025-09-02 20:39:40,2025-09-03 00:39:40,Synthetic evaluation request for General Surgery,Z60.6,Routine,Closed—Completed,,2025-09-09 13:39:40,,2025-09-05 01:39:40,2025-09-06 08:39:40,2025-09-06 16:39:40,2025-09-25 16:39:40,2025-09-28 16:39:40,2025-09-30 08:39:40,Completed,,2025-09-03 00:39:40,2025-09-30 08:39:40
REF002259,EHR-REF0002259,NorthStar EHR,PAT000481,COV000481,PRC0024,ORG006,LOC006,SPC002,PRC0072,ORG018,,2025-10-12 05:06:13,2025-10-13 02:06:13,Synthetic evaluation request for Dermatology,Z70.5,Routine,Cancelled,,2025-10-14 06:06:13,,2025-10-14 06:06:13,,,,,2025-10-14 06:06:13,Cancelled,Duplicate Referral,2025-10-13 02:06:13,2025-10-14 06:06:13
REF002260,EHR-REF0002260,NorthStar EHR,PAT000876,COV000876,PRC0003,ORG003,LOC003,SPC003,PRC0088,ORG009,,2025-09-08 17:13:50,2025-09-08 17:13:50,Synthetic evaluation request for Endocrinology,Z65.9,Routine,Cancelled,,2025-09-11 15:13:50,,2025-09-11 15:13:50,,,,,2025-09-11 15:13:50,Cancelled,No Longer Clinically Indicated,2025-09-08 17:13:50,2025-09-11 15:13:50
REF002261,EHR-REF0002261,NorthStar EHR,PAT001261,COV001261,PRC0026,ORG002,LOC002,SPC001,PRC0071,ORG017,,2026-06-01 09:06:32,2026-06-01 10:06:32,Synthetic evaluation request for Cardiology,Z47.0,Routine,Closed—Completed,,2026-06-11 02:06:32,,2026-06-02 02:06:32,2026-06-04 16:06:32,2026-06-04 20:06:32,2026-06-11 20:06:32,2026-06-18 20:06:32,2026-06-19 21:06:32,Completed,,2026-06-01 10:06:32,2026-06-19 21:06:32
REF002262,EHR-REF0002262,NorthStar EHR,PAT001559,COV001559,PRC0023,ORG005,LOC005,SPC010,PRC0095,ORG016,,2025-09-07 04:57:07,2025-09-07 17:57:07,Synthetic evaluation request for General Surgery,Z18.2,Routine,Closed—Completed,,2025-09-16 17:57:07,,2025-09-08 23:57:07,2025-09-10 03:57:07,2025-09-10 07:57:07,2025-10-10 07:57:07,2025-10-20 07:57:07,2025-10-20 19:57:07,Completed,,2025-09-07 17:57:07,2025-10-20 19:57:07
REF002263,EHR-REF0002263,NorthStar EHR,PAT000989,COV000989,PRC0028,ORG004,LOC004,SPC006,PRC0066,ORG012,,2025-10-16 22:19:18,2025-10-17 20:19:18,Synthetic evaluation request for Orthopedics,Z28.5,Routine,Closed—Completed,,2025-10-22 08:19:18,,2025-10-18 19:19:18,2025-10-19 08:19:18,2025-10-19 10:19:18,2025-11-08 10:19:18,2025-11-09 10:19:18,2025-11-10 14:19:18,Completed,,2025-10-17 20:19:18,2025-11-10 14:19:18
REF002264,EHR-REF0002264,NorthStar EHR,PAT001052,COV001052,PRC0021,ORG003,LOC003,SPC009,PRC0104,ORG025,,2026-01-28 22:47:02,2026-01-29 07:47:02,Synthetic evaluation request for Rheumatology,Z14.9,Routine,Cancelled,,2026-01-31 03:47:02,,2026-01-31 03:47:02,,,,,2026-01-31 03:47:02,Cancelled,No Longer Clinically Indicated,2026-01-29 07:47:02,2026-01-31 03:47:02
REF002265,EHR-REF0002265,NorthStar EHR,PAT001821,COV001821,PRC0002,ORG002,LOC002,SPC005,PRC0075,ORG021,USR014,2026-04-10 09:33:04,2026-04-10 13:33:04,Synthetic evaluation request for Neurology,Z82.0,Routine,Ready for Outreach,Ready for Outreach,2026-04-13 06:33:04,2026-04-16 06:33:04,2026-04-13 06:33:04,,,,,,,,2026-04-10 13:33:04,2026-04-13 06:33:04
REF002266,EHR-REF0002266,NorthStar EHR,PAT001734,COV001734,PRC0011,ORG005,LOC005,SPC009,PRC0044,ORG015,USR006,2026-07-02 17:00:23,2026-07-02 17:00:23,Synthetic evaluation request for Rheumatology,Z40.7,Routine,Scheduled,Appointment Verification,2026-07-09 17:00:23,2026-07-12 17:00:23,2026-07-05 02:00:23,2026-07-05 07:00:23,2026-07-05 14:00:23,,,,,,2026-07-02 17:00:23,2026-07-09 17:00:23
REF002267,EHR-REF0002267,NorthStar EHR,PAT000554,COV000554,PRC0025,ORG001,LOC001,SPC006,PRC0091,ORG012,,2025-10-05 02:53:38,2025-10-05 22:53:38,Synthetic evaluation request for Orthopedics,Z67.2,Routine,Closed—Completed,,2025-10-17 01:53:38,,2025-10-09 10:53:38,2025-10-09 02:53:38,2025-10-11 02:53:38,2025-10-14 02:53:38,2025-10-16 02:53:38,2025-10-17 07:53:38,Completed,,2025-10-05 22:53:38,2025-10-17 07:53:38
REF002268,EHR-REF0002268,NorthStar EHR,PAT001194,COV001194,PRC0020,ORG002,LOC002,SPC008,PRC0053,ORG024,,2026-04-26 22:21:27,2026-04-27 06:21:27,Synthetic evaluation request for Pulmonology,Z23.4,Urgent,Closed—Not Completed,,2026-05-05 19:21:27,,2026-04-29 09:21:27,2026-04-30 05:21:27,,,,2026-05-05 19:21:27,Not Completed,No Longer Clinically Indicated,2026-04-27 06:21:27,2026-05-05 19:21:27
REF002269,EHR-REF0002269,NorthStar EHR,PAT000550,COV000550,PRC0019,ORG001,LOC001,SPC002,PRC0057,ORG028,,2025-12-13 09:17:34,2025-12-13 18:17:34,Synthetic evaluation request for Dermatology,Z25.7,Routine,Closed—Not Completed,,2025-12-19 23:17:34,,2025-12-17 09:17:34,2025-12-16 02:17:34,,,,2025-12-19 23:17:34,Not Completed,Patient Moved,2025-12-13 18:17:34,2025-12-19 23:17:34
REF002270,EHR-REF0002270,NorthStar EHR,PAT000920,COV000920,PRC0003,ORG003,LOC003,SPC007,PRC0052,ORG023,USR009,2026-06-19 01:55:23,2026-06-19 07:55:23,Synthetic evaluation request for Otolaryngology,Z77.8,Routine,Scheduled,Appointment Verification,2026-06-25 02:55:23,2026-06-28 02:55:23,2026-06-20 08:55:23,2026-06-20 03:55:23,2026-06-21 13:55:23,,,,,,2026-06-19 07:55:23,2026-06-25 02:55:23
REF002271,EHR-REF0002271,NorthStar EHR,PAT001509,COV001509,PRC0027,ORG003,LOC003,SPC008,PRC0103,ORG024,USR005,2025-09-01 16:46:24,2025-09-01 18:46:24,Synthetic evaluation request for Pulmonology,Z55.6,Urgent,Needs Information,Needs Information,2025-09-03 17:46:24,2025-09-04 17:46:24,,,,,,,,,2025-09-01 18:46:24,2025-09-03 17:46:24
REF002272,EHR-REF0002272,NorthStar EHR,PAT000542,COV000542,PRC0003,ORG003,LOC003,SPC007,PRC0052,ORG023,,2026-07-06 07:44:19,2026-07-07 00:44:19,Synthetic evaluation request for Otolaryngology,Z83.1,Routine,Closed—Completed,,2026-07-15 12:44:19,,2026-07-10 06:44:19,2026-07-07 12:44:19,2026-07-08 06:44:19,2026-07-18 06:44:19,2026-07-27 06:44:19,2026-07-28 22:44:19,Completed,,2026-07-07 00:44:19,2026-07-28 22:44:19
REF002273,EHR-REF0002273,NorthStar EHR,PAT000663,COV000663,PRC0024,ORG006,LOC006,SPC008,PRC0053,ORG024,,2026-07-05 04:20:00,2026-07-05 13:20:00,Synthetic evaluation request for Pulmonology,Z68.5,Routine,Closed—Completed,,2026-07-17 16:20:00,,2026-07-08 13:20:00,2026-07-06 04:20:00,2026-07-06 13:20:00,2026-07-21 13:20:00,2026-07-29 13:20:00,2026-07-30 00:20:00,Completed,,2026-07-05 13:20:00,2026-07-30 00:20:00
REF002274,EHR-REF0002274,NorthStar EHR,PAT001633,COV001633,PRC0004,ORG004,LOC004,SPC007,PRC0092,ORG013,USR003,2026-03-28 14:02:42,2026-03-29 13:02:42,Synthetic evaluation request for Otolaryngology,Z38.2,Routine,Scheduled,Appointment Verification,2026-04-03 05:02:42,2026-04-06 05:02:42,2026-03-29 21:02:42,2026-04-01 02:02:42,2026-04-01 21:02:42,,,,,,2026-03-29 13:02:42,2026-04-03 05:02:42
REF002275,EHR-REF0002275,NorthStar EHR,PAT001900,COV001900,PRC0020,ORG002,LOC002,SPC002,PRC0107,ORG028,,2025-12-31 10:07:57,2026-01-01 03:07:57,Synthetic evaluation request for Dermatology,Z55.8,Routine,Closed—Not Completed,,2026-01-08 12:07:57,,2026-01-04 19:07:57,2026-01-05 13:07:57,,,,2026-01-08 12:07:57,Not Completed,Patient Declined,2026-01-01 03:07:57,2026-01-08 12:07:57
REF002276,EHR-REF0002276,NorthStar EHR,PAT000140,COV000140,PRC0029,ORG005,LOC005,SPC006,PRC0041,ORG012,,2026-01-15 22:53:06,2026-01-16 04:53:06,Synthetic evaluation request for Orthopedics,Z38.2,Urgent,Closed—Completed,,2026-01-22 04:53:06,,2026-01-18 17:53:06,2026-01-20 13:53:06,2026-01-21 10:53:06,2026-02-13 10:53:06,2026-02-21 10:53:06,2026-02-22 09:53:06,Completed,,2026-01-16 04:53:06,2026-02-22 09:53:06
REF002277,EHR-REF0002277,NorthStar EHR,PAT001212,COV001212,PRC0001,ORG001,LOC001,SPC005,PRC0065,ORG011,USR001,2025-12-19 13:29:25,2025-12-19 13:29:25,Synthetic evaluation request for Neurology,Z14.7,Urgent,Received,New Intake,2025-12-19 13:29:25,2025-12-20 13:29:25,,,,,,,,,2025-12-19 13:29:25,2025-12-19 13:29:25
REF002278,EHR-REF0002278,NorthStar EHR,PAT000019,COV000019,PRC0027,ORG003,LOC003,SPC005,PRC0085,ORG031,USR006,2026-02-18 18:12:33,2026-02-19 01:12:33,Synthetic evaluation request for Neurology,Z41.6,Routine,Outreach in Progress,Outreach Follow-Up,2026-02-24 02:12:33,2026-02-27 02:12:33,2026-02-20 07:12:33,2026-02-19 22:12:33,,,,,,,2026-02-19 01:12:33,2026-02-24 02:12:33
REF002279,EHR-REF0002279,NorthStar EHR,PAT000735,COV000735,PRC0016,ORG004,LOC004,SPC008,PRC0068,ORG014,,2026-05-21 22:43:20,2026-05-22 06:43:20,Synthetic evaluation request for Pulmonology,Z63.6,Urgent,Closed—Completed,,2026-06-02 17:43:20,,2026-05-25 02:43:20,2026-05-25 18:43:20,2026-05-27 07:43:20,2026-06-13 07:43:20,2026-06-19 07:43:20,2026-06-20 15:43:20,Completed,,2026-05-22 06:43:20,2026-06-20 15:43:20
REF002280,EHR-REF0002280,NorthStar EHR,PAT001664,COV001664,PRC0030,ORG006,LOC006,SPC010,PRC0055,ORG026,,2025-11-03 16:08:04,2025-11-04 09:08:04,Synthetic evaluation request for General Surgery,Z50.2,Routine,Closed—Completed,,2025-11-14 10:08:04,,2025-11-06 14:08:04,2025-11-08 06:08:04,2025-11-09 09:08:04,2025-12-11 09:08:04,2025-12-20 09:08:04,2025-12-21 15:08:04,Completed,,2025-11-04 09:08:04,2025-12-21 15:08:04
REF002281,EHR-REF0002281,NorthStar EHR,PAT000675,COV000675,PRC0026,ORG002,LOC002,SPC001,PRC0061,ORG007,,2026-03-16 04:49:56,2026-03-16 06:49:56,Synthetic evaluation request for Cardiology,Z21.4,Routine,Cancelled,,2026-03-18 21:49:56,,2026-03-18 21:49:56,,,,,2026-03-18 21:49:56,Cancelled,No Longer Clinically Indicated,2026-03-16 06:49:56,2026-03-18 21:49:56
REF002282,EHR-REF0002282,NorthStar EHR,PAT001564,COV001564,PRC0003,ORG003,LOC003,SPC005,PRC0065,ORG011,,2026-02-28 04:08:20,2026-03-01 01:08:20,Synthetic evaluation request for Neurology,Z14.0,Routine,Closed—Completed,,2026-03-13 02:08:20,,2026-03-02 23:08:20,2026-03-05 03:08:20,2026-03-06 14:08:20,2026-03-24 14:08:20,2026-04-01 14:08:20,2026-04-02 18:08:20,Completed,,2026-03-01 01:08:20,2026-04-02 18:08:20
REF002283,EHR-REF0002283,NorthStar EHR,PAT000611,COV000611,PRC0029,ORG005,LOC005,SPC005,PRC0085,ORG031,,2025-11-08 01:15:18,2025-11-08 07:15:18,Synthetic evaluation request for Neurology,Z13.3,Urgent,Closed—Completed,,2025-11-15 08:15:18,,2025-11-10 21:15:18,2025-11-10 09:15:18,2025-11-11 06:15:18,2025-12-10 06:15:18,2025-12-18 06:15:18,2025-12-19 06:15:18,Completed,,2025-11-08 07:15:18,2025-12-19 06:15:18
REF002284,EHR-REF0002284,NorthStar EHR,PAT000083,COV000083,PRC0033,ORG003,LOC003,SPC007,PRC0042,ORG013,USR010,2026-05-26 07:25:57,2026-05-26 21:25:57,Synthetic evaluation request for Otolaryngology,Z76.0,Routine,Ready for Outreach,Ready for Outreach,2026-05-27 22:25:57,2026-05-30 22:25:57,2026-05-27 22:25:57,,,,,,,,2026-05-26 21:25:57,2026-05-27 22:25:57
REF002285,EHR-REF0002285,NorthStar EHR,PAT001607,COV001607,PRC0015,ORG003,LOC003,SPC006,PRC0051,ORG022,,2026-03-20 04:35:50,2026-03-20 09:35:50,Synthetic evaluation request for Orthopedics,Z32.9,Urgent,Closed—Completed,,2026-04-01 06:35:50,,2026-03-23 17:35:50,2026-03-21 16:35:50,2026-03-22 20:35:50,2026-04-22 20:35:50,2026-04-30 20:35:50,2026-05-02 10:35:50,Completed,,2026-03-20 09:35:50,2026-05-02 10:35:50
REF002286,EHR-REF0002286,NorthStar EHR,PAT001476,COV001476,PRC0029,ORG005,LOC005,SPC001,PRC0106,ORG027,,2026-06-04 04:01:03,2026-06-04 18:01:03,Synthetic evaluation request for Cardiology,Z85.6,Routine,Closed—Completed,,2026-06-12 20:01:03,,2026-06-06 12:01:03,2026-06-07 12:01:03,2026-06-07 15:01:03,2026-06-28 15:01:03,2026-06-29 15:01:03,2026-06-29 19:01:03,Completed,,2026-06-04 18:01:03,2026-06-29 19:01:03
REF002287,EHR-REF0002287,NorthStar EHR,PAT001085,COV001085,PRC0009,ORG003,LOC003,SPC001,PRC0106,ORG027,USR012,2025-12-19 11:12:55,2025-12-19 19:12:55,Synthetic evaluation request for Cardiology,Z73.1,Routine,Completed—Report Pending,Report Pending,2025-12-25 18:12:55,2025-12-28 18:12:55,2025-12-20 23:12:55,2025-12-21 11:12:55,2025-12-22 18:12:55,2026-01-07 18:12:55,,,,,2025-12-19 19:12:55,2025-12-25 18:12:55
REF002288,EHR-REF0002288,NorthStar EHR,PAT000662,COV000662,PRC0024,ORG006,LOC006,SPC006,PRC0076,ORG022,USR003,2025-12-29 01:46:47,2025-12-29 13:46:47,Synthetic evaluation request for Orthopedics,Z25.4,Urgent,Outreach in Progress,Outreach Follow-Up,2025-12-31 04:46:47,2026-01-01 04:46:47,2025-12-29 17:46:47,2025-12-31 12:46:47,,,,,,,2025-12-29 13:46:47,2025-12-31 04:46:47
REF002289,EHR-REF0002289,NorthStar EHR,PAT001277,COV001277,PRC0012,ORG006,LOC006,SPC007,PRC0102,ORG023,USR001,2025-10-11 00:09:31,2025-10-11 09:09:31,Synthetic evaluation request for Otolaryngology,Z78.1,Routine,Scheduled,Appointment Verification,2025-10-15 02:09:31,2025-10-18 02:09:31,2025-10-12 06:09:31,2025-10-16 09:09:31,2025-10-17 13:09:31,,,,,,2025-10-11 09:09:31,2025-10-15 02:09:31
REF002290,EHR-REF0002290,NorthStar EHR,PAT001913,COV001913,PRC0031,ORG001,LOC001,SPC010,PRC0080,ORG026,,2026-03-22 03:30:33,2026-03-23 03:30:33,Synthetic evaluation request for General Surgery,Z28.8,Routine,Closed—Completed,,2026-04-04 11:30:33,,2026-03-25 13:30:33,2026-03-27 04:30:33,2026-03-29 01:30:33,2026-04-13 01:30:33,2026-04-21 01:30:33,2026-04-22 00:30:33,Completed,,2026-03-23 03:30:33,2026-04-22 00:30:33
REF002291,EHR-REF0002291,NorthStar EHR,PAT001720,COV001720,PRC0003,ORG003,LOC003,SPC006,PRC0051,ORG022,USR007,2025-09-30 06:20:04,2025-09-30 13:20:04,Synthetic evaluation request for Orthopedics,Z89.1,Routine,Scheduled,Appointment Verification,2025-10-08 06:20:04,2025-10-11 06:20:04,2025-10-02 17:20:04,2025-10-02 22:20:04,2025-10-04 21:20:04,,,,,,2025-09-30 13:20:04,2025-10-08 06:20:04
REF002292,EHR-REF0002292,NorthStar EHR,PAT000740,COV000740,PRC0019,ORG001,LOC001,SPC006,PRC0041,ORG012,USR009,2026-03-28 18:57:05,2026-03-29 16:57:05,Synthetic evaluation request for Orthopedics,Z62.3,Routine,Outreach in Progress,Outreach Follow-Up,2026-04-05 08:57:05,2026-04-08 08:57:05,2026-04-01 15:57:05,2026-04-02 16:57:05,,,,,,,2026-03-29 16:57:05,2026-04-05 08:57:05
REF002293,EHR-REF0002293,NorthStar EHR,PAT000342,COV000342,PRC0002,ORG002,LOC002,SPC009,PRC0079,ORG025,,2025-09-19 12:15:34,2025-09-19 15:15:34,Synthetic evaluation request for Rheumatology,Z10.1,Routine,Closed—Not Completed,,2025-09-26 13:15:34,,2025-09-22 02:15:34,2025-09-23 08:15:34,,,,2025-09-26 13:15:34,Not Completed,Patient Moved,2025-09-19 15:15:34,2025-09-26 13:15:34
REF002294,EHR-REF0002294,NorthStar EHR,PAT000458,COV000458,PRC0011,ORG005,LOC005,SPC009,PRC0079,ORG025,USR005,2025-10-19 13:22:49,2025-10-19 14:22:49,Synthetic evaluation request for Rheumatology,Z40.3,Urgent,Ready for Outreach,Ready for Outreach,2025-10-20 06:22:49,2025-10-21 06:22:49,2025-10-20 06:22:49,,,,,,,,2025-10-19 14:22:49,2025-10-20 06:22:49
REF002295,EHR-REF0002295,NorthStar EHR,PAT001731,COV001731,PRC0031,ORG001,LOC001,SPC006,PRC0051,ORG022,,2025-09-02 22:16:30,2025-09-03 18:16:30,Synthetic evaluation request for Orthopedics,Z57.5,Urgent,Closed—Not Completed,,2025-09-08 07:16:30,,2025-09-04 02:16:30,2025-09-05 13:16:30,,,,2025-09-08 07:16:30,Not Completed,No Longer Clinically Indicated,2025-09-03 18:16:30,2025-09-08 07:16:30
REF002296,EHR-REF0002296,NorthStar EHR,PAT000030,COV000030,PRC0033,ORG003,LOC003,SPC010,PRC0070,ORG016,,2025-11-17 13:42:28,2025-11-18 06:42:28,Synthetic evaluation request for General Surgery,Z86.7,Routine,Closed—Completed,,2025-11-24 14:42:28,,2025-11-19 21:42:28,2025-11-19 17:42:28,2025-11-20 14:42:28,2025-12-03 14:42:28,2025-12-12 14:42:28,2025-12-13 12:42:28,Completed,,2025-11-18 06:42:28,2025-12-13 12:42:28
REF002297,EHR-REF0002297,NorthStar EHR,PAT000048,COV000048,PRC0016,ORG004,LOC004,SPC003,PRC0108,ORG029,,2026-07-07 09:11:54,2026-07-08 08:11:54,Synthetic evaluation request for Endocrinology,Z13.4,Routine,Closed—Completed,,2026-07-24 04:11:54,,2026-07-11 22:11:54,2026-07-10 15:11:54,2026-07-11 15:11:54,2026-08-10 15:11:54,2026-08-18 15:11:54,2026-08-19 09:11:54,Completed,,2026-07-08 08:11:54,2026-08-19 09:11:54
REF002298,EHR-REF0002298,NorthStar EHR,PAT001797,COV001797,PRC0009,ORG003,LOC003,SPC003,PRC0048,ORG019,USR003,2026-02-25 01:09:15,2026-02-25 18:09:15,Synthetic evaluation request for Endocrinology,Z12.8,Routine,Scheduled,Appointment Verification,2026-03-02 21:09:15,2026-03-05 21:09:15,2026-02-27 00:09:15,2026-02-26 16:09:15,2026-02-28 15:09:15,,,,,,2026-02-25 18:09:15,2026-03-02 21:09:15
REF002299,EHR-REF0002299,NorthStar EHR,PAT001868,COV001868,PRC0008,ORG002,LOC002,SPC010,PRC0045,ORG016,,2026-06-21 09:23:06,2026-06-22 07:23:06,Synthetic evaluation request for General Surgery,Z86.7,Routine,Closed—Completed,,2026-06-30 10:23:06,,2026-06-24 03:23:06,2026-06-25 18:23:06,2026-06-26 07:23:06,2026-07-20 07:23:06,2026-07-21 07:23:06,2026-07-22 07:23:06,Completed,,2026-06-22 07:23:06,2026-07-22 07:23:06
REF002300,EHR-REF0002300,NorthStar EHR,PAT000276,COV000276,PRC0023,ORG005,LOC005,SPC005,PRC0110,ORG031,,2026-03-24 15:16:56,2026-03-25 04:16:56,Synthetic evaluation request for Neurology,Z10.5,Routine,Closed—Completed,,2026-04-03 03:16:56,,2026-03-25 18:16:56,2026-03-26 11:16:56,2026-03-27 13:16:56,2026-04-21 13:16:56,2026-04-29 13:16:56,2026-04-30 18:16:56,Completed,,2026-03-25 04:16:56,2026-04-30 18:16:56
REF002301,EHR-REF0002301,NorthStar EHR,PAT001335,COV001335,PRC0011,ORG005,LOC005,SPC002,PRC0047,ORG018,,2026-02-16 03:13:55,2026-02-16 07:13:55,Synthetic evaluation request for Dermatology,Z54.3,Routine,Closed—Completed,,2026-02-25 09:13:55,,2026-02-17 15:13:55,2026-02-21 05:13:55,2026-02-23 00:13:55,2026-03-04 00:13:55,2026-03-08 00:13:55,2026-03-09 08:13:55,Completed,,2026-02-16 07:13:55,2026-03-09 08:13:55
REF002302,EHR-REF0002302,NorthStar EHR,PAT000427,COV000427,PRC0001,ORG001,LOC001,SPC007,PRC0052,ORG023,,2026-03-27 01:05:02,2026-03-27 18:05:02,Synthetic evaluation request for Otolaryngology,Z59.5,Routine,Closed—Completed,,2026-04-04 06:05:02,,2026-03-30 10:05:02,2026-04-01 09:05:02,2026-04-01 18:05:02,2026-05-06 18:05:02,2026-05-09 18:05:02,2026-05-11 10:05:02,Completed,,2026-03-27 18:05:02,2026-05-11 10:05:02
REF002303,EHR-REF0002303,NorthStar EHR,PAT000776,COV000776,PRC0008,ORG002,LOC002,SPC003,PRC0098,ORG019,,2026-06-17 07:54:15,2026-06-18 04:54:15,Synthetic evaluation request for Endocrinology,Z20.7,Urgent,Closed—Completed,,2026-06-29 06:54:15,,2026-06-18 16:54:15,2026-06-20 09:54:15,2026-06-20 22:54:15,2026-07-19 22:54:15,2026-07-29 22:54:15,2026-07-31 04:54:15,Completed,,2026-06-18 04:54:15,2026-07-31 04:54:15
REF002304,EHR-REF0002304,NorthStar EHR,PAT001003,COV001003,PRC0008,ORG002,LOC002,SPC001,PRC0086,ORG007,,2025-09-01 16:43:19,2025-09-01 19:43:19,Synthetic evaluation request for Cardiology,Z42.7,Routine,Closed—Completed,,2025-09-11 19:43:19,,2025-09-04 19:43:19,2025-09-02 17:43:19,2025-09-02 21:43:19,2025-10-06 21:43:19,2025-10-13 21:43:19,2025-10-15 06:43:19,Completed,,2025-09-01 19:43:19,2025-10-15 06:43:19
REF002305,EHR-REF0002305,NorthStar EHR,PAT001805,COV001805,PRC0021,ORG003,LOC003,SPC006,PRC0101,ORG022,USR005,2025-10-12 10:55:19,2025-10-12 10:55:19,Synthetic evaluation request for Orthopedics,Z57.4,Routine,Ready for Outreach,Ready for Outreach,2025-10-12 23:55:19,2025-10-15 23:55:19,2025-10-12 23:55:19,,,,,,,,2025-10-12 10:55:19,2025-10-12 23:55:19
REF002306,EHR-REF0002306,NorthStar EHR,PAT000310,COV000310,PRC0005,ORG005,LOC005,SPC002,PRC0107,ORG028,,2026-06-08 04:47:58,2026-06-08 15:47:58,Synthetic evaluation request for Dermatology,Z34.3,Routine,Closed—Completed,,2026-06-21 04:47:58,,2026-06-12 14:47:58,2026-06-13 13:47:58,2026-06-15 01:47:58,2026-07-10 01:47:58,2026-07-13 01:47:58,2026-07-14 09:47:58,Completed,,2026-06-08 15:47:58,2026-07-14 09:47:58
REF002307,EHR-REF0002307,NorthStar EHR,PAT001214,COV001214,PRC0026,ORG002,LOC002,SPC008,PRC0103,ORG024,,2026-07-04 18:26:56,2026-07-04 20:26:56,Synthetic evaluation request for Pulmonology,Z19.6,Urgent,Closed—Completed,,2026-07-18 15:26:56,,2026-07-07 12:26:56,2026-07-07 14:26:56,2026-07-08 21:26:56,2026-08-08 21:26:56,2026-08-17 21:26:56,2026-08-19 10:26:56,Completed,,2026-07-04 20:26:56,2026-08-19 10:26:56
REF002308,EHR-REF0002308,NorthStar EHR,PAT001508,COV001508,PRC0030,ORG006,LOC006,SPC008,PRC0103,ORG024,USR014,2026-04-16 08:46:58,2026-04-16 18:46:58,Synthetic evaluation request for Pulmonology,Z86.3,Routine,Scheduled,Appointment Verification,2026-04-24 02:46:58,2026-04-27 02:46:58,2026-04-20 11:46:58,2026-04-20 21:46:58,2026-04-21 05:46:58,,,,,,2026-04-16 18:46:58,2026-04-24 02:46:58
REF002309,EHR-REF0002309,NorthStar EHR,PAT000428,COV000428,PRC0014,ORG002,LOC002,SPC006,PRC0041,ORG012,USR012,2025-11-28 01:53:19,2025-11-28 06:53:19,Synthetic evaluation request for Orthopedics,Z24.4,Urgent,Ready for Outreach,Ready for Outreach,2025-11-30 21:53:19,2025-12-01 21:53:19,2025-11-30 21:53:19,,,,,,,,2025-11-28 06:53:19,2025-11-30 21:53:19
REF002310,EHR-REF0002310,NorthStar EHR,PAT001791,COV001791,PRC0024,ORG006,LOC006,SPC002,PRC0037,ORG008,,2025-10-26 08:44:28,2025-10-26 22:44:28,Synthetic evaluation request for Dermatology,Z58.2,Routine,Closed—Completed,,2025-11-07 08:44:28,,2025-10-29 22:44:28,2025-10-29 13:44:28,2025-10-29 16:44:28,2025-11-14 16:44:28,2025-11-21 16:44:28,2025-11-22 20:44:28,Completed,,2025-10-26 22:44:28,2025-11-22 20:44:28
REF002311,EHR-REF0002311,NorthStar EHR,PAT001063,COV001063,PRC0035,ORG005,LOC005,SPC010,PRC0080,ORG026,USR001,2025-11-19 12:40:39,2025-11-19 22:40:39,Synthetic evaluation request for General Surgery,Z30.9,Urgent,Outreach in Progress,Outreach Follow-Up,2025-11-22 05:40:39,2025-11-23 05:40:39,2025-11-21 16:40:39,2025-11-23 09:40:39,,,,,,,2025-11-19 22:40:39,2025-11-22 05:40:39
REF002312,EHR-REF0002312,NorthStar EHR,PAT000075,COV000075,PRC0028,ORG004,LOC004,SPC010,PRC0105,ORG026,USR004,2025-10-20 02:34:38,2025-10-20 20:34:38,Synthetic evaluation request for General Surgery,Z52.7,Routine,Scheduled,Appointment Verification,2025-10-26 13:34:38,2025-10-29 13:34:38,2025-10-21 00:34:38,2025-10-21 22:34:38,2025-10-23 05:34:38,,,,,,2025-10-20 20:34:38,2025-10-26 13:34:38
REF002313,EHR-REF0002313,NorthStar EHR,PAT001402,COV001402,PRC0011,ORG005,LOC005,SPC009,PRC0079,ORG025,,2025-09-10 03:26:12,2025-09-10 15:26:12,Synthetic evaluation request for Rheumatology,Z41.1,Routine,Closed—Completed,,2025-09-22 01:26:12,,2025-09-12 01:26:12,2025-09-14 21:26:12,2025-09-16 17:26:12,2025-10-12 17:26:12,2025-10-19 17:26:12,2025-10-21 07:26:12,Completed,,2025-09-10 15:26:12,2025-10-21 07:26:12
REF002314,EHR-REF0002314,NorthStar EHR,PAT001444,COV001444,PRC0032,ORG002,LOC002,SPC005,PRC0075,ORG021,USR001,2026-05-15 20:18:01,2026-05-16 12:18:01,Synthetic evaluation request for Neurology,Z38.0,Routine,Needs Information,Needs Information,2026-05-19 09:18:01,2026-05-22 09:18:01,,,,,,,,,2026-05-16 12:18:01,2026-05-19 09:18:01
REF002315,EHR-REF0002315,NorthStar EHR,PAT000743,COV000743,PRC0035,ORG005,LOC005,SPC005,PRC0090,ORG011,USR012,2026-05-11 19:08:55,2026-05-11 23:08:55,Synthetic evaluation request for Neurology,Z45.7,Routine,Completed—Report Pending,Report Pending,2026-05-17 03:08:55,2026-05-20 03:08:55,2026-05-13 02:08:55,2026-05-16 13:08:55,2026-05-18 01:08:55,2026-06-01 01:08:55,,,,,2026-05-11 23:08:55,2026-05-17 03:08:55
REF002316,EHR-REF0002316,NorthStar EHR,PAT000815,COV000815,PRC0013,ORG001,LOC001,SPC002,PRC0057,ORG028,,2026-06-22 21:58:43,2026-06-22 22:58:43,Synthetic evaluation request for Dermatology,Z38.8,Routine,Closed—Completed,,2026-07-04 14:58:43,,2026-06-26 18:58:43,2026-06-25 15:58:43,2026-06-27 10:58:43,2026-07-03 10:58:43,2026-07-05 10:58:43,2026-07-05 23:58:43,Completed,,2026-06-22 22:58:43,2026-07-05 23:58:43
REF002317,EHR-REF0002317,NorthStar EHR,PAT001317,COV001317,PRC0022,ORG004,LOC004,SPC004,PRC0089,ORG010,USR010,2025-12-04 20:43:23,2025-12-04 22:43:23,Synthetic evaluation request for Gastroenterology,Z73.7,Routine,Scheduled,Appointment Verification,2025-12-09 18:43:23,2025-12-12 18:43:23,2025-12-05 20:43:23,2025-12-09 12:43:23,2025-12-10 17:43:23,,,,,,2025-12-04 22:43:23,2025-12-09 18:43:23
REF002318,EHR-REF0002318,NorthStar EHR,PAT000094,COV000094,PRC0006,ORG006,LOC006,SPC005,PRC0075,ORG021,,2026-05-01 19:04:49,2026-05-02 02:04:49,Synthetic evaluation request for Neurology,Z68.8,Routine,Closed—Not Completed,,2026-05-09 03:04:49,,2026-05-05 02:04:49,2026-05-03 08:04:49,,,,2026-05-09 03:04:49,Not Completed,Patient Chose Another Provider,2026-05-02 02:04:49,2026-05-09 03:04:49
REF002319,EHR-REF0002319,NorthStar EHR,PAT001251,COV001251,PRC0001,ORG001,LOC001,SPC003,PRC0098,ORG019,,2026-02-06 05:14:05,2026-02-06 17:14:05,Synthetic evaluation request for Endocrinology,Z37.4,Routine,Closed—Completed,,2026-02-13 15:14:05,,2026-02-07 01:14:05,2026-02-09 00:14:05,2026-02-09 22:14:05,2026-02-14 22:14:05,2026-02-19 22:14:05,2026-02-21 01:14:05,Completed,,2026-02-06 17:14:05,2026-02-21 01:14:05
REF002320,EHR-REF0002320,NorthStar EHR,PAT000814,COV000814,PRC0022,ORG004,LOC004,SPC006,PRC0101,ORG022,,2025-12-05 06:04:14,2025-12-06 03:04:14,Synthetic evaluation request for Orthopedics,Z66.5,Routine,Closed—Completed,,2025-12-14 00:04:14,,2025-12-07 06:04:14,2025-12-09 02:04:14,2025-12-09 14:04:14,2025-12-27 14:04:14,2026-01-03 14:04:14,2026-01-04 18:04:14,Completed,,2025-12-06 03:04:14,2026-01-04 18:04:14
REF002321,EHR-REF0002321,NorthStar EHR,PAT000897,COV000897,PRC0012,ORG006,LOC006,SPC002,PRC0087,ORG008,USR001,2025-10-30 21:16:34,2025-10-31 09:16:34,Synthetic evaluation request for Dermatology,Z20.3,Routine,Scheduled,Appointment Verification,2025-11-08 01:16:34,2025-11-11 01:16:34,2025-11-02 19:16:34,2025-11-03 01:16:34,2025-11-04 11:16:34,,,,,,2025-10-31 09:16:34,2025-11-08 01:16:34
REF002322,EHR-REF0002322,NorthStar EHR,PAT001261,COV001261,PRC0005,ORG005,LOC005,SPC004,PRC0049,ORG020,,2025-12-30 09:43:50,2025-12-31 05:43:50,Synthetic evaluation request for Gastroenterology,Z85.6,Routine,Cancelled,,2026-01-02 15:43:50,,2026-01-02 15:43:50,,,,,2026-01-02 15:43:50,Cancelled,No Longer Clinically Indicated,2025-12-31 05:43:50,2026-01-02 15:43:50
REF002323,EHR-REF0002323,NorthStar EHR,PAT001071,COV001071,PRC0035,ORG005,LOC005,SPC008,PRC0043,ORG014,,2025-12-20 21:20:36,2025-12-21 14:20:36,Synthetic evaluation request for Pulmonology,Z59.7,Routine,Closed—Completed,,2025-12-26 10:20:36,,2025-12-22 02:20:36,2025-12-23 11:20:36,2025-12-24 12:20:36,2026-01-01 12:20:36,2026-01-04 12:20:36,2026-01-05 15:20:36,Completed,,2025-12-21 14:20:36,2026-01-05 15:20:36
REF002324,EHR-REF0002324,NorthStar EHR,PAT000482,COV000482,PRC0002,ORG002,LOC002,SPC009,PRC0094,ORG015,USR011,2026-04-16 20:24:19,2026-04-17 19:24:19,Synthetic evaluation request for Rheumatology,Z59.4,Routine,Outreach in Progress,Outreach Follow-Up,2026-04-22 20:24:19,2026-04-25 20:24:19,2026-04-19 03:24:19,2026-04-21 00:24:19,,,,,,,2026-04-17 19:24:19,2026-04-22 20:24:19
REF002325,EHR-REF0002325,NorthStar EHR,PAT000710,COV000710,PRC0027,ORG003,LOC003,SPC002,PRC0057,ORG028,,2025-09-01 06:33:38,2025-09-02 03:33:38,Synthetic evaluation request for Dermatology,Z66.6,Routine,Closed—Completed,,2025-09-12 06:33:38,,2025-09-03 22:33:38,2025-09-04 10:33:38,2025-09-04 14:33:38,2025-09-23 14:33:38,2025-10-03 14:33:38,2025-10-04 05:33:38,Completed,,2025-09-02 03:33:38,2025-10-04 05:33:38
REF002326,EHR-REF0002326,NorthStar EHR,PAT001139,COV001139,PRC0024,ORG006,LOC006,SPC010,PRC0095,ORG016,,2025-12-11 15:39:09,2025-12-12 07:39:09,Synthetic evaluation request for General Surgery,Z10.8,Urgent,Closed—Completed,,2025-12-21 03:39:09,,2025-12-13 05:39:09,2025-12-13 01:39:09,2025-12-14 11:39:09,2026-01-09 11:39:09,2026-01-10 11:39:09,2026-01-12 03:39:09,Completed,,2025-12-12 07:39:09,2026-01-12 03:39:09
REF002327,EHR-REF0002327,NorthStar EHR,PAT000598,COV000598,PRC0030,ORG006,LOC006,SPC008,PRC0053,ORG024,,2026-04-24 13:27:13,2026-04-24 18:27:13,Synthetic evaluation request for Pulmonology,Z86.7,Routine,Closed—Not Completed,,2026-04-28 19:27:13,,2026-04-26 05:27:13,2026-04-29 11:27:13,,,,2026-04-28 19:27:13,Not Completed,Patient Chose Another Provider,2026-04-24 18:27:13,2026-04-28 19:27:13
REF002328,EHR-REF0002328,NorthStar EHR,PAT000408,COV000408,PRC0014,ORG002,LOC002,SPC002,PRC0107,ORG028,,2025-08-11 22:10:28,2025-08-12 20:10:28,Synthetic evaluation request for Dermatology,Z36.3,Routine,Closed—Completed,,2025-08-20 15:10:28,,2025-08-13 08:10:28,2025-08-13 04:10:28,2025-08-14 05:10:28,2025-09-02 05:10:28,2025-09-07 05:10:28,2025-09-08 08:10:28,Completed,,2025-08-12 20:10:28,2025-09-08 08:10:28
REF002329,EHR-REF0002329,NorthStar EHR,PAT000587,COV000587,PRC0003,ORG003,LOC003,SPC005,PRC0050,ORG021,USR004,2025-12-19 07:04:20,2025-12-20 05:04:20,Synthetic evaluation request for Neurology,Z61.7,Routine,Scheduled,Appointment Verification,2025-12-23 04:04:20,2025-12-26 04:04:20,2025-12-21 09:04:20,2025-12-24 01:04:20,2025-12-24 10:04:20,,,,,,2025-12-20 05:04:20,2025-12-23 04:04:20
REF002330,EHR-REF0002330,NorthStar EHR,PAT001136,COV001136,PRC0004,ORG004,LOC004,SPC002,PRC0082,ORG028,USR008,2026-02-15 12:17:24,2026-02-16 07:17:24,Synthetic evaluation request for Dermatology,Z21.8,Routine,Scheduled,Appointment Verification,2026-02-22 21:17:24,2026-02-25 21:17:24,2026-02-18 01:17:24,2026-02-19 15:17:24,2026-02-20 18:17:24,,,,,,2026-02-16 07:17:24,2026-02-22 21:17:24
REF002331,EHR-REF0002331,NorthStar EHR,PAT000514,COV000514,PRC0021,ORG003,LOC003,SPC006,PRC0101,ORG022,USR001,2026-05-25 10:27:35,2026-05-25 17:27:35,Synthetic evaluation request for Orthopedics,Z13.8,Routine,Completed—Report Pending,Report Pending,2026-06-05 19:27:35,2026-06-08 19:27:35,2026-05-29 12:27:35,2026-05-29 13:27:35,2026-05-29 18:27:35,2026-06-14 18:27:35,,,,,2026-05-25 17:27:35,2026-06-05 19:27:35
REF002332,EHR-REF0002332,NorthStar EHR,PAT001556,COV001556,PRC0010,ORG004,LOC004,SPC001,PRC0071,ORG017,,2025-09-28 17:32:03,2025-09-29 06:32:03,Synthetic evaluation request for Cardiology,Z71.0,Routine,Closed—Completed,,2025-10-10 09:32:03,,2025-10-02 02:32:03,2025-10-04 05:32:03,2025-10-05 18:32:03,2025-10-30 18:32:03,2025-11-07 18:32:03,2025-11-08 23:32:03,Completed,,2025-09-29 06:32:03,2025-11-08 23:32:03
REF002333,EHR-REF0002333,NorthStar EHR,PAT001309,COV001309,PRC0002,ORG002,LOC002,SPC005,PRC0110,ORG031,USR004,2026-01-14 09:35:12,2026-01-15 07:35:12,Synthetic evaluation request for Neurology,Z45.2,Routine,Needs Information,Needs Information,2026-01-15 17:35:12,2026-01-18 17:35:12,,,,,,,,,2026-01-15 07:35:12,2026-01-15 17:35:12
REF002334,EHR-REF0002334,NorthStar EHR,PAT001016,COV001016,PRC0003,ORG003,LOC003,SPC009,PRC0079,ORG025,USR002,2026-05-26 13:42:53,2026-05-26 13:42:53,Synthetic evaluation request for Rheumatology,Z39.4,Routine,Completed—Report Pending,Report Pending,2026-06-03 23:42:53,2026-06-06 23:42:53,2026-05-29 01:42:53,2026-05-30 19:42:53,2026-06-01 01:42:53,2026-06-20 01:42:53,,,,,2026-05-26 13:42:53,2026-06-03 23:42:53
REF002335,EHR-REF0002335,NorthStar EHR,PAT001315,COV001315,PRC0004,ORG004,LOC004,SPC008,PRC0103,ORG024,USR011,2026-01-06 13:41:22,2026-01-07 12:41:22,Synthetic evaluation request for Pulmonology,Z87.4,Routine,Ready for Outreach,Ready for Outreach,2026-01-10 00:41:22,2026-01-13 00:41:22,2026-01-10 00:41:22,,,,,,,,2026-01-07 12:41:22,2026-01-10 00:41:22
REF002336,EHR-REF0002336,NorthStar EHR,PAT001194,COV001194,PRC0032,ORG002,LOC002,SPC004,PRC0084,ORG030,USR006,2025-10-22 01:17:33,2025-10-22 14:17:33,Synthetic evaluation request for Gastroenterology,Z79.7,Urgent,Completed—Report Pending,Report Pending,2025-10-31 02:17:33,2025-11-01 02:17:33,2025-10-25 01:17:33,2025-10-24 12:17:33,2025-10-25 21:17:33,2025-11-08 21:17:33,,,,,2025-10-22 14:17:33,2025-10-31 02:17:33
REF002337,EHR-REF0002337,NorthStar EHR,PAT000902,COV000902,PRC0024,ORG006,LOC006,SPC002,PRC0062,ORG008,,2026-03-14 15:09:20,2026-03-15 11:09:20,Synthetic evaluation request for Dermatology,Z23.5,Routine,Closed—Completed,,2026-03-23 19:09:20,,2026-03-17 04:09:20,2026-03-17 18:09:20,2026-03-17 21:09:20,2026-04-21 21:09:20,2026-04-23 21:09:20,2026-04-24 22:09:20,Completed,,2026-03-15 11:09:20,2026-04-24 22:09:20
REF002338,EHR-REF0002338,NorthStar EHR,PAT001616,COV001616,PRC0011,ORG005,LOC005,SPC008,PRC0068,ORG014,USR007,2026-06-03 16:10:37,2026-06-04 14:10:37,Synthetic evaluation request for Pulmonology,Z81.2,Routine,Needs Information,Needs Information,2026-06-08 01:10:37,2026-06-11 01:10:37,,,,,,,,,2026-06-04 14:10:37,2026-06-08 01:10:37
REF002339,EHR-REF0002339,NorthStar EHR,PAT001019,COV001019,PRC0027,ORG003,LOC003,SPC003,PRC0083,ORG029,USR014,2025-12-04 09:11:25,2025-12-05 06:11:25,Synthetic evaluation request for Endocrinology,Z64.1,Routine,Scheduled,Appointment Verification,2025-12-12 21:11:25,2025-12-15 21:11:25,2025-12-07 03:11:25,2025-12-08 01:11:25,2025-12-09 08:11:25,,,,,,2025-12-05 06:11:25,2025-12-12 21:11:25
REF002340,EHR-REF0002340,NorthStar EHR,PAT001609,COV001609,PRC0015,ORG003,LOC003,SPC006,PRC0041,ORG012,USR003,2026-03-13 16:28:27,2026-03-13 18:28:27,Synthetic evaluation request for Orthopedics,Z58.1,Routine,Ready for Outreach,Ready for Outreach,2026-03-17 01:28:27,2026-03-20 01:28:27,2026-03-17 01:28:27,,,,,,,,2026-03-13 18:28:27,2026-03-17 01:28:27
REF002341,EHR-REF0002341,NorthStar EHR,PAT000635,COV000635,PRC0023,ORG005,LOC005,SPC010,PRC0045,ORG016,,2025-12-21 13:43:05,2025-12-22 03:43:05,Synthetic evaluation request for General Surgery,Z27.1,Routine,Closed—Not Completed,,2025-12-27 13:43:05,,2025-12-23 00:43:05,2025-12-24 17:43:05,,,,2025-12-27 13:43:05,Not Completed,Unable to Contact After Protocol,2025-12-22 03:43:05,2025-12-27 13:43:05
REF002342,EHR-REF0002342,NorthStar EHR,PAT001461,COV001461,PRC0006,ORG006,LOC006,SPC005,PRC0085,ORG031,,2026-03-05 09:00:46,2026-03-05 23:00:46,Synthetic evaluation request for Neurology,Z32.6,Routine,Closed—Completed,,2026-03-18 00:00:46,,2026-03-09 18:00:46,2026-03-09 03:00:46,2026-03-09 06:00:46,2026-03-25 06:00:46,2026-03-31 06:00:46,2026-03-31 17:00:46,Completed,,2026-03-05 23:00:46,2026-03-31 17:00:46
REF002343,EHR-REF0002343,NorthStar EHR,PAT000023,COV000023,PRC0028,ORG004,LOC004,SPC009,PRC0079,ORG025,,2026-03-24 23:09:06,2026-03-25 18:09:06,Synthetic evaluation request for Rheumatology,Z22.5,Routine,Closed—Completed,,2026-04-05 03:09:06,,2026-03-28 17:09:06,2026-03-26 03:09:06,2026-03-27 04:09:06,2026-04-13 04:09:06,2026-04-23 04:09:06,2026-04-23 20:09:06,Completed,,2026-03-25 18:09:06,2026-04-23 20:09:06
REF002344,EHR-REF0002344,NorthStar EHR,PAT001490,COV001490,PRC0033,ORG003,LOC003,SPC006,PRC0076,ORG022,,2026-03-26 21:47:50,2026-03-27 02:47:50,Synthetic evaluation request for Orthopedics,Z19.3,Routine,Closed—Completed,,2026-03-31 13:47:50,,2026-03-28 08:47:50,2026-03-30 11:47:50,2026-03-31 01:47:50,2026-04-24 01:47:50,2026-05-02 01:47:50,2026-05-03 01:47:50,Completed,,2026-03-27 02:47:50,2026-05-03 01:47:50
REF002345,EHR-REF0002345,NorthStar EHR,PAT001659,COV001659,PRC0003,ORG003,LOC003,SPC002,PRC0072,ORG018,,2025-10-09 08:09:56,2025-10-09 14:09:56,Synthetic evaluation request for Dermatology,Z75.1,Urgent,Closed—Not Completed,,2025-10-15 22:09:56,,2025-10-10 19:09:56,2025-10-12 22:09:56,,,,2025-10-15 22:09:56,Not Completed,Patient Chose Another Provider,2025-10-09 14:09:56,2025-10-15 22:09:56
REF002346,EHR-REF0002346,NorthStar EHR,PAT001327,COV001327,PRC0035,ORG005,LOC005,SPC001,PRC0081,ORG027,,2026-05-16 03:20:47,2026-05-16 16:20:47,Synthetic evaluation request for Cardiology,Z31.1,Urgent,Closed—Not Completed,,2026-05-21 17:20:47,,2026-05-17 13:20:47,2026-05-20 12:20:47,,,,2026-05-21 17:20:47,Not Completed,Duplicate Referral,2026-05-16 16:20:47,2026-05-21 17:20:47
REF002347,EHR-REF0002347,NorthStar EHR,PAT001276,COV001276,PRC0027,ORG003,LOC003,SPC007,PRC0042,ORG013,,2025-12-02 12:36:54,2025-12-03 10:36:54,Synthetic evaluation request for Otolaryngology,Z33.7,Urgent,Closed—Completed,,2025-12-18 04:36:54,,2025-12-07 06:36:54,2025-12-06 10:36:54,2025-12-07 11:36:54,2025-12-19 11:36:54,2025-12-28 11:36:54,2025-12-29 15:36:54,Completed,,2025-12-03 10:36:54,2025-12-29 15:36:54
REF002348,EHR-REF0002348,NorthStar EHR,PAT001565,COV001565,PRC0035,ORG005,LOC005,SPC005,PRC0050,ORG021,,2025-10-19 03:10:15,2025-10-19 08:10:15,Synthetic evaluation request for Neurology,Z61.0,Routine,Closed—Not Completed,,2025-10-24 20:10:15,,2025-10-19 23:10:15,2025-10-24 06:10:15,,,,2025-10-24 20:10:15,Not Completed,Transferred Care,2025-10-19 08:10:15,2025-10-24 20:10:15
REF002349,EHR-REF0002349,NorthStar EHR,PAT001367,COV001367,PRC0034,ORG004,LOC004,SPC008,PRC0103,ORG024,,2025-12-26 00:32:25,2025-12-26 05:32:25,Synthetic evaluation request for Pulmonology,Z86.2,Routine,Closed—Not Completed,,2025-12-28 16:32:25,,2025-12-26 17:32:25,2025-12-28 18:32:25,,,,2025-12-28 16:32:25,Not Completed,No Longer Clinically Indicated,2025-12-26 05:32:25,2025-12-28 16:32:25
REF002350,EHR-REF0002350,NorthStar EHR,PAT000800,COV000800,PRC0034,ORG004,LOC004,SPC003,PRC0098,ORG019,USR001,2025-12-12 02:40:16,2025-12-12 22:40:16,Synthetic evaluation request for Endocrinology,Z47.6,Routine,Scheduled,Appointment Verification,2025-12-17 11:40:16,2025-12-20 11:40:16,2025-12-13 08:40:16,2025-12-15 21:40:16,2025-12-16 21:40:16,,,,,,2025-12-12 22:40:16,2025-12-17 11:40:16
REF002351,EHR-REF0002351,NorthStar EHR,PAT000938,COV000938,PRC0017,ORG005,LOC005,SPC009,PRC0054,ORG025,,2025-11-06 19:03:02,2025-11-06 19:03:02,Synthetic evaluation request for Rheumatology,Z74.0,Urgent,Closed—Not Completed,,2025-11-14 04:03:02,,2025-11-08 03:03:02,2025-11-10 09:03:02,,,,2025-11-14 04:03:02,Not Completed,Patient Declined,2025-11-06 19:03:02,2025-11-14 04:03:02
REF002352,EHR-REF0002352,NorthStar EHR,PAT001857,COV001857,PRC0021,ORG003,LOC003,SPC004,PRC0059,ORG030,,2026-01-22 00:58:50,2026-01-22 08:58:50,Synthetic evaluation request for Gastroenterology,Z60.3,Urgent,Closed—Completed,,2026-01-28 20:58:50,,2026-01-24 14:58:50,2026-01-25 03:58:50,2026-01-25 10:58:50,2026-02-26 10:58:50,2026-02-28 10:58:50,2026-03-01 19:58:50,Completed,,2026-01-22 08:58:50,2026-03-01 19:58:50
REF002353,EHR-REF0002353,NorthStar EHR,PAT000833,COV000833,PRC0006,ORG006,LOC006,SPC006,PRC0101,ORG022,,2026-06-26 17:28:00,2026-06-27 11:28:00,Synthetic evaluation request for Orthopedics,Z56.8,Routine,Closed—Completed,,2026-07-09 17:28:00,,2026-07-01 08:28:00,2026-06-30 08:28:00,2026-07-01 20:28:00,2026-08-04 20:28:00,2026-08-07 20:28:00,2026-08-09 02:28:00,Completed,,2026-06-27 11:28:00,2026-08-09 02:28:00
REF002354,EHR-REF0002354,NorthStar EHR,PAT001179,COV001179,PRC0028,ORG004,LOC004,SPC006,PRC0091,ORG012,USR008,2026-02-10 20:52:28,2026-02-11 04:52:28,Synthetic evaluation request for Orthopedics,Z17.0,Urgent,Completed—Report Pending,Report Pending,2026-02-20 04:52:28,2026-02-21 04:52:28,2026-02-13 10:52:28,2026-02-13 13:52:28,2026-02-15 01:52:28,2026-02-20 01:52:28,,,,,2026-02-11 04:52:28,2026-02-20 04:52:28
REF002355,EHR-REF0002355,NorthStar EHR,PAT001564,COV001564,PRC0005,ORG005,LOC005,SPC009,PRC0104,ORG025,USR001,2025-09-12 06:09:36,2025-09-12 12:09:36,Synthetic evaluation request for Rheumatology,Z75.6,Routine,Scheduled,Appointment Verification,2025-09-17 05:09:36,2025-09-20 05:09:36,2025-09-13 09:09:36,2025-09-13 22:09:36,2025-09-14 02:09:36,,,,,,2025-09-12 12:09:36,2025-09-17 05:09:36
REF002356,EHR-REF0002356,NorthStar EHR,PAT000638,COV000638,PRC0008,ORG002,LOC002,SPC010,PRC0045,ORG016,USR010,2025-08-29 00:51:59,2025-08-29 09:51:59,Synthetic evaluation request for General Surgery,Z46.6,Routine,Needs Information,Needs Information,2025-08-30 23:51:59,2025-09-02 23:51:59,,,,,,,,,2025-08-29 09:51:59,2025-08-30 23:51:59
REF002357,EHR-REF0002357,NorthStar EHR,PAT000284,COV000284,PRC0031,ORG001,LOC001,SPC007,PRC0102,ORG023,,2025-11-06 22:54:51,2025-11-07 07:54:51,Synthetic evaluation request for Otolaryngology,Z86.9,Routine,Closed—Completed,,2025-11-16 23:54:51,,2025-11-07 16:54:51,2025-11-11 01:54:51,2025-11-12 21:54:51,2025-11-17 21:54:51,2025-11-22 21:54:51,2025-11-24 09:54:51,Completed,,2025-11-07 07:54:51,2025-11-24 09:54:51
REF002358,EHR-REF0002358,NorthStar EHR,PAT001291,COV001291,PRC0021,ORG003,LOC003,SPC004,PRC0064,ORG010,USR013,2025-11-24 20:36:28,2025-11-25 07:36:28,Synthetic evaluation request for Gastroenterology,Z10.6,Routine,Scheduled,Appointment Verification,2025-11-30 08:36:28,2025-12-03 08:36:28,2025-11-27 01:36:28,2025-11-29 18:36:28,2025-11-30 04:36:28,,,,,,2025-11-25 07:36:28,2025-11-30 08:36:28
REF002359,EHR-REF0002359,NorthStar EHR,PAT000131,COV000131,PRC0003,ORG003,LOC003,SPC003,PRC0108,ORG029,,2026-06-22 14:43:37,2026-06-23 10:43:37,Synthetic evaluation request for Endocrinology,Z47.9,Routine,Closed—Completed,,2026-06-29 21:43:37,,2026-06-24 18:43:37,2026-06-28 00:43:37,2026-06-29 01:43:37,2026-07-08 01:43:37,2026-07-13 01:43:37,2026-07-13 07:43:37,Completed,,2026-06-23 10:43:37,2026-07-13 07:43:37
REF002360,EHR-REF0002360,NorthStar EHR,PAT000944,COV000944,PRC0007,ORG001,LOC001,SPC010,PRC0095,ORG016,USR010,2026-03-21 01:45:16,2026-03-21 11:45:16,Synthetic evaluation request for General Surgery,Z60.5,Routine,Ready for Outreach,Ready for Outreach,2026-03-22 14:45:16,2026-03-25 14:45:16,2026-03-22 14:45:16,,,,,,,,2026-03-21 11:45:16,2026-03-22 14:45:16
REF002361,EHR-REF0002361,NorthStar EHR,PAT001786,COV001786,PRC0013,ORG001,LOC001,SPC002,PRC0062,ORG008,,2025-11-03 06:20:16,2025-11-03 11:20:16,Synthetic evaluation request for Dermatology,Z25.0,Routine,Closed—Completed,,2025-11-10 06:20:16,,2025-11-03 18:20:16,2025-11-08 02:20:16,2025-11-08 07:20:16,2025-12-10 07:20:16,2025-12-15 07:20:16,2025-12-16 10:20:16,Completed,,2025-11-03 11:20:16,2025-12-16 10:20:16
REF002362,EHR-REF0002362,NorthStar EHR,PAT001074,COV001074,PRC0001,ORG001,LOC001,SPC001,PRC0056,ORG027,,2025-12-21 22:41:59,2025-12-22 08:41:59,Synthetic evaluation request for Cardiology,Z43.2,Routine,Closed—Completed,,2026-01-02 09:41:59,,2025-12-24 00:41:59,2025-12-23 21:41:59,2025-12-24 23:41:59,2026-01-20 23:41:59,2026-01-24 23:41:59,2026-01-26 03:41:59,Completed,,2025-12-22 08:41:59,2026-01-26 03:41:59
REF002363,EHR-REF0002363,NorthStar EHR,PAT000779,COV000779,PRC0014,ORG002,LOC002,SPC008,PRC0093,ORG014,,2026-01-31 05:59:54,2026-02-01 01:59:54,Synthetic evaluation request for Pulmonology,Z30.7,Urgent,Closed—Completed,,2026-02-11 16:59:54,,2026-02-03 22:59:54,2026-02-05 08:59:54,2026-02-05 14:59:54,2026-03-04 14:59:54,2026-03-06 14:59:54,2026-03-07 03:59:54,Completed,,2026-02-01 01:59:54,2026-03-07 03:59:54
REF002364,EHR-REF0002364,NorthStar EHR,PAT001770,COV001770,PRC0010,ORG004,LOC004,SPC002,PRC0047,ORG018,,2026-02-20 21:25:29,2026-02-21 03:25:29,Synthetic evaluation request for Dermatology,Z36.8,Urgent,Closed—Completed,,2026-03-03 07:25:29,,2026-02-22 01:25:29,2026-02-21 12:25:29,2026-02-22 06:25:29,2026-03-29 06:25:29,2026-04-07 06:25:29,2026-04-07 21:25:29,Completed,,2026-02-21 03:25:29,2026-04-07 21:25:29
REF002365,EHR-REF0002365,NorthStar EHR,PAT001108,COV001108,PRC0027,ORG003,LOC003,SPC003,PRC0098,ORG019,USR004,2026-01-15 00:44:50,2026-01-15 06:44:50,Synthetic evaluation request for Endocrinology,Z31.1,Routine,Scheduled,Appointment Verification,2026-01-22 12:44:50,2026-01-25 12:44:50,2026-01-16 07:44:50,2026-01-19 15:44:50,2026-01-21 10:44:50,,,,,,2026-01-15 06:44:50,2026-01-22 12:44:50
REF002366,EHR-REF0002366,NorthStar EHR,PAT000942,COV000942,PRC0014,ORG002,LOC002,SPC004,PRC0084,ORG030,,2026-06-12 06:36:35,2026-06-12 15:36:35,Synthetic evaluation request for Gastroenterology,Z71.6,Urgent,Closed—Completed,,2026-06-23 06:36:35,,2026-06-13 09:36:35,2026-06-16 03:36:35,2026-06-16 06:36:35,2026-07-07 06:36:35,2026-07-14 06:36:35,2026-07-15 05:36:35,Completed,,2026-06-12 15:36:35,2026-07-15 05:36:35
REF002367,EHR-REF0002367,NorthStar EHR,PAT000205,COV000205,PRC0034,ORG004,LOC004,SPC002,PRC0087,ORG008,USR014,2026-02-16 12:59:49,2026-02-17 10:59:49,Synthetic evaluation request for Dermatology,Z33.5,Routine,Needs Information,Needs Information,2026-02-18 07:59:49,2026-02-21 07:59:49,,,,,,,,,2026-02-17 10:59:49,2026-02-18 07:59:49
REF002368,EHR-REF0002368,NorthStar EHR,PAT000293,COV000293,PRC0015,ORG003,LOC003,SPC010,PRC0070,ORG016,USR002,2025-08-11 07:07:17,2025-08-12 04:07:17,Synthetic evaluation request for General Surgery,Z20.9,Routine,Outreach in Progress,Outreach Follow-Up,2025-08-17 04:07:17,2025-08-20 04:07:17,2025-08-15 23:07:17,2025-08-15 17:07:17,,,,,,,2025-08-12 04:07:17,2025-08-17 04:07:17
REF002369,EHR-REF0002369,NorthStar EHR,PAT000202,COV000202,PRC0027,ORG003,LOC003,SPC003,PRC0058,ORG029,,2025-08-10 13:52:32,2025-08-10 21:52:32,Synthetic evaluation request for Endocrinology,Z89.3,Routine,Closed—Completed,,2025-08-18 11:52:32,,2025-08-12 17:52:32,2025-08-12 23:52:32,2025-08-13 07:52:32,2025-08-26 07:52:32,2025-09-04 07:52:32,2025-09-05 13:52:32,Completed,,2025-08-10 21:52:32,2025-09-05 13:52:32
REF002370,EHR-REF0002370,NorthStar EHR,PAT000635,COV000635,PRC0001,ORG001,LOC001,SPC003,PRC0098,ORG019,USR010,2025-08-16 06:38:54,2025-08-17 02:38:54,Synthetic evaluation request for Endocrinology,Z58.9,Routine,Needs Information,Needs Information,2025-08-21 02:38:54,2025-08-24 02:38:54,,,,,,,,,2025-08-17 02:38:54,2025-08-21 02:38:54
REF002371,EHR-REF0002371,NorthStar EHR,PAT001054,COV001054,PRC0002,ORG002,LOC002,SPC010,PRC0095,ORG016,,2026-07-01 12:31:01,2026-07-02 08:31:01,Synthetic evaluation request for General Surgery,Z31.5,Routine,Closed—Not Completed,,2026-07-05 20:31:01,,2026-07-02 16:31:01,2026-07-05 00:31:01,,,,2026-07-05 20:31:01,Not Completed,Patient Declined,2026-07-02 08:31:01,2026-07-05 20:31:01
REF002372,EHR-REF0002372,NorthStar EHR,PAT001766,COV001766,PRC0034,ORG004,LOC004,SPC010,PRC0105,ORG026,,2026-02-10 19:31:09,2026-02-11 00:31:09,Synthetic evaluation request for General Surgery,Z55.9,Routine,Closed—Completed,,2026-02-27 08:31:09,,2026-02-14 17:31:09,2026-02-16 00:31:09,2026-02-17 17:31:09,2026-03-07 17:31:09,2026-03-13 17:31:09,2026-03-15 03:31:09,Completed,,2026-02-11 00:31:09,2026-03-15 03:31:09
REF002373,EHR-REF0002373,NorthStar EHR,PAT000087,COV000087,PRC0025,ORG001,LOC001,SPC001,PRC0071,ORG017,USR008,2026-04-16 00:30:19,2026-04-16 22:30:19,Synthetic evaluation request for Cardiology,Z13.8,Routine,Completed—Report Pending,Report Pending,2026-04-26 21:30:19,2026-04-29 21:30:19,2026-04-18 15:30:19,2026-04-21 02:30:19,2026-04-21 23:30:19,2026-05-02 23:30:19,,,,,2026-04-16 22:30:19,2026-04-26 21:30:19
REF002374,EHR-REF0002374,NorthStar EHR,PAT000402,COV000402,PRC0003,ORG003,LOC003,SPC005,PRC0040,ORG011,,2026-01-14 22:02:05,2026-01-15 16:02:05,Synthetic evaluation request for Neurology,Z42.4,Routine,Closed—Completed,,2026-01-28 11:02:05,,2026-01-19 01:02:05,2026-01-20 04:02:05,2026-01-20 15:02:05,2026-02-12 15:02:05,2026-02-19 15:02:05,2026-02-20 07:02:05,Completed,,2026-01-15 16:02:05,2026-02-20 07:02:05
REF002375,EHR-REF0002375,NorthStar EHR,PAT000625,COV000625,PRC0009,ORG003,LOC003,SPC004,PRC0074,ORG020,USR008,2025-08-01 07:53:51,2025-08-01 13:53:51,Synthetic evaluation request for Gastroenterology,Z71.3,Routine,Outreach in Progress,Outreach Follow-Up,2025-08-05 04:53:51,2025-08-08 04:53:51,2025-08-02 14:53:51,2025-08-02 00:53:51,,,,,,,2025-08-01 13:53:51,2025-08-05 04:53:51
REF002376,EHR-REF0002376,NorthStar EHR,PAT000519,COV000519,PRC0023,ORG005,LOC005,SPC002,PRC0087,ORG008,,2026-03-28 00:55:31,2026-03-28 03:55:31,Synthetic evaluation request for Dermatology,Z68.8,Routine,Closed—Completed,,2026-04-06 03:55:31,,2026-03-28 12:55:31,2026-03-28 11:55:31,2026-03-28 19:55:31,2026-04-02 19:55:31,2026-04-09 19:55:31,2026-04-10 17:55:31,Completed,,2026-03-28 03:55:31,2026-04-10 17:55:31
REF002377,EHR-REF0002377,NorthStar EHR,PAT001848,COV001848,PRC0024,ORG006,LOC006,SPC009,PRC0079,ORG025,,2025-08-12 00:13:32,2025-08-12 04:13:32,Synthetic evaluation request for Rheumatology,Z45.4,Routine,Closed—Completed,,2025-08-21 09:13:32,,2025-08-13 06:13:32,2025-08-16 12:13:32,2025-08-18 09:13:32,2025-09-04 09:13:32,2025-09-05 09:13:32,2025-09-07 01:13:32,Completed,,2025-08-12 04:13:32,2025-09-07 01:13:32
REF002378,EHR-REF0002378,NorthStar EHR,PAT001167,COV001167,PRC0030,ORG006,LOC006,SPC005,PRC0110,ORG031,,2026-03-16 21:01:30,2026-03-17 04:01:30,Synthetic evaluation request for Neurology,Z12.2,Routine,Closed—Completed,,2026-03-25 02:01:30,,2026-03-18 05:01:30,2026-03-18 01:01:30,2026-03-18 11:01:30,2026-03-28 11:01:30,2026-04-02 11:01:30,2026-04-03 13:01:30,Completed,,2026-03-17 04:01:30,2026-04-03 13:01:30
REF002379,EHR-REF0002379,NorthStar EHR,PAT000954,COV000954,PRC0033,ORG003,LOC003,SPC008,PRC0053,ORG024,,2025-08-11 08:04:52,2025-08-11 23:04:52,Synthetic evaluation request for Pulmonology,Z57.9,Routine,Cancelled,,2025-08-15 09:04:52,,2025-08-15 09:04:52,,,,,2025-08-15 09:04:52,Cancelled,No Longer Clinically Indicated,2025-08-11 23:04:52,2025-08-15 09:04:52
REF002380,EHR-REF0002380,NorthStar EHR,PAT001540,COV001540,PRC0010,ORG004,LOC004,SPC001,PRC0086,ORG007,,2026-05-25 03:48:20,2026-05-26 00:48:20,Synthetic evaluation request for Cardiology,Z41.7,Routine,Closed—Completed,,2026-06-06 20:48:20,,2026-05-26 23:48:20,2026-05-28 12:48:20,2026-05-28 21:48:20,2026-06-27 21:48:20,2026-06-28 21:48:20,2026-06-30 12:48:20,Completed,,2026-05-26 00:48:20,2026-06-30 12:48:20
REF002381,EHR-REF0002381,NorthStar EHR,PAT000975,COV000975,PRC0031,ORG001,LOC001,SPC007,PRC0092,ORG013,USR007,2025-12-11 04:42:59,2025-12-11 05:42:59,Synthetic evaluation request for Otolaryngology,Z58.4,Routine,Scheduled,Appointment Verification,2025-12-16 15:42:59,2025-12-19 15:42:59,2025-12-13 08:42:59,2025-12-15 23:42:59,2025-12-16 12:42:59,,,,,,2025-12-11 05:42:59,2025-12-16 15:42:59
REF002382,EHR-REF0002382,NorthStar EHR,PAT001087,COV001087,PRC0014,ORG002,LOC002,SPC006,PRC0076,ORG022,,2025-08-29 10:17:04,2025-08-30 09:17:04,Synthetic evaluation request for Orthopedics,Z48.3,Routine,Closed—Completed,,2025-09-12 07:17:04,,2025-08-31 18:17:04,2025-09-02 08:17:04,2025-09-04 01:17:04,2025-09-18 01:17:04,2025-09-19 01:17:04,2025-09-19 19:17:04,Completed,,2025-08-30 09:17:04,2025-09-19 19:17:04
REF002383,EHR-REF0002383,NorthStar EHR,PAT001138,COV001138,PRC0021,ORG003,LOC003,SPC009,PRC0069,ORG015,,2026-06-02 01:59:45,2026-06-03 01:59:45,Synthetic evaluation request for Rheumatology,Z81.5,Routine,Cancelled,,2026-06-05 15:59:45,,2026-06-05 15:59:45,,,,,2026-06-05 15:59:45,Cancelled,No Longer Clinically Indicated,2026-06-03 01:59:45,2026-06-05 15:59:45
REF002384,EHR-REF0002384,NorthStar EHR,PAT001209,COV001209,PRC0033,ORG003,LOC003,SPC002,PRC0082,ORG028,USR012,2025-08-25 01:19:52,2025-08-25 18:19:52,Synthetic evaluation request for Dermatology,Z25.0,Urgent,Scheduled,Appointment Verification,2025-08-27 11:19:52,2025-08-28 11:19:52,2025-08-26 03:19:52,2025-08-28 19:19:52,2025-08-29 13:19:52,,,,,,2025-08-25 18:19:52,2025-08-27 11:19:52
REF002385,EHR-REF0002385,NorthStar EHR,PAT000869,COV000869,PRC0003,ORG003,LOC003,SPC005,PRC0085,ORG031,,2025-11-08 22:51:10,2025-11-09 19:51:10,Synthetic evaluation request for Neurology,Z15.0,Routine,Closed—Completed,,2025-11-18 15:51:10,,2025-11-10 15:51:10,2025-11-14 11:51:10,2025-11-15 15:51:10,2025-12-04 15:51:10,2025-12-14 15:51:10,2025-12-15 20:51:10,Completed,,2025-11-09 19:51:10,2025-12-15 20:51:10
REF002386,EHR-REF0002386,NorthStar EHR,PAT001006,COV001006,PRC0007,ORG001,LOC001,SPC001,PRC0086,ORG007,,2025-09-21 16:22:36,2025-09-21 18:22:36,Synthetic evaluation request for Cardiology,Z18.0,Routine,Cancelled,,2025-09-25 10:22:36,,2025-09-25 10:22:36,,,,,2025-09-25 10:22:36,Cancelled,Duplicate Referral,2025-09-21 18:22:36,2025-09-25 10:22:36
REF002387,EHR-REF0002387,NorthStar EHR,PAT001553,COV001553,PRC0013,ORG001,LOC001,SPC005,PRC0100,ORG021,,2026-01-12 11:15:28,2026-01-13 02:15:28,Synthetic evaluation request for Neurology,Z13.7,Routine,Closed—Completed,,2026-01-23 21:15:28,,2026-01-16 08:15:28,2026-01-14 17:15:28,2026-01-14 22:15:28,2026-02-03 22:15:28,2026-02-10 22:15:28,2026-02-11 20:15:28,Completed,,2026-01-13 02:15:28,2026-02-11 20:15:28
REF002388,EHR-REF0002388,NorthStar EHR,PAT001714,COV001714,PRC0001,ORG001,LOC001,SPC009,PRC0104,ORG025,,2026-06-21 03:04:58,2026-06-22 00:04:58,Synthetic evaluation request for Rheumatology,Z30.5,Routine,Closed—Completed,,2026-07-01 13:04:58,,2026-06-23 05:04:58,2026-06-25 20:04:58,2026-06-25 23:04:58,2026-07-09 23:04:58,2026-07-13 23:04:58,2026-07-14 22:04:58,Completed,,2026-06-22 00:04:58,2026-07-14 22:04:58
REF002389,EHR-REF0002389,NorthStar EHR,PAT000214,COV000214,PRC0017,ORG005,LOC005,SPC002,PRC0072,ORG018,,2026-07-10 11:32:13,2026-07-11 08:32:13,Synthetic evaluation request for Dermatology,Z32.4,Routine,Closed—Completed,,2026-07-24 20:32:13,,2026-07-12 00:32:13,2026-07-15 13:32:13,2026-07-16 15:32:13,2026-08-01 15:32:13,2026-08-06 15:32:13,2026-08-08 13:32:13,Completed,,2026-07-11 08:32:13,2026-08-08 13:32:13
REF002390,EHR-REF0002390,NorthStar EHR,PAT001406,COV001406,PRC0015,ORG003,LOC003,SPC005,PRC0060,ORG031,,2025-12-10 10:06:13,2025-12-10 22:06:13,Synthetic evaluation request for Neurology,Z68.6,Routine,Closed—Completed,,2025-12-20 19:06:13,,2025-12-14 07:06:13,2025-12-11 10:06:13,2025-12-12 13:06:13,2025-12-29 13:06:13,2026-01-05 13:06:13,2026-01-07 00:06:13,Completed,,2025-12-10 22:06:13,2026-01-07 00:06:13
REF002391,EHR-REF0002391,NorthStar EHR,PAT000256,COV000256,PRC0019,ORG001,LOC001,SPC010,PRC0070,ORG016,,2025-09-17 04:37:33,2025-09-17 15:37:33,Synthetic evaluation request for General Surgery,Z22.1,Routine,Closed—Completed,,2025-09-26 07:37:33,,2025-09-20 18:37:33,2025-09-18 12:37:33,2025-09-19 14:37:33,2025-10-08 14:37:33,2025-10-13 14:37:33,2025-10-14 06:37:33,Completed,,2025-09-17 15:37:33,2025-10-14 06:37:33
REF002392,EHR-REF0002392,NorthStar EHR,PAT000497,COV000497,PRC0004,ORG004,LOC004,SPC008,PRC0078,ORG024,,2026-01-07 12:01:23,2026-01-07 15:01:23,Synthetic evaluation request for Pulmonology,Z62.4,Routine,Closed—Completed,,2026-01-20 04:01:23,,2026-01-11 01:01:23,2026-01-08 09:01:23,2026-01-09 20:01:23,2026-02-04 20:01:23,2026-02-10 20:01:23,2026-02-11 13:01:23,Completed,,2026-01-07 15:01:23,2026-02-11 13:01:23
REF002393,EHR-REF0002393,NorthStar EHR,PAT001713,COV001713,PRC0022,ORG004,LOC004,SPC010,PRC0055,ORG026,,2026-01-13 00:45:45,2026-01-13 22:45:45,Synthetic evaluation request for General Surgery,Z67.4,Routine,Closed—Completed,,2026-01-19 12:45:45,,2026-01-15 02:45:45,2026-01-17 09:45:45,2026-01-18 03:45:45,2026-02-04 03:45:45,2026-02-11 03:45:45,2026-02-11 20:45:45,Completed,,2026-01-13 22:45:45,2026-02-11 20:45:45
REF002394,EHR-REF0002394,NorthStar EHR,PAT001026,COV001026,PRC0032,ORG002,LOC002,SPC002,PRC0107,ORG028,USR014,2025-09-16 03:49:29,2025-09-16 04:49:29,Synthetic evaluation request for Dermatology,Z34.4,Routine,Outreach in Progress,Outreach Follow-Up,2025-09-18 22:49:29,2025-09-21 22:49:29,2025-09-17 04:49:29,2025-09-17 23:49:29,,,,,,,2025-09-16 04:49:29,2025-09-18 22:49:29
REF002395,EHR-REF0002395,NorthStar EHR,PAT001208,COV001208,PRC0010,ORG004,LOC004,SPC001,PRC0036,ORG007,,2026-02-20 21:22:37,2026-02-20 23:22:37,Synthetic evaluation request for Cardiology,Z54.0,Routine,Closed—Completed,,2026-03-03 12:22:37,,2026-02-22 15:22:37,2026-02-22 20:22:37,2026-02-23 23:22:37,2026-03-21 23:22:37,2026-03-25 23:22:37,2026-03-27 01:22:37,Completed,,2026-02-20 23:22:37,2026-03-27 01:22:37
REF002396,EHR-REF0002396,NorthStar EHR,PAT000112,COV000112,PRC0016,ORG004,LOC004,SPC007,PRC0077,ORG023,,2026-01-05 20:42:30,2026-01-05 21:42:30,Synthetic evaluation request for Otolaryngology,Z40.4,Routine,Closed—Not Completed,,2026-01-14 11:42:30,,2026-01-08 05:42:30,2026-01-07 09:42:30,,,,2026-01-14 11:42:30,Not Completed,Unable to Contact After Protocol,2026-01-05 21:42:30,2026-01-14 11:42:30
REF002397,EHR-REF0002397,NorthStar EHR,PAT000579,COV000579,PRC0008,ORG002,LOC002,SPC003,PRC0058,ORG029,,2026-02-11 04:00:32,2026-02-11 16:00:32,Synthetic evaluation request for Endocrinology,Z63.6,Routine,Closed—Not Completed,,2026-02-18 12:00:32,,2026-02-13 04:00:32,2026-02-14 00:00:32,,,,2026-02-18 12:00:32,Not Completed,Duplicate Referral,2026-02-11 16:00:32,2026-02-18 12:00:32
REF002398,EHR-REF0002398,NorthStar EHR,PAT000615,COV000615,PRC0005,ORG005,LOC005,SPC010,PRC0095,ORG016,,2025-10-03 18:23:41,2025-10-04 09:23:41,Synthetic evaluation request for General Surgery,Z28.1,Routine,Closed—Completed,,2025-10-14 06:23:41,,2025-10-07 17:23:41,2025-10-06 18:23:41,2025-10-08 06:23:41,2025-11-03 06:23:41,2025-11-07 06:23:41,2025-11-07 23:23:41,Completed,,2025-10-04 09:23:41,2025-11-07 23:23:41
REF002399,EHR-REF0002399,NorthStar EHR,PAT001644,COV001644,PRC0026,ORG002,LOC002,SPC001,PRC0081,ORG027,,2026-01-28 05:39:53,2026-01-28 06:39:53,Synthetic evaluation request for Cardiology,Z42.3,Routine,Closed—Completed,,2026-02-04 02:39:53,,2026-01-29 11:39:53,2026-01-31 14:39:53,2026-02-01 22:39:53,2026-03-06 22:39:53,2026-03-09 22:39:53,2026-03-11 01:39:53,Completed,,2026-01-28 06:39:53,2026-03-11 01:39:53
REF002400,EHR-REF0002400,NorthStar EHR,PAT001873,COV001873,PRC0030,ORG006,LOC006,SPC004,PRC0059,ORG030,USR005,2026-05-20 00:08:08,2026-05-20 06:08:08,Synthetic evaluation request for Gastroenterology,Z39.4,Routine,Scheduled,Appointment Verification,2026-05-24 07:08:08,2026-05-27 07:08:08,2026-05-21 01:08:08,2026-05-22 16:08:08,2026-05-22 18:08:08,,,,,,2026-05-20 06:08:08,2026-05-24 07:08:08
REF002401,EHR-REF0002401,NorthStar EHR,PAT000267,COV000267,PRC0026,ORG002,LOC002,SPC004,PRC0059,ORG030,,2026-04-27 01:40:45,2026-04-27 15:40:45,Synthetic evaluation request for Gastroenterology,Z57.4,Routine,Closed—Completed,,2026-05-07 09:40:45,,2026-04-29 21:40:45,2026-04-30 05:40:45,2026-05-01 09:40:45,2026-05-04 09:40:45,2026-05-14 09:40:45,2026-05-14 23:40:45,Completed,,2026-04-27 15:40:45,2026-05-14 23:40:45
REF002402,EHR-REF0002402,NorthStar EHR,PAT001174,COV001174,PRC0026,ORG002,LOC002,SPC009,PRC0094,ORG015,,2025-08-29 06:46:02,2025-08-30 06:46:02,Synthetic evaluation request for Rheumatology,Z74.6,Routine,Closed—Not Completed,,2025-09-04 17:46:02,,2025-08-30 11:46:02,2025-09-02 02:46:02,,,,2025-09-04 17:46:02,Not Completed,Duplicate Referral,2025-08-30 06:46:02,2025-09-04 17:46:02
REF002403,EHR-REF0002403,NorthStar EHR,PAT000245,COV000245,PRC0001,ORG001,LOC001,SPC005,PRC0085,ORG031,USR003,2026-03-11 06:05:48,2026-03-11 17:05:48,Synthetic evaluation request for Neurology,Z83.8,Routine,Scheduled,Appointment Verification,2026-03-14 21:05:48,2026-03-17 21:05:48,2026-03-12 22:05:48,2026-03-14 16:05:48,2026-03-16 00:05:48,,,,,,2026-03-11 17:05:48,2026-03-14 21:05:48
REF002404,EHR-REF0002404,NorthStar EHR,PAT001889,COV001889,PRC0027,ORG003,LOC003,SPC010,PRC0095,ORG016,,2026-06-21 09:16:08,2026-06-21 12:16:08,Synthetic evaluation request for General Surgery,Z17.3,Routine,Closed—Completed,,2026-07-02 06:16:08,,2026-06-22 16:16:08,2026-06-25 02:16:08,2026-06-26 23:16:08,2026-07-26 23:16:08,2026-08-05 23:16:08,2026-08-07 15:16:08,Completed,,2026-06-21 12:16:08,2026-08-07 15:16:08
REF002405,EHR-REF0002405,NorthStar EHR,PAT001524,COV001524,PRC0022,ORG004,LOC004,SPC010,PRC0105,ORG026,,2026-03-19 10:37:44,2026-03-19 16:37:44,Synthetic evaluation request for General Surgery,Z62.0,Routine,Closed—Completed,,2026-03-30 05:37:44,,2026-03-21 18:37:44,2026-03-20 09:37:44,2026-03-20 13:37:44,2026-04-10 13:37:44,2026-04-18 13:37:44,2026-04-19 12:37:44,Completed,,2026-03-19 16:37:44,2026-04-19 12:37:44
REF002406,EHR-REF0002406,NorthStar EHR,PAT001523,COV001523,PRC0026,ORG002,LOC002,SPC009,PRC0104,ORG025,,2026-03-05 01:10:59,2026-03-05 13:10:59,Synthetic evaluation request for Rheumatology,Z44.7,Routine,Closed—Not Completed,,2026-03-11 05:10:59,,2026-03-08 18:10:59,2026-03-09 17:10:59,,,,2026-03-11 05:10:59,Not Completed,Duplicate Referral,2026-03-05 13:10:59,2026-03-11 05:10:59
REF002407,EHR-REF0002407,NorthStar EHR,PAT001143,COV001143,PRC0028,ORG004,LOC004,SPC007,PRC0052,ORG023,,2026-06-19 20:29:39,2026-06-20 01:29:39,Synthetic evaluation request for Otolaryngology,Z15.2,Urgent,Closed—Not Completed,,2026-06-24 14:29:39,,2026-06-22 22:29:39,2026-06-21 12:29:39,,,,2026-06-24 14:29:39,Not Completed,Patient Chose Another Provider,2026-06-20 01:29:39,2026-06-24 14:29:39
REF002408,EHR-REF0002408,NorthStar EHR,PAT001662,COV001662,PRC0010,ORG004,LOC004,SPC010,PRC0105,ORG026,USR002,2025-08-23 23:20:15,2025-08-24 11:20:15,Synthetic evaluation request for General Surgery,Z61.3,Routine,Outreach in Progress,Outreach Follow-Up,2025-08-29 14:20:15,2025-09-01 14:20:15,2025-08-27 02:20:15,2025-08-28 07:20:15,,,,,,,2025-08-24 11:20:15,2025-08-29 14:20:15
REF002409,EHR-REF0002409,NorthStar EHR,PAT001901,COV001901,PRC0009,ORG003,LOC003,SPC008,PRC0093,ORG014,,2026-06-16 00:01:56,2026-06-16 07:01:56,Synthetic evaluation request for Pulmonology,Z41.8,Routine,Closed—Completed,,2026-07-01 11:01:56,,2026-06-19 18:01:56,2026-06-19 07:01:56,2026-06-20 00:01:56,2026-07-08 00:01:56,2026-07-10 00:01:56,2026-07-11 12:01:56,Completed,,2026-06-16 07:01:56,2026-07-11 12:01:56
REF002410,EHR-REF0002410,NorthStar EHR,PAT000814,COV000814,PRC0005,ORG005,LOC005,SPC008,PRC0078,ORG024,,2026-02-11 05:30:26,2026-02-12 02:30:26,Synthetic evaluation request for Pulmonology,Z19.0,Urgent,Closed—Completed,,2026-02-21 08:30:26,,2026-02-15 12:30:26,2026-02-12 17:30:26,2026-02-14 10:30:26,2026-02-28 10:30:26,2026-03-03 10:30:26,2026-03-04 11:30:26,Completed,,2026-02-12 02:30:26,2026-03-04 11:30:26
REF002411,EHR-REF0002411,NorthStar EHR,PAT001740,COV001740,PRC0007,ORG001,LOC001,SPC010,PRC0045,ORG016,USR010,2026-03-11 08:00:16,2026-03-12 06:00:16,Synthetic evaluation request for General Surgery,Z26.6,Routine,Scheduled,Appointment Verification,2026-03-17 16:00:16,2026-03-20 16:00:16,2026-03-12 18:00:16,2026-03-17 01:00:16,2026-03-17 10:00:16,,,,,,2026-03-12 06:00:16,2026-03-17 16:00:16
REF002412,EHR-REF0002412,NorthStar EHR,PAT001673,COV001673,PRC0019,ORG001,LOC001,SPC003,PRC0088,ORG009,,2025-08-05 23:36:16,2025-08-06 13:36:16,Synthetic evaluation request for Endocrinology,Z75.1,Urgent,Closed—Completed,,2025-08-17 08:36:16,,2025-08-08 02:36:16,2025-08-08 16:36:16,2025-08-08 19:36:16,2025-08-30 19:36:16,2025-08-31 19:36:16,2025-09-02 12:36:16,Completed,,2025-08-06 13:36:16,2025-09-02 12:36:16
REF002413,EHR-REF0002413,NorthStar EHR,PAT001729,COV001729,PRC0016,ORG004,LOC004,SPC003,PRC0063,ORG009,USR008,2026-07-07 12:04:27,2026-07-08 04:04:27,Synthetic evaluation request for Endocrinology,Z28.6,Routine,Scheduled,Appointment Verification,2026-07-18 02:04:27,2026-07-21 02:04:27,2026-07-12 02:04:27,2026-07-10 23:04:27,2026-07-12 14:04:27,,,,,,2026-07-08 04:04:27,2026-07-18 02:04:27
REF002414,EHR-REF0002414,NorthStar EHR,PAT001607,COV001607,PRC0028,ORG004,LOC004,SPC005,PRC0090,ORG011,,2026-04-11 14:27:10,2026-04-12 01:27:10,Synthetic evaluation request for Neurology,Z89.3,Routine,Cancelled,,2026-04-15 07:27:10,,2026-04-15 07:27:10,,,,,2026-04-15 07:27:10,Cancelled,No Longer Clinically Indicated,2026-04-12 01:27:10,2026-04-15 07:27:10
REF002415,EHR-REF0002415,NorthStar EHR,PAT000383,COV000383,PRC0003,ORG003,LOC003,SPC003,PRC0048,ORG019,USR001,2026-02-23 03:04:55,2026-02-23 16:04:55,Synthetic evaluation request for Endocrinology,Z26.7,Routine,Ready for Outreach,Ready for Outreach,2026-02-25 11:04:55,2026-02-28 11:04:55,2026-02-25 11:04:55,,,,,,,,2026-02-23 16:04:55,2026-02-25 11:04:55
REF002416,EHR-REF0002416,NorthStar EHR,PAT000229,COV000229,PRC0030,ORG006,LOC006,SPC005,PRC0090,ORG011,,2025-11-13 13:49:30,2025-11-13 15:49:30,Synthetic evaluation request for Neurology,Z51.6,Urgent,Closed—Completed,,2025-11-28 11:49:30,,2025-11-16 14:49:30,2025-11-16 01:49:30,2025-11-17 15:49:30,2025-12-01 15:49:30,2025-12-07 15:49:30,2025-12-09 00:49:30,Completed,,2025-11-13 15:49:30,2025-12-09 00:49:30
REF002417,EHR-REF0002417,NorthStar EHR,PAT000275,COV000275,PRC0027,ORG003,LOC003,SPC001,PRC0036,ORG007,USR002,2026-06-27 23:37:29,2026-06-28 02:37:29,Synthetic evaluation request for Cardiology,Z52.9,Routine,Completed—Report Pending,Report Pending,2026-07-05 16:37:29,2026-07-08 16:37:29,2026-06-28 21:37:29,2026-07-01 22:37:29,2026-07-03 20:37:29,2026-07-12 20:37:29,,,,,2026-06-28 02:37:29,2026-07-05 16:37:29
REF002418,EHR-REF0002418,NorthStar EHR,PAT001719,COV001719,PRC0026,ORG002,LOC002,SPC003,PRC0083,ORG029,,2026-06-11 12:26:23,2026-06-11 22:26:23,Synthetic evaluation request for Endocrinology,Z28.9,Routine,Closed—Completed,,2026-06-20 20:26:23,,2026-06-12 18:26:23,2026-06-12 09:26:23,2026-06-12 12:26:23,2026-06-30 12:26:23,2026-07-08 12:26:23,2026-07-09 07:26:23,Completed,,2026-06-11 22:26:23,2026-07-09 07:26:23
REF002419,EHR-REF0002419,NorthStar EHR,PAT001737,COV001737,PRC0010,ORG004,LOC004,SPC008,PRC0053,ORG024,USR004,2025-11-09 03:21:52,2025-11-10 03:21:52,Synthetic evaluation request for Pulmonology,Z83.4,Routine,Completed—Report Pending,Report Pending,2025-11-15 11:21:52,2025-11-18 11:21:52,2025-11-12 19:21:52,2025-11-11 09:21:52,2025-11-13 05:21:52,2025-11-17 05:21:52,,,,,2025-11-10 03:21:52,2025-11-15 11:21:52
REF002420,EHR-REF0002420,NorthStar EHR,PAT001774,COV001774,PRC0034,ORG004,LOC004,SPC009,PRC0069,ORG015,USR008,2026-02-18 19:15:44,2026-02-18 19:15:44,Synthetic evaluation request for Rheumatology,Z11.3,Routine,Scheduled,Appointment Verification,2026-02-24 09:15:44,2026-02-27 09:15:44,2026-02-21 03:15:44,2026-02-20 01:15:44,2026-02-21 19:15:44,,,,,,2026-02-18 19:15:44,2026-02-24 09:15:44
REF002421,EHR-REF0002421,NorthStar EHR,PAT000752,COV000752,PRC0027,ORG003,LOC003,SPC008,PRC0053,ORG024,,2026-01-22 11:41:30,2026-01-22 21:41:30,Synthetic evaluation request for Pulmonology,Z84.2,Routine,Closed—Completed,,2026-02-01 00:41:30,,2026-01-23 03:41:30,2026-01-23 20:41:30,2026-01-24 14:41:30,2026-02-27 14:41:30,2026-03-09 14:41:30,2026-03-10 05:41:30,Completed,,2026-01-22 21:41:30,2026-03-10 05:41:30
REF002422,EHR-REF0002422,NorthStar EHR,PAT000488,COV000488,PRC0013,ORG001,LOC001,SPC009,PRC0079,ORG025,USR014,2026-04-29 02:20:49,2026-04-29 18:20:49,Synthetic evaluation request for Rheumatology,Z76.8,Routine,Scheduled,Appointment Verification,2026-05-01 10:20:49,2026-05-04 10:20:49,2026-04-30 03:20:49,2026-05-02 00:20:49,2026-05-02 22:20:49,,,,,,2026-04-29 18:20:49,2026-05-01 10:20:49
REF002423,EHR-REF0002423,NorthStar EHR,PAT000744,COV000744,PRC0015,ORG003,LOC003,SPC009,PRC0054,ORG025,,2026-04-29 09:03:36,2026-04-29 23:03:36,Synthetic evaluation request for Rheumatology,Z30.4,Urgent,Closed—Completed,,2026-05-11 01:03:36,,2026-05-01 01:03:36,2026-05-03 23:03:36,2026-05-05 04:03:36,2026-06-02 04:03:36,2026-06-09 04:03:36,2026-06-10 08:03:36,Completed,,2026-04-29 23:03:36,2026-06-10 08:03:36
REF002424,EHR-REF0002424,NorthStar EHR,PAT000141,COV000141,PRC0026,ORG002,LOC002,SPC009,PRC0104,ORG025,,2026-05-27 04:07:08,2026-05-27 13:07:08,Synthetic evaluation request for Rheumatology,Z61.9,Routine,Closed—Not Completed,,2026-06-01 21:07:08,,2026-05-31 01:07:08,2026-05-30 12:07:08,,,,2026-06-01 21:07:08,Not Completed,No Longer Clinically Indicated,2026-05-27 13:07:08,2026-06-01 21:07:08
REF002425,EHR-REF0002425,NorthStar EHR,PAT000878,COV000878,PRC0029,ORG005,LOC005,SPC004,PRC0064,ORG010,USR012,2026-03-21 23:30:42,2026-03-22 20:30:42,Synthetic evaluation request for Gastroenterology,Z44.3,Routine,Scheduled,Appointment Verification,2026-03-26 16:30:42,2026-03-29 16:30:42,2026-03-24 00:30:42,2026-03-27 14:30:42,2026-03-28 20:30:42,,,,,,2026-03-22 20:30:42,2026-03-26 16:30:42
REF002426,EHR-REF0002426,NorthStar EHR,PAT001316,COV001316,PRC0033,ORG003,LOC003,SPC006,PRC0076,ORG022,USR001,2025-10-24 22:41:41,2025-10-25 07:41:41,Synthetic evaluation request for Orthopedics,Z56.0,Urgent,Scheduled,Appointment Verification,2025-11-02 16:41:41,2025-11-03 16:41:41,2025-10-28 10:41:41,2025-10-26 02:41:41,2025-10-27 16:41:41,,,,,,2025-10-25 07:41:41,2025-11-02 16:41:41
REF002427,EHR-REF0002427,NorthStar EHR,PAT001168,COV001168,PRC0009,ORG003,LOC003,SPC004,PRC0049,ORG020,USR007,2025-08-11 01:47:01,2025-08-11 12:47:01,Synthetic evaluation request for Gastroenterology,Z79.4,Routine,Scheduled,Appointment Verification,2025-08-20 14:47:01,2025-08-23 14:47:01,2025-08-15 05:47:01,2025-08-15 15:47:01,2025-08-17 00:47:01,,,,,,2025-08-11 12:47:01,2025-08-20 14:47:01
REF002428,EHR-REF0002428,NorthStar EHR,PAT000464,COV000464,PRC0018,ORG006,LOC006,SPC002,PRC0087,ORG008,USR003,2025-09-25 10:49:06,2025-09-25 22:49:06,Synthetic evaluation request for Dermatology,Z43.0,Routine,Completed—Report Pending,Report Pending,2025-10-05 05:49:06,2025-10-08 05:49:06,2025-09-28 08:49:06,2025-09-28 15:49:06,2025-09-29 18:49:06,2025-10-22 18:49:06,,,,,2025-09-25 22:49:06,2025-10-05 05:49:06
REF002429,EHR-REF0002429,NorthStar EHR,PAT001253,COV001253,PRC0031,ORG001,LOC001,SPC003,PRC0108,ORG029,,2025-10-19 16:03:00,2025-10-20 04:03:00,Synthetic evaluation request for Endocrinology,Z13.0,Routine,Closed—Completed,,2025-10-28 18:03:00,,2025-10-24 01:03:00,2025-10-21 05:03:00,2025-10-21 19:03:00,2025-11-08 19:03:00,2025-11-12 19:03:00,2025-11-13 08:03:00,Completed,,2025-10-20 04:03:00,2025-11-13 08:03:00
REF002430,EHR-REF0002430,NorthStar EHR,PAT000829,COV000829,PRC0012,ORG006,LOC006,SPC007,PRC0042,ORG013,USR005,2026-06-28 17:35:52,2026-06-29 11:35:52,Synthetic evaluation request for Otolaryngology,Z21.4,Routine,Outreach in Progress,Outreach Follow-Up,2026-07-03 11:35:52,2026-07-06 11:35:52,2026-07-02 16:35:52,2026-06-30 02:35:52,,,,,,,2026-06-29 11:35:52,2026-07-03 11:35:52
REF002431,EHR-REF0002431,NorthStar EHR,PAT000865,COV000865,PRC0019,ORG001,LOC001,SPC002,PRC0072,ORG018,USR006,2026-01-03 23:09:04,2026-01-04 06:09:04,Synthetic evaluation request for Dermatology,Z41.1,Routine,Received,New Intake,2026-01-04 06:09:04,2026-01-07 06:09:04,,,,,,,,,2026-01-04 06:09:04,2026-01-04 06:09:04
REF002432,EHR-REF0002432,NorthStar EHR,PAT001024,COV001024,PRC0002,ORG002,LOC002,SPC004,PRC0084,ORG030,,2025-09-21 11:15:42,2025-09-22 04:15:42,Synthetic evaluation request for Gastroenterology,Z30.0,Routine,Closed—Completed,,2025-09-30 13:15:42,,2025-09-23 00:15:42,2025-09-23 04:15:42,2025-09-24 16:15:42,2025-10-20 16:15:42,2025-10-24 16:15:42,2025-10-26 07:15:42,Completed,,2025-09-22 04:15:42,2025-10-26 07:15:42
REF002433,EHR-REF0002433,NorthStar EHR,PAT000710,COV000710,PRC0027,ORG003,LOC003,SPC004,PRC0089,ORG010,,2025-08-25 22:16:32,2025-08-26 22:16:32,Synthetic evaluation request for Gastroenterology,Z47.1,Urgent,Closed—Completed,,2025-09-02 20:16:32,,2025-08-27 05:16:32,2025-08-29 14:16:32,2025-08-31 04:16:32,2025-09-16 04:16:32,2025-09-17 04:16:32,2025-09-18 05:16:32,Completed,,2025-08-26 22:16:32,2025-09-18 05:16:32
REF002434,EHR-REF0002434,NorthStar EHR,PAT000331,COV000331,PRC0010,ORG004,LOC004,SPC004,PRC0109,ORG030,,2026-02-07 04:25:58,2026-02-07 08:25:58,Synthetic evaluation request for Gastroenterology,Z16.9,Routine,Closed—Completed,,2026-02-14 10:25:58,,2026-02-08 00:25:58,2026-02-11 19:25:58,2026-02-12 15:25:58,2026-02-24 15:25:58,2026-03-02 15:25:58,2026-03-03 06:25:58,Completed,,2026-02-07 08:25:58,2026-03-03 06:25:58
REF002435,EHR-REF0002435,NorthStar EHR,PAT000745,COV000745,PRC0004,ORG004,LOC004,SPC004,PRC0059,ORG030,,2025-11-14 16:06:22,2025-11-15 03:06:22,Synthetic evaluation request for Gastroenterology,Z42.3,Routine,Closed—Completed,,2025-11-23 09:06:22,,2025-11-17 21:06:22,2025-11-18 16:06:22,2025-11-18 22:06:22,2025-12-10 22:06:22,2025-12-13 22:06:22,2025-12-14 22:06:22,Completed,,2025-11-15 03:06:22,2025-12-14 22:06:22
REF002436,EHR-REF0002436,NorthStar EHR,PAT000906,COV000906,PRC0035,ORG005,LOC005,SPC003,PRC0088,ORG009,,2025-08-25 18:31:20,2025-08-25 23:31:20,Synthetic evaluation request for Endocrinology,Z72.1,Routine,Closed—Not Completed,,2025-08-30 03:31:20,,2025-08-28 00:31:20,2025-08-28 21:31:20,,,,2025-08-30 03:31:20,Not Completed,Unable to Contact After Protocol,2025-08-25 23:31:20,2025-08-30 03:31:20
REF002437,EHR-REF0002437,NorthStar EHR,PAT001557,COV001557,PRC0004,ORG004,LOC004,SPC005,PRC0110,ORG031,,2025-08-14 01:02:18,2025-08-14 05:02:18,Synthetic evaluation request for Neurology,Z50.5,Routine,Closed—Not Completed,,2025-08-18 21:02:18,,2025-08-15 18:02:18,2025-08-18 10:02:18,,,,2025-08-18 21:02:18,Not Completed,Duplicate Referral,2025-08-14 05:02:18,2025-08-18 21:02:18
REF002438,EHR-REF0002438,NorthStar EHR,PAT001387,COV001387,PRC0004,ORG004,LOC004,SPC002,PRC0057,ORG028,,2026-04-17 16:22:18,2026-04-18 03:22:18,Synthetic evaluation request for Dermatology,Z56.5,Routine,Closed—Completed,,2026-04-28 21:22:18,,2026-04-21 03:22:18,2026-04-22 19:22:18,2026-04-24 02:22:18,2026-04-29 02:22:18,2026-05-02 02:22:18,2026-05-03 15:22:18,Completed,,2026-04-18 03:22:18,2026-05-03 15:22:18
REF002439,EHR-REF0002439,NorthStar EHR,PAT001475,COV001475,PRC0021,ORG003,LOC003,SPC010,PRC0070,ORG016,,2026-03-03 00:20:46,2026-03-03 14:20:46,Synthetic evaluation request for General Surgery,Z33.0,Routine,Closed—Completed,,2026-03-09 12:20:46,,2026-03-04 06:20:46,2026-03-08 03:20:46,2026-03-09 01:20:46,2026-03-24 01:20:46,2026-04-01 01:20:46,2026-04-01 23:20:46,Completed,,2026-03-03 14:20:46,2026-04-01 23:20:46
REF002440,EHR-REF0002440,NorthStar EHR,PAT001655,COV001655,PRC0019,ORG001,LOC001,SPC006,PRC0066,ORG012,,2026-07-10 19:36:00,2026-07-11 18:36:00,Synthetic evaluation request for Orthopedics,Z10.7,Routine,Closed—Completed,,2026-07-21 10:36:00,,2026-07-12 03:36:00,2026-07-12 05:36:00,2026-07-13 02:36:00,2026-07-18 02:36:00,2026-07-26 02:36:00,2026-07-26 16:36:00,Completed,,2026-07-11 18:36:00,2026-07-26 16:36:00
REF002441,EHR-REF0002441,NorthStar EHR,PAT000399,COV000399,PRC0006,ORG006,LOC006,SPC001,PRC0061,ORG007,,2026-01-04 04:32:34,2026-01-04 11:32:34,Synthetic evaluation request for Cardiology,Z74.0,Routine,Closed—Not Completed,,2026-01-11 13:32:34,,2026-01-05 05:32:34,2026-01-09 08:32:34,,,,2026-01-11 13:32:34,Not Completed,Patient Chose Another Provider,2026-01-04 11:32:34,2026-01-11 13:32:34
REF002442,EHR-REF0002442,NorthStar EHR,PAT000268,COV000268,PRC0014,ORG002,LOC002,SPC010,PRC0045,ORG016,,2026-02-02 17:35:33,2026-02-03 06:35:33,Synthetic evaluation request for General Surgery,Z21.5,Routine,Closed—Completed,,2026-02-12 06:35:33,,2026-02-04 19:35:33,2026-02-07 11:35:33,2026-02-09 02:35:33,2026-02-16 02:35:33,2026-02-21 02:35:33,2026-02-21 14:35:33,Completed,,2026-02-03 06:35:33,2026-02-21 14:35:33
REF002443,EHR-REF0002443,NorthStar EHR,PAT000636,COV000636,PRC0026,ORG002,LOC002,SPC007,PRC0077,ORG023,,2025-10-20 16:28:00,2025-10-21 07:28:00,Synthetic evaluation request for Otolaryngology,Z53.9,Routine,Closed—Completed,,2025-10-30 16:28:00,,2025-10-23 07:28:00,2025-10-23 17:28:00,2025-10-24 10:28:00,2025-11-16 10:28:00,2025-11-24 10:28:00,2025-11-25 21:28:00,Completed,,2025-10-21 07:28:00,2025-11-25 21:28:00
REF002444,EHR-REF0002444,NorthStar EHR,PAT000634,COV000634,PRC0011,ORG005,LOC005,SPC009,PRC0069,ORG015,,2025-09-12 23:51:09,2025-09-12 23:51:09,Synthetic evaluation request for Rheumatology,Z84.8,Routine,Closed—Completed,,2025-09-25 06:51:09,,2025-09-16 17:51:09,2025-09-13 21:51:09,2025-09-14 02:51:09,2025-10-02 02:51:09,2025-10-03 02:51:09,2025-10-04 01:51:09,Completed,,2025-09-12 23:51:09,2025-10-04 01:51:09
REF002445,EHR-REF0002445,NorthStar EHR,PAT001197,COV001197,PRC0024,ORG006,LOC006,SPC010,PRC0105,ORG026,,2026-03-26 23:14:58,2026-03-27 00:14:58,Synthetic evaluation request for General Surgery,Z48.1,Routine,Closed—Completed,,2026-04-05 16:14:58,,2026-03-29 16:14:58,2026-03-29 13:14:58,2026-03-31 07:14:58,2026-05-02 07:14:58,2026-05-09 07:14:58,2026-05-10 19:14:58,Completed,,2026-03-27 00:14:58,2026-05-10 19:14:58
REF002446,EHR-REF0002446,NorthStar EHR,PAT000493,COV000493,PRC0020,ORG002,LOC002,SPC007,PRC0077,ORG023,,2025-11-03 22:41:40,2025-11-04 15:41:40,Synthetic evaluation request for Otolaryngology,Z41.7,Routine,Closed—Not Completed,,2025-11-08 21:41:40,,2025-11-05 14:41:40,2025-11-07 06:41:40,,,,2025-11-08 21:41:40,Not Completed,Patient Moved,2025-11-04 15:41:40,2025-11-08 21:41:40
REF002447,EHR-REF0002447,NorthStar EHR,PAT000243,COV000243,PRC0031,ORG001,LOC001,SPC002,PRC0062,ORG008,,2026-01-25 13:08:21,2026-01-26 03:08:21,Synthetic evaluation request for Dermatology,Z74.6,Routine,Closed—Completed,,2026-02-07 22:08:21,,2026-01-29 11:08:21,2026-01-29 15:08:21,2026-01-31 10:08:21,2026-02-09 10:08:21,2026-02-13 10:08:21,2026-02-14 05:08:21,Completed,,2026-01-26 03:08:21,2026-02-14 05:08:21
REF002448,EHR-REF0002448,NorthStar EHR,PAT001450,COV001450,PRC0016,ORG004,LOC004,SPC005,PRC0090,ORG011,,2026-02-16 13:12:13,2026-02-16 14:12:13,Synthetic evaluation request for Neurology,Z67.8,Routine,Cancelled,,2026-02-17 03:12:13,,2026-02-17 03:12:13,,,,,2026-02-17 03:12:13,Cancelled,No Longer Clinically Indicated,2026-02-16 14:12:13,2026-02-17 03:12:13
REF002449,EHR-REF0002449,NorthStar EHR,PAT000509,COV000509,PRC0003,ORG003,LOC003,SPC003,PRC0038,ORG009,,2026-06-29 17:40:58,2026-06-30 11:40:58,Synthetic evaluation request for Endocrinology,Z16.8,Routine,Closed—Completed,,2026-07-05 21:40:58,,2026-07-01 00:40:58,2026-07-04 13:40:58,2026-07-06 01:40:58,2026-07-25 01:40:58,2026-07-30 01:40:58,2026-07-31 14:40:58,Completed,,2026-06-30 11:40:58,2026-07-31 14:40:58
REF002450,EHR-REF0002450,NorthStar EHR,PAT000613,COV000613,PRC0034,ORG004,LOC004,SPC003,PRC0083,ORG029,USR013,2026-06-18 07:09:38,2026-06-18 16:09:38,Synthetic evaluation request for Endocrinology,Z63.2,Routine,Scheduled,Appointment Verification,2026-06-24 23:09:38,2026-06-27 23:09:38,2026-06-21 20:09:38,2026-06-21 17:09:38,2026-06-22 18:09:38,,,,,,2026-06-18 16:09:38,2026-06-24 23:09:38
REF002451,EHR-REF0002451,NorthStar EHR,PAT000268,COV000268,PRC0003,ORG003,LOC003,SPC009,PRC0054,ORG025,,2025-09-07 03:12:32,2025-09-07 19:12:32,Synthetic evaluation request for Rheumatology,Z25.2,Routine,Closed—Completed,,2025-09-17 20:12:32,,2025-09-10 01:12:32,2025-09-08 11:12:32,2025-09-10 10:12:32,2025-10-01 10:12:32,2025-10-03 10:12:32,2025-10-04 13:12:32,Completed,,2025-09-07 19:12:32,2025-10-04 13:12:32
REF002452,EHR-REF0002452,NorthStar EHR,PAT001241,COV001241,PRC0008,ORG002,LOC002,SPC001,PRC0106,ORG027,,2026-02-04 00:36:41,2026-02-04 20:36:41,Synthetic evaluation request for Cardiology,Z18.6,Routine,Closed—Completed,,2026-02-17 04:36:41,,2026-02-05 21:36:41,2026-02-06 06:36:41,2026-02-07 05:36:41,2026-03-06 05:36:41,2026-03-11 05:36:41,2026-03-12 20:36:41,Completed,,2026-02-04 20:36:41,2026-03-12 20:36:41
REF002453,EHR-REF0002453,NorthStar EHR,PAT000243,COV000243,PRC0007,ORG001,LOC001,SPC009,PRC0104,ORG025,,2025-11-11 05:31:11,2025-11-11 15:31:11,Synthetic evaluation request for Rheumatology,Z42.7,Routine,Closed—Completed,,2025-11-21 01:31:11,,2025-11-13 10:31:11,2025-11-15 09:31:11,2025-11-15 23:31:11,2025-12-09 23:31:11,2025-12-19 23:31:11,2025-12-21 12:31:11,Completed,,2025-11-11 15:31:11,2025-12-21 12:31:11
REF002454,EHR-REF0002454,NorthStar EHR,PAT001261,COV001261,PRC0013,ORG001,LOC001,SPC003,PRC0038,ORG009,USR009,2026-02-03 09:10:07,2026-02-03 22:10:07,Synthetic evaluation request for Endocrinology,Z57.8,Routine,Needs Information,Needs Information,2026-02-05 15:10:07,2026-02-08 15:10:07,,,,,,,,,2026-02-03 22:10:07,2026-02-05 15:10:07
REF002455,EHR-REF0002455,NorthStar EHR,PAT000118,COV000118,PRC0017,ORG005,LOC005,SPC003,PRC0088,ORG009,,2026-06-27 13:26:32,2026-06-28 06:26:32,Synthetic evaluation request for Endocrinology,Z49.8,Routine,Closed—Completed,,2026-07-12 20:26:32,,2026-07-01 10:26:32,2026-06-29 06:26:32,2026-06-29 14:26:32,2026-07-15 14:26:32,2026-07-25 14:26:32,2026-07-26 08:26:32,Completed,,2026-06-28 06:26:32,2026-07-26 08:26:32
REF002456,EHR-REF0002456,NorthStar EHR,PAT001090,COV001090,PRC0022,ORG004,LOC004,SPC006,PRC0101,ORG022,USR010,2025-08-22 19:10:54,2025-08-23 10:10:54,Synthetic evaluation request for Orthopedics,Z52.4,Routine,Needs Information,Needs Information,2025-08-26 02:10:54,2025-08-29 02:10:54,,,,,,,,,2025-08-23 10:10:54,2025-08-26 02:10:54
REF002457,EHR-REF0002457,NorthStar EHR,PAT001900,COV001900,PRC0023,ORG005,LOC005,SPC009,PRC0094,ORG015,USR011,2026-05-19 14:44:54,2026-05-20 10:44:54,Synthetic evaluation request for Rheumatology,Z21.8,Routine,Completed—Report Pending,Report Pending,2026-05-29 03:44:54,2026-06-01 03:44:54,2026-05-23 01:44:54,2026-05-20 21:44:54,2026-05-22 11:44:54,2026-06-09 11:44:54,,,,,2026-05-20 10:44:54,2026-05-29 03:44:54
REF002458,EHR-REF0002458,NorthStar EHR,PAT000749,COV000749,PRC0007,ORG001,LOC001,SPC010,PRC0070,ORG016,,2026-01-15 10:42:50,2026-01-16 10:42:50,Synthetic evaluation request for General Surgery,Z73.4,Routine,Closed—Completed,,2026-01-26 05:42:50,,2026-01-19 03:42:50,2026-01-20 14:42:50,2026-01-21 21:42:50,2026-02-20 21:42:50,2026-03-01 21:42:50,2026-03-02 20:42:50,Completed,,2026-01-16 10:42:50,2026-03-02 20:42:50
REF002459,EHR-REF0002459,NorthStar EHR,PAT000626,COV000626,PRC0016,ORG004,LOC004,SPC003,PRC0038,ORG009,,2025-10-26 22:25:56,2025-10-27 19:25:56,Synthetic evaluation request for Endocrinology,Z84.0,Routine,Closed—Completed,,2025-11-06 18:25:56,,2025-10-31 18:25:56,2025-10-31 01:25:56,2025-11-01 10:25:56,2025-11-30 10:25:56,2025-12-10 10:25:56,2025-12-11 17:25:56,Completed,,2025-10-27 19:25:56,2025-12-11 17:25:56
REF002460,EHR-REF0002460,NorthStar EHR,PAT001059,COV001059,PRC0004,ORG004,LOC004,SPC004,PRC0089,ORG010,USR002,2025-08-04 02:10:12,2025-08-04 20:10:12,Synthetic evaluation request for Gastroenterology,Z38.4,Routine,Scheduled,Appointment Verification,2025-08-13 10:10:12,2025-08-16 10:10:12,2025-08-07 21:10:12,2025-08-07 08:10:12,2025-08-09 00:10:12,,,,,,2025-08-04 20:10:12,2025-08-13 10:10:12
REF002461,EHR-REF0002461,NorthStar EHR,PAT000137,COV000137,PRC0030,ORG006,LOC006,SPC007,PRC0052,ORG023,USR008,2025-08-08 23:39:02,2025-08-09 22:39:02,Synthetic evaluation request for Otolaryngology,Z51.1,Routine,Completed—Report Pending,Report Pending,2025-08-16 04:39:02,2025-08-19 04:39:02,2025-08-10 02:39:02,2025-08-13 06:39:02,2025-08-14 23:39:02,2025-09-18 23:39:02,,,,,2025-08-09 22:39:02,2025-08-16 04:39:02
REF002462,EHR-REF0002462,NorthStar EHR,PAT001400,COV001400,PRC0020,ORG002,LOC002,SPC005,PRC0065,ORG011,,2025-11-22 05:08:31,2025-11-22 16:08:31,Synthetic evaluation request for Neurology,Z20.4,Routine,Closed—Completed,,2025-12-05 06:08:31,,2025-11-25 09:08:31,2025-11-24 19:08:31,2025-11-25 08:08:31,2025-11-29 08:08:31,2025-12-05 08:08:31,2025-12-05 19:08:31,Completed,,2025-11-22 16:08:31,2025-12-05 19:08:31
REF002463,EHR-REF0002463,NorthStar EHR,PAT001652,COV001652,PRC0008,ORG002,LOC002,SPC002,PRC0072,ORG018,USR014,2025-10-31 09:58:52,2025-10-31 10:58:52,Synthetic evaluation request for Dermatology,Z10.7,Routine,Completed—Report Pending,Report Pending,2025-11-09 10:58:52,2025-11-12 10:58:52,2025-11-02 11:58:52,2025-11-01 03:58:52,2025-11-01 22:58:52,2025-11-04 22:58:52,,,,,2025-10-31 10:58:52,2025-11-09 10:58:52
REF002464,EHR-REF0002464,NorthStar EHR,PAT000965,COV000965,PRC0022,ORG004,LOC004,SPC008,PRC0093,ORG014,USR011,2025-09-19 17:05:23,2025-09-20 05:05:23,Synthetic evaluation request for Pulmonology,Z63.4,Routine,Scheduled,Appointment Verification,2025-09-27 02:05:23,2025-09-30 02:05:23,2025-09-23 15:05:23,2025-09-23 09:05:23,2025-09-23 13:05:23,,,,,,2025-09-20 05:05:23,2025-09-27 02:05:23
REF002465,EHR-REF0002465,NorthStar EHR,PAT001072,COV001072,PRC0010,ORG004,LOC004,SPC001,PRC0086,ORG007,,2025-08-28 09:51:01,2025-08-28 21:51:01,Synthetic evaluation request for Cardiology,Z49.4,Routine,Closed—Completed,,2025-09-03 10:51:01,,2025-08-31 14:51:01,2025-08-30 10:51:01,2025-08-30 13:51:01,2025-10-03 13:51:01,2025-10-05 13:51:01,2025-10-06 16:51:01,Completed,,2025-08-28 21:51:01,2025-10-06 16:51:01
REF002466,EHR-REF0002466,NorthStar EHR,PAT001161,COV001161,PRC0030,ORG006,LOC006,SPC008,PRC0053,ORG024,,2025-09-01 17:30:56,2025-09-02 09:30:56,Synthetic evaluation request for Pulmonology,Z16.8,Routine,Closed—Completed,,2025-09-14 05:30:56,,2025-09-05 02:30:56,2025-09-05 10:30:56,2025-09-05 18:30:56,2025-10-03 18:30:56,2025-10-07 18:30:56,2025-10-08 17:30:56,Completed,,2025-09-02 09:30:56,2025-10-08 17:30:56
REF002467,EHR-REF0002467,NorthStar EHR,PAT000396,COV000396,PRC0001,ORG001,LOC001,SPC001,PRC0056,ORG027,USR001,2025-10-28 02:29:45,2025-10-28 03:29:45,Synthetic evaluation request for Cardiology,Z60.4,Routine,Scheduled,Appointment Verification,2025-11-03 08:29:45,2025-11-06 08:29:45,2025-10-29 17:29:45,2025-10-29 10:29:45,2025-10-30 02:29:45,,,,,,2025-10-28 03:29:45,2025-11-03 08:29:45
REF002468,EHR-REF0002468,NorthStar EHR,PAT001565,COV001565,PRC0033,ORG003,LOC003,SPC009,PRC0079,ORG025,USR012,2025-10-20 01:42:59,2025-10-20 11:42:59,Synthetic evaluation request for Rheumatology,Z43.9,Routine,Scheduled,Appointment Verification,2025-10-22 12:42:59,2025-10-25 12:42:59,2025-10-21 11:42:59,2025-10-21 12:42:59,2025-10-21 20:42:59,,,,,,2025-10-20 11:42:59,2025-10-22 12:42:59
REF002469,EHR-REF0002469,NorthStar EHR,PAT001186,COV001186,PRC0023,ORG005,LOC005,SPC002,PRC0082,ORG028,,2026-02-27 08:17:31,2026-02-28 06:17:31,Synthetic evaluation request for Dermatology,Z21.7,Routine,Closed—Completed,,2026-03-13 16:17:31,,2026-03-03 03:17:31,2026-03-01 05:17:31,2026-03-02 19:17:31,2026-03-26 19:17:31,2026-03-29 19:17:31,2026-03-30 22:17:31,Completed,,2026-02-28 06:17:31,2026-03-30 22:17:31
REF002470,EHR-REF0002470,NorthStar EHR,PAT001341,COV001341,PRC0031,ORG001,LOC001,SPC007,PRC0092,ORG013,,2025-11-19 03:46:12,2025-11-19 03:46:12,Synthetic evaluation request for Otolaryngology,Z36.2,Routine,Closed—Completed,,2025-12-01 14:46:12,,2025-11-22 03:46:12,2025-11-19 23:46:12,2025-11-21 20:46:12,2025-12-25 20:46:12,2026-01-03 20:46:12,2026-01-05 09:46:12,Completed,,2025-11-19 03:46:12,2026-01-05 09:46:12
REF002471,EHR-REF0002471,NorthStar EHR,PAT000045,COV000045,PRC0027,ORG003,LOC003,SPC009,PRC0104,ORG025,,2025-12-12 06:54:42,2025-12-13 00:54:42,Synthetic evaluation request for Rheumatology,Z22.3,Routine,Closed—Completed,,2025-12-21 16:54:42,,2025-12-14 08:54:42,2025-12-17 01:54:42,2025-12-17 17:54:42,2026-01-16 17:54:42,2026-01-26 17:54:42,2026-01-28 07:54:42,Completed,,2025-12-13 00:54:42,2026-01-28 07:54:42
REF002472,EHR-REF0002472,NorthStar EHR,PAT001031,COV001031,PRC0032,ORG002,LOC002,SPC010,PRC0055,ORG026,USR013,2025-09-01 12:52:07,2025-09-02 09:52:07,Synthetic evaluation request for General Surgery,Z20.8,Routine,Received,New Intake,2025-09-02 09:52:07,2025-09-05 09:52:07,,,,,,,,,2025-09-02 09:52:07,2025-09-02 09:52:07
REF002473,EHR-REF0002473,NorthStar EHR,PAT001698,COV001698,PRC0009,ORG003,LOC003,SPC009,PRC0094,ORG015,,2025-12-25 15:57:48,2025-12-25 17:57:48,Synthetic evaluation request for Rheumatology,Z77.2,Urgent,Closed—Completed,,2026-01-04 07:57:48,,2025-12-26 18:57:48,2025-12-26 04:57:48,2025-12-26 09:57:48,2026-01-09 09:57:48,2026-01-11 09:57:48,2026-01-12 11:57:48,Completed,,2025-12-25 17:57:48,2026-01-12 11:57:48
REF002474,EHR-REF0002474,NorthStar EHR,PAT000359,COV000359,PRC0015,ORG003,LOC003,SPC003,PRC0098,ORG019,,2025-10-01 11:40:06,2025-10-01 22:40:06,Synthetic evaluation request for Endocrinology,Z82.7,Routine,Closed—Completed,,2025-10-11 10:40:06,,2025-10-03 10:40:06,2025-10-05 07:40:06,2025-10-06 18:40:06,2025-10-27 18:40:06,2025-11-01 18:40:06,2025-11-03 03:40:06,Completed,,2025-10-01 22:40:06,2025-11-03 03:40:06
REF002475,EHR-REF0002475,NorthStar EHR,PAT000021,COV000021,PRC0021,ORG003,LOC003,SPC007,PRC0077,ORG023,,2025-08-07 23:07:30,2025-08-08 09:07:30,Synthetic evaluation request for Otolaryngology,Z65.1,Routine,Closed—Not Completed,,2025-08-15 00:07:30,,2025-08-11 13:07:30,2025-08-10 06:07:30,,,,2025-08-15 00:07:30,Not Completed,Insurance or Access Barrier,2025-08-08 09:07:30,2025-08-15 00:07:30
REF002476,EHR-REF0002476,NorthStar EHR,PAT001657,COV001657,PRC0010,ORG004,LOC004,SPC002,PRC0107,ORG028,,2025-10-03 11:09:55,2025-10-03 14:09:55,Synthetic evaluation request for Dermatology,Z55.0,Routine,Closed—Completed,,2025-10-14 10:09:55,,2025-10-05 16:09:55,2025-10-04 09:09:55,2025-10-06 06:09:55,2025-10-10 06:09:55,2025-10-13 06:09:55,2025-10-13 23:09:55,Completed,,2025-10-03 14:09:55,2025-10-13 23:09:55
REF002477,EHR-REF0002477,NorthStar EHR,PAT001002,COV001002,PRC0009,ORG003,LOC003,SPC009,PRC0054,ORG025,,2025-09-01 09:56:00,2025-09-02 09:56:00,Synthetic evaluation request for Rheumatology,Z48.9,Routine,Closed—Completed,,2025-09-12 23:56:00,,2025-09-04 18:56:00,2025-09-05 17:56:00,2025-09-07 16:56:00,2025-09-26 16:56:00,2025-10-02 16:56:00,2025-10-03 04:56:00,Completed,,2025-09-02 09:56:00,2025-10-03 04:56:00
REF002478,EHR-REF0002478,NorthStar EHR,PAT001735,COV001735,PRC0026,ORG002,LOC002,SPC003,PRC0048,ORG019,USR012,2025-09-03 08:40:03,2025-09-04 00:40:03,Synthetic evaluation request for Endocrinology,Z74.0,Urgent,Completed—Report Pending,Report Pending,2025-09-11 21:40:03,2025-09-12 21:40:03,2025-09-05 14:40:03,2025-09-04 19:40:03,2025-09-06 02:40:03,2025-09-23 02:40:03,,,,,2025-09-04 00:40:03,2025-09-11 21:40:03
REF002479,EHR-REF0002479,NorthStar EHR,PAT001927,COV001927,PRC0035,ORG005,LOC005,SPC006,PRC0091,ORG012,,2026-06-15 10:30:01,2026-06-15 11:30:01,Synthetic evaluation request for Orthopedics,Z44.6,Urgent,Closed—Completed,,2026-06-29 21:30:01,,2026-06-16 20:30:01,2026-06-18 05:30:01,2026-06-19 21:30:01,2026-07-21 21:30:01,2026-07-31 21:30:01,2026-08-02 17:30:01,Completed,,2026-06-15 11:30:01,2026-08-02 17:30:01
REF002480,EHR-REF0002480,NorthStar EHR,PAT001530,COV001530,PRC0032,ORG002,LOC002,SPC010,PRC0095,ORG016,,2025-08-13 10:34:37,2025-08-13 18:34:37,Synthetic evaluation request for General Surgery,Z61.9,Routine,Closed—Not Completed,,2025-08-21 12:34:37,,2025-08-15 03:34:37,2025-08-15 16:34:37,,,,2025-08-21 12:34:37,Not Completed,No Longer Clinically Indicated,2025-08-13 18:34:37,2025-08-21 12:34:37
REF002481,EHR-REF0002481,NorthStar EHR,PAT001500,COV001500,PRC0017,ORG005,LOC005,SPC005,PRC0075,ORG021,,2025-08-20 02:49:52,2025-08-20 02:49:52,Synthetic evaluation request for Neurology,Z86.0,Routine,Closed—Completed,,2025-08-30 05:49:52,,2025-08-22 02:49:52,2025-08-24 02:49:52,2025-08-25 17:49:52,2025-09-23 17:49:52,2025-10-03 17:49:52,2025-10-04 08:49:52,Completed,,2025-08-20 02:49:52,2025-10-04 08:49:52
REF002482,EHR-REF0002482,NorthStar EHR,PAT000298,COV000298,PRC0011,ORG005,LOC005,SPC002,PRC0087,ORG008,,2025-10-03 14:57:13,2025-10-04 07:57:13,Synthetic evaluation request for Dermatology,Z88.2,Routine,Closed—Completed,,2025-10-15 12:57:13,,2025-10-04 12:57:13,2025-10-05 23:57:13,2025-10-07 15:57:13,2025-11-10 15:57:13,2025-11-18 15:57:13,2025-11-18 20:57:13,Completed,,2025-10-04 07:57:13,2025-11-18 20:57:13
REF002483,EHR-REF0002483,NorthStar EHR,PAT000572,COV000572,PRC0003,ORG003,LOC003,SPC010,PRC0080,ORG026,,2025-08-24 20:32:24,2025-08-25 03:32:24,Synthetic evaluation request for General Surgery,Z49.5,Routine,Closed—Completed,,2025-09-05 16:32:24,,2025-08-26 03:32:24,2025-08-25 15:32:24,2025-08-27 11:32:24,2025-10-01 11:32:24,2025-10-10 11:32:24,2025-10-11 12:32:24,Completed,,2025-08-25 03:32:24,2025-10-11 12:32:24
REF002484,EHR-REF0002484,NorthStar EHR,PAT000231,COV000231,PRC0027,ORG003,LOC003,SPC006,PRC0066,ORG012,,2025-09-17 16:09:55,2025-09-17 19:09:55,Synthetic evaluation request for Orthopedics,Z70.9,Routine,Closed—Completed,,2025-10-04 19:09:55,,2025-09-20 17:09:55,2025-09-21 05:09:55,2025-09-22 09:09:55,2025-10-22 09:09:55,2025-10-25 09:09:55,2025-10-26 03:09:55,Completed,,2025-09-17 19:09:55,2025-10-26 03:09:55
REF002485,EHR-REF0002485,NorthStar EHR,PAT001470,COV001470,PRC0018,ORG006,LOC006,SPC003,PRC0073,ORG019,,2026-01-26 22:27:59,2026-01-27 06:27:59,Synthetic evaluation request for Endocrinology,Z72.0,Urgent,Closed—Completed,,2026-02-05 23:27:59,,2026-01-28 12:27:59,2026-01-28 04:27:59,2026-01-29 10:27:59,2026-02-14 10:27:59,2026-02-23 10:27:59,2026-02-24 23:27:59,Completed,,2026-01-27 06:27:59,2026-02-24 23:27:59
REF002486,EHR-REF0002486,NorthStar EHR,PAT001624,COV001624,PRC0024,ORG006,LOC006,SPC005,PRC0060,ORG031,,2025-09-15 06:20:45,2025-09-15 12:20:45,Synthetic evaluation request for Neurology,Z38.5,Urgent,Closed—Completed,,2025-09-21 09:20:45,,2025-09-16 00:20:45,2025-09-18 00:20:45,2025-09-18 11:20:45,2025-10-13 11:20:45,2025-10-23 11:20:45,2025-10-23 22:20:45,Completed,,2025-09-15 12:20:45,2025-10-23 22:20:45
REF002487,EHR-REF0002487,NorthStar EHR,PAT000753,COV000753,PRC0004,ORG004,LOC004,SPC008,PRC0053,ORG024,USR004,2026-01-11 04:25:22,2026-01-11 18:25:22,Synthetic evaluation request for Pulmonology,Z89.6,Routine,Completed—Report Pending,Report Pending,2026-01-19 13:25:22,2026-01-22 13:25:22,2026-01-13 10:25:22,2026-01-15 13:25:22,2026-01-17 12:25:22,2026-02-09 12:25:22,,,,,2026-01-11 18:25:22,2026-01-19 13:25:22
REF002488,EHR-REF0002488,NorthStar EHR,PAT001748,COV001748,PRC0033,ORG003,LOC003,SPC004,PRC0089,ORG010,USR003,2026-05-27 14:25:45,2026-05-28 03:25:45,Synthetic evaluation request for Gastroenterology,Z11.9,Routine,Received,New Intake,2026-05-28 03:25:45,2026-05-31 03:25:45,,,,,,,,,2026-05-28 03:25:45,2026-05-28 03:25:45
REF002489,EHR-REF0002489,NorthStar EHR,PAT001561,COV001561,PRC0002,ORG002,LOC002,SPC008,PRC0093,ORG014,USR013,2026-06-24 16:50:42,2026-06-25 13:50:42,Synthetic evaluation request for Pulmonology,Z61.3,Routine,Completed—Report Pending,Report Pending,2026-07-02 13:50:42,2026-07-05 13:50:42,2026-06-26 15:50:42,2026-06-29 10:50:42,2026-06-30 05:50:42,2026-08-02 05:50:42,,,,,2026-06-25 13:50:42,2026-07-02 13:50:42
REF002490,EHR-REF0002490,NorthStar EHR,PAT000267,COV000267,PRC0028,ORG004,LOC004,SPC009,PRC0054,ORG025,USR004,2026-04-02 19:17:26,2026-04-03 14:17:26,Synthetic evaluation request for Rheumatology,Z89.6,Routine,Scheduled,Appointment Verification,2026-04-09 07:17:26,2026-04-12 07:17:26,2026-04-07 09:17:26,2026-04-04 15:17:26,2026-04-06 08:17:26,,,,,,2026-04-03 14:17:26,2026-04-09 07:17:26
REF002491,EHR-REF0002491,NorthStar EHR,PAT000757,COV000757,PRC0021,ORG003,LOC003,SPC001,PRC0106,ORG027,USR002,2026-04-15 22:39:40,2026-04-16 19:39:40,Synthetic evaluation request for Cardiology,Z30.6,Routine,Needs Information,Needs Information,2026-04-18 17:39:40,2026-04-21 17:39:40,,,,,,,,,2026-04-16 19:39:40,2026-04-18 17:39:40
REF002492,EHR-REF0002492,NorthStar EHR,PAT001313,COV001313,PRC0017,ORG005,LOC005,SPC008,PRC0103,ORG024,,2026-02-11 23:33:22,2026-02-12 17:33:22,Synthetic evaluation request for Pulmonology,Z33.0,Urgent,Cancelled,,2026-02-15 19:33:22,,2026-02-15 19:33:22,,,,,2026-02-15 19:33:22,Cancelled,No Longer Clinically Indicated,2026-02-12 17:33:22,2026-02-15 19:33:22
REF002493,EHR-REF0002493,NorthStar EHR,PAT001586,COV001586,PRC0008,ORG002,LOC002,SPC008,PRC0043,ORG014,USR005,2026-01-23 11:50:08,2026-01-24 08:50:08,Synthetic evaluation request for Pulmonology,Z35.2,Routine,Ready for Outreach,Ready for Outreach,2026-01-26 20:50:08,2026-01-29 20:50:08,2026-01-26 20:50:08,,,,,,,,2026-01-24 08:50:08,2026-01-26 20:50:08
REF002494,EHR-REF0002494,NorthStar EHR,PAT001386,COV001386,PRC0034,ORG004,LOC004,SPC008,PRC0053,ORG024,,2025-10-08 17:49:57,2025-10-08 17:49:57,Synthetic evaluation request for Pulmonology,Z79.2,Routine,Closed—Completed,,2025-10-20 15:49:57,,2025-10-11 13:49:57,2025-10-09 21:49:57,2025-10-10 04:49:57,2025-11-02 04:49:57,2025-11-08 04:49:57,2025-11-09 02:49:57,Completed,,2025-10-08 17:49:57,2025-11-09 02:49:57
REF002495,EHR-REF0002495,NorthStar EHR,PAT000810,COV000810,PRC0030,ORG006,LOC006,SPC007,PRC0067,ORG013,USR010,2026-04-20 15:33:50,2026-04-21 03:33:50,Synthetic evaluation request for Otolaryngology,Z15.1,Routine,Outreach in Progress,Outreach Follow-Up,2026-04-21 18:33:50,2026-04-24 18:33:50,2026-04-21 11:33:50,2026-04-23 19:33:50,,,,,,,2026-04-21 03:33:50,2026-04-21 18:33:50
REF002496,EHR-REF0002496,NorthStar EHR,PAT001379,COV001379,PRC0009,ORG003,LOC003,SPC009,PRC0094,ORG015,,2025-08-27 18:31:24,2025-08-28 11:31:24,Synthetic evaluation request for Rheumatology,Z89.4,Routine,Closed—Completed,,2025-09-05 11:31:24,,2025-08-29 07:31:24,2025-09-01 07:31:24,2025-09-02 14:31:24,2025-09-07 14:31:24,2025-09-11 14:31:24,2025-09-12 19:31:24,Completed,,2025-08-28 11:31:24,2025-09-12 19:31:24
REF002497,EHR-REF0002497,NorthStar EHR,PAT000461,COV000461,PRC0004,ORG004,LOC004,SPC001,PRC0061,ORG007,USR001,2025-10-27 15:13:19,2025-10-27 17:13:19,Synthetic evaluation request for Cardiology,Z89.3,Routine,Needs Information,Needs Information,2025-10-31 06:13:19,2025-11-03 06:13:19,,,,,,,,,2025-10-27 17:13:19,2025-10-31 06:13:19
REF002498,EHR-REF0002498,NorthStar EHR,PAT000112,COV000112,PRC0014,ORG002,LOC002,SPC002,PRC0057,ORG028,,2026-06-10 05:15:27,2026-06-11 03:15:27,Synthetic evaluation request for Dermatology,Z30.0,Routine,Closed—Completed,,2026-06-22 02:15:27,,2026-06-14 07:15:27,2026-06-15 18:15:27,2026-06-17 06:15:27,2026-07-14 06:15:27,2026-07-23 06:15:27,2026-07-24 16:15:27,Completed,,2026-06-11 03:15:27,2026-07-24 16:15:27
REF002499,EHR-REF0002499,NorthStar EHR,PAT000200,COV000200,PRC0026,ORG002,LOC002,SPC004,PRC0084,ORG030,,2026-06-10 16:09:25,2026-06-11 08:09:25,Synthetic evaluation request for Gastroenterology,Z22.8,Routine,Closed—Completed,,2026-06-24 04:09:25,,2026-06-14 08:09:25,2026-06-15 06:09:25,2026-06-15 23:09:25,2026-07-02 23:09:25,2026-07-11 23:09:25,2026-07-13 00:09:25,Completed,,2026-06-11 08:09:25,2026-07-13 00:09:25
REF002500,EHR-REF0002500,NorthStar EHR,PAT000335,COV000335,PRC0006,ORG006,LOC006,SPC007,PRC0067,ORG013,,2025-08-30 06:38:15,2025-08-30 14:38:15,Synthetic evaluation request for Otolaryngology,Z23.7,Routine,Closed—Completed,,2025-09-10 14:38:15,,2025-09-03 07:38:15,2025-09-03 18:38:15,2025-09-04 08:38:15,2025-10-06 08:38:15,2025-10-15 08:38:15,2025-10-16 13:38:15,Completed,,2025-08-30 14:38:15,2025-10-16 13:38:15
